gene,filtered_row_index,cells_detected,pct_cells_detected,mean_tpm,norm_dispersion_z,name_class,rank
IGHG4,19916,862,5.37,58.8027,11.3722,receptor constant/other,1
IGHG2,19917,983,6.13,141.6769,9.1508,receptor constant/other,2
IGHG3,19920,1078,6.72,166.7616,8.7318,receptor constant/other,3
IL8,12635,982,6.12,76.8469,6.8574,protein-coding/annotated,4
IGLC2,19827,874,5.45,1141.5519,6.6076,receptor constant/other,5
IGKC,19778,2548,15.88,4082.4553,6.3641,receptor constant/other,6
IGLC3,19829,952,5.93,814.2724,6.3571,receptor constant/other,7
IL1RN,7327,1005,6.26,69.1342,6.2821,protein-coding/annotated,8
IL1B,5683,924,5.76,109.3716,5.8614,protein-coding/annotated,9
CTSL,7014,1337,8.33,72.9688,5.6813,protein-coding/annotated,10
RN7SK,18490,1803,11.24,93.1883,5.6687,small RNA,11
IGHG1,19919,1826,11.38,1561.6056,5.5967,receptor constant/other,12
HSPA6,13484,1553,9.68,83.4037,5.5266,protein-coding/annotated,13
G0S2,5431,976,6.08,177.3435,5.3955,protein-coding/annotated,14
S100A9,10984,1163,7.25,116.866,5.3066,protein-coding/annotated,15
IGHA1,19918,858,5.35,329.3224,5.2424,receptor constant/other,16
C15orf48,12013,925,5.76,51.4592,5.1758,protein-coding/annotated,17
AC096579.7,26951,1718,10.71,103.073,5.1213,clone-named/lncRNA,18
FBP1,11565,1079,6.72,90.9222,5.1032,pseudogene-like,19
CTD-2328D6.1,24290,9484,59.1,58.7676,5.0992,clone-named/lncRNA,20
ISCA1P1,21403,911,5.68,19.9395,4.7454,pseudogene-like,21
S100A8,8441,861,5.37,62.2127,4.6801,protein-coding/annotated,22
TIMP1,2658,2485,15.48,220.1396,4.6307,pseudogene-like,23
FN1,4436,820,5.11,41.0797,4.5555,protein-coding/annotated,24
MIR5047,42164,854,5.32,49.3487,4.5152,small RNA,25
CD163,14379,1037,6.46,41.7131,4.2154,protein-coding/annotated,26
FCN1,1657,939,5.85,77.3807,4.0721,protein-coding/annotated,27
IGHM,19922,2128,13.26,397.8289,3.9842,receptor constant/other,28
TCL1A,2381,962,5.99,79.841,3.703,protein-coding/annotated,29
CST3,2531,1921,11.97,187.7474,3.6716,protein-coding/annotated,30
IGJ,6603,1428,8.9,311.8566,3.6438,receptor constant/other,31
XCL2,8352,1636,10.19,99.5313,3.6334,protein-coding/annotated,32
IGHGP,35958,856,5.33,17.3326,3.6311,receptor constant/other,33
MT-RNR2,19754,16048,100.0,97321.0694,3.5635,mitochondrial,34
MT1E,12695,1617,10.08,39.9961,3.5085,protein-coding/annotated,35
MIR142,41843,1894,11.8,9.2839,3.4456,small RNA,36
CCL3L1,19151,1600,9.97,67.4204,3.4185,protein-coding/annotated,37
FTL,1727,14621,91.11,3004.404,3.365,protein-coding/annotated,38
CD14,12865,1244,7.75,139.3898,3.3591,protein-coding/annotated,39
RP11-1143G9.4,38159,1642,10.23,476.3529,3.349,clone-named/lncRNA,40
TGFBI,5101,1910,11.9,108.3112,3.3051,protein-coding/annotated,41
PLAUR,300,1760,10.97,110.6303,3.2986,protein-coding/annotated,42
CCL4L2,17479,5151,32.1,171.2594,3.2846,protein-coding/annotated,43
OSM,2158,1057,6.59,35.4538,3.2426,protein-coding/annotated,44
MIR3652,41798,1033,6.44,21.5658,3.1186,small RNA,45
TRDC,19913,1428,8.9,198.5806,3.0404,receptor constant/other,46
HSPA7,23256,1165,7.26,7.5955,3.0194,protein-coding/annotated,47
MT1X,16509,2063,12.86,75.3377,3.0084,protein-coding/annotated,48
RNU4-40P,18382,822,5.12,40.9935,2.9898,small RNA,49
KLRC1,6935,1442,8.99,35.6856,2.9122,protein-coding/annotated,50
VCAN,559,971,6.05,25.9891,2.8942,protein-coding/annotated,51
PLIN2,9043,4683,29.18,208.0138,2.8312,protein-coding/annotated,52
HSPA1A,18893,6868,42.8,765.445,2.8303,protein-coding/annotated,53
C1orf132,18657,2072,12.91,5.782,2.8177,protein-coding/annotated,54
MIPOL1,9404,1495,9.32,0.2889,2.8154,protein-coding/annotated,55
FCGR3A,18670,2098,13.07,120.2304,2.7825,protein-coding/annotated,56
GNLY,4456,2805,17.48,815.6097,2.7786,protein-coding/annotated,57
RRM2,13201,1072,6.68,43.683,2.7239,protein-coding/annotated,58
OPHN1,1479,891,5.55,0.6078,2.7189,protein-coding/annotated,59
NAPSB,6451,1961,12.22,116.199,2.7114,protein-coding/annotated,60
FCER2,3009,974,6.07,41.1876,2.6732,protein-coding/annotated,61
IL2RA,6920,1439,8.97,37.0212,2.6699,protein-coding/annotated,62
CD74,399,15078,93.96,5357.0634,2.6696,protein-coding/annotated,63
IFITM3,8215,6881,42.88,108.9098,2.6685,protein-coding/annotated,64
IFIT2,4994,1124,7.0,21.2132,2.6457,protein-coding/annotated,65
KIR2DL4,16954,1177,7.33,47.6478,2.6047,protein-coding/annotated,66
IER3,7468,1490,9.28,38.6881,2.5969,protein-coding/annotated,67
FTH1,12295,15040,93.72,3112.2002,2.5917,protein-coding/annotated,68
HSPB1,3276,5434,33.86,167.7978,2.5861,protein-coding/annotated,69
CEP97,15327,1122,6.99,13.7643,2.5753,pseudogene-like,70
IFIT3,4992,1256,7.83,31.8353,2.5528,protein-coding/annotated,71
SNORD118,18283,989,6.16,39.9721,2.537,small RNA,72
SERPINA1,17472,1418,8.84,75.6219,2.5363,protein-coding/annotated,73
CPVL,3258,1193,7.43,32.6492,2.5362,protein-coding/annotated,74
TNFRSF4,16424,1870,11.65,59.8098,2.512,protein-coding/annotated,75
FCGR2A,8363,1518,9.46,42.212,2.5101,protein-coding/annotated,76
TNF,27727,3171,19.76,90.7781,2.5063,protein-coding/annotated,77
CD9,256,1057,6.59,32.8342,2.4954,protein-coding/annotated,78
MS4A1,10041,1751,10.91,148.5411,2.4877,protein-coding/annotated,79
FCRL1,11077,1117,6.96,39.9828,2.4864,protein-coding/annotated,80
CCL4,6136,6788,42.3,1153.177,2.4827,protein-coding/annotated,81
ZFAND2A,14533,2566,15.99,87.7335,2.4759,protein-coding/annotated,82
LYZ,1884,1698,10.58,315.1657,2.4583,protein-coding/annotated,83
DNAJA4,7976,2870,17.88,65.7609,2.4533,protein-coding/annotated,84
HLA-DRA,18848,8741,54.47,1958.5823,2.4434,protein-coding/annotated,85
HIST1H4C,17412,2450,15.27,123.3161,2.4333,protein-coding/annotated,86
RP11-2F9.3,22451,1102,6.87,1.2609,2.4333,clone-named/lncRNA,86
LAIR2,12179,858,5.35,26.9619,2.4322,protein-coding/annotated,88
SERPINH1,9199,1252,7.8,24.3552,2.4215,protein-coding/annotated,89
CCL4L1,19150,6299,39.25,359.9693,2.4106,protein-coding/annotated,90
TREM1,5586,984,6.13,34.9938,2.409,protein-coding/annotated,91
AREG,3673,2687,16.74,109.675,2.3809,protein-coding/annotated,92
CCL3L3,37629,2073,12.92,26.8123,2.3663,protein-coding/annotated,93
CD22,315,1338,8.34,56.944,2.353,protein-coding/annotated,94
PLA2G6,15806,1931,12.03,35.1282,2.3516,protein-coding/annotated,95
CD19,14353,1333,8.31,51.9743,2.3336,protein-coding/annotated,96
TPRG1,16686,816,5.08,17.0689,2.3144,protein-coding/annotated,97
KLRC2,19358,1586,9.88,34.6765,2.3101,protein-coding/annotated,98
SNORA70G,19504,1129,7.04,46.5748,2.2815,small RNA,99
FAM26F,16903,1335,8.32,40.6653,2.262,protein-coding/annotated,100
CFP,5856,822,5.12,26.6391,2.253,protein-coding/annotated,101
EPN2,1188,813,5.07,14.0318,2.2421,protein-coding/annotated,102
CTSB,11459,7600,47.36,701.1172,2.2414,protein-coding/annotated,103
GSN,9071,1745,10.87,52.6809,2.2414,protein-coding/annotated,103
LILRA3,12957,900,5.61,8.003,2.2347,protein-coding/annotated,105
RP11-386I14.4,45599,1900,11.84,87.0607,2.2255,clone-named/lncRNA,106
RNU1-125P,35432,1203,7.5,56.7063,2.2196,small RNA,107
IFI30,21302,3633,22.64,498.0414,2.2141,protein-coding/annotated,108
BCS1L,1276,1183,7.37,35.8414,2.2087,protein-coding/annotated,109
EEF1A1P25,31897,1409,8.78,1.4415,2.1996,pseudogene-like,110
TMEM45A,15114,947,5.9,1.0057,2.199,protein-coding/annotated,111
MUTYH,6669,1486,9.26,41.0253,2.1864,protein-coding/annotated,112
GLUL,7166,3332,20.76,160.1128,2.1831,protein-coding/annotated,113
FCGR2B,1210,1517,9.45,39.7982,2.1831,protein-coding/annotated,113
ZNF683,14057,1450,9.04,44.1634,2.1668,protein-coding/annotated,115
SAT1,6218,12197,76.0,2231.2164,2.1571,protein-coding/annotated,116
NCR3,18930,1009,6.29,40.1929,2.1567,protein-coding/annotated,117
GLA,2676,2963,18.46,111.1978,2.1537,protein-coding/annotated,118
IL4I1,3014,1171,7.3,26.261,2.149,protein-coding/annotated,119
HNRNPA1P50,37908,808,5.03,0.9672,2.1458,pseudogene-like,120
HSPA1B,18892,6325,39.41,539.6692,2.1249,protein-coding/annotated,121
CD79B,181,2773,17.28,126.9654,2.1118,protein-coding/annotated,122
HSP90B2P,39466,1763,10.99,0.447,2.1093,protein-coding/annotated,123
OLR1,13544,884,5.51,18.7111,2.1014,protein-coding/annotated,124
RPS4XP17,32903,1183,7.37,1.076,2.087,ribosomal protein,125
SPIB,43624,1180,7.35,36.4335,2.0764,protein-coding/annotated,126
CHI3L2,911,1339,8.34,47.0738,2.0729,protein-coding/annotated,127
XCL1,8351,1775,11.06,31.8832,2.0605,protein-coding/annotated,128
DNAJB1,6536,12440,77.52,1247.9755,2.057,protein-coding/annotated,129
CXCL13,9982,2980,18.57,364.9296,2.0568,protein-coding/annotated,130
SOD2,4015,6333,39.46,152.3895,2.0515,protein-coding/annotated,131
LGMN,2359,1312,8.18,31.0038,2.0506,protein-coding/annotated,132
VCAM1,10831,2388,14.88,75.7795,2.0461,protein-coding/annotated,133
RP1-257A7.5,45067,2046,12.75,72.243,2.0389,clone-named/lncRNA,134
MS4A6A,3758,2042,12.72,92.4725,2.0344,protein-coding/annotated,135
B2M,11953,16045,99.98,29668.9968,2.0325,protein-coding/annotated,136
MBD5,18902,2524,15.73,46.7941,2.025,protein-coding/annotated,137
PIGL,3550,1891,11.78,51.2681,2.0246,protein-coding/annotated,138
IFI44L,7586,3083,19.21,112.3694,2.023,protein-coding/annotated,139
NMB,17621,852,5.31,19.8953,2.016,protein-coding/annotated,140
SMIM14,11133,1926,12.0,48.9759,2.0148,protein-coding/annotated,141
ADAM28,600,2224,13.86,47.5762,2.0125,protein-coding/annotated,142
L3HYPDH,5865,1338,8.34,40.5491,2.0072,protein-coding/annotated,143
TNFAIP2,16021,1166,7.27,22.834,1.9777,pseudogene-like,144
CRTAM,3737,3851,24.0,114.8439,1.9703,protein-coding/annotated,145
MYO15B,42294,1386,8.64,27.2884,1.9697,protein-coding/annotated,146
RPSAP8,26417,858,5.35,0.2976,1.968,pseudogene-like,147
GZMB,2324,5054,31.49,797.4602,1.9661,protein-coding/annotated,148
CCL3,125,3907,24.35,445.337,1.9559,protein-coding/annotated,149
NDUFAF5,2485,804,5.01,20.1354,1.9545,protein-coding/annotated,150
SPON2,10400,2211,13.78,40.2898,1.9463,protein-coding/annotated,151
IGHD,19921,1004,6.26,32.2496,1.9433,receptor constant/other,152
LMNA,10554,4296,26.77,146.2716,1.9431,protein-coding/annotated,153
IRF8,8058,4003,24.94,160.1679,1.938,protein-coding/annotated,154
DDHD2,1679,2046,12.75,41.7187,1.936,protein-coding/annotated,155
ARHGAP24,7713,1126,7.02,27.8297,1.932,pseudogene-like,156
CD68,6129,2025,12.62,77.6389,1.9284,protein-coding/annotated,157
ITGAV,7689,1515,9.44,27.4077,1.9176,protein-coding/annotated,158
AARSD1,42408,1463,9.12,40.2154,1.899,protein-coding/annotated,159
CCT8P1,23720,1974,12.3,1.1855,1.8966,pseudogene-like,160
PLK2,8737,897,5.59,21.2431,1.8955,protein-coding/annotated,161
NFKBID,12172,3981,24.81,109.6684,1.8937,protein-coding/annotated,162
RSAD2,6896,1328,8.28,25.9689,1.8774,protein-coding/annotated,163
BBS2,5625,1548,9.65,37.3162,1.8742,protein-coding/annotated,164
RNU2-2P,22001,3829,23.86,134.9314,1.8602,small RNA,165
SLC11A1,384,1106,6.89,23.7053,1.8545,protein-coding/annotated,166
RNU12,43910,1198,7.47,20.3069,1.8525,small RNA,167
MEI1,12048,2197,13.69,97.1892,1.8506,protein-coding/annotated,168
ENO3,3556,819,5.1,9.2651,1.8491,protein-coding/annotated,169
RP11-291B21.2,37436,2303,14.35,101.1932,1.8472,clone-named/lncRNA,170
RPS4XP16,23057,2068,12.89,1.7929,1.8446,ribosomal protein,171
SULT1B1,13587,1519,9.47,1.444,1.8432,protein-coding/annotated,172
PPOX,8362,2129,13.27,52.1272,1.8431,protein-coding/annotated,173
CEP104,4560,934,5.82,9.1214,1.8381,pseudogene-like,174
BCL2A1,7968,2490,15.52,94.3827,1.8371,protein-coding/annotated,175
AMPD2,4578,2189,13.64,48.0283,1.8253,protein-coding/annotated,176
TMEM120A,16972,2152,13.41,54.0302,1.8158,protein-coding/annotated,177
RGS1,1875,11982,74.66,2693.764,1.8088,protein-coding/annotated,178
ATF7IP2,11943,2616,16.3,53.2493,1.8076,pseudogene-like,179
TSC22D1,2711,1659,10.34,36.3835,1.8073,protein-coding/annotated,180
GEM,11520,2105,13.12,65.253,1.8048,protein-coding/annotated,181
PABPC1P3,26468,4552,28.36,30.7539,1.8026,pseudogene-like,182
PLA2G12A,5435,910,5.67,18.0339,1.7934,protein-coding/annotated,183
CD83,4025,4087,25.47,141.6213,1.7925,protein-coding/annotated,184
RP11-693N9.2,29348,1462,9.11,60.2986,1.7918,clone-named/lncRNA,185
FCRL5,8372,956,5.96,11.5098,1.7753,protein-coding/annotated,186
ZNF571,14935,1015,6.32,9.4137,1.7723,protein-coding/annotated,187
RP11-343B5.1,28208,848,5.28,1.0821,1.7713,clone-named/lncRNA,188
MTRNR2L3,37510,1215,7.57,0.67,1.7619,protein-coding/annotated,189
CMC1,16487,3485,21.72,152.4003,1.7476,protein-coding/annotated,190
SERGEF,6116,1519,9.47,40.0027,1.7402,protein-coding/annotated,191
DPH6,6854,946,5.89,25.1251,1.738,protein-coding/annotated,192
SRR,12214,971,6.05,8.3701,1.735,protein-coding/annotated,193
PIK3C3,1423,3017,18.8,82.513,1.7337,protein-coding/annotated,194
MIR3615,41675,3923,24.45,4.6153,1.7322,small RNA,195
EEF1A1P14,27881,2976,18.54,1.143,1.7303,pseudogene-like,196
SSBP2,8743,1259,7.85,24.0741,1.7296,pseudogene-like,197
RPS19P3,31535,865,5.39,2.4877,1.7289,ribosomal protein,198
ZNF559,16768,884,5.51,21.9195,1.7277,protein-coding/annotated,199
RPL21P123,31562,874,5.45,12.3059,1.7222,ribosomal protein,200
RP11-844P9.3,35286,892,5.56,1.2116,1.7167,clone-named/lncRNA,201
CHN1,6066,1008,6.28,24.7497,1.7138,protein-coding/annotated,202
C5orf42,17594,930,5.8,5.8614,1.7072,protein-coding/annotated,203
RPL5P30,32630,1683,10.49,1.0873,1.7049,ribosomal protein,204
RP4-742C19.12,23544,911,5.68,28.1362,1.7046,clone-named/lncRNA,205
SGK1,4836,2612,16.28,75.236,1.7013,protein-coding/annotated,206
RP11-333E13.2,34677,2213,13.79,13.1881,1.6976,clone-named/lncRNA,207
LRTOMT,15742,843,5.25,3.6341,1.6944,protein-coding/annotated,208
ALKBH3,11825,983,6.13,26.7969,1.6911,protein-coding/annotated,209
LEF1,7759,1827,11.38,46.386,1.684,protein-coding/annotated,210
WDR12,7687,1124,7.0,22.4782,1.6812,protein-coding/annotated,211
NKG7,3096,8348,52.02,1822.6839,1.6774,protein-coding/annotated,212
TRIO,558,1272,7.93,7.2473,1.677,protein-coding/annotated,213
EIF3EP1,28963,1297,8.08,1.9739,1.6747,pseudogene-like,214
SNX8,3284,1583,9.86,34.2004,1.6679,protein-coding/annotated,215
COQ6,4966,1251,7.8,28.8949,1.6678,protein-coding/annotated,216
AIF1,18929,1916,11.94,78.4118,1.6651,protein-coding/annotated,217
ISG15,16575,6960,43.37,506.3326,1.6632,protein-coding/annotated,218
EEF1DP2,24142,2339,14.58,3.2592,1.6622,pseudogene-like,219
HSPH1,5096,6517,40.61,166.7161,1.6598,protein-coding/annotated,220
ZNF561,13104,1005,6.26,13.0195,1.6585,protein-coding/annotated,221
AC018804.7,20218,1252,7.8,0.5175,1.6584,clone-named/lncRNA,222
PIGN,17575,1202,7.49,16.1994,1.6547,protein-coding/annotated,223
RPSAP9,28809,1569,9.78,1.0926,1.6545,pseudogene-like,224
ATP5A1P3,41224,1021,6.36,0.2849,1.6478,pseudogene-like,225
LTA,24307,1256,7.83,24.6124,1.6405,protein-coding/annotated,226
PHAX,11504,2060,12.84,53.4015,1.6381,protein-coding/annotated,227
KLRB1,3972,2254,14.05,93.9991,1.6371,protein-coding/annotated,228
CD79A,3091,2172,13.53,75.4713,1.6369,protein-coding/annotated,229
MAPKAPK5-AS1,28801,1364,8.5,39.6697,1.6362,protein-coding/annotated,230
NPM1P25,25713,860,5.36,0.5817,1.6304,pseudogene-like,231
RAB3IP,5912,1124,7.0,18.5043,1.6269,protein-coding/annotated,232
CHRM3-AS2,28057,802,5.0,18.8574,1.6255,protein-coding/annotated,233
PLAC8,8697,3620,22.56,164.7934,1.6249,protein-coding/annotated,234
USP30,7025,876,5.46,10.8903,1.6199,pseudogene-like,235
KRT8,12854,819,5.1,1.0249,1.6147,protein-coding/annotated,236
HLA-DPA1,26887,10222,63.7,1249.8128,1.6143,protein-coding/annotated,237
PGM3,336,1031,6.42,14.5132,1.6124,protein-coding/annotated,238
RP11-170J3.2,25287,813,5.07,2.2704,1.6114,clone-named/lncRNA,239
SNORD3A,41440,4219,26.29,106.7324,1.611,small RNA,240
ZNF585B,33209,1030,6.42,9.2085,1.6075,protein-coding/annotated,241
DOCK9,1784,1067,6.65,10.023,1.6017,protein-coding/annotated,242
SEPT7P6,31734,1442,8.99,1.1514,1.5998,pseudogene-like,243
STMN1,4760,2656,16.55,102.6587,1.5986,protein-coding/annotated,244
HLA-DOB,31771,1039,6.47,29.6801,1.598,protein-coding/annotated,245
LILRB5,3146,838,5.22,1.5308,1.5953,protein-coding/annotated,246
CGRRF1,2341,1492,9.3,36.9506,1.5949,protein-coding/annotated,247
TMEM161B-AS1,33367,980,6.11,18.7923,1.5947,protein-coding/annotated,248
RP11-179G5.1,22665,1021,6.36,0.544,1.5934,clone-named/lncRNA,249
ZNF143,11903,1505,9.38,35.1809,1.5903,protein-coding/annotated,250
RP11-29G8.3,40708,1241,7.73,1.4966,1.5883,clone-named/lncRNA,251
MAP4K5,327,2230,13.9,33.1313,1.5881,protein-coding/annotated,252
RP11-737O24.3,41319,1918,11.95,3.3603,1.5849,clone-named/lncRNA,253
RP11-534L20.4,29013,817,5.09,0.7533,1.5818,clone-named/lncRNA,254
LST1,18935,1697,10.57,51.1632,1.5768,protein-coding/annotated,255
EEF1B2P1,26759,930,5.8,6.809,1.5761,pseudogene-like,256
RP11-102M11.1,31620,1049,6.54,4.4914,1.5756,clone-named/lncRNA,257
ERGIC2,1758,3225,20.1,118.3518,1.5754,protein-coding/annotated,258
LMBR1L,7870,2112,13.16,53.9895,1.5733,protein-coding/annotated,259
DPH5,4743,1317,8.21,30.3622,1.5724,protein-coding/annotated,260
SDAD1,17837,2177,13.57,44.981,1.5722,protein-coding/annotated,261
NAALADL1,12311,886,5.52,28.5547,1.5722,protein-coding/annotated,261
TCF4,17270,2362,14.72,36.0685,1.5706,protein-coding/annotated,263
FSIP2,16877,980,6.11,0.2827,1.5661,pseudogene-like,264
ZNF85,3193,1072,6.68,17.4303,1.5655,protein-coding/annotated,265
PTPN2P1,25020,844,5.26,0.5947,1.5642,pseudogene-like,266
BBS4,7984,1171,7.3,24.1187,1.5613,protein-coding/annotated,267
MECR,4580,964,6.01,15.9996,1.5594,protein-coding/annotated,268
DPH7,9106,1952,12.16,54.3888,1.5568,protein-coding/annotated,269
MORC4,6737,1024,6.38,1.0723,1.5518,protein-coding/annotated,270
GAPDHP40,33643,956,5.96,0.2369,1.55,pseudogene-like,271
FAH,2862,846,5.27,9.4169,1.547,protein-coding/annotated,272
COBLL1,1575,865,5.39,11.8481,1.546,protein-coding/annotated,273
RN7SL600P,41662,1009,6.29,27.5645,1.5442,small RNA,274
ANGPTL6,6357,925,5.76,0.9257,1.5438,protein-coding/annotated,275
CISH,4329,1627,10.14,39.8741,1.5423,protein-coding/annotated,276
FOS,12834,11157,69.52,1573.8929,1.5354,protein-coding/annotated,277
FCRL6,15049,1617,10.08,59.755,1.5347,protein-coding/annotated,278
CTD-2619J13.14,27309,1791,11.16,2.5466,1.5334,clone-named/lncRNA,279
PA2G4P4,26328,1464,9.12,0.9062,1.5327,pseudogene-like,280
INTS4,9201,2373,14.79,42.6568,1.5254,protein-coding/annotated,281
RPL19P21,26358,1244,7.75,0.5752,1.5247,ribosomal protein,282
MZB1,12872,1756,10.94,56.4073,1.5231,protein-coding/annotated,283
EEF1A1P3,27590,1749,10.9,3.9151,1.5226,pseudogene-like,284
CYB561A3,10718,3364,20.96,101.4724,1.5167,protein-coding/annotated,285
IMMP1L,9169,1281,7.98,23.5029,1.5132,protein-coding/annotated,286
CXorf57,8961,839,5.23,7.5985,1.5128,protein-coding/annotated,287
HSP90AA1,1520,13846,86.28,1017.8484,1.5125,protein-coding/annotated,288
RPL3P6,20561,2323,14.48,2.7039,1.5099,ribosomal protein,289
RP3-486I3.4,28186,2690,16.76,3.3607,1.5091,clone-named/lncRNA,290
CCR7,5823,3103,19.34,136.1632,1.5086,protein-coding/annotated,291
STK25,4487,2192,13.66,66.1441,1.5037,protein-coding/annotated,292
MS4A7,12019,1174,7.32,22.9549,1.5032,protein-coding/annotated,293
CD200,1957,1355,8.44,30.8868,1.4997,protein-coding/annotated,294
CXorf65,18805,830,5.17,16.8649,1.4994,protein-coding/annotated,295
RP11-33B1.1,33233,3913,24.38,67.2171,1.499,clone-named/lncRNA,296
CX3CR1,12381,992,6.18,17.7195,1.4976,protein-coding/annotated,297
CCL5,10638,10217,63.67,1972.3862,1.4972,protein-coding/annotated,298
ERMARD,6208,1186,7.39,21.9817,1.496,protein-coding/annotated,299
RP11-364L4.1,25465,1376,8.57,1.0633,1.4888,clone-named/lncRNA,300
PRPF19,3764,1014,6.32,5.5779,1.4875,protein-coding/annotated,301
ENTHD2,12105,1532,9.55,10.6686,1.4865,protein-coding/annotated,302
RP3-395M20.8,30940,2128,13.26,12.0284,1.4848,clone-named/lncRNA,303
SNORD10,31050,1041,6.49,28.514,1.4826,small RNA,304
U91328.19,45106,840,5.23,0.9094,1.4818,protein-coding/annotated,305
FCER1G,10304,2117,13.19,311.6222,1.4814,protein-coding/annotated,306
NLRP3,10838,1203,7.5,14.7229,1.4787,pseudogene-like,307
ST13P15,32761,1448,9.02,0.9068,1.4764,pseudogene-like,308
GSTM2,20290,1143,7.12,21.3344,1.4731,protein-coding/annotated,309
RP11-32B5.1,30327,1407,8.77,0.4911,1.4728,clone-named/lncRNA,310
RNU1-106P,19602,1012,6.31,31.1743,1.4702,small RNA,311
RP5-1099D15.1,29048,964,6.01,1.2536,1.4699,clone-named/lncRNA,312
RP11-320M16.1,38937,815,5.08,0.4687,1.4696,clone-named/lncRNA,313
RP11-304L19.5,39843,966,6.02,18.924,1.4695,clone-named/lncRNA,314
DNAJC27,4381,843,5.25,11.4622,1.4675,protein-coding/annotated,315
ZFP62,17290,962,5.99,19.4959,1.4667,pseudogene-like,316
HNRNPCP4,41211,1421,8.85,0.6526,1.4652,pseudogene-like,317
ZNF737,30506,918,5.72,11.903,1.4643,protein-coding/annotated,318
CTSH,2858,2889,18.0,117.6433,1.4642,protein-coding/annotated,319
CDKN3,2339,922,5.75,25.746,1.4638,protein-coding/annotated,320
SARS2,2980,1295,8.07,29.0708,1.4623,protein-coding/annotated,321
IFRD2,20878,1935,12.06,52.3715,1.4614,protein-coding/annotated,322
NOM1,8913,829,5.17,6.3033,1.4609,protein-coding/annotated,323
QTRTD1,9438,1213,7.56,17.3125,1.4555,protein-coding/annotated,324
RP4-814D15.2,23259,1229,7.66,4.0985,1.4508,clone-named/lncRNA,325
PMS2P4,1024,944,5.88,8.3649,1.4503,pseudogene-like,326
RP11-373D23.2,44213,890,5.55,22.623,1.4498,clone-named/lncRNA,327
GK3P,25979,1354,8.44,1.1619,1.448,protein-coding/annotated,328
RN7SL2,41827,1729,10.77,14.6946,1.4466,small RNA,329
MAGEH1,16572,1609,10.03,39.8333,1.4457,protein-coding/annotated,330
LPAR2,897,2095,13.05,44.6665,1.4404,protein-coding/annotated,331
CADM1,15448,2112,13.16,45.0205,1.4402,protein-coding/annotated,332
RP3-375P9.2,21375,1033,6.44,0.9211,1.437,clone-named/lncRNA,333
RPS4XP1,20706,2138,13.32,0.7897,1.4357,ribosomal protein,334
CXCR6,13288,3975,24.77,197.4615,1.4349,protein-coding/annotated,335
PTK2,12628,919,5.73,11.5385,1.433,protein-coding/annotated,336
RCHY1,11155,1720,10.72,35.557,1.4324,protein-coding/annotated,337
ZNF621,13440,930,5.8,7.5423,1.4323,protein-coding/annotated,338
TUBD1,3539,1226,7.64,20.4015,1.4312,protein-coding/annotated,339
RPL13P5,31494,830,5.17,6.1905,1.4297,ribosomal protein,340
CSNK1A1L,14869,817,5.09,0.1017,1.4295,protein-coding/annotated,341
EMBP1,27111,1828,11.39,4.3028,1.4291,pseudogene-like,342
STAG3,999,3670,22.87,15.3243,1.4276,protein-coding/annotated,343
PON2,3211,2621,16.33,79.7947,1.427,protein-coding/annotated,344
KIF9,1791,882,5.5,5.0877,1.4257,protein-coding/annotated,345
TNFRSF18,16442,2895,18.04,103.8699,1.4254,protein-coding/annotated,346
HOPX,13107,2685,16.73,122.4101,1.4247,protein-coding/annotated,347
ATG4D,6337,854,5.32,6.6201,1.4234,protein-coding/annotated,348
RPL3P1,24992,1666,10.38,0.5032,1.4213,ribosomal protein,349
HMGB1P8,39459,936,5.83,1.0894,1.4205,pseudogene-like,350
VPS8,10061,2574,16.04,41.8285,1.4202,protein-coding/annotated,351
ANXA1,7013,7578,47.22,620.5176,1.4171,protein-coding/annotated,352
ENTPD5,16481,1005,6.26,5.7177,1.4137,protein-coding/annotated,353
MTO1,7056,2223,13.85,39.6826,1.4136,protein-coding/annotated,354
TTC3P1,21032,1602,9.98,0.5319,1.4134,pseudogene-like,355
ZNF320,15449,911,5.68,7.2287,1.4121,protein-coding/annotated,356
HOOK2,2026,948,5.91,17.9803,1.412,protein-coding/annotated,357
RPL9P32,32141,1104,6.88,2.4506,1.4117,ribosomal protein,358
CPNE7,14605,804,5.01,21.3566,1.4089,protein-coding/annotated,359
TBC1D8B,6741,1298,8.09,0.4684,1.4084,protein-coding/annotated,360
EPHX2,5130,906,5.65,23.2619,1.4082,protein-coding/annotated,361
RPL21P134,27997,1189,7.41,1.5046,1.4078,ribosomal protein,362
EGR1,5107,6026,37.55,66.8198,1.407,protein-coding/annotated,363
AFF3,8554,1231,7.67,20.4733,1.4053,protein-coding/annotated,364
HSD17B4,6812,2011,12.53,56.1483,1.4049,protein-coding/annotated,365
RPS12P26,23240,896,5.58,0.9674,1.4031,ribosomal protein,366
HLA-DQA1,17307,6107,38.05,212.0181,1.4023,protein-coding/annotated,367
PELP1,8132,1374,8.56,10.9108,1.4005,pseudogene-like,368
RP11-941H19.1,32016,951,5.93,0.4136,1.3962,clone-named/lncRNA,369
AC007041.2,29291,1552,9.67,0.8354,1.3945,clone-named/lncRNA,370
MAP2K4,945,817,5.09,7.6323,1.3943,protein-coding/annotated,371
MT-ND4L,20063,15959,99.45,8236.1537,1.3936,mitochondrial,372
GPR18,5632,1711,10.66,41.6808,1.3923,protein-coding/annotated,373
METTL8,5422,1862,11.6,41.3561,1.3914,protein-coding/annotated,374
KANSL1-AS1,20784,1035,6.45,27.8737,1.3903,protein-coding/annotated,375
HNRNPA1P27,28257,806,5.02,0.2551,1.3877,pseudogene-like,376
RAB12,19460,2743,17.09,2.3959,1.3875,protein-coding/annotated,377
TREX1,20457,2053,12.79,66.6476,1.3873,protein-coding/annotated,378
HADHAP1,35243,847,5.28,0.1113,1.3864,pseudogene-like,379
SLC37A3,10164,1286,8.01,25.0805,1.3863,protein-coding/annotated,380
RPL17-C18orf32,21168,869,5.42,3.9345,1.3856,ribosomal protein,381
ZBTB17,4640,2021,12.59,50.0297,1.3839,protein-coding/annotated,382
PGAM4,24182,1956,12.19,0.7881,1.3818,protein-coding/annotated,383
CCDC159,15550,1903,11.86,32.4118,1.3798,protein-coding/annotated,384
RRNAD1,8373,996,6.21,11.9089,1.3788,protein-coding/annotated,385
SLC25A28,9880,845,5.27,18.3979,1.3785,protein-coding/annotated,386
CENPO,7621,1476,9.2,6.6367,1.3784,protein-coding/annotated,387
REXO1,1468,964,6.01,3.1843,1.3784,protein-coding/annotated,387
SC5D,3736,2360,14.71,71.7701,1.3781,protein-coding/annotated,389
TYMS,14224,1454,9.06,36.4097,1.378,protein-coding/annotated,390
RP11-212P7.1,20247,1093,6.81,3.4254,1.3763,clone-named/lncRNA,391
PDCL3P4,32910,880,5.48,2.0289,1.3758,pseudogene-like,392
LRRFIP1P1,31520,1128,7.03,1.1305,1.3752,pseudogene-like,393
KMO,4671,922,5.75,11.1823,1.3735,protein-coding/annotated,394
TRAPPC11,12428,2515,15.67,36.1726,1.3732,protein-coding/annotated,395
TIMM9,2349,1517,9.45,39.7193,1.3722,protein-coding/annotated,396
PIGH,2345,1673,10.42,33.4339,1.3706,protein-coding/annotated,397
SLC9B2,11246,937,5.84,10.6172,1.3702,protein-coding/annotated,398
CSAD,7869,930,5.8,7.5592,1.3698,protein-coding/annotated,399
TREX2,15568,810,5.05,1.7615,1.3697,protein-coding/annotated,400
FANCA,16611,2916,18.17,45.3339,1.3685,protein-coding/annotated,401
ZNF780B,5984,925,5.76,9.8193,1.3682,protein-coding/annotated,402
DUSP1,5023,13093,81.59,1645.5079,1.3652,pseudogene-like,403
RPLP0P2,32754,1073,6.69,0.2185,1.3648,pseudogene-like,404
RPS4XP14,32721,2400,14.96,3.1532,1.3632,ribosomal protein,405
SLC27A3,8445,912,5.68,11.7473,1.3629,protein-coding/annotated,406
TRANK1,12303,4189,26.1,63.5858,1.362,protein-coding/annotated,407
EPB41L4A-AS1,22540,2243,13.98,94.6128,1.3609,protein-coding/annotated,408
TSPAN32,884,1838,11.45,37.4202,1.3602,protein-coding/annotated,409
PDDC1,14305,831,5.18,7.6765,1.3596,protein-coding/annotated,410
TRMT11,990,1033,6.44,21.2443,1.3595,protein-coding/annotated,411
AC092580.4,29388,2732,17.02,143.3473,1.3583,clone-named/lncRNA,412
EIF3J-AS1,14759,850,5.3,17.8623,1.3571,protein-coding/annotated,413
CPM,7143,1212,7.55,19.7556,1.3541,protein-coding/annotated,414
CLEC17A,16661,829,5.17,10.0809,1.3515,protein-coding/annotated,415
CD40LG,2657,1200,7.48,26.7978,1.3505,protein-coding/annotated,416
CCDC138,10923,920,5.73,8.9964,1.3496,protein-coding/annotated,417
AC098614.2,20533,1444,9.0,2.0695,1.3495,clone-named/lncRNA,418
FCGR1A,9306,938,5.84,20.9088,1.3475,protein-coding/annotated,419
RP11-638I2.10,38585,1452,9.05,9.3189,1.347,clone-named/lncRNA,420
TM7SF3,881,1111,6.92,14.6462,1.3466,protein-coding/annotated,421
CTC-398G3.2,20260,908,5.66,0.8737,1.3449,clone-named/lncRNA,422
RNASE6,12632,1635,10.19,42.0685,1.3449,protein-coding/annotated,422
TMEM208,12459,2477,15.43,84.0352,1.344,protein-coding/annotated,424
CXCR4,5233,13909,86.67,2802.137,1.3435,protein-coding/annotated,425
DYRK4,252,1027,6.4,22.9843,1.3429,protein-coding/annotated,426
ARHGAP11B,16667,1544,9.62,21.7037,1.3424,protein-coding/annotated,427
PPIL3,31487,1776,11.07,43.3045,1.3413,protein-coding/annotated,428
MYO1E,10130,1486,9.26,17.9866,1.3412,protein-coding/annotated,429
ABHD6,11135,940,5.86,5.6556,1.3403,protein-coding/annotated,430
NDUFAF4,5410,1340,8.35,31.3193,1.3402,protein-coding/annotated,431
KBTBD8,11021,1651,10.29,34.0625,1.34,protein-coding/annotated,432
PRMT7,6630,2035,12.68,46.1336,1.3381,protein-coding/annotated,433
GPR183,12651,5086,31.69,339.217,1.3379,protein-coding/annotated,434
OXLD1,18830,1303,8.12,30.8682,1.3374,protein-coding/annotated,435
LETM2,11539,1050,6.54,11.9576,1.3369,protein-coding/annotated,436
IFNG,3920,4102,25.56,237.6009,1.3349,protein-coding/annotated,437
BANK1,9633,1480,9.22,34.527,1.3336,protein-coding/annotated,438
PLCD1,16479,852,5.31,16.8444,1.3311,protein-coding/annotated,439
HMG20A,7969,2047,12.76,36.6268,1.33,protein-coding/annotated,440
SCRN2,8101,1523,9.49,38.9367,1.3285,protein-coding/annotated,441
PTMAP4,26959,887,5.53,4.9477,1.3269,pseudogene-like,442
ARG2,1537,804,5.01,7.3188,1.3262,protein-coding/annotated,443
TNFAIP3,4831,12806,79.8,1534.4771,1.3256,pseudogene-like,444
CARF,7671,849,5.29,13.2109,1.3246,protein-coding/annotated,445
RP11-288E14.2,28511,1059,6.6,1.5297,1.3241,clone-named/lncRNA,446
PMS2P3,5978,1111,6.92,2.6569,1.3239,pseudogene-like,447
CCDC66,14916,1898,11.83,37.0658,1.3228,protein-coding/annotated,448
KLRD1,6934,4049,25.23,200.0528,1.3211,protein-coding/annotated,449
AC096558.1,25285,1028,6.41,3.7102,1.3201,clone-named/lncRNA,450
TTC32,15692,1094,6.82,26.0172,1.3197,protein-coding/annotated,451
ACTB,1325,16004,99.73,6147.9485,1.3192,protein-coding/annotated,452
IFFO2,12758,928,5.78,3.6149,1.3192,protein-coding/annotated,452
ZNF252P,17360,2392,14.91,4.7128,1.3188,protein-coding/annotated,454
PIK3R1,8740,4210,26.23,132.1094,1.3179,protein-coding/annotated,455
EGR2,5337,2088,13.01,35.7221,1.3169,protein-coding/annotated,456
C12orf55,16835,1269,7.91,0.9618,1.3168,protein-coding/annotated,457
MRPS28,9010,1418,8.84,30.5299,1.3164,protein-coding/annotated,458
EIF5A2,11090,999,6.23,13.8939,1.3161,protein-coding/annotated,459
RASGRP3,9589,1421,8.85,17.2622,1.3156,pseudogene-like,460
MRRF,9072,2032,12.66,36.3574,1.3137,protein-coding/annotated,461
CEP41,3319,913,5.69,14.1368,1.3133,pseudogene-like,462
CD72,7425,2248,14.01,47.705,1.313,protein-coding/annotated,463
BHLHE40-AS1,29537,1665,10.38,22.1332,1.3105,protein-coding/annotated,464
EEF1A1P10,32757,3526,21.97,1.9188,1.31,pseudogene-like,465
POLE4,4425,1511,9.42,36.3671,1.3097,protein-coding/annotated,466
PATL2,25745,3238,20.18,101.9668,1.3085,protein-coding/annotated,467
C10orf128,18803,1048,6.53,21.044,1.3073,protein-coding/annotated,469
DGCR6,15607,1611,10.04,6.571,1.3073,protein-coding/annotated,469
FGR,5,2054,12.8,46.0438,1.3073,protein-coding/annotated,469
TMEM19,7819,1909,11.9,28.2034,1.307,protein-coding/annotated,471
LRP5L,2185,813,5.07,9.7152,1.3064,protein-coding/annotated,472
CCDC51,11254,1320,8.23,9.6222,1.3063,protein-coding/annotated,473
WDR74,6759,4492,27.99,94.3955,1.3058,protein-coding/annotated,474
RNF31,1969,1303,8.12,26.1725,1.3046,protein-coding/annotated,475
SOX4,5591,1451,9.04,9.6445,1.3043,protein-coding/annotated,476
RAD51C,3533,1509,9.4,38.6372,1.3033,protein-coding/annotated,477
METRNL,14215,2568,16.0,49.4529,1.303,protein-coding/annotated,478
ZSWIM8,20859,2255,14.05,31.8829,1.3022,protein-coding/annotated,479
HSPA8,3740,14891,92.79,2247.3699,1.3013,protein-coding/annotated,480
AC010761.8,41659,806,5.02,2.5102,1.3012,clone-named/lncRNA,481
CLIC3,12664,1904,11.86,59.7154,1.3008,protein-coding/annotated,482
TYROBP,310,2250,14.02,306.3276,1.2971,protein-coding/annotated,483
RNF121,7502,1321,8.23,22.0953,1.2956,protein-coding/annotated,484
RECQL5,3549,1172,7.3,18.4354,1.295,protein-coding/annotated,485
ADPRM,12803,948,5.91,26.32,1.2937,protein-coding/annotated,486
RGCC,2703,3984,24.83,88.5317,1.2918,protein-coding/annotated,487
BLNK,2044,1601,9.98,31.0213,1.2909,protein-coding/annotated,488
ATG13,13898,3614,22.52,84.197,1.29,protein-coding/annotated,489
ITGA6,1934,820,5.11,5.4699,1.2891,protein-coding/annotated,490
RP11-660L16.2,36577,932,5.81,26.3176,1.2886,clone-named/lncRNA,491
HLCS,10356,1128,7.03,9.0674,1.2866,protein-coding/annotated,492
THBD,14596,866,5.4,11.3557,1.2861,protein-coding/annotated,493
RP11-260M2.1,45292,836,5.21,18.3074,1.286,clone-named/lncRNA,494
RPL5P24,32885,1884,11.74,0.7518,1.2858,ribosomal protein,495
LDHAP2,29451,1307,8.14,5.1494,1.2847,pseudogene-like,496
CUL5,11843,2846,17.73,34.7851,1.2845,protein-coding/annotated,497
SLC26A6,23531,1009,6.29,16.4555,1.2829,protein-coding/annotated,498
ZBED2,14366,1422,8.86,27.5287,1.282,protein-coding/annotated,499
MCEE,5526,1168,7.28,26.3213,1.2813,protein-coding/annotated,500
KIAA0226L,2679,1490,9.28,28.0682,1.2808,protein-coding/annotated,501
GEN1,14523,1139,7.1,5.3218,1.2808,protein-coding/annotated,501
RP11-783K16.14,37471,992,6.18,2.0859,1.2789,clone-named/lncRNA,503
RPS18P9,21762,2682,16.71,4.6328,1.2779,ribosomal protein,504
GGT1,2174,1164,7.25,26.1085,1.2771,protein-coding/annotated,505
AC093642.5,21760,1018,6.34,10.0714,1.277,clone-named/lncRNA,506
FAR2,908,992,6.18,11.1905,1.277,protein-coding/annotated,506
RP11-564A8.4,24280,844,5.26,1.7392,1.2766,clone-named/lncRNA,508
GAPDHP60,33429,3268,20.36,0.8989,1.2755,pseudogene-like,509
LPP,8664,5027,31.32,87.0013,1.2705,protein-coding/annotated,510
CLECL1,15780,1157,7.21,18.2648,1.2698,protein-coding/annotated,511
RN7SL1,38520,2727,16.99,21.1358,1.2688,small RNA,512
TXK,1292,1332,8.3,28.7017,1.2667,protein-coding/annotated,513
ZNF780A,17654,1032,6.43,10.6438,1.2665,protein-coding/annotated,514
ZNF250,17089,982,6.12,14.9014,1.266,protein-coding/annotated,515
ANKRD37,16321,2287,14.25,51.7739,1.2656,protein-coding/annotated,516
AKAP8L,290,933,5.81,16.3232,1.2649,protein-coding/annotated,517
MSTO1,5666,2353,14.66,37.3802,1.2635,protein-coding/annotated,518
SKP1P1,26797,2079,12.95,3.9383,1.2602,pseudogene-like,519
NUP85,5662,2742,17.09,65.4674,1.2597,pseudogene-like,520
AGPAT4,464,1011,6.3,10.1713,1.2595,protein-coding/annotated,521
PGAP1,17431,1365,8.51,14.4171,1.2589,pseudogene-like,522
TRMT2A,2139,2566,15.99,67.7803,1.2581,protein-coding/annotated,523
PPIAP31,21372,1590,9.91,1.4382,1.2566,pseudogene-like,524
BLOC1S4,16287,871,5.43,3.6482,1.2564,protein-coding/annotated,525
NPM1P37,21577,2471,15.4,3.3731,1.2559,pseudogene-like,526
CDK5RAP1,2521,2188,13.63,57.1567,1.2532,pseudogene-like,527
DUSP6,7822,2334,14.54,59.3344,1.2526,pseudogene-like,528
ATPAF2,13228,1922,11.98,41.606,1.2524,protein-coding/annotated,529
UBA6-AS1,33385,881,5.49,9.77,1.2524,protein-coding/annotated,529
NBPF13P,24470,1263,7.87,3.5864,1.2523,protein-coding/annotated,531
RWDD4P1,33054,819,5.1,2.5088,1.2518,pseudogene-like,532
SWI5,14013,821,5.12,16.9742,1.2513,protein-coding/annotated,533
AAAS,2019,1966,12.25,41.5875,1.2512,protein-coding/annotated,534
TMEM62,7565,842,5.25,7.8613,1.251,protein-coding/annotated,535
EHBP1,4452,890,5.55,10.6085,1.2504,pseudogene-like,536
CTC-524C5.2,41234,888,5.53,4.6838,1.2496,clone-named/lncRNA,537
HCG4B,24485,2120,13.21,1.2263,1.2465,protein-coding/annotated,538
AC006129.4,43994,833,5.19,16.0405,1.2448,clone-named/lncRNA,539
POP5,12099,2123,13.23,63.3906,1.2446,pseudogene-like,540
NINJ2,13198,1088,6.78,30.596,1.2445,protein-coding/annotated,541
ZNF678,15113,1372,8.55,14.07,1.2437,protein-coding/annotated,542
HIST1H2BD,10231,1454,9.06,27.0418,1.2413,protein-coding/annotated,543
PRMT5,2326,1649,10.28,31.4864,1.2406,protein-coding/annotated,544
TRGC2,24434,4016,25.02,169.7622,1.2405,receptor constant/other,545
ACP5,2691,4117,25.65,119.7466,1.2401,pseudogene-like,546
SMUG1,5397,1213,7.56,27.3367,1.2401,protein-coding/annotated,546
SBF2,6809,846,5.27,4.1537,1.2396,protein-coding/annotated,548
RP11-206L10.11,25363,1012,6.31,11.6934,1.2391,clone-named/lncRNA,549
PRR4,3872,4307,26.84,58.902,1.239,protein-coding/annotated,550
SELL,16793,5031,31.35,214.6705,1.2383,protein-coding/annotated,551
TMEM192,12775,876,5.46,8.0138,1.2382,protein-coding/annotated,552
AC005329.7,33382,1006,6.27,1.0947,1.2372,clone-named/lncRNA,553
LINC00426,30916,2053,12.79,40.1921,1.2366,clone-named/lncRNA,554
IFI44,7589,2458,15.32,71.8905,1.2366,protein-coding/annotated,554
ATF3,10861,2722,16.96,62.8875,1.2354,protein-coding/annotated,556
GLT8D1,375,1644,10.24,34.4565,1.2349,protein-coding/annotated,557
DEAF1,14264,832,5.18,10.1964,1.2344,protein-coding/annotated,558
LYPLAL1,8387,1175,7.32,18.8167,1.2341,protein-coding/annotated,559
LMO7,7242,897,5.59,10.9332,1.2327,protein-coding/annotated,560
MFGE8,8007,865,5.39,5.242,1.2321,protein-coding/annotated,561
RP11-473M20.14,41192,1226,7.64,17.0937,1.2311,clone-named/lncRNA,562
ZNF253,37733,831,5.18,10.9607,1.2311,protein-coding/annotated,562
SYNGAP1,17486,966,6.02,4.9204,1.2304,pseudogene-like,564
SPATS2,5385,934,5.82,7.0795,1.2301,protein-coding/annotated,565
RP11-296I10.6,40711,4032,25.12,3.5489,1.2298,clone-named/lncRNA,566
GALK2,10062,1896,11.81,32.103,1.2288,protein-coding/annotated,567
DUS1L,12697,1188,7.4,22.1333,1.2278,protein-coding/annotated,568
RP11-151F5.2,24937,849,5.29,0.8798,1.2268,clone-named/lncRNA,569
DYNC1LI2,7150,2333,14.54,38.6089,1.2258,protein-coding/annotated,570
EAF2,8676,1388,8.65,25.7263,1.2256,protein-coding/annotated,571
LINC00484,29430,803,5.0,3.8142,1.2251,clone-named/lncRNA,572
PFKM,9570,900,5.61,9.8496,1.225,protein-coding/annotated,573
RP11-265N6.3,39992,1191,7.42,0.9352,1.224,clone-named/lncRNA,574
PGRMC2,11248,1412,8.8,9.5877,1.223,protein-coding/annotated,575
CRYZL1,19344,1996,12.44,42.224,1.2228,protein-coding/annotated,576
ASH1L-AS1,29587,812,5.06,7.5895,1.2227,protein-coding/annotated,577
RPL21P1,20894,1055,6.57,1.1465,1.2227,ribosomal protein,577
LTB,24623,4740,29.54,186.2148,1.2223,protein-coding/annotated,579
MLH3,4951,916,5.71,11.9616,1.2218,protein-coding/annotated,580
PABPC4,1900,2426,15.12,42.9527,1.2205,protein-coding/annotated,581
ACTBP9,42367,933,5.81,0.1817,1.2199,pseudogene-like,582
AC022182.2,37114,828,5.16,0.4952,1.2193,clone-named/lncRNA,583
PABPC1L,2445,1230,7.66,21.0434,1.2178,protein-coding/annotated,584
CCDC144CP,9840,1022,6.37,0.8222,1.2177,protein-coding/annotated,585
MT-RNR1,19767,16045,99.98,5719.3995,1.2174,mitochondrial,586
RNU1-60P,18481,937,5.84,22.8299,1.216,small RNA,587
RP6-206I17.2,27098,907,5.65,3.726,1.2154,clone-named/lncRNA,588
PRC1,18085,1088,6.78,21.5413,1.2153,protein-coding/annotated,589
TNFSF8,3381,2141,13.34,41.606,1.2153,protein-coding/annotated,589
SF3A3P2,36405,851,5.3,6.0805,1.2149,pseudogene-like,591
CD81,3808,2866,17.86,49.042,1.2135,protein-coding/annotated,592
NME2P1,5348,848,5.28,0.6269,1.2131,pseudogene-like,593
APBB3,4155,2317,14.44,44.7067,1.2121,protein-coding/annotated,594
MAPK8,3442,1094,6.82,16.05,1.2117,protein-coding/annotated,595
OSGEP,1967,2229,13.89,53.2911,1.2111,protein-coding/annotated,596
C9orf114,18093,2222,13.85,56.2157,1.2108,protein-coding/annotated,597
FADS1,9227,1070,6.67,10.708,1.2103,protein-coding/annotated,598
HINFP,13303,1468,9.15,23.536,1.2096,protein-coding/annotated,599
SMYD4,16370,996,6.21,9.8873,1.2095,protein-coding/annotated,600
DHRS12,2709,953,5.94,18.143,1.208,protein-coding/annotated,601
RMDN1,14169,2673,16.66,48.0848,1.2079,protein-coding/annotated,602
ADAT1,938,1928,12.01,37.0717,1.2072,protein-coding/annotated,603
CCRN4L,9368,1294,8.06,3.9148,1.207,protein-coding/annotated,604
CASP6,7758,1086,6.77,20.5071,1.2064,pseudogene-like,605
AP000476.1,30533,819,5.1,5.1102,1.2053,clone-named/lncRNA,606
APBA2,514,837,5.22,13.1329,1.205,protein-coding/annotated,607
RP4-758J18.13,45102,1110,6.92,0.5977,1.2047,clone-named/lncRNA,608
NDUFAF6,9973,2147,13.38,23.7154,1.2046,protein-coding/annotated,609
MIER3,9903,916,5.71,7.8854,1.2041,protein-coding/annotated,610
PKIG,12464,861,5.37,17.4074,1.2039,protein-coding/annotated,611
PAN2,7105,1796,11.19,21.0796,1.2036,protein-coding/annotated,612
RP11-264F23.1,20605,871,5.43,1.8083,1.2033,clone-named/lncRNA,613
ZNF845,20523,911,5.68,4.3167,1.203,protein-coding/annotated,614
RP11-384C4.3,23323,1274,7.94,3.5249,1.2022,clone-named/lncRNA,615
AC018462.3,32393,1310,8.16,1.2596,1.2018,clone-named/lncRNA,616
WDR3,926,1063,6.62,11.7027,1.2012,protein-coding/annotated,617
MRPL55,10894,2674,16.66,101.0344,1.2007,protein-coding/annotated,618
WDR7,1929,2020,12.59,25.0137,1.2001,protein-coding/annotated,619
RP11-649A18.12,41402,874,5.45,2.3455,1.1997,clone-named/lncRNA,620
DTWD1,2872,1014,6.32,15.9316,1.1994,protein-coding/annotated,621
BCL11A,4983,2198,13.7,57.8064,1.1988,protein-coding/annotated,622
PMF1-BGLAP,39827,1299,8.09,6.3226,1.1982,protein-coding/annotated,623
IL11RA,7413,1027,6.4,17.3272,1.1982,protein-coding/annotated,623
BAG3,9490,1740,10.84,21.758,1.198,protein-coding/annotated,625
SCAPER,7970,2943,18.34,53.3653,1.1977,protein-coding/annotated,626
MTFR1L,4761,1596,9.95,32.2566,1.197,protein-coding/annotated,627
IL18RAP,4475,1200,7.48,25.2064,1.1966,protein-coding/annotated,628
ALYREF,15630,856,5.33,3.2389,1.1961,protein-coding/annotated,629
TNFAIP1,3643,966,6.02,14.9874,1.1956,pseudogene-like,630
TMSB4X,19285,15993,99.66,9785.5134,1.1913,protein-coding/annotated,631
BSCL2,12296,1728,10.77,35.8633,1.1913,protein-coding/annotated,631
DPH2,6666,1052,6.56,21.91,1.1909,protein-coding/annotated,633
IFT46,4790,850,5.3,9.2643,1.1898,protein-coding/annotated,634
NFE2L1,1583,2261,14.09,5.8416,1.1885,protein-coding/annotated,635
HNRNPUL2,20890,1222,7.61,3.5145,1.1881,protein-coding/annotated,636
POP4,3047,2850,17.76,91.3672,1.1878,pseudogene-like,637
RP11-1399P15.1,45655,1504,9.37,33.2663,1.1865,clone-named/lncRNA,638
NPC2,4944,3580,22.31,166.1624,1.1841,protein-coding/annotated,639
USP45,5411,906,5.65,7.806,1.1833,pseudogene-like,640
ATP1A1OS,18714,916,5.71,5.5753,1.1815,protein-coding/annotated,641
TFDP2,4273,2160,13.46,34.3881,1.1815,pseudogene-like,641
ARHGAP21,3470,828,5.16,6.3736,1.1814,pseudogene-like,643
FHOD1,7152,1515,9.44,12.8714,1.1812,protein-coding/annotated,644
C1RL,7796,1182,7.37,14.166,1.1806,protein-coding/annotated,646
TNPO2,3142,2878,17.93,27.6974,1.1806,protein-coding/annotated,646
STAP1,531,1160,7.23,22.94,1.1806,pseudogene-like,646
PITPNA,13705,1133,7.06,7.9936,1.1763,protein-coding/annotated,648
RP11-383F6.1,25856,1039,6.47,23.853,1.1756,clone-named/lncRNA,649
AC027763.2,21021,883,5.5,7.9394,1.1753,clone-named/lncRNA,650
HDAC6,2012,2185,13.62,39.2812,1.1753,protein-coding/annotated,650
CAPG,595,3252,20.26,160.293,1.1748,protein-coding/annotated,652
ZSWIM7,20965,1227,7.65,29.084,1.1732,protein-coding/annotated,653
RP11-567G24.1,25381,1142,7.12,0.1464,1.1732,clone-named/lncRNA,653
BTLA,16296,2065,12.87,45.5039,1.1729,protein-coding/annotated,655
IVD,6095,2675,16.67,53.5648,1.1722,protein-coding/annotated,656
AK9,9858,987,6.15,10.0792,1.1712,protein-coding/annotated,657
ZNF720,17492,1533,9.55,22.7643,1.171,protein-coding/annotated,658
ZNF532,1280,910,5.67,4.4797,1.1706,protein-coding/annotated,659
TTC9C,10724,1290,8.04,25.8647,1.17,protein-coding/annotated,660
RP11-473M20.7,40945,2067,12.88,38.0284,1.1689,clone-named/lncRNA,661
RPL5P5,20108,2483,15.47,0.8035,1.1682,ribosomal protein,662
CTLA4,11097,5225,32.56,177.9999,1.1679,protein-coding/annotated,663
ZNF383,16758,903,5.63,13.7051,1.1674,protein-coding/annotated,664
MIR155HG,28964,3732,23.26,72.3688,1.1672,small RNA,665
GALK1,3551,1667,10.39,37.9542,1.1668,protein-coding/annotated,666
TMEM116,17828,912,5.68,17.262,1.1653,protein-coding/annotated,667
PARP2,6159,954,5.94,16.6163,1.1639,pseudogene-like,668
UROD,5797,2146,13.37,50.627,1.1635,protein-coding/annotated,669
GCFC2,96,1291,8.04,18.5649,1.1623,protein-coding/annotated,670
ZNF32,12701,1032,6.43,27.2683,1.1621,protein-coding/annotated,671
ZNF165,17485,907,5.65,12.8498,1.1565,protein-coding/annotated,672
POLR1C,13098,1464,9.12,31.3717,1.1562,protein-coding/annotated,673
ZNF692,13036,1605,10.0,32.2944,1.1559,protein-coding/annotated,674
ARPC3P1,23874,2353,14.66,3.007,1.1556,pseudogene-like,675
FCGRT,2988,2092,13.04,53.756,1.1556,protein-coding/annotated,675
HSPA8P5,37570,3188,19.87,0.4794,1.1552,pseudogene-like,677
SMC4,4245,4165,25.95,125.1051,1.1526,protein-coding/annotated,678
FAM122B,10017,1243,7.75,5.3984,1.1523,protein-coding/annotated,679
CDC27,67,2925,18.23,54.1163,1.1523,protein-coding/annotated,679
TBCD,8154,4710,29.35,172.0472,1.1517,protein-coding/annotated,681
MAP3K13,1253,1511,9.42,25.463,1.1499,protein-coding/annotated,682
MALSU1,10060,1608,10.02,38.9609,1.1498,protein-coding/annotated,683
TBPL1,479,2086,13.0,60.779,1.1493,protein-coding/annotated,684
FBXO18,6918,1291,8.04,22.6882,1.1492,protein-coding/annotated,685
CYB561,214,823,5.13,12.3251,1.1469,protein-coding/annotated,686
RP11-571M6.8,38035,1441,8.98,28.005,1.1463,clone-named/lncRNA,687
EIF2B5,8681,1323,8.24,24.7857,1.1463,protein-coding/annotated,687
EVI5,1013,1021,6.36,5.5155,1.1459,protein-coding/annotated,689
PCCA,13889,1081,6.74,12.0658,1.1456,protein-coding/annotated,690
FBXO22,12084,1112,6.93,19.2659,1.1452,protein-coding/annotated,691
CLUAP1,2809,1563,9.74,13.7003,1.145,pseudogene-like,692
DHX58,3594,1069,6.66,19.5848,1.1441,protein-coding/annotated,693
RPL5P1,31755,2628,16.38,0.993,1.1439,ribosomal protein,694
ADHFE1,9009,1200,7.48,30.0653,1.1423,protein-coding/annotated,695
RP4-635E18.8,44819,1215,7.57,29.8963,1.1419,clone-named/lncRNA,696
RP6-159A1.2,21448,863,5.38,0.3768,1.1418,clone-named/lncRNA,697
PEBP1P2,44167,809,5.04,0.5948,1.1413,pseudogene-like,698
CRLS1,1793,1189,7.41,10.4924,1.1412,protein-coding/annotated,699
AP000254.8,45562,1415,8.82,35.6068,1.1398,clone-named/lncRNA,700
LLGL2,1236,1228,7.65,21.0402,1.1398,protein-coding/annotated,700
NCF1,10256,3050,19.01,58.6495,1.1384,protein-coding/annotated,702
RP11-48B14.1,31695,1918,11.95,5.9536,1.1384,clone-named/lncRNA,702
GAPDH,3929,14987,93.39,2937.0168,1.1382,protein-coding/annotated,704
SMPD1,11851,1658,10.33,13.9274,1.1378,protein-coding/annotated,705
ERCC6L2,15238,1879,11.71,17.9322,1.1373,protein-coding/annotated,706
GTF3C2,4392,2070,12.9,35.129,1.1357,protein-coding/annotated,707
SLC38A9,14271,1421,8.85,20.7525,1.1355,protein-coding/annotated,708
LGALS3BP,3585,1764,10.99,42.4483,1.1349,protein-coding/annotated,709
CLMN,11759,829,5.17,3.4357,1.134,protein-coding/annotated,710
ERCC2,2994,976,6.08,12.1076,1.1336,protein-coding/annotated,711
FAM200B,30701,1166,7.27,25.3221,1.1332,protein-coding/annotated,712
FAM76B,1395,1530,9.53,21.0377,1.1329,protein-coding/annotated,713
SPAG5,1354,957,5.96,15.1572,1.1328,protein-coding/annotated,714
RP11-157G21.2,37343,925,5.76,0.476,1.1319,clone-named/lncRNA,715
NDUFS4,11337,2149,13.39,52.1531,1.1318,protein-coding/annotated,716
AL161784.1,43127,1470,9.16,14.2726,1.1302,clone-named/lncRNA,717
RABGAP1,303,1956,12.19,25.6128,1.1301,pseudogene-like,718
PSMG1,15579,1282,7.99,31.462,1.1298,protein-coding/annotated,719
SESN1,1506,1892,11.79,27.7162,1.1296,protein-coding/annotated,720
RPL5P23,31505,3486,21.72,4.0264,1.1291,ribosomal protein,721
ITGA1,20594,2314,14.42,27.5499,1.1286,protein-coding/annotated,722
GNGT2,12051,955,5.95,19.742,1.1261,protein-coding/annotated,723
SEC22A,5185,1465,9.13,22.1584,1.1251,protein-coding/annotated,724
KIAA1324,4576,1120,6.98,20.004,1.1249,protein-coding/annotated,725
GPN2,8297,1341,8.36,21.647,1.1243,protein-coding/annotated,726
GK,18030,3265,20.35,43.2141,1.1237,protein-coding/annotated,727
TMCO6,4156,843,5.25,14.8988,1.1232,protein-coding/annotated,728
NDUFAF7,41,1340,8.35,22.8254,1.1228,protein-coding/annotated,729
AGA,552,1784,11.12,38.0374,1.1225,protein-coding/annotated,730
CRHR1-IT1,19012,1250,7.79,25.1799,1.1223,protein-coding/annotated,731
C12orf79,37926,1054,6.57,9.4877,1.1219,protein-coding/annotated,732
GS1-114I9.1,45199,914,5.7,8.3762,1.1218,protein-coding/annotated,733
SPAG5-AS1,24651,861,5.37,3.6861,1.1205,protein-coding/annotated,734
PRIM1,17758,1411,8.79,32.4741,1.1203,protein-coding/annotated,735
POLI,2571,1060,6.61,17.8248,1.1194,protein-coding/annotated,736
AMT,8667,930,5.8,15.5816,1.1185,protein-coding/annotated,737
VIM-AS1,25550,974,6.07,18.6989,1.1183,protein-coding/annotated,738
PSPH,8894,871,5.43,3.5353,1.1182,protein-coding/annotated,739
MPZL1,17723,981,6.11,13.2481,1.1165,protein-coding/annotated,740
ZFAND2B,10261,2162,13.47,64.3475,1.1163,protein-coding/annotated,741
ANKRD36BP2,26055,1115,6.95,1.1608,1.1163,pseudogene-like,741
GCLC,8,875,5.45,6.8778,1.1158,protein-coding/annotated,743
DKC1,6363,2367,14.75,44.5354,1.1154,protein-coding/annotated,744
TMEM138,9226,2293,14.29,58.6142,1.1147,protein-coding/annotated,745
IRF7,16092,4740,29.54,103.6197,1.1146,protein-coding/annotated,746
ZNF714,10505,1297,8.08,11.674,1.1143,protein-coding/annotated,747
GMPR2,2418,2497,15.56,74.6485,1.1137,protein-coding/annotated,748
MAL,13241,1016,6.33,27.3052,1.1135,protein-coding/annotated,749
TIPIN,1297,914,5.7,10.0002,1.113,protein-coding/annotated,750
ANKRA2,11364,1849,11.52,40.2213,1.1129,protein-coding/annotated,751
HIBCH,17783,2431,15.15,40.2345,1.1125,protein-coding/annotated,752
PDHA1,6511,3825,23.83,123.3152,1.1118,protein-coding/annotated,753
AC012307.3,19030,969,6.04,2.9614,1.1117,clone-named/lncRNA,754
SKIV2L,18871,2682,16.71,53.3838,1.1117,protein-coding/annotated,754
CTD-2301A4.3,31631,897,5.59,11.0991,1.1116,clone-named/lncRNA,756
RPL19P12,22755,2657,16.56,1.4657,1.1112,ribosomal protein,757
PTGER2,5650,1783,11.11,37.829,1.1112,protein-coding/annotated,757
KIAA1841,10900,962,5.99,7.9832,1.1105,protein-coding/annotated,759
AC125232.1,26816,999,6.23,3.8053,1.1102,clone-named/lncRNA,760
TRIM66,11889,1061,6.61,4.4332,1.109,protein-coding/annotated,761
HIST1H2BC,14951,1130,7.04,13.8531,1.1078,protein-coding/annotated,762
EZH1,3603,2085,12.99,35.873,1.1074,protein-coding/annotated,763
LINC00665,27643,994,6.19,3.2626,1.1072,clone-named/lncRNA,764
RP11-182N22.7,21068,1347,8.39,0.2356,1.107,clone-named/lncRNA,765
RP11-98I9.4,25207,871,5.43,3.3684,1.1063,clone-named/lncRNA,766
SNHG7,27856,936,5.83,10.9946,1.1053,protein-coding/annotated,767
ALG8,10316,1825,11.37,41.0667,1.105,protein-coding/annotated,768
SNHG17,17315,2646,16.49,60.9265,1.1046,protein-coding/annotated,769
TNFRSF9,667,3378,21.05,80.277,1.1039,protein-coding/annotated,770
SLC25A30,13670,870,5.42,3.1233,1.1033,protein-coding/annotated,771
RP11-983P16.4,37971,1157,7.21,2.7103,1.1033,clone-named/lncRNA,771
BTK,272,1568,9.77,27.2313,1.1023,protein-coding/annotated,773
TK1,12265,1146,7.14,26.2855,1.1021,protein-coding/annotated,774
ABL2,8380,1164,7.25,4.3944,1.1011,protein-coding/annotated,775
B3GNT7,10064,1014,6.32,10.6207,1.1003,protein-coding/annotated,776
LINC00680,21064,1168,7.28,7.9577,1.0999,clone-named/lncRNA,777
POMZP3,8890,810,5.05,4.019,1.0991,pseudogene-like,778
USP30-AS1,37529,834,5.2,16.7834,1.099,protein-coding/annotated,779
C1orf228,17905,1079,6.72,24.8185,1.099,protein-coding/annotated,779
MTX3,14265,1221,7.61,5.7624,1.0985,protein-coding/annotated,781
LY9,5261,4608,28.71,139.1896,1.0978,protein-coding/annotated,782
PPIP5K1,12477,1143,7.12,12.3866,1.0971,protein-coding/annotated,783
AD000092.3,31588,3018,18.81,6.7659,1.0967,protein-coding/annotated,784
PAX5,17068,1123,7.0,19.2376,1.0957,protein-coding/annotated,785
LILRB4,16422,1482,9.23,32.4075,1.0949,protein-coding/annotated,786
CCDC157,16648,842,5.25,4.6654,1.0948,protein-coding/annotated,787
PWP1,7220,3511,21.88,108.7453,1.0946,pseudogene-like,788
GAPDHP70,34095,803,5.0,0.275,1.0943,pseudogene-like,789
IGSF6,8029,1229,7.66,29.6833,1.0938,receptor constant/other,790
ATP6V1C2,8504,1448,9.02,1.3498,1.0929,protein-coding/annotated,791
ZNF600,17004,2012,12.54,32.0316,1.0917,protein-coding/annotated,792
FUOM,9151,1355,8.44,31.574,1.0915,protein-coding/annotated,793
PTCD3,6572,3515,21.9,64.7993,1.0908,protein-coding/annotated,794
TTLL4,7185,1310,8.16,23.6335,1.0907,protein-coding/annotated,795
UTP15,11367,1080,6.73,14.8481,1.0905,pseudogene-like,796
RP5-1028K7.2,42110,1145,7.13,29.0482,1.0903,clone-named/lncRNA,797
ACOT7,2082,1464,9.12,23.2287,1.0901,protein-coding/annotated,798
CTA-211A9.5,33104,1538,9.58,22.4215,1.0895,clone-named/lncRNA,799
RPS14P3,23942,2541,15.83,3.8765,1.0887,ribosomal protein,800
PRKCQ-AS1,30803,1289,8.03,29.1863,1.0886,protein-coding/annotated,801
NR3C1,4214,5921,36.9,110.7009,1.088,protein-coding/annotated,802
OPA1,18044,2996,18.67,45.2936,1.0872,protein-coding/annotated,803
RAB30-AS1,33238,968,6.03,17.2386,1.0865,protein-coding/annotated,804
RUSC1-AS1,23622,1494,9.31,3.4782,1.0864,protein-coding/annotated,805
OBSCN,9780,977,6.09,6.369,1.086,protein-coding/annotated,806
CAPN12,15317,1958,12.2,17.0281,1.0857,protein-coding/annotated,807
ZNF765,17195,1187,7.4,5.2367,1.0838,protein-coding/annotated,808
PAFAH1B1,172,3614,22.52,65.3773,1.0829,protein-coding/annotated,809
ASB1,955,1254,7.81,24.0091,1.0822,protein-coding/annotated,810
CDK19,9866,828,5.16,3.93,1.0821,protein-coding/annotated,811
RBM45,9908,975,6.08,14.1835,1.0815,protein-coding/annotated,812
KNTC1,15821,2145,13.37,31.683,1.0813,protein-coding/annotated,813
ZNF701,12163,820,5.11,7.2632,1.0803,protein-coding/annotated,814
IMP4,7337,3311,20.63,108.7671,1.0795,pseudogene-like,815
POLB,1126,2438,15.19,53.049,1.0792,protein-coding/annotated,816
RP11-146F11.1,40914,1315,8.19,1.5921,1.0789,clone-named/lncRNA,817
METTL22,1018,1259,7.85,21.6883,1.0787,protein-coding/annotated,818
NPM1P40,29953,1563,9.74,0.7465,1.0781,pseudogene-like,819
WDR41,11335,1602,9.98,26.5672,1.0772,protein-coding/annotated,820
RNF25,11052,1266,7.89,24.2382,1.0768,protein-coding/annotated,821
RHBDD3,2245,1047,6.52,19.067,1.0754,protein-coding/annotated,822
LGALS3,6533,3954,24.64,130.9964,1.0751,protein-coding/annotated,823
CEP95,38818,2937,18.3,47.7066,1.0748,pseudogene-like,824
ZNF880,21893,962,5.99,20.1146,1.0743,protein-coding/annotated,825
TRMT5,5868,1228,7.65,2.7823,1.0742,protein-coding/annotated,826
NUP160,488,2864,17.85,39.3969,1.073,pseudogene-like,827
PSMA6P1,21146,3147,19.61,2.8146,1.0717,pseudogene-like,828
KDSR,4928,2536,15.8,32.8916,1.0706,protein-coding/annotated,829
ANPEP,11982,944,5.88,13.7402,1.0688,protein-coding/annotated,830
SPRY1,11257,950,5.92,17.716,1.068,protein-coding/annotated,831
PPT2-EGFL8,38446,1116,6.95,2.4306,1.0677,protein-coding/annotated,832
CTA-29F11.1,40132,897,5.59,22.7759,1.0669,clone-named/lncRNA,833
ARIH1,11834,3669,22.86,27.2636,1.0659,protein-coding/annotated,834
LINS,7988,2011,12.53,37.6272,1.0657,protein-coding/annotated,835
SMIM4,12363,965,6.01,9.8793,1.0655,protein-coding/annotated,836
MCU,9956,1285,8.01,16.4969,1.065,protein-coding/annotated,837
AP4M1,21863,1158,7.22,8.9405,1.0648,protein-coding/annotated,838
MBNL3,1365,2164,13.48,27.4529,1.0645,protein-coding/annotated,839
ATP8B3,6246,907,5.65,2.981,1.0633,protein-coding/annotated,840
ZNF484,5894,852,5.31,5.7301,1.0616,protein-coding/annotated,841
ACCS,3799,928,5.78,12.8283,1.0614,protein-coding/annotated,842
NAT9,3640,1914,11.93,41.1211,1.0606,protein-coding/annotated,843
PEMT,6710,1109,6.91,24.7471,1.0604,protein-coding/annotated,844
MRPL48,13962,2128,13.26,57.5612,1.0602,protein-coding/annotated,845
RBM28,3299,3006,18.73,29.1263,1.0593,protein-coding/annotated,846
TMEM71,11545,1550,9.66,32.6439,1.0592,protein-coding/annotated,847
AKAP1,5142,904,5.63,6.8737,1.059,pseudogene-like,848
CCDC126,12577,817,5.09,11.0116,1.0588,protein-coding/annotated,849
ANKRD42,7492,830,5.17,5.4871,1.0586,protein-coding/annotated,850
CNOT10,15444,2525,15.73,59.9376,1.0585,protein-coding/annotated,851
RP11-258C19.5,27593,957,5.96,5.6595,1.0585,clone-named/lncRNA,851
DCUN1D4,3662,1122,6.99,16.8985,1.0583,protein-coding/annotated,853
SETD5-AS1,19479,2446,15.24,58.1108,1.0579,protein-coding/annotated,854
PBX2,18855,1010,6.29,3.7522,1.0575,protein-coding/annotated,855
AF129408.17,45406,988,6.16,23.4578,1.0573,protein-coding/annotated,856
RALGPS2,4558,1094,6.82,15.7469,1.0572,protein-coding/annotated,857
TATDN1,9030,2043,12.73,32.1542,1.0563,protein-coding/annotated,858
TP53TG1,15243,859,5.35,21.3958,1.0563,protein-coding/annotated,858
SLC39A4,9036,832,5.18,14.1916,1.0558,protein-coding/annotated,860
UTP23,9028,2061,12.84,40.2325,1.0554,pseudogene-like,861
WDR43,11175,4587,28.58,36.9014,1.0543,protein-coding/annotated,862
CTC-459F4.3,42879,1418,8.84,13.5967,1.0535,clone-named/lncRNA,863
SMARCC2,7862,5031,31.35,80.8036,1.0532,protein-coding/annotated,864
CETN3,9643,1065,6.64,18.9021,1.053,protein-coding/annotated,865
TMEM254,6793,903,5.63,17.5558,1.0526,protein-coding/annotated,866
POT1,6036,1031,6.42,14.8265,1.0526,protein-coding/annotated,866
PVT1,34278,4124,25.7,57.7817,1.0514,protein-coding/annotated,868
GAPDHP61,33533,1895,11.81,1.6558,1.0511,pseudogene-like,869
RP11-418J17.1,26872,941,5.86,6.6369,1.0509,clone-named/lncRNA,870
IFT122,11208,971,6.05,7.4473,1.0506,protein-coding/annotated,871
FTH1P3,20342,2220,13.83,4.0241,1.0504,pseudogene-like,872
LTBP4,1868,2147,13.38,41.3106,1.0489,pseudogene-like,873
RP11-732M18.3,29966,1120,6.98,15.5974,1.0486,clone-named/lncRNA,874
GEMIN7,8237,1369,8.53,30.6404,1.0481,protein-coding/annotated,875
SH3YL1,524,1048,6.53,19.5312,1.0481,protein-coding/annotated,875
LINC00909,41550,958,5.97,11.62,1.048,clone-named/lncRNA,877
HLA-DOA,18834,2137,13.32,40.9589,1.0477,protein-coding/annotated,878
UBB,12828,13413,83.58,1503.5454,1.0476,protein-coding/annotated,879
OAS1,1829,2804,17.47,71.0854,1.0469,protein-coding/annotated,880
MTFMT,2852,1609,10.03,16.4014,1.0468,protein-coding/annotated,881
TTN-AS1,30415,2501,15.58,31.8193,1.0463,protein-coding/annotated,882
FASTKD3,5517,822,5.12,15.6014,1.0462,protein-coding/annotated,883
DNPEP,5451,1763,10.99,34.2796,1.0444,protein-coding/annotated,884
SLC25A16,5340,1098,6.84,9.9151,1.0439,protein-coding/annotated,885
DANCR,24284,2407,15.0,73.4373,1.0437,protein-coding/annotated,886
TSC22D3,10134,12933,80.59,1466.5646,1.0432,protein-coding/annotated,887
HNRNPA1P35,23530,2367,14.75,1.291,1.0426,pseudogene-like,888
USF1,10286,1962,12.23,40.2616,1.042,protein-coding/annotated,889
NAPA-AS1,43154,932,5.81,3.727,1.0413,protein-coding/annotated,890
TMCO3,9311,918,5.72,6.3396,1.0402,protein-coding/annotated,891
DNASE1,20573,2100,13.09,20.7913,1.04,protein-coding/annotated,892
DUSP28,16824,910,5.67,11.978,1.0397,pseudogene-like,893
SMAD5,4229,1424,8.87,18.5292,1.0396,protein-coding/annotated,894
DGKE,9719,1423,8.87,17.1002,1.0394,protein-coding/annotated,895
GTF2H3,3904,1140,7.1,13.4496,1.0391,protein-coding/annotated,896
FAM45A,5006,1824,11.37,31.1146,1.039,protein-coding/annotated,897
TUBGCP5,9689,836,5.21,9.1677,1.0389,pseudogene-like,898
DUSP2,10196,10753,67.01,968.7691,1.0387,pseudogene-like,899
RP11-262D11.2,23399,1260,7.85,0.2922,1.0383,clone-named/lncRNA,900
NSMCE4A,3445,2071,12.91,46.4519,1.0379,protein-coding/annotated,901
PRDM10,12832,914,5.7,10.9597,1.0376,protein-coding/annotated,902
AF011889.2,30863,859,5.35,3.5393,1.0369,protein-coding/annotated,903
DEXI,15229,851,5.3,3.732,1.0368,protein-coding/annotated,904
PGPEP1,6287,1258,7.84,14.3179,1.0364,pseudogene-like,905
ZNF770,17788,1969,12.27,35.7063,1.036,protein-coding/annotated,906
TMEM8A,6195,1065,6.64,12.2319,1.0356,protein-coding/annotated,907
ZNF766,17116,1050,6.54,18.7245,1.0353,protein-coding/annotated,908
RIOK2,801,1529,9.53,30.0947,1.035,protein-coding/annotated,909
NME6,13262,1208,7.53,23.7862,1.0348,protein-coding/annotated,910
AKTIP,12032,2359,14.7,45.6004,1.0333,protein-coding/annotated,911
SPTLC2,2357,2604,16.23,37.964,1.0331,protein-coding/annotated,913
OSGEPL1,6069,831,5.18,8.0081,1.0331,protein-coding/annotated,913
ZDHHC14,13856,818,5.1,3.2197,1.0331,protein-coding/annotated,913
SLC38A6,7917,1173,7.31,16.3649,1.033,protein-coding/annotated,915
ARL4A,5304,2314,14.42,61.4867,1.0327,protein-coding/annotated,916
NR2C1,5111,1665,10.38,33.427,1.0325,protein-coding/annotated,917
ZDHHC8,2141,809,5.04,2.7153,1.0324,protein-coding/annotated,918
PITPNM2,1915,963,6.0,6.9184,1.0324,protein-coding/annotated,918
RP11-402J6.3,34885,993,6.19,1.0148,1.0323,clone-named/lncRNA,921
FANCG,21860,1065,6.64,21.9653,1.0323,protein-coding/annotated,921
ZNF544,17784,1626,10.13,26.0217,1.0323,protein-coding/annotated,921
VASP,5716,2641,16.46,23.7665,1.0322,protein-coding/annotated,923
MZT2A,13525,1502,9.36,26.7787,1.0321,protein-coding/annotated,924
RP11-73M18.7,43844,922,5.75,6.0445,1.032,clone-named/lncRNA,925
RP11-253E3.1,28794,946,5.89,0.442,1.0319,clone-named/lncRNA,926
GTF2IRD2,17139,971,6.05,6.6731,1.0315,protein-coding/annotated,927
NOL9,10756,1637,10.2,17.3937,1.0314,protein-coding/annotated,928
FBXW4,3464,3715,23.15,88.8694,1.0313,protein-coding/annotated,929
ZNF273,17750,1196,7.45,6.7845,1.0311,protein-coding/annotated,930
COX18,11111,823,5.13,5.7822,1.0311,protein-coding/annotated,930
TMEM184B,18018,1659,10.34,12.3125,1.0309,protein-coding/annotated,932
GK5,13861,854,5.32,14.6968,1.0299,protein-coding/annotated,933
NT5DC1,14544,2176,13.56,41.7249,1.0299,protein-coding/annotated,933
DNAJA3,2819,2245,13.99,43.5936,1.0287,protein-coding/annotated,935
MIR22HG,16379,991,6.18,17.2808,1.0284,small RNA,936
ENDOV,13628,849,5.29,16.8167,1.0283,protein-coding/annotated,937
FPR1,13003,1035,6.45,19.3113,1.0282,protein-coding/annotated,938
GBP1,4698,4968,30.96,110.6997,1.027,pseudogene-like,939
FLAD1,10537,2432,15.15,51.3089,1.0265,protein-coding/annotated,940
GBA2,1130,1660,10.34,24.0481,1.0262,protein-coding/annotated,941
TCF12,7945,4018,25.04,78.1127,1.0255,protein-coding/annotated,942
FLVCR1,10859,841,5.24,5.3928,1.0241,protein-coding/annotated,943
MFSD8,11263,1580,9.85,26.7272,1.024,protein-coding/annotated,944
CLN8,15301,2026,12.62,33.812,1.0229,protein-coding/annotated,945
CTD-3214H19.4,43273,852,5.31,2.856,1.0227,clone-named/lncRNA,946
APOBEC3B,14792,1465,9.13,9.3046,1.022,protein-coding/annotated,947
RPSAP54,20423,2371,14.77,1.0043,1.0215,pseudogene-like,948
MFAP3,548,1182,7.37,15.0057,1.0211,pseudogene-like,949
MSR1,561,911,5.68,9.5753,1.0196,protein-coding/annotated,950
STXBP5,11403,840,5.23,3.2922,1.0185,pseudogene-like,951
NTHL1,921,905,5.64,19.5245,1.0184,protein-coding/annotated,952
DDX55,3906,1246,7.76,21.6959,1.0184,protein-coding/annotated,952
GZF1,5726,1037,6.46,9.2121,1.018,protein-coding/annotated,954
RDX,7528,2211,13.78,29.1767,1.0179,protein-coding/annotated,955
DEPDC5,2212,1648,10.27,27.7697,1.0177,protein-coding/annotated,956
DLEU1,14066,1106,6.89,15.1328,1.0175,protein-coding/annotated,957
RP11-360D2.2,23473,810,5.05,2.7215,1.0173,clone-named/lncRNA,958
CPT1B,19288,1112,6.93,18.0041,1.0171,protein-coding/annotated,959
B9D2,5436,1163,7.25,15.6643,1.0169,protein-coding/annotated,960
CROCCP3,1524,988,6.16,2.8598,1.0168,pseudogene-like,961
TESK1,3396,933,5.81,11.0215,1.0155,protein-coding/annotated,962
MAP2K6,3633,868,5.41,16.8401,1.0154,protein-coding/annotated,963
GEMIN8,616,921,5.74,14.1578,1.0154,protein-coding/annotated,963
RP11-1023L17.1,21051,2179,13.58,17.8419,1.015,clone-named/lncRNA,965
RP4-717I23.3,22380,3626,22.59,99.7073,1.0149,clone-named/lncRNA,966
RP11-658F2.8,38399,2045,12.74,38.9587,1.0145,clone-named/lncRNA,967
MAD1L1,28,3399,21.18,94.671,1.0143,protein-coding/annotated,968
ALG13,2593,4282,26.68,76.5691,1.0131,protein-coding/annotated,969
POLR1B,5689,1082,6.74,14.4527,1.0131,protein-coding/annotated,969
ZNF260,36124,925,5.76,11.3707,1.0128,protein-coding/annotated,971
PPARA,16453,978,6.09,4.722,1.0126,protein-coding/annotated,972
IL3RA,16046,953,5.94,8.4823,1.0126,protein-coding/annotated,972
RCN1P2,20800,841,5.24,4.2716,1.012,pseudogene-like,974
POLR2H,11199,1814,11.3,38.1154,1.0115,protein-coding/annotated,975
FRMD4A,9425,886,5.52,2.7374,1.011,protein-coding/annotated,976
GUSBP9,21209,1782,11.1,14.4684,1.0105,pseudogene-like,977
GHDC,12272,894,5.57,3.6998,1.0103,protein-coding/annotated,978
CTB-31O20.2,40688,910,5.67,24.1552,1.01,clone-named/lncRNA,979
ICAM2,3577,3047,18.99,78.1596,1.0098,protein-coding/annotated,980
RPL4P3,26270,2319,14.45,0.4965,1.0094,ribosomal protein,981
RP11-53I6.2,41433,2029,12.64,47.4299,1.0091,clone-named/lncRNA,982
WEE1,11906,1453,9.05,9.9934,1.0089,protein-coding/annotated,983
GABPB1,2875,2889,18.0,48.8609,1.0087,protein-coding/annotated,984
ERRFI1,4574,818,5.1,11.0263,1.0087,protein-coding/annotated,984
RP11-168J18.6,31202,1666,10.38,0.6344,1.0086,clone-named/lncRNA,986
DPEP2,12097,905,5.64,13.1791,1.0079,pseudogene-like,987
FNTB,37984,982,6.12,6.5141,1.007,protein-coding/annotated,988
WDR13,2599,1769,11.02,35.5356,1.0066,protein-coding/annotated,989
MTF2,8322,4070,25.36,107.1377,1.0063,protein-coding/annotated,990
C3orf62,16766,1255,7.82,3.5702,1.006,protein-coding/annotated,991
RP11-384K6.2,23645,1190,7.42,3.5878,1.0049,clone-named/lncRNA,992
TYK2,3103,4595,28.63,126.1485,1.0045,protein-coding/annotated,993
CCDC28B,10436,960,5.98,15.6393,1.0038,protein-coding/annotated,994
SLC41A3,4313,1236,7.7,26.8296,1.0036,protein-coding/annotated,995
MITD1,10234,3087,19.24,86.21,1.0031,protein-coding/annotated,996
DLGAP1-AS1,14326,1281,7.98,17.8737,1.0025,protein-coding/annotated,997
ATP11C,2606,843,5.25,6.8639,1.0023,protein-coding/annotated,998
MX1,10145,4512,28.12,117.4987,1.0022,protein-coding/annotated,999
BRD8,4143,3944,24.58,93.7512,1.0017,protein-coding/annotated,1000
CTA-351J1.1,24075,2039,12.71,2.3903,1.0006,clone-named/lncRNA,1001
CARS2,6996,1386,8.64,16.3454,1.0006,protein-coding/annotated,1001
MTHFD1L,5039,802,5.0,4.3053,1.0001,protein-coding/annotated,1003
CD69,3832,9560,59.57,778.0163,0.9997,protein-coding/annotated,1004
CDK1,12827,1115,6.95,26.6964,0.9991,protein-coding/annotated,1005
RABGGTA,2420,2122,13.22,55.6343,0.9989,protein-coding/annotated,1006
ZNF140,17181,1446,9.01,26.2959,0.9989,protein-coding/annotated,1006
DOPEY2,8229,1438,8.96,11.4042,0.9988,protein-coding/annotated,1008
GPR171,13838,3751,23.37,117.0072,0.9986,protein-coding/annotated,1009
DUSP12,1549,1631,10.16,38.3073,0.9974,pseudogene-like,1010
RP11-434H6.7,45651,994,6.19,23.019,0.9971,clone-named/lncRNA,1011
FAM86A,4865,1083,6.75,9.6481,0.9967,protein-coding/annotated,1012
RP11-159G9.5,25884,1606,10.01,12.4016,0.9962,clone-named/lncRNA,1013
CIDECP,16272,1314,8.19,24.8599,0.9959,protein-coding/annotated,1014
AC069363.1,22686,2374,14.79,39.0255,0.9935,clone-named/lncRNA,1015
INTS10,2943,2768,17.25,68.9944,0.9923,protein-coding/annotated,1016
SIKE1,708,2617,16.31,43.6181,0.9916,protein-coding/annotated,1017
ABCA5,9768,1145,7.13,14.8567,0.9914,protein-coding/annotated,1018
SURF2,9083,1659,10.34,35.8587,0.9911,protein-coding/annotated,1019
ACADSB,17102,1002,6.24,14.0477,0.9907,protein-coding/annotated,1020
UBA7,15249,4789,29.84,163.59,0.9901,protein-coding/annotated,1021
AFG3L1P,22494,1931,12.03,32.705,0.9899,protein-coding/annotated,1022
LMF1,2787,1228,7.65,18.1984,0.9898,protein-coding/annotated,1023
MPI,14609,1313,8.18,24.4084,0.9894,protein-coding/annotated,1024
MRPS33,1877,1843,11.48,45.1429,0.9893,protein-coding/annotated,1025
HDHD3,4917,963,6.0,19.3436,0.9891,protein-coding/annotated,1026
RP11-23P13.6,13691,1243,7.75,16.425,0.9883,clone-named/lncRNA,1027
TUBA1B,5398,9302,57.96,510.3078,0.9882,protein-coding/annotated,1028
CD55,17162,7540,46.98,214.1839,0.9877,protein-coding/annotated,1029
RP11-507E23.1,32459,881,5.49,0.8077,0.9867,clone-named/lncRNA,1030
KLRG1,7799,3490,21.75,132.0629,0.9866,protein-coding/annotated,1031
BPGM,13316,2029,12.64,44.9361,0.9866,protein-coding/annotated,1031
C1orf123,10747,1733,10.8,34.1117,0.9864,protein-coding/annotated,1033
ABI2,7688,2180,13.58,28.73,0.9863,protein-coding/annotated,1034
PCSK5,2086,3439,21.43,1.0087,0.986,protein-coding/annotated,1035
MMS22L,8841,2060,12.84,21.4196,0.986,protein-coding/annotated,1035
SVIL,17497,1312,8.18,3.6889,0.9855,protein-coding/annotated,1037
RP11-4F5.2,39904,812,5.06,2.0176,0.9851,clone-named/lncRNA,1038
IFT43,4943,1053,6.56,19.3134,0.9843,protein-coding/annotated,1039
NTAN1,10077,1557,9.7,31.9118,0.984,protein-coding/annotated,1040
MBTD1,291,815,5.08,5.4322,0.9837,protein-coding/annotated,1041
WIPI1,1128,1727,10.76,23.5554,0.9836,protein-coding/annotated,1042
ZNF124,17196,957,5.96,13.2632,0.9831,protein-coding/annotated,1043
ID3,4709,2757,17.18,62.4197,0.9829,protein-coding/annotated,1044
AC009413.2,29962,821,5.12,0.6567,0.9815,clone-named/lncRNA,1045
BPNT1,10868,894,5.57,13.5269,0.9814,protein-coding/annotated,1046
FGFR1,1406,1128,7.03,13.5901,0.9794,protein-coding/annotated,1047
AC000089.3,29504,2682,16.71,1.1057,0.9794,clone-named/lncRNA,1047
ARHGAP33,58,1081,6.74,15.2418,0.9787,pseudogene-like,1049
AASDH,10124,1033,6.44,14.2185,0.9775,protein-coding/annotated,1050
NUP88,3564,3024,18.84,62.6928,0.9775,pseudogene-like,1050
SLC35A5,7691,1278,7.96,20.8463,0.9774,protein-coding/annotated,1052
ZNF585A,17380,1690,10.53,25.2883,0.9772,protein-coding/annotated,1053
TUBB2A,7457,1305,8.13,25.902,0.9769,protein-coding/annotated,1054
CAPN10,8242,833,5.19,11.5097,0.9767,protein-coding/annotated,1055
PGAM5,33311,886,5.52,2.0887,0.9751,protein-coding/annotated,1057
RYK,11163,1042,6.49,8.3454,0.9751,protein-coding/annotated,1057
IFT57,4302,1765,11.0,38.3048,0.9751,protein-coding/annotated,1057
GORASP1,4334,1457,9.08,24.5199,0.9748,pseudogene-like,1059
BCAS3,8110,2022,12.6,29.439,0.9747,protein-coding/annotated,1060
RP11-435B5.4,15975,1418,8.84,5.7544,0.9746,clone-named/lncRNA,1061
LINC00861,33176,3347,20.86,58.1065,0.9742,clone-named/lncRNA,1062
CDCA7L,11438,1476,9.2,28.7625,0.9736,protein-coding/annotated,1063
RGS2,4625,8291,51.66,672.4217,0.9735,protein-coding/annotated,1064
PRR5L,7073,2056,12.81,36.7726,0.973,protein-coding/annotated,1065
DHDDS,4765,1684,10.49,26.2877,0.9724,protein-coding/annotated,1066
PTP4A1,4045,7247,45.16,200.6309,0.972,protein-coding/annotated,1067
FAM206A,4903,983,6.13,14.9216,0.9715,protein-coding/annotated,1068
MPPE1,9839,2382,14.84,65.2264,0.9708,protein-coding/annotated,1069
ZNF12,11434,813,5.07,3.784,0.9705,protein-coding/annotated,1070
TNFSF13B,2684,1629,10.15,36.3418,0.9692,protein-coding/annotated,1071
ADRB2,12602,1619,10.09,37.6527,0.9691,protein-coding/annotated,1072
FGD4,7784,853,5.32,3.6212,0.969,protein-coding/annotated,1073
ACOT11,10749,1003,6.25,0.8291,0.9679,protein-coding/annotated,1075
FANCD2,8597,3297,20.54,29.2021,0.9679,protein-coding/annotated,1075
ZRSR1,20031,879,5.48,5.9452,0.9679,protein-coding/annotated,1075
RNF13,1590,3021,18.82,78.4859,0.9673,protein-coding/annotated,1077
ATAT1,7471,816,5.08,9.6516,0.967,protein-coding/annotated,1078
LY96,9803,1256,7.83,23.5136,0.9667,protein-coding/annotated,1079
CSF3R,4927,1188,7.4,13.3519,0.9665,protein-coding/annotated,1080
GCHFR,7578,1951,12.16,58.526,0.9662,protein-coding/annotated,1081
CHTF18,5948,1007,6.27,16.0178,0.9659,protein-coding/annotated,1082
STAB1,264,859,5.35,13.4796,0.9656,protein-coding/annotated,1083
OGFOD1,1743,2228,13.88,31.5274,0.9654,protein-coding/annotated,1084
GLUD2,15421,941,5.86,0.7392,0.9653,protein-coding/annotated,1085
ZNF224,42962,1208,7.53,19.0445,0.9652,protein-coding/annotated,1086
USP32P1,16932,1189,7.41,6.6535,0.9651,pseudogene-like,1087
ZNF362,10444,1400,8.72,5.9185,0.965,protein-coding/annotated,1088
CPSF4,10577,935,5.83,9.5903,0.965,protein-coding/annotated,1088
SLC25A51,5312,1003,6.25,7.3794,0.9649,protein-coding/annotated,1090
DOPEY1,1593,1161,7.23,8.396,0.9648,protein-coding/annotated,1091
DNAJC24,12980,907,5.65,8.5831,0.9641,protein-coding/annotated,1092
CXorf21,5045,1052,6.56,12.2139,0.9641,protein-coding/annotated,1092
MYCBP,20672,2038,12.7,41.9948,0.9622,protein-coding/annotated,1094
GABPB1-AS1,33154,1382,8.61,26.1223,0.9618,protein-coding/annotated,1095
AC074117.10,28496,2992,18.64,1.7139,0.9615,clone-named/lncRNA,1096
TRBC2,19867,13123,81.77,2231.3057,0.9611,receptor constant/other,1097
PMS2,5287,1196,7.45,6.2943,0.9601,protein-coding/annotated,1098
ZBTB37,16044,1570,9.78,4.4537,0.9597,protein-coding/annotated,1099
PTPN12,5972,1069,6.66,10.9307,0.959,protein-coding/annotated,1100
TNFSF4,4746,927,5.78,16.2362,0.9589,protein-coding/annotated,1101
UNKL,806,1441,8.98,11.6514,0.9567,protein-coding/annotated,1102
CLP1,13341,931,5.8,19.4517,0.9567,pseudogene-like,1102
MT1F,17873,1794,11.18,48.8885,0.9566,protein-coding/annotated,1104
LINC00662,40902,807,5.03,8.7488,0.9566,clone-named/lncRNA,1104
CDYL,9630,809,5.04,5.1822,0.9565,protein-coding/annotated,1106
FER,9417,869,5.42,6.9307,0.9559,protein-coding/annotated,1107
RP11-285F7.2,32433,1120,6.98,24.9378,0.9555,clone-named/lncRNA,1108
C19orf55,12169,1179,7.35,13.2254,0.9549,protein-coding/annotated,1109
GEMIN6,9514,846,5.27,10.0922,0.9549,protein-coding/annotated,1109
ELMOD3,4444,1517,9.45,21.1671,0.9548,protein-coding/annotated,1111
ABHD4,2318,1076,6.7,20.2001,0.9535,protein-coding/annotated,1112
F5,17989,1061,6.61,9.5459,0.9527,protein-coding/annotated,1113
APC,7005,2104,13.11,24.5979,0.9527,protein-coding/annotated,1113
GTDC1,5232,2712,16.9,46.7594,0.9521,protein-coding/annotated,1115
C19orf54,16812,961,5.99,3.4702,0.951,protein-coding/annotated,1116
LY86,4126,1389,8.66,30.859,0.9505,protein-coding/annotated,1117
NFU1,12668,1942,12.1,39.6586,0.9498,protein-coding/annotated,1118
LRRC28,12507,1770,11.03,28.7657,0.9489,protein-coding/annotated,1119
CDK16,2651,3249,20.25,52.418,0.9488,protein-coding/annotated,1120
TMEM106C,6889,2049,12.77,63.3995,0.9484,protein-coding/annotated,1121
DYRK1B,3056,931,5.8,7.5033,0.9479,protein-coding/annotated,1122
REPS1,7128,1197,7.46,12.0347,0.9478,protein-coding/annotated,1123
PECR,4441,1154,7.19,18.9827,0.9477,protein-coding/annotated,1124
BLVRB,1869,1539,9.59,30.956,0.9476,protein-coding/annotated,1125
RINL,16682,1213,7.56,15.9037,0.9472,protein-coding/annotated,1126
DOT1L,2995,1634,10.18,5.8774,0.9471,protein-coding/annotated,1127
ASB8,14459,2258,14.07,46.4079,0.9458,protein-coding/annotated,1128
VNN2,4057,1404,8.75,29.2274,0.9451,protein-coding/annotated,1129
ANAPC7,17229,2449,15.26,47.8757,0.9451,protein-coding/annotated,1129
IL7R,12458,5419,33.77,196.1477,0.945,protein-coding/annotated,1131
ZNF136,17277,967,6.03,13.1178,0.9446,protein-coding/annotated,1132
PIGG,13701,2893,18.03,51.7633,0.9437,protein-coding/annotated,1133
NOP2,3930,2533,15.78,55.3358,0.9437,pseudogene-like,1133
METTL6,19477,822,5.12,12.83,0.9434,protein-coding/annotated,1136
CRADD,12622,1141,7.11,23.3471,0.9434,protein-coding/annotated,1136
CCRL2,5211,1036,6.46,17.8343,0.9434,protein-coding/annotated,1136
ZYG11B,10745,812,5.06,3.7991,0.943,protein-coding/annotated,1138
SAAL1,11968,1140,7.1,20.8252,0.9426,protein-coding/annotated,1139
TAF10,11859,2934,18.28,13.1162,0.942,protein-coding/annotated,1140
ERCC6,23612,1008,6.28,8.6638,0.9415,protein-coding/annotated,1141
MRPL42,17740,2415,15.05,54.465,0.9403,protein-coding/annotated,1142
ZNF66,10482,1250,7.79,8.6317,0.94,protein-coding/annotated,1143
RP3-393E18.1,21301,1302,8.11,0.9896,0.9395,clone-named/lncRNA,1144
RP11-386G11.10,38266,8326,51.88,186.9085,0.9387,clone-named/lncRNA,1145
ZNF627,17915,901,5.61,9.574,0.9377,protein-coding/annotated,1146
ZNF578,38458,914,5.7,1.1706,0.9374,protein-coding/annotated,1147
ECHDC2,5163,2705,16.86,57.5042,0.9368,protein-coding/annotated,1148
CCNB1IP1,2396,1318,8.21,29.7103,0.9366,pseudogene-like,1149
HLA-DMB,32332,3677,22.91,152.1087,0.9357,protein-coding/annotated,1150
RIC8B,3968,1150,7.17,11.8537,0.9355,protein-coding/annotated,1151
ZNF708,15236,1695,10.56,17.1667,0.9354,protein-coding/annotated,1152
RASA4CP,25423,1401,8.73,5.5524,0.9351,protein-coding/annotated,1153
VAC14,2754,1208,7.53,15.3767,0.9351,protein-coding/annotated,1153
STYXL1,5975,2208,13.76,55.6688,0.9347,protein-coding/annotated,1155
MMAB,7838,803,5.0,11.8194,0.9345,protein-coding/annotated,1156
BMI1,12368,923,5.75,10.8911,0.9339,protein-coding/annotated,1157
OCEL1,2101,1202,7.49,27.4042,0.9338,protein-coding/annotated,1158
GTPBP10,3200,1402,8.74,21.8146,0.9336,pseudogene-like,1159
CHN2,3259,871,5.43,6.8349,0.9335,protein-coding/annotated,1160
CATSPER2P1,19348,5644,35.17,3.7906,0.933,pseudogene-like,1161
INSR,13016,1083,6.75,1.3937,0.9324,protein-coding/annotated,1162
CTC-301O7.4,17662,1192,7.43,2.9365,0.9323,clone-named/lncRNA,1163
ULK4,12308,1281,7.98,19.9034,0.9322,protein-coding/annotated,1164
UBE2D3P2,23456,2909,18.13,4.0826,0.9319,pseudogene-like,1165
RHBDD1,8588,1928,12.01,25.9231,0.9319,protein-coding/annotated,1165
MDP1,20574,1081,6.74,19.9781,0.9308,pseudogene-like,1167
DRAM2,9974,3284,20.46,76.6354,0.9305,protein-coding/annotated,1168
OFD1P17,25030,903,5.63,0.1491,0.93,pseudogene-like,1169
PKMP1,29922,882,5.5,0.1311,0.9295,pseudogene-like,1170
REXO2,1342,2646,16.49,65.8399,0.9294,protein-coding/annotated,1171
WRAP53,8138,929,5.79,9.5551,0.9287,pseudogene-like,1172
NARS2,7501,1074,6.69,19.9149,0.9279,protein-coding/annotated,1173
ZSCAN30,16420,993,6.19,14.4169,0.9272,protein-coding/annotated,1174
WWTR1,385,5344,33.3,3.2557,0.9271,protein-coding/annotated,1175
ZNF195,104,1884,11.74,32.1538,0.927,protein-coding/annotated,1176
UNK,6609,1628,10.14,20.8072,0.9255,protein-coding/annotated,1177
DHRS3,10777,2356,14.68,60.2988,0.9248,protein-coding/annotated,1178
BTD,12715,996,6.21,13.9376,0.9241,protein-coding/annotated,1179
CPEB2,7482,805,5.02,2.7028,0.924,protein-coding/annotated,1180
UBR3,8572,1169,7.28,5.5356,0.9235,protein-coding/annotated,1181
HSD17B7P2,2093,1571,9.79,7.8747,0.9235,pseudogene-like,1181
PPP2R3C,1961,3408,21.24,86.0197,0.9234,protein-coding/annotated,1183
PLXNA3,6364,1170,7.29,7.9803,0.9231,protein-coding/annotated,1184
MKL2,16295,1214,7.56,9.5679,0.923,protein-coding/annotated,1185
MRPL1,12608,3142,19.58,41.8544,0.9219,protein-coding/annotated,1186
RPL32P29,32970,944,5.88,23.9098,0.9218,ribosomal protein,1187
FSCN1,1324,822,5.12,0.8401,0.9209,protein-coding/annotated,1188
TMEM126A,13044,1491,9.29,31.3548,0.9208,protein-coding/annotated,1189
CCR2,5212,1116,6.95,16.5817,0.9204,protein-coding/annotated,1190
TMEM218,9312,1156,7.2,20.6413,0.9199,protein-coding/annotated,1191
XPNPEP3,17126,1659,10.34,9.9799,0.9191,pseudogene-like,1192
ACTA2,3457,1791,11.16,34.4221,0.9188,protein-coding/annotated,1193
FTH1P4,32474,1920,11.96,10.0828,0.9184,pseudogene-like,1194
SMAD4,8172,2171,13.53,11.6531,0.9184,protein-coding/annotated,1194
ARL16,20660,1975,12.31,46.1142,0.918,protein-coding/annotated,1196
TRPT1,9269,2761,17.2,80.4407,0.9179,protein-coding/annotated,1197
POLR2I,3070,2332,14.53,62.1678,0.9176,protein-coding/annotated,1198
CXXC1,9833,3048,18.99,81.1358,0.917,protein-coding/annotated,1199
TRABD2A,16432,999,6.23,13.8831,0.9166,protein-coding/annotated,1200
TARBP2,7853,1255,7.82,21.8405,0.9166,pseudogene-like,1200
CTD-2521M24.9,43710,1698,10.58,33.5363,0.9165,clone-named/lncRNA,1202
C17orf89,23047,1771,11.04,42.0424,0.9157,protein-coding/annotated,1203
ERC1,1587,1446,9.01,13.6943,0.9156,protein-coding/annotated,1204
UBE2E1,12784,1012,6.31,9.9497,0.9148,protein-coding/annotated,1205
KIAA0101,11975,1615,10.06,30.7725,0.9148,protein-coding/annotated,1205
CTB-119C2.1,45540,3300,20.56,63.7281,0.9144,clone-named/lncRNA,1207
PUS10,10898,1470,9.16,7.9951,0.9141,protein-coding/annotated,1208
ZDHHC16,13067,1193,7.43,19.8933,0.9133,protein-coding/annotated,1209
RP11-499P20.2,31471,825,5.14,5.9964,0.9128,clone-named/lncRNA,1210
MED11,10681,1215,7.57,24.9513,0.9126,protein-coding/annotated,1211
DAK,9224,1720,10.72,31.2868,0.9126,protein-coding/annotated,1211
CDK14,792,950,5.92,8.4661,0.9119,protein-coding/annotated,1213
PIGP,16164,1196,7.45,23.4608,0.9112,protein-coding/annotated,1214
FABP5,11448,4509,28.1,125.4795,0.9109,pseudogene-like,1215
NSMAF,529,3143,19.58,58.337,0.9104,protein-coding/annotated,1216
PIEZO1,2806,3582,22.32,69.0352,0.9098,protein-coding/annotated,1217
GSTM1,6859,1441,8.98,20.0047,0.9089,protein-coding/annotated,1218
FRS2,11831,985,6.14,6.6544,0.9084,protein-coding/annotated,1219
LAYN,18887,1517,9.45,31.4879,0.9069,protein-coding/annotated,1220
KLHL7,5292,1457,9.08,26.9308,0.9069,protein-coding/annotated,1220
GUSBP1,15623,1808,11.27,16.9665,0.9067,pseudogene-like,1222
HIST1H2AM,27978,804,5.01,12.2952,0.9065,protein-coding/annotated,1223
TEX30,9396,1016,6.33,19.7267,0.9064,protein-coding/annotated,1224
STAU2,574,2256,14.06,32.9044,0.9062,protein-coding/annotated,1225
ADAMTSL3,9978,917,5.71,0.1625,0.9055,protein-coding/annotated,1226
ERF,3187,1415,8.82,8.0479,0.9053,protein-coding/annotated,1227
CTC-360G5.9,43651,889,5.54,0.1299,0.9052,clone-named/lncRNA,1228
CLSTN3,7798,3600,22.43,31.3672,0.9049,protein-coding/annotated,1229
TSPAN13,3327,975,6.08,16.4781,0.9049,protein-coding/annotated,1229
RPL18P10,20771,1564,9.75,34.087,0.9043,ribosomal protein,1231
ZNF44,17678,1343,8.37,17.2269,0.9031,protein-coding/annotated,1232
DERL2,1219,3825,23.83,115.2434,0.9029,protein-coding/annotated,1233
INTS8,11517,1320,8.23,19.2043,0.9027,protein-coding/annotated,1234
ZNF789,17919,1143,7.12,11.9037,0.9008,protein-coding/annotated,1235
CLEC4A,3960,1168,7.28,19.7703,0.9002,protein-coding/annotated,1236
RP11-446E9.1,30130,2194,13.67,1.2847,0.8999,clone-named/lncRNA,1237
FBXO38,8779,2440,15.2,38.0565,0.8995,protein-coding/annotated,1238
SPECC1,6033,1181,7.36,11.2652,0.8993,protein-coding/annotated,1239
FCGR3B,10853,1312,8.18,5.4619,0.8993,protein-coding/annotated,1239
TATDN2P2,21480,814,5.07,5.2964,0.8991,pseudogene-like,1241
RPP21,31881,2842,17.71,75.3862,0.8991,pseudogene-like,1241
ZSCAN16,17332,850,5.3,14.9781,0.8989,protein-coding/annotated,1243
LMBRD2,11319,1188,7.4,7.1621,0.8979,protein-coding/annotated,1244
STX8,12826,2681,16.71,76.6193,0.8979,protein-coding/annotated,1244
NIF3L1,17143,1167,7.27,17.0312,0.8975,protein-coding/annotated,1246
SLC22A18,3807,1230,7.66,21.9625,0.8974,protein-coding/annotated,1247
FCRL3,10566,4022,25.06,112.5196,0.8972,protein-coding/annotated,1248
UBQLN4,10559,938,5.84,2.8362,0.8967,protein-coding/annotated,1249
UBC,9363,15197,94.7,2470.9683,0.8967,protein-coding/annotated,1249
MAPKAPK5,1816,979,6.1,11.4208,0.8958,protein-coding/annotated,1251
ZNF841,17596,866,5.4,6.2313,0.8953,protein-coding/annotated,1252
TTF2,4644,1747,10.89,24.217,0.8951,protein-coding/annotated,1253
CTD-2017D11.1,43261,1143,7.12,4.6724,0.8945,clone-named/lncRNA,1254
CD80,5191,806,5.02,6.7346,0.8944,protein-coding/annotated,1255
XRRA1,11888,2956,18.42,30.4758,0.8935,protein-coding/annotated,1256
SNHG12,17731,6779,42.24,174.757,0.8928,protein-coding/annotated,1257
DCAF17,4501,1019,6.35,10.0791,0.8925,protein-coding/annotated,1258
DHRS1,10119,1444,9.0,26.1692,0.8924,protein-coding/annotated,1259
CDK7,6842,1768,11.02,35.5239,0.8921,protein-coding/annotated,1260
AGTRAP,14399,3195,19.91,86.171,0.8917,protein-coding/annotated,1261
WDR54,97,2205,13.74,64.4606,0.8902,protein-coding/annotated,1263
VDAC1P1,1256,1868,11.64,0.7042,0.8902,pseudogene-like,1263
BDH1,10619,908,5.66,13.2777,0.8902,protein-coding/annotated,1263
NUCB2,1108,4026,25.09,138.4883,0.8901,protein-coding/annotated,1265
ALDH3A2,1194,2185,13.62,37.0719,0.8899,protein-coding/annotated,1266
PORCN,2664,901,5.61,15.5872,0.8888,protein-coding/annotated,1267
AFMID,15474,1696,10.57,5.7498,0.8885,protein-coding/annotated,1268
ALDH6A1,4961,1121,6.99,9.4609,0.8882,protein-coding/annotated,1269
ABHD14A,33574,1702,10.61,38.9241,0.8881,protein-coding/annotated,1270
SMYD2,8430,1232,7.68,22.6199,0.8881,protein-coding/annotated,1270
MTA3,788,1084,6.75,14.7525,0.8879,protein-coding/annotated,1272
PDE6B,6753,1543,9.61,13.0239,0.8879,protein-coding/annotated,1272
HAUS7,20306,1588,9.9,30.3085,0.8875,protein-coding/annotated,1275
MAFG,17414,907,5.65,3.3408,0.8875,protein-coding/annotated,1275
P2RX5,1602,1853,11.55,38.3529,0.8875,protein-coding/annotated,1275
KIF1C,6133,1001,6.24,1.3276,0.8872,protein-coding/annotated,1277
FASLG,4744,2208,13.76,54.45,0.8871,protein-coding/annotated,1278
CEP63,15433,1947,12.13,27.6707,0.8865,pseudogene-like,1279
RPL15P18,25203,986,6.14,0.4503,0.8859,ribosomal protein,1280
C12orf29,6789,1302,8.11,20.9211,0.8854,protein-coding/annotated,1281
C6orf136,18972,953,5.94,13.7276,0.8854,protein-coding/annotated,1281
ZNF302,1846,1425,8.88,16.5609,0.8848,protein-coding/annotated,1283
UCK2,8349,1329,8.28,19.6866,0.8847,protein-coding/annotated,1284
SMPD2,7126,870,5.42,13.571,0.8842,protein-coding/annotated,1285
ZNF84,17751,1282,7.99,20.3633,0.8838,protein-coding/annotated,1286
QTRT1,20277,2145,13.37,50.682,0.8834,protein-coding/annotated,1287
RNFT1,16963,1991,12.41,36.2519,0.8826,protein-coding/annotated,1288
EOGT,11023,1138,7.09,12.4379,0.8826,protein-coding/annotated,1288
FAHD2A,4370,2145,13.37,22.345,0.8822,protein-coding/annotated,1290
ING5,12393,1090,6.79,16.1318,0.8821,protein-coding/annotated,1291
ZNF3,11916,1057,6.59,15.3691,0.8821,protein-coding/annotated,1291
ZNF28,17911,1370,8.54,10.0715,0.8813,protein-coding/annotated,1293
NPRL2,4295,2504,15.6,70.5794,0.8808,protein-coding/annotated,1294
MED24,230,2347,14.62,45.1933,0.8805,protein-coding/annotated,1295
GZMH,2323,4748,29.59,420.8764,0.8803,protein-coding/annotated,1296
SFR1,9999,882,5.5,9.6122,0.8801,protein-coding/annotated,1297
FBXO25,8972,1027,6.4,15.0289,0.88,protein-coding/annotated,1298
FAN1,17967,859,5.35,5.8465,0.8798,protein-coding/annotated,1299
DDX3Y,1002,4295,26.76,97.6953,0.8798,protein-coding/annotated,1299
TLR1,13682,919,5.73,10.0077,0.8796,protein-coding/annotated,1301
USP53,8715,1346,8.39,5.8572,0.8794,pseudogene-like,1302
RP11-867G23.3,33175,1066,6.64,0.9765,0.8792,clone-named/lncRNA,1303
BMS1P5,18804,2375,14.8,2.4311,0.8789,pseudogene-like,1304
WDR4,10463,1113,6.94,9.3769,0.8779,protein-coding/annotated,1305
CRELD1,11142,1554,9.68,29.9227,0.8774,protein-coding/annotated,1306
SENP2,11206,2309,14.39,26.3956,0.8773,pseudogene-like,1307
IRF4,7455,4371,27.24,73.5049,0.8772,protein-coding/annotated,1308
R3HDM1,658,3379,21.06,52.8717,0.877,protein-coding/annotated,1309
CCNE2,13910,802,5.0,7.8213,0.8767,protein-coding/annotated,1310
C20orf196,13234,1157,7.21,23.4797,0.876,protein-coding/annotated,1311
PARP6,7555,2046,12.75,38.2665,0.8756,pseudogene-like,1312
ETF1P2,31414,1030,6.42,2.986,0.8753,pseudogene-like,1313
RUFY3,382,1076,6.7,8.7189,0.875,protein-coding/annotated,1314
UTP6,3580,2923,18.21,70.4087,0.8744,pseudogene-like,1315
ZNF646,12127,1261,7.86,7.9622,0.8739,protein-coding/annotated,1316
GPATCH1,1360,877,5.46,7.5423,0.8739,protein-coding/annotated,1316
EXTL3,320,824,5.13,3.8015,0.8738,protein-coding/annotated,1318
C1orf112,4,1324,8.25,6.9742,0.8738,protein-coding/annotated,1318
COMMD4,7964,2091,13.03,49.9851,0.8736,protein-coding/annotated,1320
TGFB1,3083,2197,13.69,9.5377,0.8733,protein-coding/annotated,1321
ACVR2A,5235,1031,6.42,7.0646,0.8731,protein-coding/annotated,1322
ACTR10,6530,3390,21.12,83.9766,0.873,protein-coding/annotated,1323
MAPK3,2720,872,5.43,8.3624,0.8727,protein-coding/annotated,1324
SNHG8,43803,5123,31.92,208.0554,0.8725,protein-coding/annotated,1325
KDM1B,11552,994,6.19,3.723,0.8723,protein-coding/annotated,1326
RP11-1186N24.5,44187,1532,9.55,3.8559,0.8719,clone-named/lncRNA,1327
ANAPC15,3771,2053,12.79,49.0064,0.8717,protein-coding/annotated,1328
BAP1,11213,2631,16.39,48.7089,0.8714,pseudogene-like,1329
TPT1-AS1,12973,1846,11.5,20.944,0.8708,protein-coding/annotated,1330
DLEC1,210,1198,7.47,1.9691,0.8705,protein-coding/annotated,1331
TMEM234,10438,1037,6.46,16.1097,0.8699,protein-coding/annotated,1332
LINC00342,27804,1260,7.85,5.3746,0.8695,clone-named/lncRNA,1333
RP11-69E11.4,15230,1190,7.42,11.0467,0.8689,clone-named/lncRNA,1334
SGK494,12148,1573,9.8,7.5975,0.8688,protein-coding/annotated,1335
AUTS2,10229,1585,9.88,11.6998,0.8687,protein-coding/annotated,1336
GS1-124K5.3,22215,868,5.41,5.6413,0.8682,protein-coding/annotated,1337
NVL,8473,1545,9.63,26.3098,0.868,protein-coding/annotated,1338
OMA1,10801,1575,9.81,30.6621,0.8679,protein-coding/annotated,1339
TXNDC16,1748,883,5.5,3.353,0.8679,protein-coding/annotated,1339
CLDND1,1518,6314,39.34,218.0831,0.8675,protein-coding/annotated,1341
SELM,18041,1674,10.43,41.4692,0.8667,protein-coding/annotated,1342
ZNF90,20616,972,6.06,2.375,0.8664,protein-coding/annotated,1343
LAT2,1715,2595,16.17,65.9412,0.8657,protein-coding/annotated,1344
CD3EAP,4778,813,5.07,3.9037,0.8654,protein-coding/annotated,1345
MTERFD1,10010,1157,7.21,21.0298,0.8653,protein-coding/annotated,1346
ORMDL2,5386,2823,17.59,73.3952,0.8652,protein-coding/annotated,1347
PDZD11,5071,2055,12.81,44.2768,0.8651,protein-coding/annotated,1348
FXN,11542,1004,6.26,16.8303,0.8645,protein-coding/annotated,1349
TIMM10,6975,1910,11.9,44.6245,0.8644,protein-coding/annotated,1350
POFUT2,16435,1423,8.87,6.4494,0.8643,protein-coding/annotated,1351
NBPF3,8301,1360,8.47,4.0188,0.8642,protein-coding/annotated,1352
PPP2R2D,13940,1063,6.62,7.9422,0.864,protein-coding/annotated,1353
CYHR1,16670,1622,10.11,19.0208,0.8639,protein-coding/annotated,1354
ICOS,11098,4374,27.26,130.2713,0.8638,protein-coding/annotated,1355
EMC9,2412,1333,8.31,25.8513,0.8635,protein-coding/annotated,1356
ZFYVE19,11801,1525,9.5,22.6994,0.8635,protein-coding/annotated,1356
C17orf75,3582,1008,6.28,19.0885,0.8631,protein-coding/annotated,1358
MED6,6829,2123,13.23,43.3134,0.8629,protein-coding/annotated,1359
ZNF552,14634,1226,7.64,8.8315,0.8629,protein-coding/annotated,1359
RAD51B,15252,1506,9.38,22.8968,0.8627,protein-coding/annotated,1361
ATG4A,2580,903,5.63,14.9472,0.8623,protein-coding/annotated,1362
SIGLEC5,3126,852,5.31,1.41,0.8623,protein-coding/annotated,1362
RP11-274B21.1,32337,1452,9.05,8.1463,0.8622,clone-named/lncRNA,1364
SNF8,10341,1244,7.75,16.5762,0.862,protein-coding/annotated,1365
PTGDR,12348,971,6.05,22.025,0.8614,protein-coding/annotated,1366
ZNF429,17394,1005,6.26,14.0953,0.8614,protein-coding/annotated,1366
BLM,17490,1293,8.06,17.2727,0.8602,protein-coding/annotated,1368
ACTL6A,7305,2289,14.26,47.3493,0.8601,protein-coding/annotated,1369
ZBTB48,19092,1501,9.35,30.5765,0.86,protein-coding/annotated,1370
ZNRD1,980,3007,18.74,81.9587,0.8599,protein-coding/annotated,1371
HAUS2,7553,1810,11.28,21.3033,0.8598,protein-coding/annotated,1372
CDADC1,2687,951,5.93,15.7015,0.8597,protein-coding/annotated,1373
MAST2,1689,813,5.07,3.056,0.8597,protein-coding/annotated,1373
ORC4,4520,2639,16.44,34.4656,0.8591,protein-coding/annotated,1375
DDIT3,13888,3491,21.75,111.205,0.8586,protein-coding/annotated,1376
ZNF350,37700,1227,7.65,23.8294,0.8585,protein-coding/annotated,1377
LINC00893,32024,1176,7.33,8.4913,0.858,clone-named/lncRNA,1378
RP11-288H12.3,20124,939,5.85,6.7052,0.8562,clone-named/lncRNA,1379
COQ9,1789,1696,10.57,35.1883,0.856,protein-coding/annotated,1380
AP4E1,1526,1252,7.8,5.055,0.8556,protein-coding/annotated,1381
PUS7L,6141,1107,6.9,18.1877,0.8554,protein-coding/annotated,1382
NDUFAF1,7548,996,6.21,13.9782,0.8554,protein-coding/annotated,1382
TRIP11,2397,2986,18.61,49.0758,0.8552,pseudogene-like,1384
ITPKB-IT1,25133,991,6.18,2.0608,0.8552,protein-coding/annotated,1384
ZFHX3,8038,979,6.1,0.743,0.8545,protein-coding/annotated,1386
ZNF680,13475,1337,8.33,9.4221,0.8544,protein-coding/annotated,1387
YPEL3,1876,1571,9.79,29.1948,0.8542,protein-coding/annotated,1388
CCDC101,14146,1620,10.09,31.4056,0.8539,protein-coding/annotated,1389
PCNA,6641,2785,17.35,81.9435,0.8538,protein-coding/annotated,1390
MTHFS,7282,1962,12.23,41.8001,0.8537,protein-coding/annotated,1391
MLTK,1936,985,6.14,4.192,0.8532,protein-coding/annotated,1392
ZFYVE21,2379,1105,6.89,19.9621,0.8529,protein-coding/annotated,1393
RGS3,7770,2526,15.74,50.2806,0.8527,protein-coding/annotated,1394
AP001877.1,37768,1042,6.49,16.4907,0.8524,clone-named/lncRNA,1395
ALG3,20686,2025,12.62,41.6298,0.8524,protein-coding/annotated,1395
TCTN2,12475,1238,7.71,3.7509,0.8521,protein-coding/annotated,1397
SLC38A7,2753,818,5.1,6.6525,0.852,protein-coding/annotated,1398
RPUSD4,11654,1734,10.81,35.5262,0.8519,protein-coding/annotated,1399
SCPEP1,5145,2292,14.28,51.0436,0.8518,pseudogene-like,1400
SRRD,2198,912,5.68,10.2912,0.8517,protein-coding/annotated,1401
FAM219B,14602,1025,6.39,15.4373,0.8515,protein-coding/annotated,1402
MNAT1,406,1792,11.17,29.7019,0.8514,protein-coding/annotated,1403
SLC12A6,7942,1450,9.04,8.4348,0.851,protein-coding/annotated,1404
SNX25,3715,826,5.15,3.5822,0.8504,protein-coding/annotated,1405
WDR46,24352,2216,13.81,51.5283,0.8503,protein-coding/annotated,1406
UBFD1,2810,887,5.53,6.4674,0.8503,protein-coding/annotated,1406
RP11-849F2.7,41389,906,5.65,0.3165,0.8499,clone-named/lncRNA,1408
TPGS2,6972,2997,18.68,62.6989,0.8499,protein-coding/annotated,1408
PDLIM5,10952,2082,12.97,31.8747,0.8496,protein-coding/annotated,1410
NFS1,32863,1634,10.18,30.0644,0.8491,protein-coding/annotated,1411
TFEC,3231,837,5.22,5.3409,0.8483,protein-coding/annotated,1412
AC093391.2,27191,1045,6.51,6.691,0.8478,clone-named/lncRNA,1413
AC144530.1,28882,2637,16.43,4.3064,0.8473,clone-named/lncRNA,1414
ATP6V1D,2342,2393,14.91,61.0013,0.8471,protein-coding/annotated,1415
TMEM180,7627,1138,7.09,8.1768,0.8468,protein-coding/annotated,1416
RP11-611E13.2,38180,806,5.02,14.8051,0.8467,clone-named/lncRNA,1418
ALDOC,3650,1386,8.64,33.3201,0.8467,protein-coding/annotated,1418
TMEM134,13391,3112,19.39,82.5236,0.8467,protein-coding/annotated,1418
RPP38,9558,1343,8.37,24.7173,0.8466,pseudogene-like,1420
PIGF,9452,1886,11.75,30.6767,0.8465,protein-coding/annotated,1421
HDAC10,2316,2015,12.56,8.6736,0.846,protein-coding/annotated,1422
SLCO3A1,14143,1054,6.57,12.4903,0.8456,protein-coding/annotated,1423
MZT2B,9504,1679,10.46,27.886,0.8456,protein-coding/annotated,1423
RRAGB,1610,807,5.03,12.5445,0.8455,protein-coding/annotated,1425
IFT80,1067,1628,10.14,15.9078,0.8454,protein-coding/annotated,1426
AP000936.1,28612,879,5.48,7.4461,0.8453,clone-named/lncRNA,1427
IL15RA,6923,1396,8.7,23.3236,0.8449,protein-coding/annotated,1428
MAPK7,11907,982,6.12,4.4692,0.8447,protein-coding/annotated,1429
MOGS,4411,1153,7.18,11.8369,0.8445,protein-coding/annotated,1430
AKAP7,4832,1020,6.36,13.9637,0.8436,pseudogene-like,1431
EXO5,11234,913,5.69,15.2872,0.8433,protein-coding/annotated,1432
SLC44A1,1114,1136,7.08,3.4072,0.8432,protein-coding/annotated,1433
C16orf80,1139,2444,15.23,64.4815,0.8431,protein-coding/annotated,1434
C2orf43,4873,1401,8.73,23.4806,0.8429,protein-coding/annotated,1435
TEP1,6170,2595,16.17,38.9629,0.8426,pseudogene-like,1436
ZDHHC17,16445,1895,11.81,24.1904,0.8426,protein-coding/annotated,1436
NFYB,5118,1365,8.51,23.4598,0.8418,protein-coding/annotated,1438
NHEJ1,16610,997,6.21,17.2498,0.8414,protein-coding/annotated,1439
CHEK2,15656,858,5.35,8.5507,0.8402,protein-coding/annotated,1440
RNF24,2483,1229,7.66,12.0049,0.84,protein-coding/annotated,1441
BDH2,11247,1251,7.8,27.0183,0.8396,protein-coding/annotated,1442
RPGR,9995,922,5.75,8.3962,0.8391,protein-coding/annotated,1443
B3GNTL1,13984,1507,9.39,18.8557,0.8389,protein-coding/annotated,1444
PPAP2A,1007,1090,6.79,15.2123,0.8383,protein-coding/annotated,1445
GIMAP2,3333,3019,18.81,84.6815,0.8372,pseudogene-like,1446
VTI1B,2348,3885,24.21,120.572,0.8371,protein-coding/annotated,1447
BBS1,13750,1178,7.34,14.9016,0.837,protein-coding/annotated,1448
ANKZF1,11067,3463,21.58,86.9996,0.8369,protein-coding/annotated,1449
ZFAND3,10030,1445,9.0,4.8503,0.8366,protein-coding/annotated,1450
ZNF511,17913,1704,10.62,36.6706,0.8365,protein-coding/annotated,1451
RABL3,8647,1234,7.69,16.3217,0.8357,protein-coding/annotated,1453
MMS19,9871,2388,14.88,45.5335,0.8357,protein-coding/annotated,1453
NFKBIA,2411,10506,65.47,771.0559,0.8357,protein-coding/annotated,1453
CAMKMT,8507,922,5.75,11.4389,0.8356,protein-coding/annotated,1455
KBTBD2,12952,3768,23.48,92.7347,0.8353,protein-coding/annotated,1456
RBBP4P4,20832,1304,8.13,0.2339,0.8347,pseudogene-like,1457
ANKS3,12325,1175,7.32,14.9071,0.8345,protein-coding/annotated,1458
RP11-56G10.2,37992,1008,6.28,8.0503,0.834,clone-named/lncRNA,1459
PPP4R1,9835,1456,9.07,17.7023,0.834,protein-coding/annotated,1459
CNOT2,3924,8624,53.74,221.9085,0.8338,protein-coding/annotated,1461
VARS2,7476,1166,7.27,3.3645,0.8336,protein-coding/annotated,1462
APPL1,10131,1675,10.44,13.8516,0.8329,protein-coding/annotated,1463
AC132872.1,15845,817,5.09,1.2084,0.8328,clone-named/lncRNA,1464
CENPM,2216,1551,9.66,35.3439,0.8327,protein-coding/annotated,1465
CTD-2554C21.1,42766,1462,9.11,0.8634,0.8323,clone-named/lncRNA,1466
LINC00854,29861,949,5.91,11.6083,0.832,clone-named/lncRNA,1467
ATL2,4976,1277,7.96,15.2804,0.8318,protein-coding/annotated,1468
CCDC23,14441,1292,8.05,28.2566,0.8318,protein-coding/annotated,1468
WDPCP,8513,1901,11.85,11.1439,0.8313,protein-coding/annotated,1470
NR4A1,5387,6409,39.94,149.2758,0.8307,protein-coding/annotated,1471
TIMM21,1311,892,5.56,14.2413,0.8307,protein-coding/annotated,1471
NOP16,645,4451,27.74,36.5159,0.8303,pseudogene-like,1473
CYP2R1,16251,1205,7.51,15.1672,0.8303,protein-coding/annotated,1473
ZNF227,6411,874,5.45,13.547,0.8299,protein-coding/annotated,1475
RAD18,1149,1105,6.89,14.3273,0.8297,protein-coding/annotated,1476
MT2A,5627,6086,37.92,291.7651,0.8296,protein-coding/annotated,1477
SCAMP1,1660,1730,10.78,22.135,0.8294,pseudogene-like,1478
ZNF263,131,1018,6.34,8.5303,0.8287,protein-coding/annotated,1479
TAMM41,8598,1922,11.98,31.6036,0.8286,protein-coding/annotated,1480
FAM221A,16875,900,5.61,8.7046,0.8285,protein-coding/annotated,1481
KATNBL1,6855,2305,14.36,44.5615,0.8279,protein-coding/annotated,1482
AP3M2,1133,1649,10.28,26.4431,0.8278,protein-coding/annotated,1483
CSNK2A3,36516,994,6.19,0.6845,0.8277,protein-coding/annotated,1484
SNAPC5,13741,1627,10.14,34.1603,0.8269,protein-coding/annotated,1485
SEMA7A,7711,976,6.08,10.1674,0.8264,protein-coding/annotated,1486
ATIC,7666,2682,16.71,73.3661,0.8259,protein-coding/annotated,1487
NLK,1730,951,5.93,4.3622,0.8256,protein-coding/annotated,1488
ZNF226,12121,1243,7.75,22.7369,0.8252,protein-coding/annotated,1489
ATP8B1,1559,1345,8.38,10.8665,0.8251,protein-coding/annotated,1490
PCBP1-AS1,14803,3245,20.22,53.5679,0.8245,protein-coding/annotated,1491
HDAC3,13166,2784,17.35,67.7606,0.8243,protein-coding/annotated,1492
CINP,2402,1657,10.33,34.3778,0.8243,protein-coding/annotated,1492
RPS6KA4,10734,1188,7.4,1.6151,0.8241,ribosomal protein,1494
SLC22A5,17514,957,5.96,3.249,0.8233,protein-coding/annotated,1495
STK19,18867,1264,7.88,22.1761,0.8232,protein-coding/annotated,1496
RFC4,11211,1440,8.97,29.4619,0.8223,protein-coding/annotated,1497
RP11-179A18.1,33138,968,6.03,0.2674,0.8221,clone-named/lncRNA,1498
ACAD10,3888,1419,8.84,19.4401,0.8221,protein-coding/annotated,1498
IFI6,5850,8060,50.22,287.1842,0.8218,protein-coding/annotated,1500
CCDC146,7041,987,6.15,7.4126,0.8212,protein-coding/annotated,1501
DYNLT1,8863,4635,28.88,178.6752,0.8212,protein-coding/annotated,1501
GOLGA2B,30906,882,5.5,7.1127,0.821,protein-coding/annotated,1503
TADA2A,3514,1003,6.25,12.3072,0.8209,protein-coding/annotated,1504
NEU1,18890,4031,25.12,85.2875,0.8207,protein-coding/annotated,1505
ANAPC13,6107,1788,11.14,36.8045,0.8205,protein-coding/annotated,1506
RDH11,1181,4409,27.47,53.404,0.8202,protein-coding/annotated,1507
POMT1,6328,1815,11.31,28.5688,0.8201,protein-coding/annotated,1508
CMAHP,12397,1843,11.48,27.4999,0.82,protein-coding/annotated,1509
SNHG15,27822,3752,23.38,126.5044,0.8197,protein-coding/annotated,1510
DAG1,13546,1139,7.1,6.1776,0.8195,protein-coding/annotated,1511
PLEKHG1,5043,809,5.04,5.8129,0.8194,protein-coding/annotated,1512
CD300A,12255,2399,14.95,53.016,0.8193,protein-coding/annotated,1513
ING4,3935,2292,14.28,62.5215,0.8181,protein-coding/annotated,1514
XXYLT1,13654,1060,6.61,8.4079,0.8177,protein-coding/annotated,1515
DDX20,906,892,5.56,8.6133,0.8172,protein-coding/annotated,1516
DLG3,1576,1061,6.61,9.0954,0.817,protein-coding/annotated,1517
CACYBP,4554,6420,40.0,196.2259,0.817,protein-coding/annotated,1517
ZNF141,6414,2039,12.71,22.3488,0.8166,protein-coding/annotated,1519
TCF3,1168,1921,11.97,18.5879,0.8165,protein-coding/annotated,1520
RP11-203F10.6,21581,1037,6.46,1.358,0.8163,clone-named/lncRNA,1521
EPHA1,8912,879,5.48,11.2032,0.8161,protein-coding/annotated,1522
KB-1572G7.2,45411,972,6.06,5.6745,0.8158,clone-named/lncRNA,1523
TSG101,1270,3539,22.05,110.8598,0.8151,protein-coding/annotated,1524
VEGFB,13567,850,5.3,9.08,0.8149,protein-coding/annotated,1525
RP11-119D9.1,35269,2145,13.37,1.6796,0.8149,clone-named/lncRNA,1525
RP11-111F5.4,19070,971,6.05,5.1033,0.8147,clone-named/lncRNA,1527
PET112,811,868,5.41,9.8567,0.8146,protein-coding/annotated,1528
NFKBIE,8835,819,5.1,9.0129,0.8136,protein-coding/annotated,1529
NSMCE2,10048,1857,11.57,36.8913,0.8134,protein-coding/annotated,1530
GRAP2,2285,3109,19.37,66.6816,0.812,pseudogene-like,1531
COA3,15710,2210,13.77,51.2346,0.8114,protein-coding/annotated,1533
SLC35E1,5935,1719,10.71,17.389,0.8114,protein-coding/annotated,1533
SLC37A4,7525,952,5.93,10.9517,0.8114,protein-coding/annotated,1533
TUBE1,1290,1111,6.92,19.5696,0.8113,protein-coding/annotated,1535
LINC00987,30377,1455,9.07,3.3977,0.8104,clone-named/lncRNA,1536
FBLN7,8546,1055,6.57,18.742,0.8102,protein-coding/annotated,1537
PDE8A,1237,862,5.37,6.0998,0.8098,protein-coding/annotated,1538
TUBG2,543,1304,8.13,11.5576,0.8098,protein-coding/annotated,1538
GSTM4,12472,1693,10.55,25.6915,0.8097,protein-coding/annotated,1540
GPHN,13168,1248,7.78,9.0408,0.8091,protein-coding/annotated,1541
CNPY4,12038,847,5.28,13.4921,0.8091,protein-coding/annotated,1541
RP11-139H15.1,23693,1373,8.56,19.4702,0.8079,clone-named/lncRNA,1543
SCAI,13591,1335,8.32,9.9359,0.8078,protein-coding/annotated,1544
GALNT6,7868,1476,9.2,19.7151,0.8071,protein-coding/annotated,1545
YIPF6,15151,1551,9.66,18.2067,0.807,protein-coding/annotated,1546
RP11-1415C14.4,36592,2258,14.07,26.1251,0.8068,clone-named/lncRNA,1547
SLC25A19,5663,1793,11.17,34.3209,0.8064,protein-coding/annotated,1548
CALM2P2,25534,1392,8.67,3.9478,0.8053,pseudogene-like,1549
TRIM24,5324,1065,6.64,4.4066,0.8052,protein-coding/annotated,1550
IFT52,2437,1281,7.98,25.6107,0.8051,protein-coding/annotated,1551
REST,1630,3230,20.13,36.5648,0.805,protein-coding/annotated,1552
INO80,6090,1402,8.74,8.3597,0.8048,protein-coding/annotated,1553
RFXANK,895,2636,16.43,45.4707,0.8037,protein-coding/annotated,1554
PRIMPOL,11353,1603,9.99,26.3304,0.8025,protein-coding/annotated,1556
ANKIB1,16,2222,13.85,22.3791,0.8025,protein-coding/annotated,1556
TTC37,17959,2182,13.6,23.4046,0.8025,protein-coding/annotated,1556
FAM175A,11006,1080,6.73,10.1416,0.8022,protein-coding/annotated,1558
GNAQ,9961,1441,8.98,3.4709,0.8022,protein-coding/annotated,1558
LDLRAD4,12455,4001,24.93,52.4542,0.8021,protein-coding/annotated,1560
CHAMP1,18036,1093,6.81,14.4493,0.802,pseudogene-like,1561
GAB2,510,1212,7.55,8.569,0.8019,protein-coding/annotated,1562
WDHD1,17917,807,5.03,5.2418,0.8017,protein-coding/annotated,1563
CCNH,6924,6701,41.76,214.6213,0.8014,protein-coding/annotated,1564
SCFD2,15749,901,5.61,9.5383,0.8008,protein-coding/annotated,1565
ANK3,9384,1788,11.14,15.3154,0.8,protein-coding/annotated,1566
RAPGEF2,3713,1445,9.0,7.5056,0.7997,protein-coding/annotated,1567
EIF2B4,4393,2271,14.15,46.5123,0.7989,protein-coding/annotated,1568
MRI1,549,1448,9.02,17.4068,0.7986,protein-coding/annotated,1569
RBMS1P1,23375,1208,7.53,3.7626,0.7985,pseudogene-like,1570
HIST1H3D,17524,1292,8.05,15.3753,0.7984,protein-coding/annotated,1571
NAE1,10392,2539,15.82,64.853,0.7983,protein-coding/annotated,1572
ZNF675,17513,1466,9.14,18.3565,0.7981,protein-coding/annotated,1573
CHD6,5482,3180,19.82,48.9455,0.7981,protein-coding/annotated,1573
SLC26A11,15052,916,5.71,7.7648,0.7979,protein-coding/annotated,1575
ZDHHC4,7263,1296,8.08,26.2938,0.7977,protein-coding/annotated,1576
IRAK3,1883,856,5.33,3.488,0.7971,protein-coding/annotated,1577
HMOX1,2255,1482,9.23,20.0547,0.797,protein-coding/annotated,1578
GLYCTK,12350,1354,8.44,17.3939,0.7967,protein-coding/annotated,1579
DNAJC21,12463,1153,7.18,9.2059,0.7964,protein-coding/annotated,1580
AGO4,6957,1166,7.27,4.9798,0.7963,protein-coding/annotated,1581
RP11-12M9.4,20539,1518,9.46,0.367,0.7961,clone-named/lncRNA,1582
RP11-10O17.1,39741,852,5.31,1.6929,0.7959,clone-named/lncRNA,1583
ROGDI,1031,942,5.87,10.3713,0.7951,protein-coding/annotated,1584
NAA16,13413,1931,12.03,25.5731,0.7948,protein-coding/annotated,1585
STX16-NPEPL1,36807,983,6.13,4.5218,0.7946,protein-coding/annotated,1586
LINC00847,33167,1972,12.29,19.0992,0.794,clone-named/lncRNA,1587
BAG2,4035,1043,6.5,8.5809,0.794,protein-coding/annotated,1587
HBEGF,4150,1043,6.5,16.2895,0.7939,protein-coding/annotated,1589
TAZ,2638,2332,14.53,48.9452,0.7939,protein-coding/annotated,1589
AGPAT6,10272,3744,23.33,77.474,0.7937,protein-coding/annotated,1591
MYO19,8085,2513,15.66,35.2019,0.7936,protein-coding/annotated,1592
IL6R,10542,1575,9.81,13.061,0.7927,protein-coding/annotated,1593
NAGK,5525,3149,19.62,73.9487,0.7927,protein-coding/annotated,1593
C1orf50,11236,837,5.22,13.6231,0.7926,protein-coding/annotated,1595
ARMC5,8024,982,6.12,5.1324,0.7918,protein-coding/annotated,1596
EPAS1,4531,1377,8.58,14.2058,0.7916,protein-coding/annotated,1597
USP40,1686,1161,7.23,11.7738,0.7913,pseudogene-like,1598
EEF1A1P16,20224,3267,20.36,0.4956,0.7913,pseudogene-like,1598
C9orf89,11588,2098,13.07,34.1182,0.7912,protein-coding/annotated,1600
SIDT1-AS1,31157,1366,8.51,35.6096,0.7911,protein-coding/annotated,1601
RPS15AP24,31925,880,5.48,1.8359,0.7911,ribosomal protein,1601
TRIM34,38648,832,5.18,11.1607,0.7909,protein-coding/annotated,1603
PTP4A2,15714,6500,40.5,174.1466,0.7907,protein-coding/annotated,1604
SERPING1,9184,828,5.16,10.5483,0.7899,protein-coding/annotated,1605
C9orf156,7391,1465,9.13,29.746,0.7899,protein-coding/annotated,1605
ICT1,12258,1099,6.85,20.0992,0.7897,protein-coding/annotated,1607
ICA1,35,1096,6.83,18.8013,0.7895,protein-coding/annotated,1608
WARS,7937,5439,33.89,225.9692,0.7886,protein-coding/annotated,1609
HSDL2,4920,1114,6.94,16.7809,0.7877,protein-coding/annotated,1610
TCEAL4,6742,1029,6.41,14.8107,0.7869,protein-coding/annotated,1611
TYW1B,36237,1187,7.4,6.8568,0.7868,protein-coding/annotated,1612
MAN2C1,7975,3492,21.76,76.1274,0.7866,protein-coding/annotated,1614
LZTR1,2147,1509,9.4,18.7007,0.7866,protein-coding/annotated,1614
RMI1,14640,811,5.05,7.7077,0.7866,protein-coding/annotated,1614
RPL21P3,23373,881,5.49,0.6031,0.7865,ribosomal protein,1616
TARBP1,810,1405,8.75,18.9216,0.7851,pseudogene-like,1617
RPP30,9138,2031,12.66,37.0602,0.7849,pseudogene-like,1618
GRAMD3,9884,1055,6.57,11.6471,0.7849,protein-coding/annotated,1618
DIS3L,12022,1581,9.85,18.0891,0.7847,protein-coding/annotated,1620
TMEM5,4845,1260,7.85,8.8539,0.7845,protein-coding/annotated,1621
MTG2,2462,1219,7.6,21.8129,0.7844,protein-coding/annotated,1622
C12orf76,13745,1499,9.34,18.2097,0.784,protein-coding/annotated,1623
MAGED2,2666,3157,19.67,81.8952,0.7839,protein-coding/annotated,1624
HAVCR2,7022,5387,33.57,175.7154,0.7839,protein-coding/annotated,1624
HIST2H2BE,15879,850,5.3,6.5421,0.7837,protein-coding/annotated,1626
CCNJ,3424,874,5.45,2.5384,0.7835,protein-coding/annotated,1627
BUB1B,10066,851,5.3,10.8916,0.783,protein-coding/annotated,1628
SLC9A9,15173,2087,13.0,38.5625,0.7828,protein-coding/annotated,1629
ALKBH6,31131,2355,14.67,52.3921,0.7824,protein-coding/annotated,1630
SSSCA1,13561,1740,10.84,35.382,0.7823,protein-coding/annotated,1631
HIP1,5971,1236,7.7,7.783,0.7817,pseudogene-like,1632
TRAPPC13,4219,1623,10.11,21.1083,0.7816,protein-coding/annotated,1634
METTL12,20892,1784,11.12,33.3868,0.7816,protein-coding/annotated,1634
MYEOV2,13346,2040,12.71,48.7267,0.7816,protein-coding/annotated,1634
RPL21P11,32330,1193,7.43,1.0703,0.7815,ribosomal protein,1636
SLC12A9,8901,952,5.93,3.7049,0.7814,protein-coding/annotated,1637
ZCCHC10,9885,2080,12.96,35.6983,0.7811,protein-coding/annotated,1638
CTD-2302E22.3,38634,1317,8.21,6.1479,0.7809,clone-named/lncRNA,1639
SRF,4105,820,5.11,3.1436,0.7801,protein-coding/annotated,1640
RAB34,3652,1020,6.36,17.8201,0.7799,protein-coding/annotated,1641
ERVW-1,32458,1276,7.95,0.4209,0.7798,protein-coding/annotated,1642
ANAPC10,11305,1683,10.49,28.7375,0.7797,protein-coding/annotated,1643
HLA-DPB1,22444,10261,63.94,724.5441,0.7797,protein-coding/annotated,1643
CAMSAP1,6298,1005,6.26,5.8085,0.7795,pseudogene-like,1645
KLHL5,3719,1135,7.07,6.5571,0.7794,protein-coding/annotated,1646
RAB43,13419,1554,9.68,3.2182,0.7789,protein-coding/annotated,1647
MTIF3,5240,2856,17.8,63.5621,0.7788,protein-coding/annotated,1648
TIFA,8710,2379,14.82,41.1499,0.7788,protein-coding/annotated,1648
C12orf10,7871,2245,13.99,60.0451,0.7778,protein-coding/annotated,1650
CTNND1,17921,1827,11.38,25.169,0.7775,protein-coding/annotated,1651
SPPL2A,7702,3529,21.99,89.2393,0.7772,protein-coding/annotated,1652
CD274,5034,986,6.14,14.0213,0.7771,protein-coding/annotated,1653
CTD-2303H24.2,45427,921,5.74,3.5928,0.7766,clone-named/lncRNA,1654
SMCR5,24154,957,5.96,4.3339,0.7759,protein-coding/annotated,1655
ZNF438,15604,879,5.48,4.7713,0.7758,protein-coding/annotated,1656
PPIAP11,35184,1355,8.44,1.2839,0.7744,pseudogene-like,1657
GEMIN2,1977,973,6.06,15.5243,0.7743,protein-coding/annotated,1658
MGAT4A,1154,3964,24.7,71.868,0.7742,protein-coding/annotated,1659
PSAP,17638,9142,56.97,373.7687,0.7742,protein-coding/annotated,1659
CD200R1,11101,1990,12.4,37.548,0.774,protein-coding/annotated,1661
CLN6,6099,893,5.56,5.8438,0.7736,protein-coding/annotated,1662
APOO,15909,884,5.51,15.1204,0.7729,protein-coding/annotated,1663
C7orf55,11502,1294,8.06,23.1807,0.7727,protein-coding/annotated,1664
C12orf4,634,1308,8.15,16.6738,0.7725,protein-coding/annotated,1665
PHKA2,611,1574,9.81,12.046,0.7719,protein-coding/annotated,1666
RCOR3,4759,3148,19.62,39.1508,0.771,protein-coding/annotated,1667
NUP35,10922,942,5.87,14.0936,0.771,pseudogene-like,1667
LCORL,14500,1402,8.74,14.8915,0.7707,protein-coding/annotated,1669
EIF4A3,8151,5796,36.12,193.158,0.7705,protein-coding/annotated,1670
ASAH1,2964,3301,20.57,82.5581,0.7705,protein-coding/annotated,1670
RP11-545I5.3,29437,987,6.15,5.3761,0.7702,clone-named/lncRNA,1673
KLHL20,1350,1618,10.08,23.3884,0.7702,protein-coding/annotated,1673
YBEY,15297,888,5.53,14.5552,0.7702,protein-coding/annotated,1673
LAMA5,6322,2031,12.66,2.8017,0.7697,protein-coding/annotated,1675
TBL2,3351,981,6.11,12.3753,0.7697,protein-coding/annotated,1675
TMEM260,1115,991,6.18,8.631,0.7696,protein-coding/annotated,1677
SACS,9477,1283,7.99,10.7119,0.7691,protein-coding/annotated,1678
RPS27,14456,15770,98.27,4301.8333,0.7689,ribosomal protein,1679
MTERFD2,5246,2585,16.11,53.421,0.7688,protein-coding/annotated,1680
ZNF200,269,996,6.21,10.9753,0.7684,protein-coding/annotated,1681
PAFAH1B3,1478,1558,9.71,33.5782,0.7683,protein-coding/annotated,1682
HEATR6,1042,1217,7.58,16.0189,0.7682,protein-coding/annotated,1683
TSHZ2,15316,1452,9.05,3.028,0.7676,protein-coding/annotated,1684
MTRF1,5087,1259,7.85,20.6542,0.7676,protein-coding/annotated,1684
SLC25A17,2294,1168,7.28,17.3588,0.7667,protein-coding/annotated,1686
BBS9,5286,1146,7.14,9.1552,0.7666,protein-coding/annotated,1687
PDLIM1,3423,1150,7.17,23.6926,0.766,protein-coding/annotated,1688
NF1,17302,3037,18.92,25.213,0.7654,protein-coding/annotated,1689
MED31,3571,2102,13.1,45.3489,0.7648,protein-coding/annotated,1690
ACER3,1421,1212,7.55,11.6464,0.7646,protein-coding/annotated,1691
C5orf45,10593,7039,43.86,59.4653,0.7645,protein-coding/annotated,1692
CHUK,20278,850,5.3,6.345,0.7645,protein-coding/annotated,1692
CREB1,4806,4010,24.99,75.2865,0.7639,protein-coding/annotated,1694
GATAD1,10105,896,5.58,4.2279,0.7639,protein-coding/annotated,1694
IL32,227,11151,69.49,1384.6959,0.7634,protein-coding/annotated,1696
ANKMY2,3324,858,5.35,10.1663,0.7632,protein-coding/annotated,1697
SRP72P2,16801,911,5.68,14.8968,0.7632,pseudogene-like,1697
APP,8228,1255,7.82,12.432,0.7631,protein-coding/annotated,1699
ZNF581,13087,1343,8.37,29.5377,0.763,protein-coding/annotated,1700
HDDC3,15837,1119,6.97,22.423,0.7627,protein-coding/annotated,1701
ZNF101,15187,2556,15.93,52.5186,0.7627,protein-coding/annotated,1701
AF131217.1,27753,907,5.65,2.068,0.7624,protein-coding/annotated,1703
TTBK2,6087,1263,7.87,2.2003,0.7621,protein-coding/annotated,1704
CUL9,4106,2702,16.84,38.6465,0.7621,protein-coding/annotated,1704
TOP3B,2178,1814,11.3,27.587,0.7618,protein-coding/annotated,1706
POLG2,37631,2014,12.55,29.6242,0.7615,protein-coding/annotated,1707
CLNK,3705,837,5.22,7.3533,0.7614,protein-coding/annotated,1708
GLB1,12814,3123,19.46,49.9319,0.7612,protein-coding/annotated,1709
TMEM64,14968,813,5.07,5.8512,0.7612,protein-coding/annotated,1709
ROCK2,6895,1213,7.56,4.2978,0.761,protein-coding/annotated,1711
ATXN3,984,2032,12.66,29.2833,0.7608,protein-coding/annotated,1712
OCLM,40996,851,5.3,14.4393,0.7601,protein-coding/annotated,1713
MANBAL,2517,818,5.1,11.1401,0.7595,protein-coding/annotated,1714
STUB1,2797,1396,8.7,19.4169,0.7592,protein-coding/annotated,1715
DPAGT1,13301,1852,11.54,32.9483,0.7581,protein-coding/annotated,1716
DIABLO,15721,3497,21.79,85.0008,0.7581,protein-coding/annotated,1716
PEX1,5979,1271,7.92,12.431,0.758,protein-coding/annotated,1718
LMBR1,3237,1618,10.08,20.9158,0.7566,protein-coding/annotated,1719
TMEM55B,11713,843,5.25,11.765,0.7564,protein-coding/annotated,1720
RP1-89D4.1,31839,1026,6.39,0.9646,0.7563,clone-named/lncRNA,1721
RP11-618G20.1,38875,913,5.69,5.4196,0.756,clone-named/lncRNA,1722
C9orf85,9906,1012,6.31,9.5211,0.7559,protein-coding/annotated,1723
TWF1,9392,2211,13.78,38.1084,0.7558,protein-coding/annotated,1724
DALRD3,14493,4454,27.75,42.0854,0.7557,protein-coding/annotated,1725
SLC39A13,11748,1848,11.52,31.5838,0.7555,protein-coding/annotated,1726
MBNL1-AS1,25818,1584,9.87,3.4548,0.7554,protein-coding/annotated,1727
TMEM126B,13045,2297,14.31,48.9881,0.7553,protein-coding/annotated,1728
PTPN4,1771,3531,22.0,55.7681,0.7552,protein-coding/annotated,1729
NINJ1,6486,3270,20.38,95.1345,0.7549,protein-coding/annotated,1730
ERVK13-1,40036,1841,11.47,8.6456,0.7546,protein-coding/annotated,1731
PTCHD3P1,22869,991,6.18,10.8587,0.7545,pseudogene-like,1732
NCKIPSD,20451,867,5.4,6.2758,0.7534,protein-coding/annotated,1733
NUDT14,15676,1372,8.55,27.0727,0.753,protein-coding/annotated,1734
CTB-52I2.4,43139,2269,14.14,0.766,0.7529,clone-named/lncRNA,1735
SLX4,16906,819,5.1,2.5647,0.7528,protein-coding/annotated,1736
TOE1,6667,1066,6.64,13.4697,0.7526,protein-coding/annotated,1737
RP9,11425,1051,6.55,17.1225,0.7524,pseudogene-like,1738
PEAK1,13568,1570,9.78,7.3313,0.7523,protein-coding/annotated,1739
KAT8,2834,901,5.61,10.826,0.7523,protein-coding/annotated,1739
CTB-33G10.1,32793,2520,15.7,1.2738,0.7519,clone-named/lncRNA,1741
PTRH1,16465,1088,6.78,21.5418,0.7517,protein-coding/annotated,1742
NQO2,5565,1538,9.58,25.9303,0.7515,protein-coding/annotated,1743
ETFDH,13122,2230,13.9,23.4384,0.7515,protein-coding/annotated,1743
ECSIT,6223,1696,10.57,35.2407,0.7512,protein-coding/annotated,1745
RP11-343H5.4,22592,2199,13.7,10.3998,0.7512,clone-named/lncRNA,1745
TMEM216,16471,1292,8.05,26.5946,0.7511,protein-coding/annotated,1747
CCS,13661,2542,15.84,64.0139,0.7504,protein-coding/annotated,1748
AQP3,11597,1674,10.43,34.0112,0.7503,pseudogene-like,1749
ZNF211,5179,1322,8.24,24.5727,0.7499,protein-coding/annotated,1750
ARHGAP5,2401,1308,8.15,12.8802,0.7496,pseudogene-like,1751
GTPBP3,6250,1002,6.24,10.2518,0.7488,pseudogene-like,1752
C1orf131,8463,2032,12.66,36.9211,0.7486,protein-coding/annotated,1753
GTF3C1,1383,3661,22.81,50.5979,0.7485,protein-coding/annotated,1754
GANC,20626,1656,10.32,19.6596,0.7469,protein-coding/annotated,1755
TTLL5,4952,2698,16.81,45.7548,0.7469,protein-coding/annotated,1755
TFB1M,485,1275,7.94,21.0829,0.7462,protein-coding/annotated,1757
EXOSC4,14624,1225,7.63,23.3302,0.746,protein-coding/annotated,1758
CAPRIN2,3840,1290,8.04,15.4711,0.7458,protein-coding/annotated,1759
DDX6P1,26087,1866,11.63,0.3137,0.7456,pseudogene-like,1760
PKD1P6,34487,1662,10.36,6.5717,0.745,pseudogene-like,1761
SF3A2,3001,1437,8.95,7.49,0.745,protein-coding/annotated,1761
DEF8,8066,1690,10.53,28.2659,0.7447,protein-coding/annotated,1763
SLC25A20,14562,1495,9.32,19.7179,0.7445,protein-coding/annotated,1765
SFMBT1,11217,987,6.15,8.4816,0.7445,protein-coding/annotated,1765
DISC1,10903,889,5.54,3.4186,0.7445,protein-coding/annotated,1765
IPMK,9385,871,5.43,1.3247,0.744,protein-coding/annotated,1767
C1orf162,8331,2257,14.06,58.3545,0.7437,protein-coding/annotated,1768
USP6NL,9111,943,5.88,3.8729,0.7434,protein-coding/annotated,1769
EPN1,868,1170,7.29,2.1153,0.7434,protein-coding/annotated,1769
OGFOD2,3896,1449,9.03,29.1997,0.7433,protein-coding/annotated,1771
LINC00493,27471,2811,17.52,76.1104,0.743,clone-named/lncRNA,1773
LRRC14,10584,1076,6.7,16.2269,0.743,protein-coding/annotated,1773
PLK3,13632,3001,18.7,67.775,0.743,protein-coding/annotated,1773
DUSP14,10624,822,5.12,14.9771,0.7429,pseudogene-like,1775
RAB4B-EGLN2,13138,877,5.46,1.325,0.7423,protein-coding/annotated,1776
SLC35C1,15178,972,6.06,7.3728,0.7419,protein-coding/annotated,1777
CTD-2248H3.1,33733,1432,8.92,2.8696,0.7418,clone-named/lncRNA,1778
RECK,5314,883,5.5,7.6337,0.7418,protein-coding/annotated,1778
CEP89,5161,962,5.99,10.5769,0.7417,pseudogene-like,1780
BNIP3P1,17508,908,5.66,0.6239,0.7414,pseudogene-like,1781
LINC00339,21513,1625,10.13,26.0147,0.7413,clone-named/lncRNA,1782
PKD2,4857,895,5.58,4.1505,0.7412,protein-coding/annotated,1783
NARFL,2789,1757,10.95,31.9575,0.7407,protein-coding/annotated,1784
RPL9P3,31504,831,5.18,0.4837,0.7406,ribosomal protein,1785
APH1B,7705,1333,8.31,17.8805,0.7405,protein-coding/annotated,1786
TMEM57,18813,842,5.25,3.3685,0.7404,protein-coding/annotated,1787
FNTA,12425,1627,10.14,20.92,0.7403,protein-coding/annotated,1788
NARF,8156,4832,30.11,154.5776,0.7403,protein-coding/annotated,1788
TRAPPC6A,178,1953,12.17,46.9213,0.7399,protein-coding/annotated,1790
RP4-669L17.10,30295,4478,27.9,31.6673,0.7399,clone-named/lncRNA,1790
TMEM18,9406,1854,11.55,35.1818,0.7398,protein-coding/annotated,1792
SGOL2,11078,804,5.01,5.7711,0.7393,protein-coding/annotated,1793
SLC2A8,7365,1033,6.44,16.4751,0.7392,protein-coding/annotated,1794
TBC1D8,19006,821,5.12,4.213,0.739,protein-coding/annotated,1795
MT-CO2,17976,15945,99.36,4383.6802,0.7389,mitochondrial,1796
RNF19B,4589,1393,8.68,3.6225,0.7388,protein-coding/annotated,1797
SEPHS1,1702,1338,8.34,21.2754,0.7385,protein-coding/annotated,1798
AC009948.5,22495,1185,7.38,12.0197,0.7379,clone-named/lncRNA,1799
ZC3H14,2382,2131,13.28,34.5577,0.7373,protein-coding/annotated,1800
CYB5A,11864,1340,8.35,27.2331,0.7367,protein-coding/annotated,1801
CD82,1653,6090,37.95,211.1633,0.7365,protein-coding/annotated,1802
RPSAP4,31096,1283,7.99,0.461,0.7364,pseudogene-like,1803
PAAF1,13961,1226,7.64,18.9562,0.7359,protein-coding/annotated,1804
GSDMB,1243,1307,8.14,18.201,0.7359,protein-coding/annotated,1804
CTC-349C3.1,22626,860,5.36,3.2249,0.7358,clone-named/lncRNA,1806
AMZ2P2,21595,843,5.25,13.0695,0.7354,pseudogene-like,1808
DNAJB2,7191,1396,8.7,5.3899,0.7354,protein-coding/annotated,1808
PPIAP2,24551,890,5.55,12.4183,0.7354,pseudogene-like,1808
RACGAP1,10666,1150,7.17,15.7067,0.7352,pseudogene-like,1810
FBXO46,14269,940,5.86,3.8215,0.7345,protein-coding/annotated,1811
LRMP,4813,4688,29.21,93.0015,0.7343,protein-coding/annotated,1812
TXNL4A,8190,1431,8.92,21.0971,0.7342,protein-coding/annotated,1813
TBL3,15652,1740,10.84,35.8733,0.7341,protein-coding/annotated,1814
BRWD3,11602,1672,10.42,5.3186,0.734,protein-coding/annotated,1815
TBRG4,7267,2150,13.4,39.1542,0.7336,protein-coding/annotated,1816
CCDC7,21355,1250,7.79,15.3066,0.7335,protein-coding/annotated,1817
BAZ2B,5427,3923,24.45,44.6835,0.7335,protein-coding/annotated,1817
ATXN7L2,10822,816,5.08,8.0433,0.7334,protein-coding/annotated,1819
SNX29,650,2830,17.63,40.757,0.7331,protein-coding/annotated,1820
CASK,8927,1411,8.79,10.5225,0.7329,protein-coding/annotated,1821
PPAPDC1B,9003,2891,18.01,68.3039,0.7327,protein-coding/annotated,1822
PTER,11764,1119,6.97,9.8593,0.7326,protein-coding/annotated,1823
PCYOX1,4529,980,6.11,8.4822,0.7322,protein-coding/annotated,1824
APTX,7415,1832,11.42,30.1288,0.7321,protein-coding/annotated,1825
KATNA1,16382,1770,11.03,29.6448,0.732,protein-coding/annotated,1826
PIGB,1097,2086,13.0,35.8395,0.7315,protein-coding/annotated,1827
KCNK6,2103,886,5.52,7.7303,0.7309,protein-coding/annotated,1828
FBXO8,11290,1284,8.0,14.782,0.7309,protein-coding/annotated,1828
FKBP11,6887,2869,17.88,70.0191,0.7308,pseudogene-like,1830
DSE,3977,1034,6.44,3.0613,0.73,protein-coding/annotated,1831
LILRA1,3024,920,5.73,5.9784,0.7297,protein-coding/annotated,1832
ASCC1,7656,3721,23.19,38.0485,0.7293,protein-coding/annotated,1833
CHKB,2253,2543,15.85,58.1844,0.729,protein-coding/annotated,1834
CDKL3,165,834,5.2,1.7753,0.729,protein-coding/annotated,1834
NUDT2,11529,1021,6.36,18.0752,0.7286,protein-coding/annotated,1836
RP11-715J22.1,32636,997,6.21,0.7634,0.7282,clone-named/lncRNA,1837
YIPF1,802,2613,16.28,34.4779,0.7281,protein-coding/annotated,1838
CTC-308K20.3,35979,1469,9.15,0.5055,0.7279,clone-named/lncRNA,1839
PPAT,5992,828,5.16,5.8993,0.7278,protein-coding/annotated,1840
C18orf21,8120,1262,7.86,22.559,0.7272,protein-coding/annotated,1841
QRICH1,17814,5129,31.96,81.7616,0.7263,protein-coding/annotated,1842
PLA2G15,2761,845,5.27,9.552,0.7263,protein-coding/annotated,1842
SGMS1,18121,2944,18.34,44.4686,0.7262,protein-coding/annotated,1844
TSTD1,21244,3719,23.17,148.7935,0.7261,protein-coding/annotated,1845
TRAPPC2L,12145,2875,17.92,75.8877,0.726,protein-coding/annotated,1846
NUDT15,7246,1127,7.02,8.9133,0.7257,protein-coding/annotated,1847
SIRT5,5550,854,5.32,10.7324,0.7255,protein-coding/annotated,1848
RP11-398K22.12,25955,903,5.63,2.6814,0.7255,clone-named/lncRNA,1848
AMY2B,31378,1071,6.67,9.2071,0.7253,protein-coding/annotated,1850
CEP44,11291,1104,6.88,8.9726,0.7252,pseudogene-like,1851
DLST,4955,1899,11.83,26.1965,0.7243,protein-coding/annotated,1852
AP4B1,6883,2537,15.81,45.0567,0.7242,protein-coding/annotated,1853
TBC1D19,3704,996,6.21,12.7246,0.7241,protein-coding/annotated,1854
GNPDA1,4208,1551,9.66,28.0716,0.724,protein-coding/annotated,1855
DUS2,12098,1040,6.48,15.6721,0.7239,protein-coding/annotated,1856
SERPINB8,11878,1148,7.15,16.04,0.7232,protein-coding/annotated,1857
ZNF791,13638,2791,17.39,41.0985,0.7232,protein-coding/annotated,1857
CDYL2,11893,1387,8.64,7.127,0.7226,protein-coding/annotated,1859
CEP170,8469,2512,15.65,38.0518,0.7225,pseudogene-like,1860
HEXDC,12680,1693,10.55,26.7715,0.7214,protein-coding/annotated,1861
NAPEPLD,10601,837,5.22,8.9482,0.7214,protein-coding/annotated,1861
THAP2,13556,1238,7.71,13.3047,0.7212,pseudogene-like,1863
CXCL16,10682,1458,9.09,29.8602,0.7211,protein-coding/annotated,1865
PCGF1,4414,1002,6.24,17.1814,0.7211,protein-coding/annotated,1865
WRB,15225,1186,7.39,16.8952,0.7211,protein-coding/annotated,1865
TMEM38B,2030,918,5.72,9.4266,0.721,protein-coding/annotated,1867
TSR3,191,1070,6.67,4.3614,0.7204,protein-coding/annotated,1868
HMBS,37532,1189,7.41,19.7707,0.7204,protein-coding/annotated,1868
ZNF548,16893,2142,13.35,38.9321,0.7203,protein-coding/annotated,1870
CLK3,14725,4608,28.71,125.9551,0.7203,protein-coding/annotated,1870
SETD7,8716,848,5.28,4.3097,0.7199,protein-coding/annotated,1873
ZBTB8OS,14100,2783,17.34,55.9149,0.7199,protein-coding/annotated,1873
CRYBG3,1497,954,5.94,1.2766,0.7199,protein-coding/annotated,1873
RNF2,5183,3062,19.08,34.0926,0.7198,protein-coding/annotated,1876
TRIM52,15640,1369,8.53,18.6533,0.7198,protein-coding/annotated,1876
VPS37A,9949,2949,18.38,41.288,0.7198,protein-coding/annotated,1876
METTL5,7673,2443,15.22,64.6325,0.7197,protein-coding/annotated,1878
MPP1,6366,1825,11.37,36.1156,0.7196,pseudogene-like,1879
WDR45,17391,2830,17.63,70.7272,0.7195,protein-coding/annotated,1880
ZNF254,20141,1303,8.12,9.869,0.7195,protein-coding/annotated,1880
FAHD2B,8552,1974,12.3,19.7607,0.719,protein-coding/annotated,1882
YIPF2,6336,1399,8.72,10.3607,0.7187,protein-coding/annotated,1883
NUBPL,9414,967,6.03,10.5529,0.7187,protein-coding/annotated,1883
ABHD10,8644,1421,8.85,22.6666,0.7185,protein-coding/annotated,1885
MED17,593,2512,15.65,39.1713,0.7185,protein-coding/annotated,1885
COMMD2,4333,2047,12.76,37.2656,0.7184,protein-coding/annotated,1887
OXSM,9377,1732,10.79,16.8971,0.718,protein-coding/annotated,1888
ISOC2,866,933,5.81,12.1508,0.7172,protein-coding/annotated,1889
ZNF138,17393,1166,7.27,13.5108,0.7169,protein-coding/annotated,1890
AF001548.5,41250,1609,10.03,31.9138,0.7168,protein-coding/annotated,1891
POLL,11815,1206,7.51,17.5336,0.7166,protein-coding/annotated,1892
CARM1,8250,1255,7.82,0.9532,0.7158,protein-coding/annotated,1893
GCNT1,16510,1171,7.3,14.7585,0.7158,protein-coding/annotated,1893
ZNF700,17316,1136,7.08,14.3058,0.7152,protein-coding/annotated,1895
SHQ1,8628,1394,8.69,17.3594,0.7148,protein-coding/annotated,1896
GNL3,11218,3819,23.8,73.9463,0.7146,protein-coding/annotated,1897
NR2C2AP,15746,1184,7.38,20.1389,0.7145,protein-coding/annotated,1898
DCP2,13424,4991,31.1,75.8414,0.714,pseudogene-like,1899
RPL39P3,29145,4721,29.42,98.7917,0.714,ribosomal protein,1899
DNAAF1,9739,803,5.0,2.5813,0.7136,protein-coding/annotated,1901
PIDD,14383,1230,7.66,12.1024,0.7135,protein-coding/annotated,1902
XIST,25926,4884,30.43,69.6507,0.713,protein-coding/annotated,1903
SNUPN,12621,1279,7.97,21.9766,0.7127,protein-coding/annotated,1904
MSH5,18903,1684,10.49,21.6293,0.712,protein-coding/annotated,1906
CIDEB,7277,1315,8.19,7.5202,0.712,protein-coding/annotated,1906
HSCB,2225,898,5.6,12.7291,0.712,protein-coding/annotated,1906
TM2D2,12646,1582,9.86,29.5731,0.7119,protein-coding/annotated,1908
LETMD1,688,2577,16.06,58.7445,0.7118,protein-coding/annotated,1909
TRAPPC2P1,37445,1554,9.68,26.7058,0.7109,pseudogene-like,1910
THG1L,4173,1182,7.37,14.3002,0.7106,protein-coding/annotated,1911
CREM,2054,7982,49.74,478.5184,0.7105,protein-coding/annotated,1912
ARV1,13549,1136,7.08,17.2359,0.7103,protein-coding/annotated,1913
DUOX1,7568,905,5.64,4.4821,0.7103,protein-coding/annotated,1913
SRM,4601,987,6.15,13.2973,0.7102,protein-coding/annotated,1915
CARD16,18899,4200,26.17,138.9111,0.7097,protein-coding/annotated,1916
RP13-93L13.2,27138,2567,16.0,46.596,0.7095,clone-named/lncRNA,1917
NCF1C,11573,2508,15.63,27.1113,0.7093,protein-coding/annotated,1918
CYB5R1,10365,1728,10.77,34.2333,0.7092,protein-coding/annotated,1919
QDPR,9434,1124,7.0,19.9663,0.7089,protein-coding/annotated,1920
DHPS,2025,3810,23.74,127.9032,0.7079,protein-coding/annotated,1921
TNFSF10,5216,2935,18.29,60.5574,0.7076,protein-coding/annotated,1922
HCFC2,3958,925,5.76,7.9437,0.7075,protein-coding/annotated,1923
KDM1A,52,1115,6.95,8.274,0.7073,protein-coding/annotated,1924
ZNF736,28719,1221,7.61,9.7039,0.7067,protein-coding/annotated,1925
MKLN1-AS2,30092,1268,7.9,3.1881,0.7064,protein-coding/annotated,1926
KIAA0586,2351,1815,11.31,20.6704,0.7062,protein-coding/annotated,1927
RP11-274B21.3,32730,1124,7.0,9.6073,0.7058,clone-named/lncRNA,1928
RP5-1022P6.3,28197,1251,7.8,19.8524,0.7057,clone-named/lncRNA,1929
THOC1,1459,2129,13.27,35.5366,0.7055,protein-coding/annotated,1930
CLPB,10716,1149,7.16,12.6528,0.7046,protein-coding/annotated,1931
IL1RAP,17065,1027,6.4,9.1303,0.7042,protein-coding/annotated,1932
ASPSCR1,12691,1312,8.18,19.2938,0.7042,protein-coding/annotated,1932
PRKD2,3075,2231,13.9,36.3236,0.7039,protein-coding/annotated,1934
LCMT1,19308,2563,15.97,62.1766,0.7037,protein-coding/annotated,1935
U91328.20,44902,919,5.73,16.9571,0.7035,protein-coding/annotated,1936
CALHM2,7640,2420,15.08,50.9164,0.7032,protein-coding/annotated,1937
SDHAP1,16088,4517,28.15,44.397,0.7031,pseudogene-like,1938
RP11-51J9.5,44807,3097,19.3,49.7714,0.7027,clone-named/lncRNA,1939
LINC00116,13982,1806,11.25,38.3707,0.7027,clone-named/lncRNA,1939
RELL1,15176,932,5.81,7.5503,0.7021,protein-coding/annotated,1941
PGAP2,9171,1080,6.73,18.0845,0.7019,pseudogene-like,1942
BZRAP1,93,1929,12.02,20.9067,0.7016,pseudogene-like,1943
NPL,7173,904,5.63,12.0286,0.7015,protein-coding/annotated,1944
RP4-758J18.2,23044,1430,8.91,19.3503,0.7013,clone-named/lncRNA,1945
PPCDC,7709,1159,7.22,17.5626,0.7012,protein-coding/annotated,1946
RP11-1415C14.3,35998,1110,6.92,8.4741,0.7005,clone-named/lncRNA,1947
OGFOD3,15105,956,5.96,12.8287,0.7005,protein-coding/annotated,1947
RP11-582J16.5,35569,1078,6.72,2.103,0.7001,clone-named/lncRNA,1949
ESR2,7924,812,5.06,3.6881,0.6998,protein-coding/annotated,1950
FAM173B,9344,1026,6.39,14.4286,0.6996,protein-coding/annotated,1951
ZBED5-AS1,33328,923,5.75,13.0348,0.6994,protein-coding/annotated,1952
SYNJ2BP,20346,911,5.68,9.3178,0.6991,protein-coding/annotated,1953
YBX3,818,2204,13.73,19.3942,0.6988,protein-coding/annotated,1954
TMEM107,14657,2511,15.65,32.1758,0.6984,protein-coding/annotated,1955
POLR3B,339,853,5.32,4.6312,0.6978,protein-coding/annotated,1956
TRDMT1,3438,1331,8.29,16.3827,0.6977,protein-coding/annotated,1957
LIG1,3122,2105,13.12,42.6226,0.6977,protein-coding/annotated,1957
AHSA1,2354,5779,36.01,197.5975,0.6975,protein-coding/annotated,1959
LAIR1,12175,2305,14.36,53.1473,0.697,protein-coding/annotated,1960
IMMP2L,15926,1136,7.08,15.0067,0.6969,protein-coding/annotated,1961
ASTL,16921,1106,6.89,7.8735,0.6968,protein-coding/annotated,1962
TXNDC17,6130,2735,17.04,90.4342,0.6967,protein-coding/annotated,1963
CD70,5705,1140,7.1,21.4844,0.6962,protein-coding/annotated,1964
FIG4,4073,1476,9.2,18.6685,0.6947,protein-coding/annotated,1965
KRIT1,18,1944,12.11,24.5131,0.6947,protein-coding/annotated,1965
MRPL15,7503,1577,9.83,33.4896,0.6945,protein-coding/annotated,1967
LYRM2,1594,2185,13.62,38.5083,0.6944,protein-coding/annotated,1968
HARS2,4132,1801,11.22,34.4494,0.6943,protein-coding/annotated,1969
CD27-AS1,21009,3216,20.04,8.2323,0.694,protein-coding/annotated,1970
APPL2,7219,1868,11.64,10.3173,0.6938,protein-coding/annotated,1971
CTSD,4783,8531,53.16,321.8021,0.6935,protein-coding/annotated,1972
AC005154.6,17144,3126,19.48,40.4223,0.6933,clone-named/lncRNA,1973
ZADH2,14849,1241,7.73,7.7935,0.6933,protein-coding/annotated,1973
NICN1,8669,968,6.03,11.0609,0.6932,protein-coding/annotated,1975
MAD2L1BP,5580,1223,7.62,24.5998,0.6931,protein-coding/annotated,1976
EIF2S1,6830,4184,26.07,93.5339,0.693,protein-coding/annotated,1977
C8orf59,14188,3210,20.0,86.184,0.6926,protein-coding/annotated,1978
NT5C2,1362,3085,19.22,41.944,0.692,protein-coding/annotated,1979
EXOG,10076,1232,7.68,9.9937,0.6914,protein-coding/annotated,1980
KRT8P33,34659,898,5.6,11.868,0.691,pseudogene-like,1981
GTF2E1,9695,909,5.66,11.2608,0.6908,protein-coding/annotated,1982
HEATR1,4898,1718,10.71,12.3295,0.6908,protein-coding/annotated,1982
OBFC1,3486,2456,15.3,55.1697,0.6907,protein-coding/annotated,1984
HIST2H2AA4,18693,4564,28.44,134.1993,0.6907,protein-coding/annotated,1984
AKAP10,3574,2919,18.19,35.749,0.6905,pseudogene-like,1986
FADS2,6979,866,5.4,4.0225,0.6904,protein-coding/annotated,1987
TXLNG2P,6385,1950,12.15,33.6896,0.6902,protein-coding/annotated,1988
USP3-AS1,39095,1140,7.1,5.3495,0.6902,protein-coding/annotated,1988
STK38L,19765,1573,9.8,20.0759,0.6899,protein-coding/annotated,1990
RPL23AP7,31490,938,5.84,6.356,0.6898,ribosomal protein,1991
MTFP1,32149,2700,16.82,68.9764,0.6898,pseudogene-like,1991
MRPL39,9816,2148,13.38,41.3957,0.6889,protein-coding/annotated,1993
CCT6P1,25151,1472,9.17,7.5794,0.6889,pseudogene-like,1993
XPO6,12572,4528,28.22,97.3142,0.6888,protein-coding/annotated,1995
SMIM20,34527,1490,9.28,32.0449,0.6885,protein-coding/annotated,1996
CLUH,6585,937,5.84,3.9706,0.6883,protein-coding/annotated,1997
PASK,4486,2312,14.41,36.8758,0.6881,protein-coding/annotated,1998
ASUN,880,1547,9.64,25.4873,0.6881,protein-coding/annotated,1998
TOP1MT,15816,894,5.57,11.9376,0.6879,protein-coding/annotated,2000
INTS9,2899,2499,15.57,33.5311,0.6877,protein-coding/annotated,2001
ELP6,11185,1537,9.58,30.4119,0.6876,pseudogene-like,2002
HEMK1,4328,1564,9.75,23.5061,0.6873,protein-coding/annotated,2003
TRIAP1,12954,1345,8.38,26.5866,0.6871,pseudogene-like,2004
ZNF134,20503,863,5.38,12.005,0.6871,protein-coding/annotated,2004
RNF14,341,1611,10.04,24.6258,0.6866,protein-coding/annotated,2006
RHOBTB2,231,860,5.36,2.5607,0.6865,protein-coding/annotated,2007
NKG2-E,37270,1213,7.56,19.575,0.6865,protein-coding/annotated,2007
DHTKD1,15070,1480,9.22,13.011,0.6863,protein-coding/annotated,2009
ITFG2,3870,3707,23.1,98.2104,0.686,protein-coding/annotated,2010
SLC52A2,16163,822,5.12,11.7613,0.686,protein-coding/annotated,2010
IL12RB2,1560,1194,7.44,11.3257,0.6855,protein-coding/annotated,2012
DIS3L2,8595,2337,14.56,31.9305,0.6851,protein-coding/annotated,2013
BATF,9968,4794,29.87,143.6481,0.6851,protein-coding/annotated,2013
CEP290,17974,1651,10.29,17.8561,0.6846,pseudogene-like,2015
MAGOHB,3868,1872,11.67,32.568,0.6843,protein-coding/annotated,2016
CCDC25,8984,2002,12.48,36.6471,0.6843,protein-coding/annotated,2016
ACOT8,2547,1954,12.18,38.9598,0.6842,protein-coding/annotated,2018
SNX22,10156,4447,27.71,5.6042,0.6842,protein-coding/annotated,2018
CRAMP1L,193,935,5.83,3.3862,0.6838,protein-coding/annotated,2020
ZNF33A,16999,3617,22.54,41.6977,0.6837,protein-coding/annotated,2021
RP11-203J24.8,24455,882,5.5,6.3324,0.6836,clone-named/lncRNA,2022
TMEM167A,13787,3342,20.83,82.3913,0.6835,protein-coding/annotated,2023
ZNF395,16448,1008,6.28,7.2118,0.6834,protein-coding/annotated,2024
ANKRD26,3475,920,5.73,4.8165,0.6833,protein-coding/annotated,2025
VIM,458,11296,70.39,854.9246,0.6832,protein-coding/annotated,2026
GUSBP2,31939,1705,10.62,6.2246,0.6832,pseudogene-like,2026
EPB41L2,1487,1000,6.23,7.6535,0.6831,protein-coding/annotated,2028
AC005562.1,20882,1011,6.3,3.6067,0.6831,clone-named/lncRNA,2028
ISCA2,11743,1997,12.44,45.4024,0.6825,protein-coding/annotated,2030
LAMTOR3,3670,2626,16.36,52.8391,0.6823,protein-coding/annotated,2031
MTCP1,20920,845,5.27,11.3999,0.682,pseudogene-like,2032
FASTKD1,7678,1676,10.44,26.6878,0.6819,protein-coding/annotated,2033
SRGAP3,17118,1040,6.48,8.4474,0.6815,pseudogene-like,2034
MAP2K2,5883,4218,26.28,87.1149,0.6812,protein-coding/annotated,2035
SEC22C,2010,1961,12.22,29.6389,0.6806,protein-coding/annotated,2036
PTTG1,11426,2834,17.66,91.4508,0.6805,protein-coding/annotated,2037
MRPL23,20635,1328,8.28,23.377,0.6801,protein-coding/annotated,2038
CCDC90B,7495,2741,17.08,62.8186,0.6801,protein-coding/annotated,2038
RWDD3,5280,1179,7.35,22.3053,0.6799,protein-coding/annotated,2040
ADA,17338,2423,15.1,51.999,0.6797,protein-coding/annotated,2041
TMEM80,14266,1394,8.69,29.5767,0.6796,protein-coding/annotated,2042
SLC2A14,13521,2380,14.83,1.3384,0.6791,protein-coding/annotated,2043
ANKRD28,19475,2559,15.95,23.4738,0.6789,protein-coding/annotated,2044
SPAG16,8584,860,5.36,13.3827,0.6786,protein-coding/annotated,2045
UBN2,10157,1377,8.58,2.917,0.6781,protein-coding/annotated,2046
AC024560.3,20678,2511,15.65,15.4007,0.6772,clone-named/lncRNA,2047
EIF2B3,1142,1328,8.28,21.3356,0.6769,protein-coding/annotated,2048
CCNG1,4184,3653,22.76,86.9576,0.6765,protein-coding/annotated,2049
CA5B,12593,2264,14.11,32.1978,0.676,protein-coding/annotated,2050
ZWILCH,13739,1145,7.13,12.381,0.6759,protein-coding/annotated,2051
TTC14,11148,2315,14.43,38.37,0.6753,protein-coding/annotated,2052
APEH,11259,4252,26.5,120.533,0.6753,protein-coding/annotated,2052
TPK1,17230,1121,6.99,14.0892,0.6752,protein-coding/annotated,2054
SLC36A1,5428,941,5.86,7.6448,0.6751,protein-coding/annotated,2055
CENPL,5057,1018,6.34,15.3392,0.675,protein-coding/annotated,2056
XAF1,6619,7412,46.19,119.7615,0.6747,protein-coding/annotated,2057
GZMA,8739,7176,44.72,678.7556,0.6747,protein-coding/annotated,2057
GPATCH4,10562,1565,9.75,27.9858,0.6745,protein-coding/annotated,2059
ZNRF1,16278,974,6.07,7.3795,0.6743,protein-coding/annotated,2060
VPS41,157,4165,25.95,43.9269,0.6742,protein-coding/annotated,2061
CA5BP1,16310,1397,8.71,16.8754,0.6742,pseudogene-like,2061
METTL21A,8578,3320,20.69,27.8327,0.6741,protein-coding/annotated,2063
SLC20A2,12436,1801,11.22,19.7533,0.674,protein-coding/annotated,2064
SPDYA,11171,938,5.84,3.5752,0.6738,protein-coding/annotated,2065
SLC43A1,9187,1032,6.43,12.3791,0.6736,protein-coding/annotated,2066
EPOR,16522,821,5.12,9.9994,0.6734,protein-coding/annotated,2067
MT-CO1,18026,15978,99.56,5059.6479,0.6734,mitochondrial,2067
CRAT,2034,803,5.0,9.6088,0.673,protein-coding/annotated,2069
HIRIP3,9283,1235,7.7,17.0568,0.6726,pseudogene-like,2070
ZNF26,17865,1721,10.72,25.7929,0.6723,protein-coding/annotated,2071
PPP1R12B,1381,1724,10.74,15.6616,0.6723,protein-coding/annotated,2071
ACADS,5346,1019,6.35,11.7368,0.6717,protein-coding/annotated,2073
EMC2,2921,1991,12.41,32.3116,0.6716,protein-coding/annotated,2074
NME7,8341,2287,14.25,31.1492,0.6715,protein-coding/annotated,2075
PREB,7612,2456,15.3,50.3576,0.6714,protein-coding/annotated,2076
DDX49,3168,1979,12.33,37.1623,0.6711,protein-coding/annotated,2077
NFKBIL1,18940,806,5.02,9.8294,0.6706,protein-coding/annotated,2078
SLC35B4,19166,1237,7.71,14.9037,0.6705,protein-coding/annotated,2079
UAP1,4687,2145,13.37,28.1819,0.6701,pseudogene-like,2080
BNIP1,4236,1568,9.77,18.9479,0.6698,pseudogene-like,2081
MOV10,9887,3325,20.72,68.539,0.6698,protein-coding/annotated,2081
EI24,9240,1232,7.68,10.8652,0.6691,protein-coding/annotated,2083
C22orf29,20996,1330,8.29,16.5722,0.669,protein-coding/annotated,2084
JMJD8,10697,1045,6.51,8.3043,0.6689,protein-coding/annotated,2085
NDUFS3,20421,3653,22.76,105.0277,0.6688,protein-coding/annotated,2086
RFT1,11216,1612,10.04,26.6158,0.6687,protein-coding/annotated,2087
EXOSC2,6327,1078,6.72,13.7584,0.6685,protein-coding/annotated,2088
CORO1C,3837,2877,17.93,47.9988,0.6685,protein-coding/annotated,2088
ANKRD46,16253,928,5.78,9.5227,0.668,protein-coding/annotated,2091
KSR1,8077,1545,9.63,8.6974,0.668,protein-coding/annotated,2091
PMEPA1,5502,871,5.43,7.0956,0.668,protein-coding/annotated,2091
GDAP2,17227,2321,14.46,26.8698,0.6678,pseudogene-like,2093
SETD6,2752,1872,11.67,10.4918,0.6678,protein-coding/annotated,2093
ZFAT,997,1091,6.8,12.7083,0.6676,protein-coding/annotated,2095
ATP13A2,10367,879,5.48,7.811,0.6673,protein-coding/annotated,2096
NIP7,6631,2008,12.51,38.6466,0.667,pseudogene-like,2097
ZFAND1,2895,1713,10.67,33.5471,0.6669,protein-coding/annotated,2098
RPSAP47,16913,1257,7.83,0.4053,0.6668,pseudogene-like,2099
PJA1,15069,976,6.08,17.3528,0.6666,protein-coding/annotated,2100
LACTB2,9012,911,5.68,12.8237,0.6665,protein-coding/annotated,2101
SLC39A7,4082,826,5.15,6.9891,0.6663,protein-coding/annotated,2102
ENOX2,11689,986,6.14,7.4414,0.6662,protein-coding/annotated,2103
FKBP4,51,2841,17.7,47.098,0.6657,pseudogene-like,2104
IWS1,10971,2956,18.42,56.1199,0.6655,protein-coding/annotated,2105
FAM204A,11686,3721,23.19,53.6401,0.6654,protein-coding/annotated,2106
TXN,7349,5230,32.59,82.9372,0.6653,protein-coding/annotated,2107
UBE2T,1380,1229,7.66,25.3634,0.6652,protein-coding/annotated,2108
ITGB7,7867,3173,19.77,75.9679,0.6652,protein-coding/annotated,2108
RFC5,3913,1199,7.47,14.4793,0.665,protein-coding/annotated,2110
ZNF117,9610,1442,8.99,1.9825,0.6648,protein-coding/annotated,2111
ARHGAP12,11607,1136,7.08,10.1994,0.6645,pseudogene-like,2112
MFSD5,15337,866,5.4,13.4251,0.6642,protein-coding/annotated,2113
GTF2A2,7957,3479,21.68,131.0388,0.6641,protein-coding/annotated,2114
ATP5S,5648,1664,10.37,21.8678,0.6638,protein-coding/annotated,2115
KANSL2,7864,2560,15.95,60.7066,0.6638,protein-coding/annotated,2115
CPT2,10094,916,5.71,5.8429,0.6637,protein-coding/annotated,2117
NSDHL,8977,835,5.2,10.1792,0.6633,protein-coding/annotated,2118
STARD4,11325,2106,13.12,28.3905,0.6632,protein-coding/annotated,2119
SMIM19,14086,1976,12.31,41.1374,0.6631,protein-coding/annotated,2120
CTD-2008A1.2,39292,857,5.34,4.1343,0.6626,clone-named/lncRNA,2121
TINF2,1979,3886,24.21,122.6272,0.6623,protein-coding/annotated,2122
DNAJC25-GNG10,32908,1391,8.67,1.121,0.6621,protein-coding/annotated,2123
REV1,7199,1610,10.03,15.4419,0.6621,protein-coding/annotated,2123
ALS2,37,973,6.06,7.9612,0.662,protein-coding/annotated,2125
ATP6V1H,624,2785,17.35,62.8923,0.662,protein-coding/annotated,2125
ACOT9,5360,3132,19.52,58.629,0.6618,protein-coding/annotated,2127
SETD4,16198,1142,7.12,14.1722,0.6608,protein-coding/annotated,2128
USP7,16562,4682,29.17,41.0428,0.6605,pseudogene-like,2129
CERS4,1902,1215,7.57,16.7736,0.6602,protein-coding/annotated,2130
RAI1,3563,870,5.42,5.2161,0.6599,protein-coding/annotated,2131
SMAD2,13927,2778,17.31,37.9118,0.6597,protein-coding/annotated,2132
METTL17,11714,4329,26.98,145.9592,0.6597,protein-coding/annotated,2132
PIK3R4,17210,2091,13.03,22.1573,0.6596,protein-coding/annotated,2134
PRUNE,8389,1464,9.12,24.7146,0.6596,protein-coding/annotated,2134
WRN,11621,1206,7.51,3.6836,0.6593,protein-coding/annotated,2136
DTX3,14557,858,5.35,1.9546,0.6592,protein-coding/annotated,2137
MRPS22,13871,2133,13.29,41.7485,0.6592,protein-coding/annotated,2137
UBXN6,12199,1242,7.74,10.6171,0.659,protein-coding/annotated,2139
CCDC84,16274,2425,15.11,41.6809,0.659,protein-coding/annotated,2139
LYRM5,19332,1491,9.29,23.4085,0.6586,protein-coding/annotated,2141
C18orf8,8131,3479,21.68,70.7878,0.6584,protein-coding/annotated,2142
MARS,12036,5081,31.66,138.6918,0.658,protein-coding/annotated,2144
ZNF626,16732,1071,6.67,9.4367,0.658,protein-coding/annotated,2144
RPS17,15896,10263,63.95,191.4091,0.658,ribosomal protein,2144
SIDT2,9248,2444,15.23,23.2236,0.6578,protein-coding/annotated,2146
ZFPL1,10733,1123,7.0,16.7031,0.6578,protein-coding/annotated,2146
PIGC,7175,1658,10.33,33.5285,0.657,protein-coding/annotated,2148
TMEM128,6593,1933,12.05,35.7101,0.6568,protein-coding/annotated,2149
FAM114A2,753,1375,8.57,20.2115,0.6565,protein-coding/annotated,2150
THAP3,587,1703,10.61,20.5298,0.6555,pseudogene-like,2151
RP1-228H13.1,24514,2138,13.32,1.6823,0.6554,clone-named/lncRNA,2152
GNPDA2,10994,1082,6.74,15.5782,0.6553,protein-coding/annotated,2153
MPP7,9293,1107,6.9,11.7779,0.6552,pseudogene-like,2154
RP11-381O7.6,28643,1001,6.24,3.9283,0.6549,clone-named/lncRNA,2155
FLII,14418,6949,43.3,205.2867,0.6548,protein-coding/annotated,2156
POR,5973,2545,15.86,49.3891,0.6548,protein-coding/annotated,2156
PDCD1,16787,5215,32.5,178.0438,0.6547,protein-coding/annotated,2158
FUCA1,14695,981,6.11,14.2782,0.6546,protein-coding/annotated,2159
MRPL9,8413,3154,19.65,100.1502,0.654,protein-coding/annotated,2160
TIMD4,8774,850,5.3,11.9657,0.6538,protein-coding/annotated,2162
TSEN54,15246,3690,22.99,121.8732,0.6538,protein-coding/annotated,2162
TUBA4A,5959,7697,47.96,410.9884,0.6538,protein-coding/annotated,2162
PKD1,228,3516,21.91,18.0315,0.6531,protein-coding/annotated,2164
FBXO3,3793,2089,13.02,21.6926,0.6531,protein-coding/annotated,2164
MTHFSD,2790,810,5.05,7.0955,0.653,protein-coding/annotated,2166
NUBP1,2799,1820,11.34,37.1706,0.6529,pseudogene-like,2167
TCP1,5063,6609,41.18,200.2769,0.6528,pseudogene-like,2168
AC093668.2,37666,818,5.1,1.5908,0.6526,clone-named/lncRNA,2169
SBDSP1,23503,3917,24.41,40.2232,0.6525,pseudogene-like,2170
A1BG,5177,1292,8.05,19.0569,0.6524,protein-coding/annotated,2171
SMCO4,11769,1530,9.53,31.0,0.6523,protein-coding/annotated,2172
PSMD2,13881,3982,24.81,118.7555,0.6522,protein-coding/annotated,2173
CHID1,14435,2184,13.61,43.8135,0.6522,protein-coding/annotated,2173
TMEM147,3172,2574,16.04,65.8849,0.652,protein-coding/annotated,2175
UBR5,2935,3236,20.16,29.4257,0.6518,protein-coding/annotated,2176
FAHD2CP,27015,1720,10.72,17.1545,0.6516,protein-coding/annotated,2177
C16orf91,13679,1158,7.22,23.4001,0.6511,protein-coding/annotated,2178
NUSAP1,7547,2354,14.67,45.5479,0.651,pseudogene-like,2179
TMEM164,10144,987,6.15,4.4467,0.6506,protein-coding/annotated,2180
ABCD3,4741,1178,7.34,10.1248,0.6506,protein-coding/annotated,2180
RP11-313P13.4,13729,1113,6.94,9.2184,0.6504,clone-named/lncRNA,2182
GPR137,13522,943,5.88,3.4995,0.6498,protein-coding/annotated,2183
SMARCAL1,7667,1651,10.29,16.8316,0.6494,protein-coding/annotated,2184
KIAA0232,12958,1226,7.64,7.6613,0.6488,protein-coding/annotated,2185
MTA1,15446,1075,6.7,2.1893,0.6487,protein-coding/annotated,2186
NSRP1,5847,3398,21.17,50.1379,0.6486,pseudogene-like,2187
DBNDD2,32972,880,5.48,13.5639,0.6486,protein-coding/annotated,2187
PET100,25943,4204,26.2,136.0046,0.6485,protein-coding/annotated,2189
MRPL27,3609,2053,12.79,45.8165,0.6482,protein-coding/annotated,2190
NUDT9,12879,1135,7.07,15.9048,0.648,protein-coding/annotated,2191
ASNS,1132,959,5.98,15.0553,0.6479,protein-coding/annotated,2192
PDE5A,7737,885,5.51,4.4569,0.6475,protein-coding/annotated,2193
SOGA1,9259,837,5.22,1.0235,0.6472,protein-coding/annotated,2194
RP11-415F23.2,44850,1085,6.76,17.6972,0.647,clone-named/lncRNA,2195
SLC7A6,2760,4278,26.66,69.6625,0.6466,protein-coding/annotated,2196
CHEK1,9242,948,5.91,10.6832,0.6464,protein-coding/annotated,2197
RUFY2,18792,1806,11.25,10.3234,0.6462,protein-coding/annotated,2198
CYB5D2,12218,1152,7.18,10.7973,0.6461,protein-coding/annotated,2199
MINA,12953,1097,6.84,13.0973,0.646,protein-coding/annotated,2200
RP11-391L3.5,39819,864,5.38,8.9582,0.6457,clone-named/lncRNA,2201
POLA2,350,1372,8.55,17.8305,0.6455,protein-coding/annotated,2202
RGS16,8382,1318,8.21,17.0588,0.6453,protein-coding/annotated,2203
ZNF37BP,28701,3111,19.39,20.7737,0.6452,protein-coding/annotated,2204
ELMOD2,14734,1386,8.64,17.6065,0.6449,protein-coding/annotated,2205
SORD,7946,939,5.85,5.6505,0.6446,protein-coding/annotated,2206
RAD51D,16067,893,5.56,12.7728,0.6446,protein-coding/annotated,2206
SNHG14,22570,2633,16.41,38.3123,0.6444,protein-coding/annotated,2208
PDCD7,1888,941,5.86,5.0029,0.6439,protein-coding/annotated,2209
IFNGR2,10324,2344,14.61,37.028,0.6438,protein-coding/annotated,2210
TBC1D3G,10642,993,6.19,3.5429,0.6436,protein-coding/annotated,2211
ZNF761,10502,1275,7.94,6.6428,0.6434,protein-coding/annotated,2212
IPO11,1696,1304,8.13,15.6069,0.6432,protein-coding/annotated,2213
KLC4,7437,817,5.09,7.1083,0.6426,protein-coding/annotated,2214
PLK1S1,1810,1315,8.19,18.8322,0.6425,protein-coding/annotated,2215
ZNF721,15427,2415,15.05,36.4086,0.6425,protein-coding/annotated,2215
GNB1L,16174,1165,7.26,15.7218,0.6423,protein-coding/annotated,2217
ZNF767,6784,1357,8.46,17.3566,0.6421,protein-coding/annotated,2218
PMS2CL,16669,1020,6.36,3.0783,0.6418,protein-coding/annotated,2219
SURF1,9082,1136,7.08,15.6213,0.6416,protein-coding/annotated,2220
NOL11,6372,2105,13.12,38.9313,0.6408,protein-coding/annotated,2221
ABCB10,7163,900,5.61,5.7192,0.6408,protein-coding/annotated,2221
LRRC61,5920,845,5.27,12.6216,0.6403,protein-coding/annotated,2223
CTPS1,13184,1954,12.18,31.0932,0.6402,protein-coding/annotated,2224
RPS26P47,28661,1328,8.28,3.8427,0.6401,ribosomal protein,2225
UFSP2,3717,1849,11.52,30.7109,0.6399,pseudogene-like,2226
ATP8B2,8435,1081,6.74,7.1859,0.6397,protein-coding/annotated,2227
OGFRL1,4987,812,5.06,1.533,0.6397,protein-coding/annotated,2227
ST8SIA1,3959,1400,8.72,11.6119,0.6393,protein-coding/annotated,2229
LYRM1,2724,2021,12.59,31.9268,0.639,protein-coding/annotated,2230
CERS2,8409,3186,19.85,77.7713,0.6389,protein-coding/annotated,2231
ING1,9679,946,5.89,7.799,0.6379,protein-coding/annotated,2232
SH3BP1,2192,1343,8.37,6.4741,0.6379,pseudogene-like,2232
CTD-2012K14.4,40253,933,5.81,10.1649,0.6376,clone-named/lncRNA,2234
HCK,2507,1380,8.6,26.4484,0.6374,protein-coding/annotated,2235
TANGO2,15598,2580,16.08,42.8712,0.6371,protein-coding/annotated,2236
AP001007.1,18550,845,5.27,2.8225,0.6366,clone-named/lncRNA,2237
TMLHE,16216,1311,8.17,16.039,0.6365,protein-coding/annotated,2238
BBS7,7731,1025,6.39,13.3858,0.6362,protein-coding/annotated,2239
CISD1,5336,1515,9.44,25.5144,0.6357,protein-coding/annotated,2240
ZNF821,2743,877,5.46,12.5283,0.6357,protein-coding/annotated,2240
TCP11L1,14071,1117,6.96,10.1897,0.6356,protein-coding/annotated,2242
DUSP23,10279,2285,14.24,50.317,0.6353,pseudogene-like,2243
MRPL36,13086,1910,11.9,42.1766,0.6345,protein-coding/annotated,2244
BTBD9,15675,2293,14.29,21.6631,0.6344,protein-coding/annotated,2245
TPCN1,16421,2383,14.85,28.1099,0.634,protein-coding/annotated,2246
CPNE3,1674,2936,18.3,48.6128,0.634,protein-coding/annotated,2246
TGIF1,14347,4157,25.9,108.6633,0.6338,protein-coding/annotated,2248
TMCC1,13412,918,5.72,5.2211,0.6338,protein-coding/annotated,2248
XPO5,5561,2069,12.89,27.4653,0.6335,protein-coding/annotated,2250
ABHD14A-ACY1,4341,1008,6.28,1.5286,0.633,protein-coding/annotated,2251
DPM3,14674,1472,9.17,26.8506,0.6329,protein-coding/annotated,2252
SLC25A53,14104,1372,8.55,12.5394,0.6329,protein-coding/annotated,2252
ACTR3C,3325,1005,6.26,9.0574,0.6327,protein-coding/annotated,2254
EEF1A1,10018,16026,99.86,6474.0124,0.6323,protein-coding/annotated,2255
FZR1,3081,1889,11.77,17.476,0.6322,protein-coding/annotated,2256
FTX,26416,2148,13.38,28.4196,0.6319,protein-coding/annotated,2257
UBXN2B,21036,3022,18.83,28.7363,0.6315,protein-coding/annotated,2258
P2RX5-TAX1BP3,38239,845,5.27,0.5898,0.6314,pseudogene-like,2259
CTDNEP1,14009,1529,9.53,10.1897,0.6314,pseudogene-like,2259
TXNDC15,4222,3091,19.26,65.7249,0.631,protein-coding/annotated,2261
ST3GAL2,10115,1134,7.07,5.6727,0.6307,protein-coding/annotated,2262
ZNF142,4466,1790,11.15,18.3614,0.6306,protein-coding/annotated,2263
CASP8AP2,4819,2169,13.52,34.117,0.6301,pseudogene-like,2264
SGK3,2889,1250,7.79,10.9644,0.6299,protein-coding/annotated,2265
TRAPPC12,13202,2356,14.68,30.1011,0.6297,protein-coding/annotated,2266
RNF216P1,17112,2346,14.62,30.2212,0.6294,pseudogene-like,2267
RRP8,6568,1794,11.18,24.1433,0.6293,pseudogene-like,2268
SLC19A2,4731,977,6.09,4.9367,0.629,protein-coding/annotated,2269
TBCE,4660,1211,7.55,9.8636,0.6287,protein-coding/annotated,2270
AC159540.1,26425,3345,20.84,32.5006,0.6282,clone-named/lncRNA,2271
SORBS3,5124,908,5.66,5.1548,0.628,protein-coding/annotated,2272
C17orf72,22736,1147,7.15,1.0594,0.6279,protein-coding/annotated,2273
RP11-367G6.3,44898,1581,9.85,12.4871,0.6278,clone-named/lncRNA,2274
UNC50,4442,2441,15.21,57.0731,0.6276,protein-coding/annotated,2275
FAM35BP,11737,806,5.02,0.5537,0.6273,protein-coding/annotated,2276
TMEM159,311,1968,12.26,18.2633,0.6272,protein-coding/annotated,2277
FBRSL1,4124,1055,6.57,1.5444,0.627,protein-coding/annotated,2278
NELL2,15863,3500,21.81,71.4946,0.627,protein-coding/annotated,2278
MRPS18C,11004,2581,16.08,50.2567,0.6268,protein-coding/annotated,2280
TOMM70A,9754,1127,7.02,5.304,0.6265,protein-coding/annotated,2281
RPL39L,11212,1034,6.44,14.7145,0.6264,ribosomal protein,2282
PTS,9353,1271,7.92,21.3086,0.6262,protein-coding/annotated,2283
C14orf64,33251,1241,7.73,19.0783,0.6262,protein-coding/annotated,2283
CKS2,5447,3900,24.3,134.4307,0.6259,protein-coding/annotated,2285
RAB9A,5421,3304,20.59,52.2338,0.6257,protein-coding/annotated,2286
PILRA,1669,2004,12.49,24.978,0.6256,protein-coding/annotated,2287
MAPKBP1,7546,1262,7.86,8.8904,0.6255,pseudogene-like,2288
CRYBB2P1,2182,1769,11.02,27.0412,0.6252,pseudogene-like,2289
WWOX,16270,1251,7.8,12.4079,0.6248,protein-coding/annotated,2290
LINC00537,27730,958,5.97,9.4623,0.6247,clone-named/lncRNA,2291
GSKIP,2386,1115,6.95,18.3801,0.6245,protein-coding/annotated,2292
CTU2,13694,871,5.43,12.7902,0.6244,protein-coding/annotated,2293
GIGYF2,18789,3831,23.87,54.3737,0.6228,protein-coding/annotated,2294
PDLIM2,5129,2234,13.92,51.2755,0.6225,protein-coding/annotated,2295
MIB1,2572,924,5.76,2.7293,0.6225,protein-coding/annotated,2295
SLC8A1,15458,1118,6.97,3.5485,0.6221,protein-coding/annotated,2297
RFWD2,8359,1552,9.67,14.0277,0.6219,protein-coding/annotated,2298
DONSON,10327,1491,9.29,9.5242,0.6217,protein-coding/annotated,2299
PAM16,21455,1337,8.33,23.0558,0.6214,protein-coding/annotated,2300
TRMT1L,5184,1198,7.47,10.9736,0.6214,protein-coding/annotated,2300
DHCR7,13443,1120,6.98,19.5776,0.6212,protein-coding/annotated,2302
C1orf27,10093,1759,10.96,15.2164,0.6203,protein-coding/annotated,2304
CCDC130,3016,2311,14.4,44.1768,0.6203,protein-coding/annotated,2304
HDAC8,8933,1607,10.01,27.6347,0.6203,protein-coding/annotated,2304
FCHSD1,17716,3631,22.63,48.9789,0.6203,protein-coding/annotated,2304
TAF1B,4491,1457,9.08,19.7538,0.6197,protein-coding/annotated,2307
THAP6,13805,1280,7.98,18.3959,0.6197,pseudogene-like,2307
RNF170,5131,1316,8.2,13.136,0.6196,protein-coding/annotated,2309
DMXL2,2878,1040,6.48,7.3628,0.6184,protein-coding/annotated,2310
FILIP1L,12389,1577,9.83,18.6723,0.6183,protein-coding/annotated,2311
TXNRD2,15826,1084,6.75,12.0585,0.6181,protein-coding/annotated,2312
STAG3L4,3342,1294,8.06,18.4298,0.618,protein-coding/annotated,2313
SPINT2,12188,2097,13.07,47.6023,0.6178,protein-coding/annotated,2314
ANKRD10-IT1,25562,873,5.44,3.509,0.6177,protein-coding/annotated,2315
CRBN,4250,3069,19.12,64.6703,0.6177,protein-coding/annotated,2315
RIMKLB,11920,1079,6.72,14.5586,0.6175,protein-coding/annotated,2317
RPAP2,5283,3235,20.16,17.7553,0.6173,pseudogene-like,2318
CTC1,14641,4548,28.34,99.3746,0.617,protein-coding/annotated,2319
TXNL4B,8035,1411,8.79,19.1268,0.6168,protein-coding/annotated,2320
CCNYL1,10988,1045,6.51,5.467,0.6168,protein-coding/annotated,2320
MTRR,5516,2854,17.78,52.7042,0.6155,protein-coding/annotated,2322
MIOS,11440,1535,9.57,20.0692,0.6153,protein-coding/annotated,2323
PRDM4,3833,1009,6.29,7.1086,0.6153,protein-coding/annotated,2323
ZNF808,17893,2233,13.91,18.8883,0.6149,protein-coding/annotated,2325
TTC28-AS1,29608,1445,9.0,20.2405,0.6149,protein-coding/annotated,2325
TOMM40,6236,938,5.84,3.5262,0.6146,protein-coding/annotated,2327
EGLN1,7160,843,5.25,3.1033,0.6144,protein-coding/annotated,2328
SRP72,13801,4283,26.69,74.5464,0.6142,pseudogene-like,2329
MPHOSPH9,705,3615,22.53,65.1001,0.6142,protein-coding/annotated,2329
EEF1A1P4,33177,5524,34.42,1.8695,0.6141,pseudogene-like,2331
CCDC132,56,1159,7.22,13.5528,0.6135,protein-coding/annotated,2332
S100A10,17639,7184,44.77,472.1947,0.6135,protein-coding/annotated,2332
HSPD1,8576,7902,49.24,322.3194,0.6134,protein-coding/annotated,2334
TMX3,11904,3725,23.21,53.2264,0.6132,protein-coding/annotated,2335
ABCD4,4954,3516,21.91,94.2923,0.6132,protein-coding/annotated,2335
CCDC77,5083,1420,8.85,10.7943,0.6127,protein-coding/annotated,2337
C1orf159,6478,961,5.99,9.0212,0.6126,protein-coding/annotated,2338
ZUFSP,9723,1344,8.37,17.79,0.6124,protein-coding/annotated,2339
NR2C2,14356,1702,10.61,18.9577,0.6123,protein-coding/annotated,2340
ACAD11,31477,1602,9.98,24.258,0.6122,protein-coding/annotated,2341
RASSF4,3430,1668,10.39,30.2824,0.6122,protein-coding/annotated,2341
EIF4ENIF1,15883,1082,6.74,10.3354,0.612,protein-coding/annotated,2343
TSSC4,15778,2146,13.37,48.0914,0.6118,protein-coding/annotated,2344
P2RX7,1817,1257,7.83,14.77,0.6115,protein-coding/annotated,2345
RP11-492M23.2,25811,911,5.68,0.9377,0.6112,clone-named/lncRNA,2346
SMARCD1,970,1538,9.58,13.3371,0.6111,protein-coding/annotated,2347
ALMS1,4545,1368,8.52,5.7922,0.6111,protein-coding/annotated,2347
TMEM135,11929,1695,10.56,23.2064,0.6108,protein-coding/annotated,2349
RP11-324I22.3,43855,1428,8.9,27.2762,0.6105,clone-named/lncRNA,2351
XXbac-BPG299F13.17,45125,956,5.96,4.1787,0.6105,clone-named/lncRNA,2351
ZFYVE20,6446,1336,8.33,14.9848,0.6105,protein-coding/annotated,2351
NCF1B,15322,2893,18.03,36.4684,0.6104,protein-coding/annotated,2353
KCTD10,3842,2468,15.38,37.8509,0.6103,protein-coding/annotated,2354
ANKRD49,12498,1955,12.18,26.3898,0.6101,protein-coding/annotated,2355
SDF2,6627,3016,18.79,70.1011,0.6099,protein-coding/annotated,2356
PPM1K,11122,3791,23.62,52.5086,0.6097,protein-coding/annotated,2357
NSMF,11719,840,5.23,5.0998,0.6095,protein-coding/annotated,2358
JPX,23398,2496,15.55,40.7357,0.6093,protein-coding/annotated,2359
TMEM39A,14070,3460,21.56,46.622,0.6092,protein-coding/annotated,2360
SNRPE,15209,3434,21.4,108.5325,0.6079,protein-coding/annotated,2362
EDARADD,16282,1761,10.97,9.5515,0.6079,protein-coding/annotated,2362
SUN1,11484,1969,12.27,29.8894,0.6079,protein-coding/annotated,2362
PCNT,10493,3134,19.53,27.8418,0.6078,protein-coding/annotated,2364
IDH3A,11883,2788,17.37,57.0853,0.6077,protein-coding/annotated,2366
MAP3K14-AS1,42649,1545,9.63,14.2232,0.6077,protein-coding/annotated,2366
NARG2,6091,2258,14.07,27.416,0.6077,protein-coding/annotated,2366
GOLPH3L,8419,1118,6.97,13.8182,0.6075,protein-coding/annotated,2368
MYC,7406,1477,9.2,18.5926,0.6074,protein-coding/annotated,2369
SUSD3,10106,2815,17.54,67.3635,0.6072,protein-coding/annotated,2370
MAN2A2,17241,2300,14.33,29.6882,0.6071,protein-coding/annotated,2371
HDAC9,643,1292,8.05,14.6072,0.607,protein-coding/annotated,2372
NCBP2-AS2,43998,2144,13.36,49.9383,0.6067,protein-coding/annotated,2373
DENND6A,13812,1433,8.93,8.0113,0.6066,protein-coding/annotated,2374
ENO1P1,33039,2345,14.61,2.8881,0.6063,pseudogene-like,2375
FAM20B,4561,932,5.81,4.1135,0.6063,protein-coding/annotated,2375
YEATS4,5915,1618,10.08,33.3509,0.606,protein-coding/annotated,2377
KLHL8,8702,837,5.22,4.6624,0.6058,protein-coding/annotated,2378
TMED1,2088,1319,8.22,21.5645,0.6057,protein-coding/annotated,2379
FAM72A,17243,907,5.65,4.3599,0.6056,protein-coding/annotated,2380
WDR18,928,1995,12.43,44.0366,0.6049,protein-coding/annotated,2381
TECPR1,19238,2280,14.21,24.4786,0.6047,protein-coding/annotated,2382
CRYZ,4638,1608,10.02,30.7031,0.6045,protein-coding/annotated,2384
MIR24-2,42838,7284,45.39,181.8077,0.6045,small RNA,2384
DPP8,1278,3773,23.51,53.9926,0.6045,pseudogene-like,2384
DNAJA1,1690,11055,68.89,613.1982,0.6043,protein-coding/annotated,2386
TBC1D7,8797,1600,9.97,25.819,0.604,protein-coding/annotated,2387
RP11-78A19.3,42568,4149,25.85,86.7759,0.6039,clone-named/lncRNA,2388
MPV17,4391,3619,22.55,108.5081,0.6038,protein-coding/annotated,2389
USE1,720,1735,10.81,32.5968,0.6037,protein-coding/annotated,2390
CEP152,2869,1395,8.69,11.4688,0.6037,pseudogene-like,2390
SETDB1,8398,2142,13.35,28.8012,0.6035,protein-coding/annotated,2392
TEN1,38238,1254,7.81,21.5519,0.6034,protein-coding/annotated,2393
TTC5,7279,1136,7.08,16.6433,0.6031,protein-coding/annotated,2394
TPM3P9,31738,1218,7.59,8.17,0.6016,pseudogene-like,2395
AURKA,1760,864,5.38,11.5552,0.6015,protein-coding/annotated,2396
MCC,13093,1031,6.42,2.1977,0.6008,protein-coding/annotated,2397
SNHG1,37295,6456,40.23,416.9753,0.6008,protein-coding/annotated,2397
ZCCHC4,12347,958,5.97,7.5161,0.6005,protein-coding/annotated,2399
CSF1R,15348,1438,8.96,28.0359,0.6004,protein-coding/annotated,2400
TMEM214,4973,1946,12.13,18.7883,0.6004,protein-coding/annotated,2400
HMGCL,4707,1490,9.28,26.4076,0.6003,protein-coding/annotated,2402
RP11-90P5.2,35670,1223,7.62,3.7835,0.6003,clone-named/lncRNA,2402
CRY2,5196,1349,8.41,17.077,0.6002,protein-coding/annotated,2404
AKR1A1,4725,3600,22.43,113.7655,0.6001,protein-coding/annotated,2405
AL162151.3,28829,5188,32.33,118.8584,0.6,clone-named/lncRNA,2406
CTD-3232M19.2,19055,1148,7.15,6.3776,0.5997,clone-named/lncRNA,2407
KLHDC4,2959,3659,22.8,41.6262,0.5997,protein-coding/annotated,2407
CTC-479C5.10,41201,1305,8.13,1.5178,0.5996,clone-named/lncRNA,2409
RP11-504P24.8,45202,2425,15.11,3.6919,0.5994,clone-named/lncRNA,2410
GAS6,15476,848,5.28,3.9892,0.5994,protein-coding/annotated,2410
CAD,1651,1401,8.73,14.9304,0.5993,protein-coding/annotated,2412
MRPL22,1580,2564,15.98,63.3895,0.5993,protein-coding/annotated,2412
C3AR1,13205,1312,8.18,26.5013,0.5992,protein-coding/annotated,2414
ADCY3,7601,1817,11.32,18.3731,0.5987,protein-coding/annotated,2415
KIN,9451,1898,11.83,26.062,0.5983,protein-coding/annotated,2416
HAGHL,2792,1087,6.77,9.4513,0.5972,protein-coding/annotated,2417
TTL,4365,2598,16.19,4.8216,0.5971,protein-coding/annotated,2419
SGSM3,2288,4125,25.7,85.1226,0.5971,protein-coding/annotated,2419
UROS,16863,1913,11.92,36.1933,0.5971,protein-coding/annotated,2419
HSD17B7,6559,2522,15.72,37.7105,0.5969,protein-coding/annotated,2421
RNF8,4020,1335,8.32,22.6043,0.5969,protein-coding/annotated,2421
RPRD1A,8119,2092,13.04,22.9804,0.5968,protein-coding/annotated,2423
C11orf57,9349,1008,6.28,11.4783,0.5961,protein-coding/annotated,2424
UMPS,4308,988,6.16,12.1451,0.596,protein-coding/annotated,2425
ZC3HC1,1952,1210,7.54,16.2685,0.5958,protein-coding/annotated,2426
DCTN6,2948,3508,21.86,72.0623,0.5956,protein-coding/annotated,2427
RMND5B,8788,1431,8.92,11.9846,0.5956,protein-coding/annotated,2427
PDCD5,3050,3306,20.6,83.9234,0.5953,protein-coding/annotated,2429
RP11-974F13.5,33719,950,5.92,2.9372,0.5951,clone-named/lncRNA,2430
UCHL3,4870,2271,14.15,48.9055,0.5949,protein-coding/annotated,2431
NCOA7,3998,3206,19.98,40.0197,0.5949,protein-coding/annotated,2431
STK39,17949,1059,6.6,5.3412,0.5947,protein-coding/annotated,2433
GNE,10429,867,5.4,3.8506,0.5944,protein-coding/annotated,2434
PLRG1,13137,2369,14.76,55.2657,0.5943,protein-coding/annotated,2435
COG5,11420,3820,23.8,51.7973,0.594,protein-coding/annotated,2436
PCNXL2,7157,3676,22.91,43.3462,0.5938,protein-coding/annotated,2437
DDX41,15516,2200,13.71,40.079,0.5937,protein-coding/annotated,2438
PTGES2,9090,1062,6.62,13.0459,0.5934,protein-coding/annotated,2439
FAM120AOS,16934,1325,8.26,18.4958,0.5933,protein-coding/annotated,2441
FAM193B,8814,1659,10.34,23.9395,0.5933,protein-coding/annotated,2441
EBP,8949,3877,24.16,130.0325,0.5933,protein-coding/annotated,2441
COMTD1,11679,1125,7.01,17.519,0.5929,protein-coding/annotated,2443
MRPS11,15206,2072,12.91,44.2952,0.5929,protein-coding/annotated,2443
DMTF1,7038,5132,31.98,102.7682,0.5928,protein-coding/annotated,2445
CLK2,14141,1010,6.29,7.6336,0.5928,protein-coding/annotated,2445
CHST15,15213,895,5.58,3.2973,0.5926,protein-coding/annotated,2447
LRWD1,10599,1247,7.77,18.796,0.5922,protein-coding/annotated,2448
RGL4,10385,1883,11.73,35.5709,0.5921,protein-coding/annotated,2449
DCP1B,9372,1160,7.23,18.0203,0.592,protein-coding/annotated,2450
TBCK,8705,2698,16.81,29.3011,0.5915,protein-coding/annotated,2451
KIAA1279,18116,888,5.53,8.9093,0.5912,protein-coding/annotated,2452
NUP107,3923,2562,15.96,44.084,0.5907,pseudogene-like,2453
SNTB1,13274,827,5.15,3.2497,0.5906,protein-coding/annotated,2455
AMZ2,17299,3334,20.78,71.2033,0.5906,protein-coding/annotated,2455
RP11-33B1.4,39733,966,6.02,2.2446,0.5906,clone-named/lncRNA,2455
ICAM1,1881,3028,18.87,59.0471,0.5905,protein-coding/annotated,2457
TTI2,6184,1101,6.86,12.6154,0.5905,protein-coding/annotated,2457
MDM1,3922,1161,7.23,15.3641,0.5903,protein-coding/annotated,2459
SUFU,3474,1087,6.77,2.5397,0.5902,protein-coding/annotated,2460
KATNAL1,2706,1127,7.02,10.4025,0.59,protein-coding/annotated,2461
AC097523.2,28826,1600,9.97,0.532,0.59,clone-named/lncRNA,2461
ARHGAP11A,18038,1057,6.59,5.4679,0.5897,protein-coding/annotated,2463
ETV1,141,1242,7.74,15.5115,0.5888,protein-coding/annotated,2465
RAB4A,12328,920,5.73,8.5221,0.5888,protein-coding/annotated,2465
TDRD3,1606,1808,11.27,8.5927,0.5888,protein-coding/annotated,2465
HEATR5A,6160,1461,9.1,13.0804,0.5887,protein-coding/annotated,2467
GAS7,177,1144,7.13,4.5479,0.5887,protein-coding/annotated,2467
FMR1,2630,2033,12.67,17.9085,0.5886,protein-coding/annotated,2469
PIAS2,1414,1808,11.27,15.5283,0.5883,protein-coding/annotated,2470
DHX57,10979,972,6.06,7.2582,0.5882,protein-coding/annotated,2471
RAD9A,13384,2491,15.52,3.1111,0.588,protein-coding/annotated,2472
HCCS,70,1154,7.19,17.6263,0.5878,protein-coding/annotated,2473
C9orf41,9955,1034,6.44,5.862,0.5875,protein-coding/annotated,2474
FAM177A1,9402,5570,34.71,117.1735,0.5872,protein-coding/annotated,2475
FAM159A,15251,998,6.22,8.7893,0.587,protein-coding/annotated,2476
C12orf75,29137,3001,18.7,84.1723,0.5869,protein-coding/annotated,2477
BIN3,8989,1878,11.7,29.1109,0.5868,protein-coding/annotated,2478
MMP25,226,870,5.42,1.9599,0.5867,pseudogene-like,2479
P4HTM,14555,1382,8.61,25.2543,0.5866,protein-coding/annotated,2480
ZCCHC17,5207,2681,16.71,56.4822,0.5865,protein-coding/annotated,2481
ELP2,6966,4967,30.95,111.5246,0.5864,pseudogene-like,2482
OARD1,5567,1733,10.8,33.0281,0.5864,protein-coding/annotated,2482
CDC7,2084,883,5.5,8.9752,0.5854,protein-coding/annotated,2484
FOPNL,6765,2111,13.15,35.9326,0.5853,protein-coding/annotated,2485
SPICE1,11104,1264,7.88,13.6236,0.5853,protein-coding/annotated,2485
RAB30,7497,2992,18.64,59.3373,0.585,protein-coding/annotated,2487
HNRNPKP2,24530,3514,21.9,0.6243,0.5849,pseudogene-like,2488
ECI2,17981,1775,11.06,34.6437,0.5848,protein-coding/annotated,2489
VASH1,1162,956,5.96,2.8971,0.5845,protein-coding/annotated,2490
GPR56,19235,3158,19.68,63.9186,0.5845,protein-coding/annotated,2490
TMEM185A,9951,1274,7.94,12.1396,0.584,protein-coding/annotated,2492
PRKCE,13026,1123,7.0,5.0128,0.5834,protein-coding/annotated,2493
TBC1D1,958,2335,14.55,27.0232,0.5833,protein-coding/annotated,2494
ASNSD1,7672,2024,12.61,36.8398,0.5831,protein-coding/annotated,2495
RP11-575L7.8,29226,807,5.03,3.9463,0.5826,clone-named/lncRNA,2496
KB-1208A12.3,33234,4183,26.07,4.761,0.5826,clone-named/lncRNA,2496
ZNF271,37937,1559,9.71,10.4838,0.5825,protein-coding/annotated,2498
TMEM184C,11309,2494,15.54,29.1132,0.582,protein-coding/annotated,2499
SCFD1,1970,3177,19.8,63.3326,0.5817,protein-coding/annotated,2500
RIPK3,6153,1641,10.23,29.0054,0.5814,protein-coding/annotated,2501
RFX3,1500,1657,10.33,19.9853,0.5811,protein-coding/annotated,2502
PPIL1,7436,972,6.06,15.6568,0.5808,protein-coding/annotated,2503
ATR,13857,2872,17.9,30.8134,0.5807,protein-coding/annotated,2504
HAUS8,6437,1321,8.23,17.8495,0.5805,protein-coding/annotated,2505
MTX1,13497,1738,10.83,28.1088,0.5801,protein-coding/annotated,2506
PMAIP1,8177,5036,31.38,123.0951,0.58,pseudogene-like,2507
POLD2,3346,2130,13.27,48.9233,0.58,protein-coding/annotated,2507
QARS,13252,4454,27.75,148.2427,0.5799,protein-coding/annotated,2509
SYTL2,7496,2678,16.69,43.5557,0.5798,protein-coding/annotated,2510
AGAP6,18799,1183,7.37,7.8881,0.5796,pseudogene-like,2511
TSPAN3,7971,3057,19.05,53.0136,0.5794,protein-coding/annotated,2512
KTI12,18049,900,5.61,16.114,0.5793,protein-coding/annotated,2513
RP11-158M2.2,39339,932,5.81,1.9816,0.579,clone-named/lncRNA,2514
TUT1,9172,1439,8.97,19.7059,0.5789,protein-coding/annotated,2515
ERAL1,6629,1506,9.38,27.3656,0.5787,protein-coding/annotated,2516
MRPL46,39301,1270,7.91,22.035,0.5784,protein-coding/annotated,2517
TESPA1,7091,4389,27.35,66.4848,0.5782,protein-coding/annotated,2518
ORMDL1,6070,6253,38.96,221.1434,0.5779,protein-coding/annotated,2519
RP11-277L2.5,43699,824,5.13,6.3396,0.5777,clone-named/lncRNA,2520
USP28,642,2055,12.81,26.8136,0.5777,pseudogene-like,2520
LANCL2,6598,1071,6.67,7.1382,0.5775,protein-coding/annotated,2523
DPP4,17606,961,5.99,11.7903,0.5775,pseudogene-like,2523
SMYD3,16073,2273,14.16,30.5047,0.5775,protein-coding/annotated,2523
ACY1,32857,911,5.68,14.0245,0.5772,protein-coding/annotated,2525
CUTC,4996,1870,11.65,39.3134,0.5771,protein-coding/annotated,2526
CDC23,2018,1391,8.67,20.8726,0.5765,protein-coding/annotated,2527
HSF2,449,1203,7.5,16.6875,0.5759,protein-coding/annotated,2528
RP11-773D16.1,23410,2813,17.53,47.1216,0.5758,clone-named/lncRNA,2529
TMEM69,10393,1353,8.43,16.8807,0.5753,protein-coding/annotated,2530
LMCD1,1163,847,5.28,14.6564,0.575,protein-coding/annotated,2531
TMEM194B,17040,1504,9.37,13.8578,0.5747,protein-coding/annotated,2532
SFXN4,15601,1187,7.4,19.1276,0.5745,protein-coding/annotated,2533
CPD,3568,2513,15.66,26.5139,0.5745,protein-coding/annotated,2533
TAB3,10148,1054,6.57,3.646,0.5744,protein-coding/annotated,2535
EMG1,5853,2862,17.83,42.8039,0.5743,protein-coding/annotated,2536
RP11-436I24.1,29488,1544,9.62,3.664,0.5741,clone-named/lncRNA,2537
SLC35A1,11386,1466,9.14,19.6242,0.574,protein-coding/annotated,2538
OSBP,3750,1311,8.17,6.5123,0.574,protein-coding/annotated,2538
RP1-40G4P.1,26876,830,5.17,0.485,0.5739,clone-named/lncRNA,2540
EEF1E1,5604,2149,13.39,48.1266,0.5737,protein-coding/annotated,2541
AC006460.2,25209,1397,8.71,3.5995,0.5734,clone-named/lncRNA,2542
COA5,15576,1799,11.21,31.6071,0.5734,protein-coding/annotated,2542
APOBEC3H,2259,1276,7.95,27.7363,0.5733,protein-coding/annotated,2544
LINC00476,13971,1238,7.71,15.6773,0.5731,clone-named/lncRNA,2545
PLD2,6127,1081,6.74,14.2141,0.5731,protein-coding/annotated,2545
MLST8,12278,1597,9.95,27.1686,0.573,protein-coding/annotated,2547
SUZ12P,41645,1202,7.49,5.42,0.5727,protein-coding/annotated,2548
MCM9,3989,1957,12.19,11.9424,0.5718,protein-coding/annotated,2549
WDR89,7923,1323,8.24,20.989,0.5718,protein-coding/annotated,2549
NPIPA8,20964,1381,8.61,1.5151,0.5716,protein-coding/annotated,2551
FNIP2,710,896,5.58,2.5536,0.5713,pseudogene-like,2552
TNFAIP8L2,10964,982,6.12,15.3517,0.5701,protein-coding/annotated,2553
TARS,4195,3211,20.01,67.0567,0.57,protein-coding/annotated,2554
PTPN9,12631,1008,6.28,6.6692,0.57,protein-coding/annotated,2554
NEDD1,7829,1752,10.92,20.3213,0.5698,protein-coding/annotated,2556
C16orf70,5628,1622,10.11,23.1215,0.5697,protein-coding/annotated,2557
GSAP,16246,1756,10.94,20.5786,0.5696,protein-coding/annotated,2558
RRAGC,4659,2215,13.8,5.5774,0.5696,protein-coding/annotated,2558
ABHD16A,18908,3058,19.06,61.4057,0.5692,protein-coding/annotated,2560
CD40,2433,1797,11.2,32.5945,0.5691,protein-coding/annotated,2561
GTPBP2,13347,989,6.16,10.7985,0.5691,pseudogene-like,2561
C15orf40,12672,1406,8.76,23.2596,0.5689,protein-coding/annotated,2563
KLHL42,1753,1014,6.32,5.2168,0.5681,protein-coding/annotated,2564
HERC6,7716,1618,10.08,21.333,0.5679,protein-coding/annotated,2565
TMEM170A,11980,2691,16.77,35.6578,0.5679,protein-coding/annotated,2565
TMEM173,15853,5241,32.66,154.4396,0.5678,protein-coding/annotated,2567
NEK4,4355,1291,8.04,12.8341,0.5672,protein-coding/annotated,2568
RP11-19P22.8,42341,871,5.43,4.9927,0.5671,clone-named/lncRNA,2569
HN1L,19417,875,5.45,5.9883,0.5665,protein-coding/annotated,2570
ITGB1BP1,4891,3513,21.89,106.2354,0.5662,pseudogene-like,2571
POLD3,1398,1321,8.23,17.7853,0.5658,protein-coding/annotated,2572
PRPSAP1,10633,2132,13.29,35.1335,0.5655,pseudogene-like,2573
ORAOV1,9266,1424,8.87,20.9869,0.5653,protein-coding/annotated,2574
PSMD10,2579,2177,13.57,42.2773,0.5652,protein-coding/annotated,2575
EML2,5715,1732,10.79,23.6473,0.5648,protein-coding/annotated,2576
TOP2A,6498,1248,7.78,18.0083,0.5648,protein-coding/annotated,2576
HNRNPUL2-BSCL2,28951,888,5.53,1.262,0.5647,protein-coding/annotated,2578
CDK10,16055,3070,19.13,59.7175,0.5645,protein-coding/annotated,2579
DERL3,2152,884,5.51,12.9494,0.5644,protein-coding/annotated,2580
ADCK4,5437,1221,7.61,17.9568,0.5643,protein-coding/annotated,2581
UBE2K,1422,4327,26.96,79.4412,0.5641,protein-coding/annotated,2582
EIF2B2,4964,1405,8.75,26.1506,0.5638,protein-coding/annotated,2583
SRC,17432,911,5.68,5.0417,0.5635,protein-coding/annotated,2584
TPRA1,11192,1088,6.78,12.0514,0.563,protein-coding/annotated,2585
ETV7,249,1536,9.57,28.4652,0.5629,protein-coding/annotated,2586
CHCHD2P6,29081,1617,10.08,1.4879,0.5627,pseudogene-like,2587
NFIL3,11538,1027,6.4,12.884,0.5625,protein-coding/annotated,2588
TRIM28,6334,2560,15.95,46.3694,0.5623,protein-coding/annotated,2589
TRAP1,5845,2871,17.89,50.5562,0.5622,pseudogene-like,2590
TNFSF13,10687,1319,8.22,24.8515,0.5622,protein-coding/annotated,2590
RPP25L,11524,1172,7.3,23.427,0.5621,protein-coding/annotated,2592
NGDN,6152,3508,21.86,101.2974,0.562,protein-coding/annotated,2593
C3orf17,11103,2347,14.62,38.9725,0.5619,protein-coding/annotated,2594
MYO1C,17686,1264,7.88,9.8728,0.5615,protein-coding/annotated,2595
ZNF83,12229,2599,16.2,37.0952,0.5614,protein-coding/annotated,2596
ZNF564,34197,1016,6.33,10.935,0.5611,protein-coding/annotated,2597
PTPMT1,3804,2582,16.09,54.8682,0.561,protein-coding/annotated,2598
ZNF518B,14496,1255,7.82,11.5508,0.5609,protein-coding/annotated,2599
FAM228B,21645,1137,7.08,6.86,0.5609,protein-coding/annotated,2599
MTIF2,1678,2393,14.91,19.197,0.5605,protein-coding/annotated,2601
CCDC14,13937,2598,16.19,25.3036,0.5602,protein-coding/annotated,2602
GSK3B,1585,1791,11.16,7.5651,0.56,protein-coding/annotated,2603
TSC2,2781,3138,19.55,45.6967,0.5598,protein-coding/annotated,2604
USP18,15946,1740,10.84,22.8743,0.5596,pseudogene-like,2605
UBL7,7712,3113,19.4,79.8919,0.5596,protein-coding/annotated,2605
FES,15329,976,6.08,9.7578,0.5594,protein-coding/annotated,2607
CMSS1,15762,1767,11.01,17.7412,0.5589,protein-coding/annotated,2608
GRN,492,3877,24.16,228.0118,0.5587,protein-coding/annotated,2610
HKR1,15146,1964,12.24,32.358,0.5587,protein-coding/annotated,2610
ARNTL,6805,3034,18.91,56.3936,0.5587,protein-coding/annotated,2610
GPR65,7928,3734,23.27,92.826,0.5585,protein-coding/annotated,2612
TIAM2,8864,1337,8.33,8.4523,0.5583,protein-coding/annotated,2614
ZBTB14,17764,1008,6.28,7.65,0.5583,protein-coding/annotated,2614
RPL10,8981,15986,99.61,5104.5934,0.5583,ribosomal protein,2614
TSFM,5379,1395,8.69,22.0213,0.5581,protein-coding/annotated,2616
TSTD2,7386,1403,8.74,10.6554,0.5578,protein-coding/annotated,2617
UBA5,1542,1942,12.1,26.538,0.5574,protein-coding/annotated,2618
HSP90AB1,2070,12525,78.05,753.4277,0.5573,protein-coding/annotated,2619
CTNNAL1,4902,1003,6.25,10.9801,0.5573,protein-coding/annotated,2619
AP2A2,15456,2509,15.63,13.6867,0.5572,protein-coding/annotated,2621
LFNG,3244,950,5.92,5.4239,0.5571,protein-coding/annotated,2622
ZNF468,18990,1450,9.04,14.7874,0.5569,protein-coding/annotated,2623
CCDC104,10921,1651,10.29,26.6436,0.5568,protein-coding/annotated,2624
PLAA,7412,2249,14.01,29.6104,0.5567,protein-coding/annotated,2625
COX10-AS1,29688,1324,8.25,16.7667,0.5567,protein-coding/annotated,2625
NOP56,2516,4871,30.35,130.7148,0.5566,pseudogene-like,2627
CLPTM1L,675,1769,11.02,17.8979,0.5564,protein-coding/annotated,2628
DCAF13,11514,2991,18.64,49.8461,0.5561,protein-coding/annotated,2629
AHCTF1P1,23780,1097,6.84,1.0974,0.556,pseudogene-like,2630
NMRK1,3363,2933,18.28,68.6419,0.5559,protein-coding/annotated,2631
SIGIRR,16016,4427,27.59,125.412,0.5558,protein-coding/annotated,2632
LDLR,6224,2073,12.92,23.7466,0.5553,protein-coding/annotated,2633
SRGN,5332,13784,85.89,1434.796,0.555,protein-coding/annotated,2634
ENOSF1,6560,3493,21.77,33.9384,0.5548,protein-coding/annotated,2635
THUMPD3,6846,1968,12.26,25.7216,0.5548,protein-coding/annotated,2635
PKNOX1,10465,1572,9.8,19.9559,0.5544,protein-coding/annotated,2637
SUPV3L1,10016,2330,14.52,35.7082,0.5537,protein-coding/annotated,2638
HOTAIRM1,28103,1004,6.26,12.588,0.5537,protein-coding/annotated,2638
ZNF568,17883,1328,8.28,13.5404,0.5535,protein-coding/annotated,2640
C1orf85,17977,1701,10.6,28.7895,0.5525,protein-coding/annotated,2641
HINT2,7429,2248,14.01,46.0991,0.5519,protein-coding/annotated,2642
PSMB5,2393,2366,14.74,56.8261,0.5519,protein-coding/annotated,2642
SGCB,10940,899,5.6,8.7459,0.5517,protein-coding/annotated,2644
PAXIP1-AS2,20666,939,5.85,8.5596,0.5517,protein-coding/annotated,2644
KNOP1,2843,1026,6.39,8.7299,0.5513,pseudogene-like,2646
COQ5,3835,1548,9.65,26.5926,0.5508,protein-coding/annotated,2647
PINX1,36178,1036,6.46,13.9224,0.5506,protein-coding/annotated,2648
SSH3,13433,838,5.22,9.8482,0.5506,protein-coding/annotated,2648
SIRT7,16551,1234,7.69,16.8041,0.5502,protein-coding/annotated,2650
MVD,12143,3027,18.86,53.5562,0.5501,protein-coding/annotated,2651
PRF1,14960,7434,46.32,415.2607,0.5498,protein-coding/annotated,2652
HNRNPU-AS1,16740,1298,8.09,4.4495,0.5496,protein-coding/annotated,2653
CD8A,9687,6970,43.43,620.3542,0.5493,protein-coding/annotated,2654
C1RL-AS1,19384,1250,7.79,12.6189,0.5487,protein-coding/annotated,2655
NIT1,10289,1445,9.0,20.3592,0.5487,protein-coding/annotated,2655
C1GALT1,3307,3044,18.97,55.4509,0.5486,protein-coding/annotated,2657
CIITA,14770,3797,23.66,70.3734,0.5486,protein-coding/annotated,2657
NMRAL1,9675,2325,14.49,48.9381,0.5484,protein-coding/annotated,2659
ATP6V0A1,511,1432,8.92,15.8112,0.5483,protein-coding/annotated,2660
HIST1H2BK,17698,3198,19.93,78.1529,0.5473,protein-coding/annotated,2661
CSTF1,2451,1623,10.11,26.2906,0.5473,protein-coding/annotated,2661
CENPN,11896,1494,9.31,18.4782,0.5472,protein-coding/annotated,2663
DIAPH2,8957,829,5.17,2.5991,0.547,protein-coding/annotated,2664
AC007283.4,29390,954,5.94,18.5712,0.547,clone-named/lncRNA,2664
RABEPK,7392,1057,6.59,14.5244,0.5469,protein-coding/annotated,2666
SART3,1334,2329,14.51,32.096,0.5465,protein-coding/annotated,2667
XIAP,2604,3644,22.71,45.8286,0.5463,protein-coding/annotated,2668
MEF2C,1538,2133,13.29,28.4147,0.5461,protein-coding/annotated,2669
ARSG,8105,1685,10.5,16.4427,0.5459,protein-coding/annotated,2670
POC5,9541,1302,8.11,18.0708,0.5459,protein-coding/annotated,2670
CPSF1,1175,3823,23.82,54.5345,0.5455,protein-coding/annotated,2672
CDK9,7348,1374,8.56,16.3323,0.5453,protein-coding/annotated,2673
RAB20,7899,901,5.61,13.1542,0.5453,protein-coding/annotated,2673
WDR91,3216,1500,9.35,12.1539,0.5452,protein-coding/annotated,2675
C5AR1,17521,1058,6.59,8.5836,0.545,protein-coding/annotated,2676
NDUFB10,8063,4247,26.46,124.0287,0.5448,protein-coding/annotated,2677
MRPS23,15134,1665,10.38,35.1297,0.5447,protein-coding/annotated,2678
FAM133DP,26394,1325,8.26,3.3779,0.5446,protein-coding/annotated,2679
ZNHIT3,3517,2955,18.41,65.1429,0.5445,protein-coding/annotated,2680
G2E3,1971,2335,14.55,24.5663,0.5442,protein-coding/annotated,2681
CEP128,2369,1324,8.25,13.5254,0.544,pseudogene-like,2682
AKAP2,32099,3038,18.93,33.1204,0.5432,pseudogene-like,2683
TMEM68,12266,1120,6.98,13.5275,0.543,protein-coding/annotated,2684
PSMG3,10161,2551,15.9,53.4332,0.5428,protein-coding/annotated,2685
MMP24-AS1,5790,1139,7.1,7.1778,0.5427,protein-coding/annotated,2686
AC010441.1,43708,888,5.53,12.2572,0.5426,clone-named/lncRNA,2687
TAF9,1656,4051,25.24,110.164,0.5422,protein-coding/annotated,2688
IMPAD1,2907,1153,7.18,4.2777,0.5421,protein-coding/annotated,2689
C14orf159,6822,4435,27.64,63.6291,0.5419,protein-coding/annotated,2690
RP11-384C4.6,26091,830,5.17,13.5725,0.5419,clone-named/lncRNA,2690
RP11-574F21.2,25262,862,5.37,1.8723,0.5418,clone-named/lncRNA,2692
CTD-2547L24.3,38806,840,5.23,8.5475,0.5418,clone-named/lncRNA,2692
PBX3,12050,1157,7.21,12.312,0.5416,protein-coding/annotated,2694
TBCA,13127,3998,24.91,101.046,0.5414,protein-coding/annotated,2695
ZNF318,13103,968,6.03,4.059,0.5412,protein-coding/annotated,2696
TCAIM,14693,1027,6.4,11.6735,0.5411,protein-coding/annotated,2697
MRPL35,6574,994,6.19,12.3073,0.5401,protein-coding/annotated,2699
MAPK9,693,1065,6.64,4.8452,0.5401,protein-coding/annotated,2699
EXOSC7,1338,2328,14.51,43.9168,0.5401,protein-coding/annotated,2699
TAPBPL,7801,2771,17.27,57.2123,0.54,protein-coding/annotated,2701
SIPA1,20337,2582,16.09,44.9987,0.5398,protein-coding/annotated,2702
SLC39A14,2945,927,5.78,9.3988,0.5397,protein-coding/annotated,2703
TOPORS-AS1,29319,1666,10.38,23.6075,0.5394,protein-coding/annotated,2704
PPP2R2B,10012,1951,12.16,28.6637,0.5391,protein-coding/annotated,2705
MIS18A,10315,809,5.04,7.6543,0.5388,protein-coding/annotated,2706
RSAD1,7290,996,6.21,15.9324,0.5381,protein-coding/annotated,2707
EED,1267,3258,20.3,60.0952,0.538,protein-coding/annotated,2708
FAM118A,2296,3383,21.08,64.4486,0.5379,protein-coding/annotated,2709
LINC00843,14547,1135,7.07,1.2229,0.5378,clone-named/lncRNA,2710
XYLT1,2827,1970,12.28,7.7121,0.5377,protein-coding/annotated,2711
CTD-2006C1.2,21649,1609,10.03,14.2961,0.5376,clone-named/lncRNA,2712
FAAH2,11667,1634,10.18,18.8946,0.5373,protein-coding/annotated,2713
RAP2A,5635,1322,8.24,3.1452,0.5365,protein-coding/annotated,2714
WRNIP1,5553,873,5.44,6.4103,0.5363,pseudogene-like,2716
GOSR2,3541,2576,16.05,45.1579,0.5363,protein-coding/annotated,2716
RP11-325F22.2,30548,3899,24.3,85.3887,0.5363,clone-named/lncRNA,2716
FAM192A,13418,4858,30.27,104.0248,0.5361,protein-coding/annotated,2718
CCDC58,10449,1400,8.72,13.9457,0.5359,protein-coding/annotated,2719
RP11-98J23.2,17819,1124,7.0,8.9544,0.5356,clone-named/lncRNA,2720
RNF10,425,6511,40.57,170.5918,0.5354,protein-coding/annotated,2721
INO80C,9672,1307,8.14,19.7507,0.5353,protein-coding/annotated,2722
UBE2F,15750,3878,24.17,103.6974,0.5341,protein-coding/annotated,2723
RAB18,2091,3528,21.98,78.8069,0.5341,protein-coding/annotated,2723
UPRT,2017,935,5.83,13.5817,0.5339,protein-coding/annotated,2725
PSMG4,14997,1422,8.86,20.6359,0.5337,protein-coding/annotated,2726
MCM4,2960,1458,9.09,21.7718,0.5333,protein-coding/annotated,2728
CTD-2013N24.2,33063,1305,8.13,7.1685,0.5333,clone-named/lncRNA,2728
MYH11,6764,1694,10.56,2.5226,0.5333,protein-coding/annotated,2728
PRICKLE4,5566,2053,12.79,0.9065,0.5329,protein-coding/annotated,2730
RPAP1,2864,1663,10.36,26.0508,0.532,pseudogene-like,2731
AC010733.5,27665,1631,10.16,12.9988,0.5319,clone-named/lncRNA,2732
JUNB,13052,14130,88.05,1195.8521,0.5318,protein-coding/annotated,2733
GPD2,4385,1602,9.98,9.8479,0.5317,protein-coding/annotated,2734
RP11-1100L3.8,39589,4595,28.63,80.5349,0.5313,clone-named/lncRNA,2735
C22orf39,32206,3007,18.74,45.9122,0.5312,protein-coding/annotated,2736
RPS18,26957,15300,95.34,2914.239,0.5311,ribosomal protein,2737
PZP,5871,1831,11.41,2.824,0.5308,protein-coding/annotated,2738
CD180,6843,920,5.73,8.135,0.5307,protein-coding/annotated,2739
CNTROB,12767,1204,7.5,12.1535,0.5306,protein-coding/annotated,2740
F2RL2,11327,991,6.18,7.8598,0.5304,protein-coding/annotated,2742
SYVN1,10732,3396,21.16,63.4681,0.5304,protein-coding/annotated,2742
UBR7,326,2155,13.43,32.1346,0.5304,protein-coding/annotated,2742
KLHL18,4321,2162,13.47,28.9637,0.53,protein-coding/annotated,2744
CRYL1,11635,1089,6.79,15.8974,0.5299,protein-coding/annotated,2745
NDUFAF2,11317,1269,7.91,15.9634,0.5297,protein-coding/annotated,2746
IFITM2,16019,14011,87.31,1460.0217,0.5295,protein-coding/annotated,2747
ZNF266,13779,2937,18.3,56.8349,0.5291,protein-coding/annotated,2748
CHAF1A,12198,918,5.72,4.7332,0.5289,protein-coding/annotated,2749
ZNF827,9441,1417,8.83,11.2866,0.5287,protein-coding/annotated,2750
AARS2,5569,924,5.76,5.264,0.5286,protein-coding/annotated,2751
ZMAT1,11887,972,6.06,6.3788,0.5286,protein-coding/annotated,2751
UTP18,292,2761,17.2,47.4141,0.5284,pseudogene-like,2753
SLC25A35,5658,2004,12.49,7.8466,0.5273,protein-coding/annotated,2754
VIPAS39,9418,1010,6.29,13.8541,0.5273,protein-coding/annotated,2754
FAM172A,4193,2907,18.11,34.9897,0.5267,protein-coding/annotated,2756
GTF2IRD2B,13736,1320,8.23,8.5812,0.5263,protein-coding/annotated,2757
RP11-192H23.6,41865,1152,7.18,3.7868,0.5263,clone-named/lncRNA,2757
HK2,10373,1609,10.03,6.6724,0.5261,protein-coding/annotated,2759
TP53BP2,8434,1618,10.08,15.7351,0.526,pseudogene-like,2760
MPRIP,6712,3978,24.79,45.5108,0.5258,protein-coding/annotated,2761
CCR6,4083,1242,7.74,15.2016,0.5257,protein-coding/annotated,2762
POLE,14274,1497,9.33,15.6664,0.5255,protein-coding/annotated,2763
ENY2,5074,3869,24.11,109.149,0.5255,protein-coding/annotated,2763
COQ7,12079,1063,6.62,11.1438,0.5254,protein-coding/annotated,2766
SNHG9,36965,2801,17.45,43.9672,0.5254,protein-coding/annotated,2766
RNF40,2842,2561,15.96,41.6279,0.5254,protein-coding/annotated,2766
ITGB3BP,8303,1701,10.6,23.7984,0.5253,protein-coding/annotated,2769
FAM179A,17038,1640,10.22,12.3396,0.5253,protein-coding/annotated,2769
USMG5,13647,4443,27.69,165.3183,0.5253,protein-coding/annotated,2769
ATP5SL,3085,1799,11.21,34.783,0.5252,protein-coding/annotated,2771
AL627309.1,30651,1219,7.6,2.275,0.5249,clone-named/lncRNA,2772
TIMMDC1,4249,2977,18.55,68.7817,0.5247,protein-coding/annotated,2773
ETHE1,3194,2492,15.53,63.9326,0.5243,protein-coding/annotated,2774
NUDCD1,5073,1045,6.51,11.1092,0.5243,protein-coding/annotated,2774
ZNF75A,10713,1716,10.69,22.4411,0.5241,protein-coding/annotated,2776
FAM129C,12139,1386,8.64,10.2723,0.5239,protein-coding/annotated,2777
CD109,10024,872,5.43,1.3972,0.5236,protein-coding/annotated,2778
FOXRED1,3755,1342,8.36,15.4595,0.5235,protein-coding/annotated,2780
GMNN,4063,1682,10.48,30.1206,0.5235,protein-coding/annotated,2780
RP11-25K19.1,12268,1332,8.3,14.6162,0.5235,clone-named/lncRNA,2780
RP11-7D5.2,20773,864,5.38,0.2779,0.5231,clone-named/lncRNA,2782
RP11-458N5.1,44896,1299,8.09,14.8151,0.5231,clone-named/lncRNA,2782
OASL,7031,4560,28.41,129.0661,0.5229,protein-coding/annotated,2784
COPS8,17939,2754,17.16,51.9812,0.5228,protein-coding/annotated,2785
INPP5K,6586,2991,18.64,53.7869,0.5225,protein-coding/annotated,2786
SF3A1,2162,8058,50.21,84.6619,0.5219,protein-coding/annotated,2787
RPS11P5,27777,4285,26.7,6.5719,0.5207,ribosomal protein,2788
HAUS4,1962,2202,13.72,30.9735,0.5206,protein-coding/annotated,2789
NAPRT1,9037,3221,20.07,86.6931,0.5202,protein-coding/annotated,2790
GEMIN4,14741,872,5.43,7.3176,0.5199,protein-coding/annotated,2791
RSPRY1,10389,2788,17.37,35.7441,0.5198,protein-coding/annotated,2792
HSPE1,4462,7845,48.88,365.7679,0.5195,protein-coding/annotated,2793
SPI1,979,1241,7.73,3.7043,0.5195,protein-coding/annotated,2793
CCDC167,18106,2290,14.27,58.5078,0.5193,protein-coding/annotated,2795
NCEH1,8661,980,6.11,5.8684,0.5188,protein-coding/annotated,2796
AC024592.12,43008,4331,26.99,2.1177,0.5188,clone-named/lncRNA,2796
RP11-219G10.1,32171,855,5.33,0.3003,0.5185,clone-named/lncRNA,2798
THOP1,13244,1150,7.17,14.5115,0.5182,pseudogene-like,2799
NABP1,13578,6349,39.56,126.4,0.5181,pseudogene-like,2800
AC104820.2,28836,1885,11.75,19.9355,0.5171,clone-named/lncRNA,2801
HDDC2,3995,2326,14.49,54.5447,0.5165,protein-coding/annotated,2802
RP11-18I14.10,43698,1723,10.74,20.3984,0.5164,clone-named/lncRNA,2803
INTS12,7756,1300,8.1,20.6548,0.5163,protein-coding/annotated,2804
SNAI3,16133,869,5.42,13.6699,0.5159,protein-coding/annotated,2805
ZDHHC13,14270,1649,10.28,19.1005,0.5157,protein-coding/annotated,2806
PLCG1,5483,3691,23.0,54.2974,0.5156,protein-coding/annotated,2807
RP11-296O14.3,18668,1012,6.31,7.9629,0.5155,clone-named/lncRNA,2808
CDIPT,2832,896,5.58,10.6857,0.5151,protein-coding/annotated,2809
BID,363,2816,17.55,65.162,0.5147,protein-coding/annotated,2810
HLA-DRB5,17900,9811,61.14,176.9575,0.5143,protein-coding/annotated,2811
PPFIA1,6480,1797,11.2,15.8927,0.514,protein-coding/annotated,2812
VPS33B,15723,1009,6.29,15.5998,0.5139,protein-coding/annotated,2813
GPD1L,9582,888,5.53,8.4588,0.5139,protein-coding/annotated,2813
GRAMD1B,428,849,5.29,3.0993,0.5131,protein-coding/annotated,2815
DBF4P1,29339,824,5.13,0.5288,0.5129,pseudogene-like,2816
ENTPD4,17465,4140,25.8,63.9362,0.5129,protein-coding/annotated,2816
ILVBL,3041,1524,9.5,23.8044,0.5121,protein-coding/annotated,2818
GMEB1,10760,1347,8.39,14.8125,0.5117,protein-coding/annotated,2819
PANK2,5720,1025,6.39,6.4577,0.5117,protein-coding/annotated,2819
TARS2,8395,1483,9.24,21.2465,0.5114,protein-coding/annotated,2821
VARS,18897,1228,7.65,11.0671,0.5114,protein-coding/annotated,2821
HNRNPA1P12,21695,957,5.96,0.2908,0.5112,pseudogene-like,2823
RP11-486O12.2,33337,1204,7.5,0.59,0.511,clone-named/lncRNA,2824
INSIG2,5688,1762,10.98,20.7985,0.5107,protein-coding/annotated,2825
DBF4,150,3028,18.87,49.3337,0.5107,protein-coding/annotated,2825
FBXO32,10047,1386,8.64,13.1727,0.5105,protein-coding/annotated,2827
AC006129.2,43136,3652,22.76,61.5151,0.5102,clone-named/lncRNA,2828
CALML4,6102,1010,6.29,5.2,0.5101,protein-coding/annotated,2829
TGDS,1786,1228,7.65,15.3277,0.51,protein-coding/annotated,2830
GPATCH3,17997,906,5.65,12.0618,0.5097,protein-coding/annotated,2831
KLC2,13851,1012,6.31,5.6937,0.5096,protein-coding/annotated,2832
PRKAG1,15194,2593,16.16,58.499,0.5091,protein-coding/annotated,2833
SCMH1,274,1276,7.95,10.8062,0.5091,protein-coding/annotated,2833
ZZZ3,539,2043,12.73,26.1232,0.5089,protein-coding/annotated,2835
TOPBP1,11162,1467,9.14,11.3444,0.5088,pseudogene-like,2836
RNF139,12961,1802,11.23,30.7392,0.5083,protein-coding/annotated,2837
SLC5A6,7613,2251,14.03,29.5471,0.5082,protein-coding/annotated,2838
RMND1,9939,1055,6.57,11.7231,0.5082,protein-coding/annotated,2838
DNAJB4,10807,2506,15.62,34.882,0.5081,protein-coding/annotated,2840
TTC33,4223,1002,6.24,11.0933,0.5071,protein-coding/annotated,2841
GALNT7,3695,1091,6.8,9.1985,0.507,protein-coding/annotated,2842
TRUB2,12063,1404,8.75,18.5151,0.5067,protein-coding/annotated,2843
MRPL33,32534,3499,21.8,89.0142,0.5067,protein-coding/annotated,2843
RHOT1,5873,1308,8.15,11.917,0.5066,protein-coding/annotated,2845
AGFG1,13617,1990,12.4,16.6413,0.5062,protein-coding/annotated,2846
SF3A3,15555,3997,24.91,92.3743,0.5061,protein-coding/annotated,2847
EXOSC9,5434,2984,18.59,51.0884,0.5061,protein-coding/annotated,2847
ZMYM6NB,32758,2952,18.39,76.5099,0.5058,protein-coding/annotated,2849
RP11-123C21.2,44377,962,5.99,11.6228,0.5055,clone-named/lncRNA,2850
STK11IP,8604,1850,11.53,27.2757,0.5054,protein-coding/annotated,2851
YARS2,7783,1242,7.74,20.2874,0.5054,protein-coding/annotated,2851
ZNF333,10585,1591,9.91,14.7006,0.5053,protein-coding/annotated,2853
AMDHD2,10707,1491,9.29,24.8702,0.5052,protein-coding/annotated,2854
HDHD1,6207,972,6.06,13.0821,0.5051,protein-coding/annotated,2855
IL2RB,2299,8122,50.61,202.3834,0.5047,protein-coding/annotated,2856
CTD-2020K17.1,42534,1107,6.9,7.9192,0.5046,clone-named/lncRNA,2857
GPN3,3876,1179,7.35,18.6305,0.5045,protein-coding/annotated,2858
TP53I13,12155,2737,17.06,49.917,0.5044,protein-coding/annotated,2859
WARS2,4650,1371,8.54,21.0199,0.5042,protein-coding/annotated,2860
SLC17A5,4986,1229,7.66,9.9152,0.5038,protein-coding/annotated,2861
IFT20,3644,1780,11.09,31.8943,0.5035,protein-coding/annotated,2862
AMICA1,10527,4874,30.37,155.5325,0.503,protein-coding/annotated,2863
URI1,3049,1398,8.71,7.7363,0.502,protein-coding/annotated,2864
AC092299.8,44923,1625,10.13,3.1116,0.5018,clone-named/lncRNA,2865
MTAP,2124,1279,7.97,15.906,0.5017,protein-coding/annotated,2866
DTNB,7624,2070,12.9,29.4312,0.5016,protein-coding/annotated,2867
SAMD3,11397,4030,25.11,106.5953,0.5013,protein-coding/annotated,2868
NARS,6915,3588,22.36,67.3482,0.5012,protein-coding/annotated,2869
RBM23,2325,3731,23.25,69.2789,0.5011,protein-coding/annotated,2870
CTD-2228K2.5,16748,872,5.43,10.3663,0.5009,clone-named/lncRNA,2871
NUP93,2726,3233,20.15,62.446,0.5005,pseudogene-like,2872
TRAC,25570,11303,70.43,1093.7671,0.5005,receptor constant/other,2872
TMEM106B,3317,2223,13.85,28.5516,0.5004,protein-coding/annotated,2874
PIGA,11581,1043,6.5,12.5198,0.5004,protein-coding/annotated,2874
UBP1,9685,1489,9.28,8.0137,0.5002,pseudogene-like,2876
CLEC7A,13294,1574,9.81,26.0673,0.4997,protein-coding/annotated,2877
SIRT6,1396,1354,8.44,14.8011,0.4996,protein-coding/annotated,2878
NT5C3A,5303,4129,25.73,81.599,0.4995,protein-coding/annotated,2879
POTEG,21946,1079,6.72,0.0887,0.4994,protein-coding/annotated,2880
BOLA3,10972,1626,10.13,28.1756,0.4993,protein-coding/annotated,2881
SYPL1,213,2923,18.21,70.4005,0.4992,protein-coding/annotated,2882
NAA15,11299,3966,24.71,47.2393,0.4986,protein-coding/annotated,2883
GTF2E2,17481,1010,6.29,10.0749,0.4983,protein-coding/annotated,2884
ZNRD1-AS1,19001,1394,8.69,4.6861,0.4979,protein-coding/annotated,2885
ARHGEF39,7430,1153,7.18,7.1411,0.4978,protein-coding/annotated,2886
MON1B,2765,2959,18.44,39.864,0.4977,protein-coding/annotated,2887
NBPF2P,24323,2008,12.51,1.4103,0.4977,protein-coding/annotated,2887
RAD23B,4900,1391,8.67,5.5149,0.4976,protein-coding/annotated,2889
FUK,10116,856,5.33,8.7807,0.4973,protein-coding/annotated,2890
RUSC1,10548,1006,6.27,13.8106,0.4972,protein-coding/annotated,2891
GALNT11,14515,2500,15.58,29.9359,0.4971,protein-coding/annotated,2892
AMIGO2,7807,912,5.68,9.012,0.4971,protein-coding/annotated,2892
NECAP1,1862,2660,16.58,48.4709,0.497,pseudogene-like,2894
MOSPD2,6221,1095,6.82,11.4084,0.4968,protein-coding/annotated,2895
RAB11FIP3,1896,1077,6.71,5.1725,0.4967,pseudogene-like,2896
NMT2,9559,2075,12.93,19.7446,0.4964,protein-coding/annotated,2897
MBIP,9403,1324,8.25,19.4697,0.4962,protein-coding/annotated,2898
PDRG1,1781,1257,7.83,20.5509,0.4955,protein-coding/annotated,2899
TNIP3,692,2014,12.55,24.3422,0.4954,pseudogene-like,2900
ABCB7,6435,1664,10.37,24.8742,0.495,protein-coding/annotated,2902
LPCAT4,14142,1608,10.02,10.8346,0.495,protein-coding/annotated,2902
AC093616.4,28591,2716,16.92,22.2052,0.495,clone-named/lncRNA,2902
C12orf5,1425,1503,9.37,24.7997,0.4949,protein-coding/annotated,2904
RBM5,42,7570,47.17,192.8037,0.4948,protein-coding/annotated,2905
MPV17L2,36707,907,5.65,12.8904,0.4948,protein-coding/annotated,2905
TRNAU1AP,14864,2669,16.63,39.1618,0.4946,protein-coding/annotated,2907
ST3GAL3,5798,1437,8.95,14.4367,0.4943,protein-coding/annotated,2908
AC068580.6,29042,1843,11.48,0.5898,0.4936,clone-named/lncRNA,2909
KIF16B,1835,841,5.24,3.0735,0.4936,protein-coding/annotated,2909
HNRNPA3P5,29983,1245,7.76,2.8386,0.4934,pseudogene-like,2911
SEC14L1,6177,4328,26.97,72.138,0.4925,protein-coding/annotated,2912
NPHP3,4257,1164,7.25,8.5565,0.4925,pseudogene-like,2912
TCEAL8,15027,1640,10.22,29.4328,0.4924,protein-coding/annotated,2914
INIP,9066,2054,12.8,21.6056,0.4923,protein-coding/annotated,2915
SLCO4A1,2464,1234,7.69,13.4394,0.492,protein-coding/annotated,2916
CRTAP,12817,3155,19.66,57.0772,0.4919,protein-coding/annotated,2917
RNF169,11890,931,5.8,2.734,0.4917,protein-coding/annotated,2918
IL6ST,6904,5720,35.64,84.4415,0.4913,protein-coding/annotated,2919
SGOL1,6188,818,5.1,7.7337,0.4912,protein-coding/annotated,2920
FDPS,10547,3609,22.49,105.8612,0.4907,protein-coding/annotated,2921
ZNF7,9034,2051,12.78,31.1221,0.4907,protein-coding/annotated,2921
NTPCR,7164,2185,13.62,28.447,0.4906,protein-coding/annotated,2923
HMGN2,18040,11653,72.61,695.9045,0.4906,protein-coding/annotated,2923
IL4R,1384,4086,25.46,27.7902,0.4905,protein-coding/annotated,2925
ITGAE,1603,4989,31.09,132.0823,0.4903,protein-coding/annotated,2926
CPSF3L,5891,3848,23.98,80.5826,0.4902,protein-coding/annotated,2927
RNF219,9517,991,6.18,7.3853,0.4901,protein-coding/annotated,2928
HEBP1,344,879,5.48,10.9907,0.4897,pseudogene-like,2929
ANXA2,15382,7578,47.22,444.8673,0.4893,protein-coding/annotated,2931
HLA-F-AS1,20960,1875,11.68,8.9346,0.4893,protein-coding/annotated,2931
FAM188A,9116,1331,8.29,14.5317,0.4893,protein-coding/annotated,2931
CHKA,3821,1298,8.09,6.9052,0.4893,protein-coding/annotated,2931
RP11-254B13.4,28476,3054,19.03,33.1169,0.4891,clone-named/lncRNA,2934
URGCP,3340,907,5.65,9.3635,0.4886,protein-coding/annotated,2935
NUP54,7741,2375,14.8,39.1231,0.4885,pseudogene-like,2936
TBC1D3,17617,1154,7.19,3.5991,0.4885,protein-coding/annotated,2936
PYROXD1,5168,2485,15.48,25.7417,0.4883,protein-coding/annotated,2939
SLC38A2,6890,8491,52.91,155.6747,0.4883,protein-coding/annotated,2939
METTL23,15050,3403,21.21,95.0696,0.4883,protein-coding/annotated,2939
SLC9A6,17966,944,5.88,4.7604,0.4882,protein-coding/annotated,2941
YES1,14063,986,6.14,7.7071,0.4882,protein-coding/annotated,2941
DNAJC17,2880,1647,10.26,28.9378,0.4878,protein-coding/annotated,2943
BCORL1,1654,872,5.43,2.1205,0.4873,protein-coding/annotated,2944
ZNF431,17300,1891,11.78,19.0676,0.4872,protein-coding/annotated,2945
MCFD2,14921,2341,14.59,33.3153,0.487,protein-coding/annotated,2946
VPS52,22235,2548,15.88,41.2755,0.4869,protein-coding/annotated,2947
PDSS2,11401,1225,7.63,14.4824,0.4869,protein-coding/annotated,2947
IDE,4989,2114,13.17,23.4914,0.4868,protein-coding/annotated,2949
MNDA,11085,1219,7.6,21.498,0.4861,protein-coding/annotated,2950
SDR39U1,2321,4758,29.65,124.3939,0.4855,protein-coding/annotated,2951
RP11-295P9.3,31239,1688,10.52,14.0361,0.4853,clone-named/lncRNA,2952
AC002055.4,15787,1876,11.69,15.0387,0.4853,clone-named/lncRNA,2952
FANCI,8001,1627,10.14,16.4281,0.4852,protein-coding/annotated,2954
NPIPB8,37212,896,5.58,0.7465,0.4852,protein-coding/annotated,2954
ACTR5,2534,1043,6.5,11.9844,0.485,protein-coding/annotated,2956
SFXN2,10001,1095,6.82,10.6919,0.485,protein-coding/annotated,2956
DAPK2,528,1401,8.73,19.4344,0.4849,protein-coding/annotated,2958
ZNF346,4241,1157,7.21,14.0227,0.4848,protein-coding/annotated,2960
TADA1,9544,1087,6.77,17.6233,0.4848,protein-coding/annotated,2960
ZNF611,20090,2492,15.53,21.6029,0.4848,protein-coding/annotated,2960
PDK2,108,1221,7.61,19.0265,0.4846,protein-coding/annotated,2963
TUBB,17123,7131,44.44,270.117,0.4846,protein-coding/annotated,2963
NET1,13633,882,5.5,5.9987,0.4846,protein-coding/annotated,2963
ATRN,1796,988,6.16,2.6753,0.4846,protein-coding/annotated,2963
LINC00894,29465,902,5.62,6.5558,0.4844,clone-named/lncRNA,2966
ASTE1,519,1383,8.62,17.6519,0.4844,protein-coding/annotated,2966
TTC38,1304,1837,11.45,23.8459,0.4843,protein-coding/annotated,2969
ZNF277,18047,1554,9.68,26.4769,0.4843,protein-coding/annotated,2969
MYO9A,1001,1996,12.44,18.8563,0.4843,protein-coding/annotated,2969
FUNDC2,11712,3504,21.83,81.4512,0.4841,protein-coding/annotated,2971
H2AFZP3,21512,1288,8.03,1.8455,0.4838,pseudogene-like,2972
SIPA1L3,3192,2139,13.33,10.7528,0.4836,protein-coding/annotated,2973
GOSR1,3569,3466,21.6,40.6763,0.4836,protein-coding/annotated,2973
LRRC37B,16007,1856,11.57,16.6274,0.4831,protein-coding/annotated,2975
CD226,9332,1785,11.12,30.8382,0.4829,protein-coding/annotated,2976
TP53I11,13904,1987,12.38,29.0852,0.4828,protein-coding/annotated,2977
NDUFB1,15616,3269,20.37,80.4565,0.4825,protein-coding/annotated,2978
ZEB2-AS1,30875,901,5.61,4.0459,0.4825,protein-coding/annotated,2978
NDUFV1,12243,5767,35.94,197.3618,0.4824,protein-coding/annotated,2980
ANTXRLP1,32676,1465,9.13,17.4858,0.4822,pseudogene-like,2981
RFK,7009,1273,7.93,19.9054,0.4821,protein-coding/annotated,2982
RP11-165F24.3,24411,807,5.03,6.2139,0.4821,clone-named/lncRNA,2982
VEZT,475,3195,19.91,42.5866,0.4819,protein-coding/annotated,2984
BTRC,11814,1336,8.33,13.7248,0.4818,protein-coding/annotated,2985
TOX2,5484,1482,9.23,10.4129,0.4815,protein-coding/annotated,2986
ARID3A,4532,1798,11.2,2.9562,0.4812,protein-coding/annotated,2987
RP11-390F4.8,26409,2875,17.92,32.8107,0.4811,clone-named/lncRNA,2988
PET117,27744,1179,7.35,16.3337,0.4811,protein-coding/annotated,2988
ACOX1,10632,2467,15.37,20.0842,0.4808,protein-coding/annotated,2990
EPB41L3,1574,850,5.3,3.266,0.4807,protein-coding/annotated,2991
USP8,7699,4079,25.42,70.4843,0.4806,pseudogene-like,2992
RPS3,9203,15832,98.65,3660.5928,0.4803,ribosomal protein,2993
SLC19A1,13597,1192,7.43,9.3582,0.4801,protein-coding/annotated,2995
SLC30A5,8755,1397,8.71,13.1364,0.4801,protein-coding/annotated,2995
FANCL,4435,2327,14.5,23.3861,0.4801,protein-coding/annotated,2995
CUEDC2,3473,3006,18.73,75.1822,0.4801,protein-coding/annotated,2995
AGAP3,6782,987,6.15,8.7325,0.4798,pseudogene-like,2998
FAM120C,15728,1110,6.92,5.7945,0.4798,protein-coding/annotated,2998
LHPP,3477,1641,10.23,9.9932,0.4797,protein-coding/annotated,3000
