gene,cells_detected,mean_tpm,norm_dispersion_z,rank,selected_default_floor1pct_n2000
IGHG4,862,58.8027,10.5349,1,True
IGHG2,983,141.6769,10.0682,2,True
IGLL5,667,50.0905,9.0647,3,True
IGLC1,779,660.695,7.0917,4,True
IGLC2,874,1141.5519,7.0861,5,True
CXCL10,356,81.8737,6.8524,6,True
IGKC,2548,4082.4553,6.8325,7,True
IGLC3,952,814.2724,6.8252,8,True
PTGDS,307,69.4809,6.6455,9,True
IL8,982,76.8469,6.1937,10,True
CCL18,172,12.6207,6.1574,11,True
IGHG1,1826,1561.6056,6.0335,12,True
MT1H,257,37.6223,5.8744,13,True
CCL2,501,86.6379,5.8273,14,True
RNASE1,443,68.8645,5.7848,15,True
CCL20,364,24.0337,5.721,16,True
MT1G,467,84.2441,5.7082,17,True
IL1RN,1005,69.1342,5.6743,18,True
IGHA1,858,329.3224,5.6646,19,True
RNA5SP483,247,45.0309,5.4464,20,True
IGHG3,1078,166.7616,5.3766,21,True
IL1B,924,109.3716,5.1532,22,True
CTSL,1337,72.9688,5.132,23,True
IGHA2,552,167.0803,5.0612,24,True
AC139149.1,354,38.3366,5.018,25,True
IGLC7,379,13.4839,5.0041,26,True
CTSK,573,9.9712,4.9984,27,True
RN7SK,1803,93.1883,4.9839,28,True
IGLC6,162,2.9468,4.9392,29,True
SEPP1,297,13.2444,4.7601,30,True
CXCL2,698,48.8271,4.7113,31,True
CTD-2328D6.1,9484,58.7676,4.6944,32,True
S100A9,1163,116.866,4.666,33,True
C15orf48,925,51.4592,4.5331,34,True
AC096579.7,1718,103.073,4.5032,35,True
FBP1,1079,90.9222,4.4873,36,True
IGFBP3,342,10.0294,4.4646,37,True
IFI27,556,38.214,4.4347,38,True
HSPA6,1553,83.4037,4.3875,39,True
IGHM,2128,397.8289,4.3545,40,True
IL10,723,19.6052,4.3256,41,True
APOBEC3A,569,28.3254,4.3161,42,True
RNA5SP151,488,43.2718,4.3064,43,True
S100A8,861,62.2127,4.3042,44,True
SPP1,767,371.8323,4.2859,45,True
RNU6-190P,323,34.4783,4.2166,46,True
ISCA1P1,911,19.9395,4.1514,47,True
RNU6-136P,211,27.3245,4.1473,48,True
SERPINF1,789,46.1893,4.0768,49,True
FN1,820,41.0797,4.0604,50,True
APOC1,562,35.4195,4.034,51,True
LILRA4,600,32.7666,4.0316,52,True
IGJ,1428,311.8566,4.0,53,True
SNORD13,331,31.6005,3.9942,54,True
AC006483.1,624,97.0395,3.9559,55,True
MIR5047,854,49.3487,3.9495,56,True
C1QB,774,90.5279,3.9224,57,True
MT-RNR2,16048,97321.0694,3.9165,58,True
CXCL3,538,30.6106,3.9082,59,True
MARCO,707,43.7456,3.8466,60,True
CD14,1244,139.3898,3.767,61,True
RNU6-118P,247,24.7474,3.7583,62,True
CD163,1037,41.7131,3.7486,63,True
FTL,14621,3004.404,3.7098,64,True
THBS1,696,22.6651,3.7027,65,True
C1QC,732,48.1439,3.7019,66,True
C1QA,779,64.1567,3.6992,67,True
RP11-1143G9.4,1642,476.3529,3.6932,68,True
FCN1,939,77.3807,3.6793,69,True
AL928768.3,305,14.5428,3.6394,70,True
RNU6-60P,262,22.9736,3.6097,71,True
AC138123.2,233,19.933,3.5382,72,True
LA16c-17H1.3,170,15.5284,3.4903,73,True
MYOM2,269,7.6694,3.4655,74,True
RNU6-946P,422,36.8177,3.4078,75,True
AL512428.1,216,19.9001,3.3929,76,True
SDS,325,10.86,3.3875,77,True
CXCL5,232,4.0576,3.3594,78,True
TCL1A,962,79.841,3.346,79,True
FCER1A,193,7.8408,3.3456,80,True
PMCH,220,9.1373,3.342,81,True
RNU6-1152P,229,17.2443,3.3283,82,True
RNU4-2,307,18.1244,3.3096,83,True
S100B,327,13.1943,3.3092,84,True
ADM,589,21.6844,3.303,85,True
IGHGP,856,17.3326,3.2457,86,True
RNU6-450P,280,23.6019,3.238,87,True
FGFBP2,752,62.215,3.2145,88,True
RMRP,237,7.2248,3.2019,89,True
RP11-328L11.1,192,8.9421,3.1974,90,True
XCL2,1636,99.5313,3.1966,91,True
IDO1,277,12.9416,3.1884,92,True
G0S2,976,177.3435,3.1758,93,True
HSPA1A,6868,765.445,3.1531,94,True
RP11-733D4.2,215,6.7724,3.1365,95,True
CCL3L1,1600,67.4204,3.1296,96,True
RNA5SP216,353,18.3155,3.1188,97,True
MIR600HG,293,4.5559,3.1177,98,True
RNU6-514P,265,24.6209,3.1049,99,True
MT1E,1617,39.9961,3.1005,100,True
GNLY,2805,815.6097,3.0992,101,True
MIR3918,229,17.9996,3.0907,102,True
AC010095.7,528,0.5125,3.0844,103,True
MIR3661,378,23.5933,3.0412,104,True
CCL22,186,3.6135,3.0044,105,True
CD74,15078,5357.0634,2.9857,106,True
MIR3652,1033,21.5658,2.9204,107,True
TGFBI,1910,108.3112,2.9083,108,True
FTH1,15040,3112.2002,2.9046,109,True
PLAUR,1760,110.6303,2.9026,110,True
OSM,1057,35.4538,2.8595,111,True
ORM1,208,1.0422,2.8491,112,True
RNU5F-1,179,11.131,2.8396,113,True
SNORD89,362,22.1997,2.8313,114,True
RNU6-151P,270,19.7251,2.8304,115,True
GPNMB,768,30.6879,2.8273,116,True
C3,404,10.76,2.8251,117,True
MS4A1,1751,148.5411,2.8189,118,True
RNA5SP477,225,15.2556,2.8133,119,True
CCL4,6788,1153.177,2.7911,120,True
AL353629.1,163,9.7284,2.788,121,True
LYZ,1698,315.1657,2.7657,122,True
HLA-DRA,8741,1958.5823,2.7501,123,True
NUPR1,229,5.8393,2.7456,124,True
AC010609.1,355,24.5558,2.7334,125,True
MT1X,2063,75.3377,2.719,126,True
CCL4L1,6299,359.9693,2.716,127,True
RNU4-62P,378,20.9434,2.6938,128,True
TIMP1,2485,220.1396,2.6713,129,True
MIPOL1,1495,0.2889,2.6668,130,True
RNU4-40P,822,40.9935,2.625,131,True
PMEL,207,2.5655,2.6046,132,True
KLRC1,1442,35.6856,2.5655,133,True
RNA5SP37,663,33.4705,2.5651,134,True
RP3-365I19.2,613,26.7442,2.5587,135,True
IFIT3,1256,31.8353,2.5451,136,True
CTSB,7600,701.1172,2.5399,137,True
VCAN,971,25.9891,2.5134,138,True
IFI30,3633,498.0414,2.5114,139,True
MIR142,1894,9.2839,2.5054,140,True
OPHN1,891,0.6078,2.4798,141,True
UBE2C,778,34.6639,2.4757,142,True
IFIT2,1124,21.2132,2.4674,143,True
CD1C,503,18.4718,2.4545,144,True
SAT1,12197,2231.2164,2.4521,145,True
FCGR3A,2098,120.2304,2.4494,146,True
RP11-809F4.2,469,0.223,2.4443,147,True
AC140076.1,187,1.8391,2.4258,148,True
HSPA7,1165,7.5955,2.4203,149,True
HSPA1B,6325,539.6692,2.4186,150,True
CLU,662,27.3521,2.4175,151,True
VPREB3,658,33.1405,2.4076,152,True
PLTP,732,18.6298,2.4012,153,True
NAPSB,1961,116.199,2.3869,154,True
RRM2,1072,43.683,2.3813,155,True
CA2,407,5.5933,2.3795,156,True
VSIG4,766,31.6744,2.3665,157,True
TNFRSF10C,245,0.8528,2.3612,158,True
FOLR2,364,14.1673,2.3544,159,True
S100A12,190,5.6562,2.3513,160,True
RP3-486D24.1,176,0.2063,2.35,161,True
IL2RA,1439,37.0212,2.3498,162,True
IFITM3,6881,108.9098,2.3492,163,True
DNAJB1,12440,1247.9755,2.3479,164,True
CXCL13,2980,364.9296,2.3476,165,True
CKB,182,4.3994,2.3473,166,True
KLRF1,461,19.5989,2.3469,167,True
IER3,1490,38.6881,2.3411,168,True
TNFAIP6,207,3.1022,2.3381,169,True
AC068137.13,256,0.238,2.3377,170,True
TSSK3,188,1.6468,2.3377,171,True
FCER2,974,41.1876,2.3348,172,True
ABCC9,279,0.1877,2.3257,173,True
B2M,16045,29668.9968,2.3223,174,True
IL21,242,6.4144,2.3076,175,True
RP11-467J12.1,265,0.2014,2.3049,176,True
SERPINA1,1418,75.6219,2.2928,177,True
TNFRSF4,1870,59.8098,2.2856,178,True
AC083862.1,228,9.0735,2.2774,179,True
KIR2DL4,1177,47.6478,2.2618,180,True
GZMB,5054,797.4602,2.2532,181,True
SERPINE2,434,9.0966,2.2509,182,True
CCL3,3907,445.337,2.2426,183,True
RP11-330A16.1,248,12.1399,2.2424,184,True
DNAJA4,2870,65.7609,2.231,185,True
CPVL,1193,32.6492,2.2308,186,True
LMNA,4296,146.2716,2.2264,187,True
RP11-89M16.1,513,1.4081,2.2165,188,True
SNORA6,177,6.8206,2.2163,189,True
SNORD118,989,39.9721,2.2099,190,True
TNF,3171,90.7781,2.2068,191,True
CEP97,1122,13.7643,2.2052,192,True
MMP19,614,6.9304,2.2043,193,True
CD9,1057,32.8342,2.1945,194,True
FCGR2A,1518,42.212,2.1852,195,True
FCRL1,1117,39.9828,2.1635,196,True
CD1E,202,3.9265,2.1628,197,True
IL6,358,11.1206,2.1512,198,True
UTS2B,295,0.4244,2.1463,199,True
HIST1H4C,2450,123.3161,2.1427,200,True
SNORA10,234,6.8668,2.1422,201,True
CD22,1338,56.944,2.1376,202,True
RNU2-2P,3829,134.9314,2.1363,203,True
IFIT1,726,24.2599,2.1304,204,True
TREM1,984,34.9938,2.1175,205,True
RP11-603B24.1,484,15.3524,2.1142,206,True
SNORA71B,235,10.362,2.1083,207,True
LAIR2,858,26.9619,2.0979,208,True
AREG,2687,109.675,2.0967,209,True
RP11-248J23.5,253,0.7132,2.0965,210,True
RGS1,11982,2693.764,2.0894,211,True
SERPINH1,1252,24.3552,2.0884,212,True
C1orf132,2072,5.782,2.0858,213,True
RP5-887A10.1,174,6.0176,2.0779,214,True
RP11-927P21.9,226,10.5756,2.0772,215,True
SCARNA9,606,7.3112,2.0754,216,True
RP11-439L8.2,392,0.2803,2.0728,217,True
PLA2G6,1931,35.1282,2.0665,218,True
CD160,676,20.6192,2.0653,219,True
TMEM176B,729,30.2162,2.0636,220,True
CD83,4087,141.6213,2.0625,221,True
HILPDA,572,12.6171,2.0413,222,True
EIF4A1P5,277,0.1221,2.04,223,True
CCL3L3,2073,26.8123,2.0387,224,True
CST3,1921,187.7474,2.0387,225,True
TPRG1,816,17.0689,2.0385,226,True
KLRC2,1586,34.6765,2.0295,227,True
APOE,568,13.9176,2.028,228,True
XCL1,1775,31.8832,2.0276,229,True
HSF4,212,2.6823,2.0242,230,True
CD19,1333,51.9743,2.0222,231,True
RYR2,344,1.0151,2.0205,232,True
LGMN,1312,31.0038,2.0171,233,True
RNU1-125P,1203,56.7063,2.0133,234,True
PLD4,791,25.432,2.013,235,True
RPS27AP2,390,0.7,2.0029,236,True
DNASE1L3,343,8.8065,1.9942,237,True
NEIL1,643,19.1328,1.994,238,True
AC126365.1,161,0.324,1.9845,239,True
ACTG2,250,2.7989,1.9819,240,True
SNORA70G,1129,46.5748,1.9762,241,True
RNU4ATAC16P,190,7.8516,1.9744,242,True
RNU4-24P,211,8.0019,1.9702,243,True
RNU4-51P,304,13.1767,1.9666,244,True
GDI2P1,224,0.186,1.963,245,True
FAM26F,1335,40.6653,1.9578,246,True
NKG7,8348,1822.6839,1.9527,247,True
CTD-2561J22.2,429,1.1278,1.951,248,True
MEST,257,4.9644,1.9491,249,True
RP11-2F9.3,1102,1.2609,1.9482,250,True
RNU4ATAC,162,6.5454,1.943,251,True
GSN,1745,52.6809,1.9408,252,True
BCS1L,1183,35.8414,1.9393,253,True
ISG15,6960,506.3326,1.9378,254,True
CFP,822,26.6391,1.9368,255,True
RNVU1-6,200,5.4098,1.9341,256,True
SAP30L,496,5.9515,1.9327,257,True
ELL3,394,7.247,1.9279,258,True
RP11-646D13.1,220,0.5189,1.919,259,True
DNAJC18,638,14.3521,1.9134,260,True
CCNB1,766,23.9934,1.9104,261,True
CCR8,620,19.7196,1.9092,262,True
EPN2,813,14.0318,1.9048,263,True
LINC00892,551,20.87,1.8983,264,True
GLA,2963,111.1978,1.8972,265,True
LINC00338,457,7.1748,1.8901,266,True
RNA5SP155,222,8.4738,1.8898,267,True
ACTG1P1,288,0.6044,1.8893,268,True
MUTYH,1486,41.0253,1.8884,269,True
HLA-DPA1,10222,1249.8128,1.8869,270,True
FCGR2B,1517,39.7982,1.8855,271,True
RP4-764D2.1,187,0.0867,1.8767,272,True
ZNF683,1450,44.1634,1.8705,273,True
RP11-407N17.6,257,0.1158,1.8654,274,True
NCR3,1009,40.1929,1.8613,275,True
RP11-686G8.1,212,1.1287,1.8608,276,True
CD79B,2773,126.9654,1.8604,277,True
HPGD,546,13.8855,1.8585,278,True
SNORA7A,284,7.666,1.8556,279,True
ZFAND2A,2566,87.7335,1.8506,280,True
VCAM1,2388,75.7795,1.8503,281,True
RP1-257A7.5,2046,72.243,1.8437,282,True
IL4I1,1171,26.261,1.8434,283,True
HNRNPA1P46,175,0.1217,1.8408,284,True
OLR1,884,18.7111,1.84,285,True
AC011290.5,489,0.569,1.8377,286,True
MTRNR2L4,217,0.2029,1.8348,287,True
FXYD2,474,13.2733,1.8294,288,True
KIR2DS4,374,6.2309,1.8285,289,True
TNFAIP2,1166,22.834,1.8275,290,True
TGM2,739,6.6308,1.825,291,True
RN7SL306P,342,11.0029,1.8243,292,True
SNORA84,176,6.8429,1.823,293,True
SPIB,1180,36.4335,1.8215,294,True
TKTL1,168,4.0742,1.8189,295,True
AC092106.1,192,0.1985,1.8151,296,True
CH25H,483,13.5007,1.8111,297,True
MAP2K4P1,170,0.9203,1.8102,298,True
FOS,11157,1573.8929,1.8047,299,True
EREG,422,4.6218,1.8032,300,True
RPPH1,552,11.7145,1.8016,301,True
RPL31P47,193,5.5809,1.796,302,True
RPL21P129,296,0.453,1.7956,303,True
IL1A,205,1.8366,1.7956,304,True
HSP90B2P,1763,0.447,1.7952,305,True
RP11-139K1.2,195,3.339,1.7952,306,True
MS4A6A,2042,92.4725,1.7924,307,True
CHI3L2,1339,47.0738,1.792,308,True
DKK3,342,10.0842,1.7848,309,True
IL1R2,412,10.7957,1.7845,310,True
CCL4L2,5151,171.2594,1.7834,311,True
IFI44L,3083,112.3694,1.7824,312,True
HSP90AA1,13846,1017.8484,1.7809,313,True
RP11-23J18.1,797,27.2252,1.7747,314,True
RP11-566K19.8,175,0.1123,1.7735,315,True
RP11-250B16.1,177,0.1022,1.7731,316,True
RP11-336N8.3,181,0.3343,1.7713,317,True
CCL5,10217,1972.3862,1.765,318,True
RBMX2P5,211,0.1257,1.7611,319,True
RP5-1160K1.1,197,0.1801,1.7544,320,True
CCR7,3103,136.1632,1.7537,321,True
RP11-335F8.2,262,0.2129,1.752,322,True
MBD5,2524,46.7941,1.7497,323,True
PIGL,1891,51.2681,1.7493,324,True
SLC11A1,1106,23.7053,1.7491,325,True
VMO1,399,8.9879,1.749,326,True
PLK2,897,21.2431,1.7488,327,True
FCER1G,2117,311.6222,1.7485,328,True
TTTY14,170,1.6417,1.7476,329,True
RFESD,199,4.7497,1.7463,330,True
RP11-406H21.2,259,8.6719,1.7446,331,True
CD68,2025,77.6389,1.7439,332,True
RN7SL200P,220,6.8125,1.7435,333,True
SMIM14,1926,48.9759,1.7406,334,True
RP11-38J22.6,556,15.569,1.7388,335,True
ADAM28,2224,47.5762,1.7386,336,True
CRTAM,3851,114.8439,1.7361,337,True
GPR15,185,4.6316,1.7359,338,True
ACSBG1,185,0.5348,1.7345,339,True
VEZF1P1,380,0.1946,1.7325,340,True
RP11-169K16.6,205,0.2213,1.7314,341,True
RN7SL731P,338,7.5883,1.7264,342,True
L3HYPDH,1338,40.5491,1.7242,343,True
CTD-2012J19.2,250,10.1135,1.722,344,True
AC079767.4,356,11.8365,1.7214,345,True
NMB,852,19.8953,1.7192,346,True
RP11-555K12.1,350,0.5602,1.709,347,True
RNU12,1198,20.3069,1.7076,348,True
IGHD,1004,32.2496,1.703,349,True
CLEC10A,486,13.3127,1.7028,350,True
RP11-214N16.2,168,0.299,1.7014,351,True
RP1-99E18.2,163,0.535,1.6998,352,True
SLC40A1,400,5.7597,1.6984,353,True
C8orf44,400,4.6621,1.6928,354,True
AC078994.2,326,0.1469,1.6921,355,True
ARHGAP24,1126,27.8297,1.6895,356,True
RPS4XP9,166,0.1111,1.6891,357,True
AC010878.3,301,0.2606,1.6843,358,True
CRIP2,301,8.3063,1.6826,359,True
MYO15B,1386,27.2884,1.6821,360,True
ANXA1,7578,620.5176,1.6815,361,True
RP11-114H7.1,209,0.1616,1.6788,362,True
PINLYP,182,2.3404,1.6783,363,True
ITGAV,1515,27.4077,1.6769,364,True
TIGD6,297,1.9652,1.6759,365,True
RPS6P16,270,0.7114,1.6703,366,True
NFKBID,3981,109.6684,1.6688,367,True
SPON2,2211,40.2898,1.6684,368,True
HNRNPA1P60,210,0.1586,1.6655,369,True
NDUFAF5,804,20.1354,1.6644,370,True
DDHD2,2046,41.7187,1.6589,371,True
RP11-24M17.3,168,0.2301,1.6583,372,True
MT-ND4L,15959,8236.1537,1.6572,373,True
CCDC65,282,4.6643,1.6563,374,True
FEZ1,224,4.9877,1.6537,375,True
ACTBP14,227,0.0952,1.6508,376,True
SH2D1B,513,12.6908,1.6506,377,True
ZNF442,177,1.9087,1.6502,378,True
CTD-2015H6.1,370,0.523,1.6496,379,True
PON3,171,2.9934,1.6483,380,True
RP11-313J2.1,184,0.501,1.6482,381,True
RP11-589C21.6,215,7.6557,1.6436,382,True
ADAMTS10,193,1.6477,1.6433,383,True
RP11-386I14.4,1900,87.0607,1.6424,384,True
HERC2P4,283,0.4047,1.6418,385,True
BBS2,1548,37.3162,1.6415,386,True
RPL6P30,212,0.1158,1.6412,387,True
RP11-49C9.2,331,0.1428,1.6408,388,True
AC017079.4,192,0.2265,1.6403,389,True
HNRNPA1P50,808,0.9672,1.64,390,True
RN7SL336P,240,5.7683,1.6364,391,True
RP1-197B17.3,165,1.7608,1.635,392,True
TOX4P1,388,0.1812,1.6318,393,True
MEI1,2197,97.1892,1.631,394,True
LILRA3,900,8.003,1.6304,395,True
RP11-291B21.2,2303,101.1932,1.628,396,True
DUSP1,13093,1645.5079,1.6276,397,True
GEM,2105,65.253,1.6272,398,True
HMGB1P24,292,1.0307,1.626,399,True
AARSD1,1463,40.2154,1.625,400,True
RP11-214O14.1,395,0.4783,1.6234,401,True
IGF1,186,1.4511,1.6232,402,True
TMEM256P2,311,10.9895,1.6225,403,True
TRDC,1428,198.5806,1.6223,404,True
RPSAP8,858,0.2976,1.6208,405,True
IL17RB,274,0.9435,1.62,406,True
BCL2A1,2490,94.3827,1.6191,407,True
RP11-693N9.2,1462,60.2986,1.6151,408,True
RP11-727F15.13,281,6.2981,1.6106,409,True
SPARC,248,3.9135,1.6097,410,True
RP11-178C3.2,258,0.9007,1.6097,411,True
TREM2,456,13.151,1.6091,412,True
AC002331.1,295,8.686,1.6071,413,True
POMT2,266,2.7454,1.6067,414,True
PTCH1,530,9.5296,1.6066,415,True
RSBN1L-AS1,378,7.7812,1.6062,416,True
CXCR4,13909,2802.137,1.6049,417,True
RPS5P2,757,23.2889,1.601,418,True
GPR183,5086,339.217,1.5991,419,True
RSAD2,1328,25.9689,1.5991,420,True
ARPC3P2,184,0.2148,1.5986,421,True
RP11-524O24.2,194,0.9457,1.5984,422,True
ZNF682,792,6.3593,1.5977,423,True
IFNG,4102,237.6009,1.5959,424,True
RP11-474P12.3,252,2.0146,1.5945,425,True
SLC25A14,670,16.649,1.5928,426,True
AC092580.4,2732,143.3473,1.5901,427,True
PPOX,2129,52.1272,1.5889,428,True
ZNF559,884,21.9195,1.588,429,True
TNFAIP3,12806,1534.4771,1.5862,430,True
TSC22D1,1659,36.3835,1.5821,431,True
SLC25A5P1,598,0.5262,1.5797,432,True
ACTB,16004,6147.9485,1.5797,433,True
SLC6A8,173,0.8126,1.5789,434,True
TMEM45A,947,1.0057,1.577,435,True
HSD11B1,190,2.5757,1.5768,436,True
PABPC1P3,4552,30.7539,1.5761,437,True
HNRNPA1P37,281,0.2694,1.5754,438,True
RP11-321E8.1,206,0.1839,1.5746,439,True
RPSAP6,245,0.5681,1.5744,440,True
AC097711.1,203,0.1668,1.5733,441,True
AMPD2,2189,48.0283,1.5732,442,True
STK33,162,1.1888,1.5708,443,True
SETP18,200,0.122,1.5705,444,True
PLA2G12A,910,18.0339,1.5704,445,True
RBMXP4,170,0.0928,1.5692,446,True
RN7SL738P,296,8.5752,1.569,447,True
KRT86,372,7.9443,1.5674,448,True
RP13-582O9.5,244,6.1091,1.5673,449,True
TMEM120A,2152,54.0302,1.5648,450,True
HSPA8,14891,2247.3699,1.561,451,True
RP1-199J3.5,196,0.2178,1.5604,452,True
ATF7IP2,2616,53.2493,1.5576,453,True
TYROBP,2250,306.3276,1.5566,454,True
TMED10P1,380,0.4292,1.5547,455,True
RNVU1-13,605,16.4353,1.5493,456,True
PIK3R1,4210,132.1094,1.5462,457,True
NRBF2P3,217,0.1898,1.5458,458,True
ZNF98,199,0.068,1.5458,459,True
WDR12,1124,22.4782,1.5435,460,True
C21orf49,215,2.4994,1.5432,461,True
RP3-476K8.4,719,1.043,1.5415,462,True
RPL7AP60,475,1.143,1.5409,463,True
ANKRD20A5P,653,7.5134,1.5407,464,True
SGK1,2612,75.236,1.5389,465,True
RAD17P1,205,0.1186,1.5344,466,True
BGLAP,160,1.878,1.5304,467,True
MIR663A,191,0.1478,1.5302,468,True
NPR2,180,3.8095,1.5293,469,True
PRSS23,555,14.1638,1.5288,470,True
CXCL9,210,3.3588,1.5288,471,True
MT1L,491,9.2784,1.5287,472,True
RHOU,167,2.2833,1.5278,473,True
SLC25A5P5,491,0.1722,1.5273,474,True
EEPD1,592,8.264,1.5273,475,True
SLC26A5,169,0.2639,1.5266,476,True
U4,180,5.3425,1.5265,477,True
ZNF565,253,4.4665,1.5227,478,True
MIR940,167,0.8012,1.5215,479,True
RP11-79D8.2,236,4.9814,1.5211,480,True
RP11-113A11.1,167,0.3718,1.5205,481,True
TMEM44,185,1.99,1.5192,482,True
RP11-561C5.5,326,6.166,1.5191,483,True
KIR2DL3,499,7.4053,1.5167,484,True
ALOX12P2,269,3.0062,1.5154,485,True
RP11-791G16.2,594,0.4117,1.5151,486,True
AC005306.3,471,12.5808,1.5082,487,True
CTB-75G16.1,596,3.2902,1.5076,488,True
AIF1,1916,78.4118,1.5063,489,True
RP3-508I15.20,355,8.6013,1.5058,490,True
HNRNPA1P2,231,0.1425,1.5052,491,True
RP4-747G18.5,542,0.2014,1.5037,492,True
HNRNPA1P64,279,0.0978,1.4971,493,True
RP11-182B22.2,188,0.6793,1.497,494,True
SCARNA13,193,5.7716,1.494,495,True
ACTG1P4,177,0.095,1.4922,496,True
RPS7P3,723,0.8427,1.4909,497,True
RP13-15M17.1,196,1.245,1.4906,498,True
RP4-742C19.12,911,28.1362,1.4903,499,True
RP11-103G8.2,242,5.4606,1.4888,500,True
RN7SL402P,307,8.8216,1.4886,501,True
AGBL2,339,6.2258,1.4881,502,True
PTTG3P,219,0.2066,1.4866,503,True
MAPKAPK5-AS1,1364,39.6697,1.4865,504,True
KIAA0125,585,13.8762,1.4864,505,True
RP11-767L7.1,211,0.4429,1.485,506,True
PLIN2,4683,208.0138,1.4844,507,True
PCOLCE,269,3.9471,1.4837,508,True
CD79A,2172,75.4713,1.4808,509,True
SERGEF,1519,40.0027,1.4794,510,True
KIR3DL2,514,13.2112,1.4784,511,True
SPRED2,586,3.3071,1.4772,512,True
CA13,263,3.776,1.4749,513,True
DPH6,946,25.1251,1.4737,514,True
MT-RNR1,16045,5719.3995,1.4736,515,True
PTPRM,730,13.6161,1.4735,516,True
HRAS,388,6.9109,1.4723,517,True
RP4-669P10.19,639,20.0916,1.4716,518,True
RP11-296P7.4,165,0.1098,1.4689,519,True
IQCH,163,1.3714,1.4688,520,True
GMCL1P1,262,0.0873,1.4681,521,True
RP11-97C16.1,208,4.5715,1.4664,522,True
SSBP2,1259,24.0741,1.4662,523,True
EEF1A1P25,1409,1.4415,1.4662,524,True
RP1-121G13.3,321,0.3534,1.4653,525,True
RP11-447H19.1,183,0.1208,1.4649,526,True
ATP5A1P10,243,0.0614,1.4646,527,True
AP002381.2,314,1.4034,1.464,528,True
RP3-322G13.7,162,0.4618,1.4613,529,True
RP11-108M9.4,564,12.3505,1.4608,530,True
LGALS2,488,12.19,1.4604,531,True
VDAC3P1,200,0.1462,1.46,532,True
RP11-255H23.2,227,0.9364,1.4594,533,True
RBBP4P2,716,0.5432,1.4593,534,True
BACE2,206,3.8787,1.4589,535,True
COQ6,1251,28.8949,1.458,536,True
SNX8,1583,34.2004,1.4579,537,True
PNPT1P1,219,0.2285,1.4568,538,True
RP11-642P15.1,172,0.7352,1.4565,539,True
ZSCAN31,212,1.2461,1.4555,540,True
PKHD1L1,213,1.9579,1.4545,541,True
LRRC32,279,4.8335,1.4533,542,True
RP11-350G13.1,612,0.2604,1.4525,543,True
BOLA3-AS1,167,2.0681,1.452,544,True
CHN1,1008,24.7497,1.452,545,True
HIST1H2BG,515,10.9611,1.4519,546,True
RP11-480I12.2,187,4.3145,1.4515,547,True
RP11-54C4.1,259,1.2442,1.4508,548,True
ZNF283,252,2.7614,1.4508,549,True
MBOAT2,176,1.2113,1.4486,550,True
LEF1,1827,46.386,1.4484,551,True
RPS10P28,166,0.1774,1.448,552,True
FCRLA,775,23.9617,1.4471,553,True
SNORA29,349,6.0855,1.4469,554,True
TMSB4X,15993,9785.5134,1.4465,555,True
KIR2DL1,248,2.187,1.444,556,True
KLRB1,2254,93.9991,1.4435,557,True
SNRPGP5,586,16.374,1.4416,558,True
RN7SL55P,533,17.4112,1.4403,559,True
STEAP4,229,1.8498,1.4399,560,True
CDKL1,780,15.2708,1.4393,561,True
EPHX1,301,0.309,1.439,562,True
CD200,1355,30.8868,1.4379,563,True
PLXNB1,212,2.8411,1.4368,564,True
AC091633.2,200,0.3288,1.435,565,True
PIGN,1202,16.1994,1.4336,566,True
CTD-2325A15.3,321,0.3884,1.4325,567,True
RN7SL56P,372,9.4825,1.4319,568,True
ALKBH3,983,26.7969,1.4316,569,True
SLC2A3P2,231,0.0892,1.4286,570,True
RP3-400N23.6,222,2.0095,1.4277,571,True
AC015969.3,318,0.2408,1.4276,572,True
KB-1683C8.1,184,0.0848,1.4252,573,True
HLF,206,2.3975,1.4251,574,True
RP11-707M3.3,264,7.2759,1.4249,575,True
RAB3IP,1124,18.5043,1.4247,576,True
RP11-53I6.1,195,1.0393,1.4231,577,True
ANP32AP1,333,0.2569,1.4227,578,True
SNORD3A,4219,106.7324,1.4206,579,True
AC003075.4,563,4.7571,1.4198,580,True
SUGT1P2,237,0.9844,1.4167,581,True
CD36,749,15.9845,1.4155,582,True
RP11-118F2.2,258,0.1915,1.4154,583,True
CNKSR2,316,2.3037,1.4153,584,True
RPL39P,271,6.041,1.4142,585,True
RPL34P1,163,0.3723,1.4142,586,True
UBE2Q2P1,465,8.8809,1.4141,587,True
RP11-333E13.2,2213,13.1881,1.4139,588,True
AC074289.1,545,8.1637,1.4133,589,True
COQ10A,739,18.411,1.4132,590,True
AC008065.1,221,0.4212,1.4121,591,True
RP11-137L10.6,515,8.5179,1.4121,592,True
RPL21P44,260,4.2781,1.4115,593,True
ZNF876P,327,0.9489,1.4112,594,True
PARP1P1,395,0.0872,1.4112,595,True
PLXDC1,693,16.1261,1.4111,596,True
RP11-15H20.6,704,11.0992,1.411,597,True
RP11-47L3.1,699,19.9554,1.41,598,True
STMN1,2656,102.6587,1.4097,599,True
RNU2-63P,458,8.1696,1.4082,600,True
CSRP2,217,1.3858,1.4079,601,True
PHAX,2060,53.4015,1.4078,602,True
RNU1-106P,1012,31.1743,1.4069,603,True
RP11-778J16.2,183,0.1407,1.4056,604,True
TSGA10,354,5.5706,1.405,605,True
AC007879.5,265,0.9336,1.4034,606,True
KCP,196,0.4101,1.4029,607,True
RPS2P28,182,0.4796,1.4026,608,True
CFL2,483,8.5487,1.402,609,True
EGLN3,664,9.7112,1.4019,610,True
RP11-326C3.11,328,4.2221,1.3997,611,True
RPS4XP17,1183,1.076,1.3995,612,True
PGDP1,291,0.0886,1.3971,613,True
HLA-DOB,1039,29.6801,1.3969,614,True
TMEM161B-AS1,980,18.7923,1.3965,615,True
ZNF181,643,9.2556,1.3944,616,True
RP11-147I3.1,297,3.6413,1.3941,617,True
BCAS1,160,1.171,1.3941,618,True
CGRRF1,1492,36.9506,1.393,619,True
CCDC150,254,2.2049,1.3929,620,True
GNRHR2,218,0.4998,1.3924,621,True
GAPDH,14987,2937.0168,1.3912,622,True
CTD-2262B20.1,206,3.0708,1.3912,623,True
ZNF502,160,1.4183,1.3908,624,True
ZNF287,413,9.9497,1.3898,625,True
ERGIC2,3225,118.3518,1.3893,626,True
ZNF143,1505,35.1809,1.3889,627,True
PLEKHG4,282,3.0552,1.3882,628,True
INHBA,251,3.0753,1.3875,629,True
MAP4K5,2230,33.1313,1.3869,630,True
SCARNA12,240,2.575,1.3861,631,True
LTA,1256,24.6124,1.3861,632,True
RP11-277I20.2,222,3.5551,1.3861,633,True
HAMP,162,1.9314,1.3857,634,True
XRCC6P4,321,0.083,1.3837,635,True
RP11-460E7.8,185,1.063,1.383,636,True
IMMP1L,1281,23.5029,1.3826,637,True
RP11-115C21.4,176,4.1191,1.3824,638,True
SDC2,181,2.9735,1.3814,639,True
AC007000.11,201,5.3449,1.3811,640,True
RP5-1051J4.6,213,0.9369,1.3809,641,True
RP11-513M16.8,394,9.3525,1.3805,642,True
C19orf59,431,8.6131,1.3803,643,True
RP4-633I8.2,368,0.944,1.3802,644,True
RENBP,289,4.0374,1.3799,645,True
TAF1A,800,15.1093,1.3789,646,True
ZNF561,1005,13.0195,1.3787,647,True
RP11-428G5.5,175,4.1943,1.3779,648,True
CTD-3220F14.1,235,0.4143,1.3776,649,True
XXbac-BPG181B23.7,289,5.1052,1.3773,650,True
SNORA73B,690,18.053,1.3771,651,True
FCRL6,1617,59.755,1.3757,652,True
DPH5,1317,30.3622,1.3745,653,True
RP11-385F5.5,166,3.6414,1.3745,654,True
NAALADL1,886,28.5547,1.3743,655,True
RP11-871F6.2,309,0.2299,1.3741,656,True
MS4A7,1174,22.9549,1.373,657,True
EFEMP2,169,1.9048,1.372,658,True
C11orf72,273,0.2347,1.3718,659,True
TCF4,2362,36.0685,1.3714,660,True
CHRM3-AS2,802,18.8574,1.3712,661,True
TCTN1,563,7.7226,1.3686,662,True
TGFB3,195,1.3805,1.3685,663,True
CUZD1,242,1.2516,1.3679,664,True
ERMARD,1186,21.9817,1.3661,665,True
MZB1,1756,56.4073,1.3649,666,True
FAM66C,242,1.1565,1.364,667,True
ID1,359,10.3719,1.3639,668,True
LYVE1,172,2.1881,1.3632,669,True
PLEKHA8P1,279,4.3893,1.3629,670,True
RP11-268I9.1,328,8.1081,1.3622,671,True
RPS4XP16,2068,1.7929,1.3611,672,True
RP11-27I1.4,199,4.574,1.3605,673,True
RP11-707G14.8,411,0.4287,1.3603,674,True
C19orf82,245,3.7479,1.3596,675,True
PTCRA,181,3.6681,1.3589,676,True
GFPT2,215,3.655,1.3574,677,True
RP11-85G20.1,265,0.2342,1.3573,678,True
CNKSR3,185,0.1852,1.3567,679,True
KIR3DL1,367,5.3864,1.3556,680,True
AAMDC,652,11.2594,1.3551,681,True
TNFRSF13B,427,9.0973,1.3546,682,True
ACTG1P12,193,0.1221,1.3538,683,True
LST1,1697,51.1632,1.3537,684,True
FABP5P3,275,0.188,1.3523,685,True
ZNF85,1072,17.4303,1.3518,686,True
LMBR1L,2112,53.9895,1.3506,687,True
RP11-863K10.4,364,1.2607,1.3504,688,True
CCR9,160,2.4865,1.3499,689,True
RN7SL600P,1009,27.5645,1.3497,690,True
SDAD1,2177,44.981,1.3496,691,True
AC097523.1,564,0.7208,1.3492,692,True
AC020571.3,284,6.0895,1.3487,693,True
DNAH11,169,0.2807,1.3475,694,True
SIGLEC17P,165,3.7263,1.347,695,True
STK25,2192,66.1441,1.3468,696,True
UTS2,356,7.2734,1.3464,697,True
DAZAP2P1,329,0.7091,1.3464,698,True
MECR,964,15.9996,1.3463,699,True
STK36,546,10.1614,1.3453,700,True
RP11-15A1.3,253,5.6755,1.3446,701,True
GSTM2,1143,21.3344,1.3442,702,True
C11orf1,550,13.08,1.3436,703,True
RP4-800M22.1,335,0.7725,1.3435,704,True
TUFMP1,500,0.102,1.3425,705,True
RP11-33B1.1,3913,67.2171,1.3424,706,True
RP11-324J13.1,248,0.0904,1.3421,707,True
MSMP,217,0.984,1.3418,708,True
RAMP1,169,4.1469,1.3418,709,True
EXOSC3P1,226,0.4519,1.3412,710,True
AC098831.4,346,1.723,1.3408,711,True
F13A1,741,12.8353,1.3403,712,True
SLCO1A2,170,0.1593,1.3403,713,True
EVA1C,487,5.9448,1.3398,714,True
CYB561A3,3364,101.4724,1.3378,715,True
ZNF404,182,2.5262,1.3374,716,True
AP000462.1,393,9.3717,1.3373,717,True
PGM3,1031,14.5132,1.3371,718,True
AC026806.2,292,4.176,1.3367,719,True
RP11-18H21.1,562,15.2805,1.3364,720,True
SLC13A4,183,0.5525,1.3362,721,True
CASKIN2,173,0.2008,1.3361,722,True
DPH7,1952,54.3888,1.336,723,True
RP11-344P13.3,178,0.1133,1.3353,724,True
AC017104.6,169,3.489,1.334,725,True
RP11-112J3.16,233,3.5437,1.3336,726,True
CACNA2D4,797,15.4974,1.3318,727,True
LOC124685,192,0.1637,1.3317,728,True
GAPDHP40,956,0.2369,1.3316,729,True
AC017099.3,282,2.8779,1.3305,730,True
ZNF583,328,6.2307,1.3303,731,True
RP11-473M20.9,485,8.7788,1.3301,732,True
RP11-803B1.8,165,1.0548,1.3301,733,True
GS1-124K5.4,168,3.255,1.33,734,True
RP11-81H14.2,656,12.4209,1.3291,735,True
CDC20,701,15.2168,1.3289,736,True
PYROXD2,531,5.7636,1.3288,737,True
RP3-391O22.3,256,6.1095,1.3284,738,True
RP11-602M11.3,282,0.0882,1.3281,739,True
ZNF19,226,2.4561,1.3276,740,True
RP11-640B6.1,179,3.2775,1.3276,741,True
CICP16,391,0.484,1.3268,742,True
HIGD1AP1,220,0.5352,1.3264,743,True
HNRNPA1P16,322,0.8174,1.3256,744,True
PRDX2P1,175,0.8257,1.3243,745,True
HSPB1,5434,167.7978,1.3227,746,True
RP11-373D23.2,890,22.623,1.3218,747,True
RP11-298I3.1,187,2.4003,1.3215,748,True
RP1-308E4.1,285,1.0592,1.3209,749,True
RP11-686D22.10,426,7.683,1.3202,750,True
RPP40,341,6.505,1.3195,751,True
GARNL3,186,2.0403,1.3193,752,True
XXbac-B562F10.11,374,0.7939,1.3191,753,True
EPB41L4A,287,2.1803,1.3169,754,True
LSM3P2,197,4.8236,1.3161,755,True
LTC4S,210,3.0133,1.316,756,True
SOCS2,341,6.0063,1.3158,757,True
BBS4,1171,24.1187,1.3149,758,True
RP4-794H19.4,205,3.2342,1.3141,759,True
RP11-15H20.5,257,3.9727,1.314,760,True
CX3CR1,992,17.7195,1.3114,761,True
MKS1,565,10.8422,1.3111,762,True
RP11-3J10.7,203,0.9849,1.3099,763,True
CAV1,541,11.1533,1.3085,764,True
RP11-388C12.8,364,0.3857,1.3081,765,True
RP11-38L15.2,228,1.4236,1.3078,766,True
RNF217,229,0.7113,1.3072,767,True
GAPT,654,14.7009,1.3071,768,True
RP11-152N13.5,188,3.6284,1.3071,769,True
LY9,4608,139.1896,1.3068,770,True
CTD-2210P15.2,339,1.4161,1.3052,771,True
TUBD1,1226,20.4015,1.304,772,True
RRM2P3,171,0.1052,1.3025,773,True
TPM3P1,192,1.1291,1.302,774,True
RP11-325E14.5,218,4.4426,1.3013,775,True
RP11-173E2.1,396,0.1191,1.3008,776,True
RN7SL756P,324,7.5982,1.2992,777,True
ANKRD6,164,0.9151,1.2989,778,True
CISH,1627,39.8741,1.2979,779,True
RP11-163E9.2,398,1.8846,1.2972,780,True
RPL31P2,225,0.8157,1.2971,781,True
UBB,13413,1503.5454,1.2968,782,True
RP3-395M20.9,171,4.4153,1.2968,783,True
SNORD10,1041,28.514,1.2958,784,True
AC115617.2,566,0.3022,1.2942,785,True
TPM3P7,220,1.6154,1.2938,786,True
RP11-706O15.1,571,6.5867,1.2937,787,True
TSC22D3,12933,1466.5646,1.2923,788,True
HOOK1,172,1.807,1.2921,789,True
FAM177B,220,3.0791,1.2921,790,True
CTSH,2889,117.6433,1.2916,791,True
PON2,2621,79.7947,1.2913,792,True
CXorf65,830,16.8649,1.2913,793,True
GOT2P3,573,0.5364,1.2911,794,True
TMEM176A,584,13.5776,1.2905,795,True
RAPGEF3,162,0.8792,1.2894,796,True
MAP3K10,232,2.0111,1.2891,797,True
C1R,290,5.9066,1.2888,798,True
CTD-2357A8.3,197,1.7162,1.2887,799,True
MTO1,2223,39.6826,1.2884,800,True
MATN1,195,0.7082,1.2877,801,True
DUSP2,10753,968.7691,1.2875,802,True
RP11-620J15.3,407,9.865,1.2865,803,True
ZNF860,350,0.6116,1.2859,804,True
ZNF702P,328,1.6831,1.2858,805,True
RP3-337H4.6,501,1.0783,1.2855,806,True
FAM24B,572,12.0053,1.285,807,True
FAIM2,316,6.1151,1.2835,808,True
CPNE7,804,21.3566,1.2826,809,True
INTS4,2373,42.6568,1.2825,810,True
SLC22A20,189,0.5253,1.2821,811,True
LGALS3,3954,130.9964,1.282,812,True
EPHX2,906,23.2619,1.282,813,True
ZNF667-AS1,277,4.1377,1.2814,814,True
HNRNPA1P59,222,0.3781,1.2811,815,True
ZNF677,649,11.1159,1.281,816,True
NLRP3,1203,14.7229,1.2808,817,True
HIST1H3A,795,17.284,1.2799,818,True
RP3-467N11.2,210,0.1793,1.2795,819,True
MAP3K6,718,16.7582,1.2792,820,True
RP11-665N17.4,179,4.3655,1.2792,821,True
AFF3,1231,20.4733,1.2792,822,True
RNU1-87P,170,4.5004,1.2789,823,True
SARS2,1295,29.0708,1.278,824,True
RP11-686D22.4,165,1.5501,1.2775,825,True
MRPS10P1,264,4.7073,1.2775,826,True
AIM1L,299,4.6413,1.2767,827,True
PGGT1BP1,240,0.1022,1.2767,828,True
CTA-215D11.4,232,0.0995,1.2765,829,True
FTH1P21,164,0.1272,1.2757,830,True
SLC38A11,225,3.2155,1.274,831,True
RP11-872D17.8,203,0.5226,1.2736,832,True
AC096775.2,254,5.4134,1.2728,833,True
RP11-613F22.5,346,0.8522,1.2727,834,True
RP11-973H7.4,193,5.2181,1.2716,835,True
ZNF420,711,10.9543,1.271,836,True
NDUFAF4,1340,31.3193,1.2702,837,True
CEP57L1,611,10.1514,1.2699,838,True
ZNF208,333,0.9501,1.2677,839,True
FCF1P2,219,3.232,1.2676,840,True
OXLD1,1303,30.8682,1.2673,841,True
RP11-483I13.5,201,0.5188,1.2672,842,True
ZNF382,466,7.162,1.266,843,True
HIST1H2BN,500,8.0796,1.2658,844,True
S1PR5,696,17.7657,1.2657,845,True
GPR133,200,0.9199,1.2654,846,True
ABCA11P,326,1.8785,1.2651,847,True
SNHG11,694,17.2719,1.2644,848,True
RP11-360O19.5,235,0.5136,1.2638,849,True
RP11-324H6.5,233,0.3576,1.2638,850,True
TPM1,527,8.5481,1.2632,851,True
LINC00663,189,3.0462,1.2623,852,True
RGS5,242,1.8248,1.2621,853,True
HSPD1P6,463,0.1886,1.261,854,True
IL23A,408,10.6773,1.2609,855,True
TNFRSF18,2895,103.8699,1.2576,856,True
HOPX,2685,122.4101,1.257,857,True
EGR1,6026,66.8198,1.2568,858,True
RPS3AP12,511,0.8291,1.2558,859,True
AC104306.1,180,0.7374,1.2557,860,True
HSD17B4,2011,56.1483,1.2549,861,True
GNA11,230,0.9457,1.2532,862,True
NPM1P50,201,0.0719,1.2525,863,True
HNRNPA1P6,227,0.1317,1.2523,864,True
RPS15AP10,252,4.4862,1.2523,865,True
BOLA1,787,14.7195,1.2522,866,True
ZNF433,389,6.1465,1.2521,867,True
IFRD2,1935,52.3715,1.2517,868,True
AKR1C3,242,5.7601,1.251,869,True
QTRTD1,1213,17.3125,1.251,870,True
RP11-43D4.2,231,4.1329,1.2502,871,True
RP11-597A11.4,264,0.0923,1.2499,872,True
IGSF9B,373,2.4189,1.2494,873,True
CTD-2228K2.7,215,2.6724,1.2494,874,True
ST13P10,185,0.2122,1.2493,875,True
SESTD1,752,8.1407,1.2489,876,True
RP11-434D2.6,221,0.041,1.2487,877,True
CD24P4,351,9.9185,1.2484,878,True
RCHY1,1720,35.557,1.2483,879,True
RP11-362F19.1,195,2.2579,1.2483,880,True
RP11-600F24.2,330,1.3684,1.2473,881,True
SC5D,2360,71.7701,1.2472,882,True
CD69,9560,778.0163,1.247,883,True
RP11-355B11.2,638,8.3702,1.2467,884,True
RP11-12A2.1,163,1.1031,1.2457,885,True
ZNF888,318,4.3615,1.2455,886,True
GAPDHP58,172,0.114,1.245,887,True
FAM227B,621,8.3392,1.2449,888,True
ZNF57,202,3.2636,1.2449,889,True
RPS8P3,198,0.1487,1.2434,890,True
CREB3L4,471,8.3918,1.243,891,True
RP11-405L18.4,327,0.5641,1.242,892,True
PITPNA-AS1,451,11.8665,1.242,893,True
RP4-769N13.6,431,7.2555,1.2417,894,True
TMEM143,573,9.1074,1.2415,895,True
RP11-111M22.2,169,0.7467,1.2415,896,True
ADAM32,217,0.1609,1.2409,897,True
AC018804.7,1252,0.5175,1.2387,898,True
ZNF665,229,2.5094,1.2385,899,True
TREX1,2053,66.6476,1.2384,900,True
FCRL5,956,11.5098,1.2383,901,True
LL0XNC01-131B10.2,162,0.1271,1.238,902,True
SLC14A1,278,3.5521,1.2378,903,True
RBFOX3,187,0.8175,1.2374,904,True
CLHC1,320,3.1954,1.2371,905,True
ZCCHC18,266,6.1443,1.2369,906,True
HOOK2,948,17.9803,1.2365,907,True
RP11-247I13.3,571,5.6162,1.2361,908,True
RP1-178F15.4,283,0.666,1.2357,909,True
TRMT11,1033,21.2443,1.2353,910,True
GDPGP1,419,4.6132,1.2352,911,True
TUBA1B,9302,510.3078,1.2349,912,True
AC008746.12,286,6.6175,1.2346,913,True
RP11-1007J8.1,180,4.5677,1.2338,914,True
SDAD1P2,205,0.0582,1.2336,915,True
PIK3C3,3017,82.513,1.2334,916,True
SCN3A,177,0.5051,1.2333,917,True
LPAR2,2095,44.6665,1.2332,918,True
CADM1,2112,45.0205,1.233,919,True
MLF1,428,7.7755,1.2327,920,True
RP11-304L19.5,966,18.924,1.2321,921,True
RP11-727A23.5,727,7.709,1.2317,922,True
RP11-15E18.5,247,5.4672,1.2317,923,True
NT5C3B,689,12.8806,1.2311,924,True
ZSWIM8,2255,31.8829,1.2303,925,True
ZFP62,962,19.4959,1.2296,926,True
RP11-617D20.1,201,0.4053,1.2291,927,True
RP11-572M11.4,265,3.2417,1.2288,928,True
ANKRD13B,172,0.3287,1.2282,929,True
CDKN3,922,25.746,1.2272,930,True
TNNI2,221,4.0582,1.2272,931,True
HNRNPCP1,432,1.5694,1.226,932,True
LRRC29,238,2.4338,1.2256,933,True
ATP5A1P3,1021,0.2849,1.2255,934,True
STAG3,3670,15.3243,1.2254,935,True
AC017083.2,247,0.348,1.2254,936,True
FCGR1A,938,20.9088,1.2238,937,True
RP11-154J22.1,193,0.4127,1.2233,938,True
RNVU1-14,525,13.0749,1.2222,939,True
LILRP2,416,1.0743,1.2221,940,True
ZNF713,186,1.4824,1.2221,941,True
RNVU1-20,589,15.2993,1.2219,942,True
LRRC27,485,5.3021,1.2216,943,True
SERPINI1,402,7.4814,1.2216,944,True
ZNF77,244,3.652,1.2215,945,True
CSNK1A1L,817,0.1017,1.2214,946,True
ZFP28,173,1.6795,1.2208,947,True
DNAL1,454,4.0605,1.2197,948,True
RGS2,8291,672.4217,1.2197,949,True
DYRK4,1027,22.9843,1.2194,950,True
ARHGAP11B,1544,21.7037,1.2189,951,True
BLNK,1601,31.0213,1.2184,952,True
PLAU,634,12.2782,1.2175,953,True
RP11-62H7.2,167,2.2174,1.2171,954,True
AC002467.7,227,3.2817,1.216,955,True
WDR19,413,4.7614,1.2159,956,True
RPL18AP7,359,7.3813,1.2156,957,True
TCEA2,376,6.1378,1.2156,958,True
CTD-2583A14.11,284,4.8889,1.2152,959,True
PPFIA4,172,0.5295,1.2149,960,True
KANSL1-AS1,1035,27.8737,1.2149,961,True
TRANK1,4189,63.5858,1.2149,962,True
AC073465.3,212,0.1448,1.2146,963,True
MST1L,170,0.7834,1.2141,964,True
CDC42P5,169,0.3913,1.2138,965,True
CTD-2647E9.1,182,0.0902,1.2137,966,True
AL589743.1,440,2.533,1.2128,967,True
SCRN2,1523,38.9367,1.2127,968,True
EPHB6,567,10.0377,1.2122,969,True
CTC-246B18.10,170,3.6712,1.2119,970,True
PLEKHB1,521,14.4963,1.2118,971,True
NEK3,332,5.3023,1.21,972,True
AC092159.2,194,0.208,1.2099,973,True
RP1-20B11.2,186,1.6938,1.2096,974,True
MAGEH1,1609,39.8333,1.2094,975,True
RP11-824M15.3,286,0.2958,1.2091,976,True
RP13-270P17.1,300,1.1071,1.2087,977,True
GAPDHP2,401,1.3491,1.2085,978,True
ZBTB20-AS1,449,4.9444,1.2081,979,True
HSP90B3P,473,0.1248,1.2074,980,True
SLC25A28,845,18.3979,1.2072,981,True
TRBC2,13123,2231.3057,1.2067,982,True
RP5-882O7.4,245,0.1787,1.2067,983,True
SEC14L1P1,318,1.1828,1.2058,984,True
ZNF222,366,6.3838,1.2056,985,True
RPS10P14,217,0.2365,1.2054,986,True
ZNF816,755,8.5847,1.2053,987,True
FTH1P1,256,1.4728,1.2049,988,True
RN7SL57P,214,4.2858,1.2048,989,True
RP1-228P16.7,189,3.5306,1.2046,990,True
RP11-493L12.6,279,6.7015,1.2044,991,True
RP11-1008C21.1,225,3.4639,1.2039,992,True
ADORA3,331,3.8559,1.202,993,True
CCDC159,1903,32.4118,1.2015,994,True
EPB41L4A-AS1,2243,94.6128,1.2009,995,True
AC006978.6,795,15.748,1.2008,996,True
PPP1R2P1,316,1.0,1.2005,997,True
HIST1H2BM,182,1.5898,1.2004,998,True
CD300E,755,12.5839,1.2002,999,True
TYMS,1454,36.4097,1.1999,1000,True
CTHRC1,260,3.9092,1.1997,1001,True
METTL1,620,11.7014,1.1993,1002,True
RP11-631M6.3,166,3.0313,1.1993,1003,True
ZNF30,310,4.851,1.1989,1004,True
CTD-2342J14.6,160,0.9731,1.1982,1005,True
SENP3,261,2.481,1.1979,1006,True
AC009948.7,401,0.2572,1.1978,1007,True
RN7SL801P,180,3.2373,1.1977,1008,True
THBS4,180,0.7443,1.1977,1009,True
RP4-796I17.5,210,0.5701,1.1976,1010,True
SRR,971,8.3701,1.1972,1011,True
FAM86JP,243,0.4858,1.1963,1012,True
RPL31P61,446,1.0332,1.196,1013,True
TRAPPC11,2515,36.1726,1.1957,1014,True
ZNF528,776,11.8464,1.1957,1015,True
DAB2,775,7.2506,1.1949,1016,True
PIGH,1673,33.4339,1.1934,1017,True
ADAMTS4,169,0.1892,1.1927,1018,True
RPL21P123,874,12.3059,1.1923,1019,True
RP11-480N24.4,296,0.8927,1.1922,1020,True
CTD-2349P21.9,206,2.6194,1.192,1021,True
RPS3AP29,384,3.4305,1.1919,1022,True
HOXB-AS1,297,3.5827,1.1916,1023,True
ERCC4,682,11.1348,1.1908,1024,True
RPL29P2,181,0.149,1.1906,1025,True
RAD51C,1509,38.6372,1.1903,1026,True
AC009362.2,723,0.6221,1.1887,1027,True
HIST4H4,427,6.7688,1.1885,1028,True
EIF3J-AS1,850,17.8623,1.1884,1029,True
BHLHE40-AS1,1665,22.1332,1.1884,1030,True
RP4-706L14.2,298,0.0858,1.1881,1031,True
RN7SL2,1729,14.6946,1.1876,1032,True
RP11-410L14.2,176,2.4575,1.1871,1033,True
AC137934.1,692,5.1783,1.1869,1034,True
RP11-216N14.7,377,1.7698,1.1868,1035,True
RNF207,560,7.369,1.1868,1036,True
HPGDS,240,3.2497,1.1866,1037,True
VPS8,2574,41.8285,1.1861,1038,True
KLRG1,3490,132.0629,1.1858,1039,True
EIF4A1P9,213,0.0641,1.1857,1040,True
NR1H3,687,11.3439,1.1855,1041,True
COCH,258,2.87,1.1855,1042,True
C10orf128,1048,21.044,1.1853,1043,True
TSPAN32,1838,37.4202,1.1841,1044,True
TRPV3,196,0.6543,1.1836,1045,True
ZBTB17,2021,50.0297,1.1833,1046,True
AC074138.3,339,7.1748,1.1826,1047,True
RP11-409C19.2,275,0.0573,1.1824,1048,True
PRSS30P,163,3.2803,1.1821,1049,True
HADHAP1,847,0.1113,1.1819,1050,True
TAF6L,235,2.2557,1.1806,1051,True
CNN3,180,2.4026,1.1797,1052,True
POU6F1,411,6.2806,1.179,1053,True
RP11-461O14.1,550,1.0583,1.1785,1054,True
AC073052.1,178,3.3405,1.1784,1055,True
RP11-572O17.1,246,5.3044,1.1781,1056,True
CTD-2353F22.1,184,2.3138,1.1778,1057,True
CES4A,369,6.3104,1.1772,1058,True
ATP5L2,464,0.6716,1.1771,1059,True
RP11-8H2.1,210,0.5685,1.1764,1060,True
C12orf50,330,0.1284,1.1761,1061,True
IL7,553,9.3157,1.1749,1062,True
RP11-308D16.4,334,0.9285,1.1747,1063,True
GFER,708,11.6041,1.1746,1064,True
MYO1E,1486,17.9866,1.1745,1065,True
RNF121,1321,22.0953,1.1741,1066,True
AF196972.4,314,0.0804,1.1736,1067,True
GAPDHP73,339,0.1055,1.1734,1068,True
NPAP1,161,0.1172,1.1727,1069,True
RP1-179N16.3,320,5.3229,1.1725,1070,True
RP4-816N1.6,512,3.0131,1.1717,1071,True
RP11-796G6.2,478,10.2379,1.1717,1072,True
RP11-133K1.1,574,0.203,1.171,1073,True
USP30,876,10.8903,1.1697,1074,True
FANCA,2916,45.3339,1.1696,1075,True
LIPE-AS1,596,5.8838,1.1678,1076,True
HARBI1,667,10.9349,1.1672,1077,True
AC097639.8,621,0.2559,1.1671,1078,True
RPS27AP3,251,0.691,1.167,1079,True
AC011322.1,333,0.1534,1.1668,1080,True
KBTBD8,1651,34.0625,1.1661,1081,True
PRMT5,1649,31.4864,1.1655,1082,True
SLC2A13,324,1.9783,1.1648,1083,True
RPL29P14,160,1.7159,1.1647,1084,True
RP11-797A18.3,331,5.235,1.1643,1085,True
RP11-782C8.3,160,1.3669,1.1638,1086,True
ACSF2,757,13.9481,1.1635,1087,True
RP11-467L13.4,547,8.3844,1.1634,1088,True
MEF2C-AS1,303,4.7629,1.1633,1089,True
HHLA3,369,6.1868,1.1633,1090,True
SLC25A5P3,404,0.1403,1.1633,1091,True
KIR3DX1,275,1.9809,1.1628,1092,True
RPLP0P2,1073,0.2185,1.1621,1093,True
RP11-712B9.2,506,8.1881,1.1619,1094,True
AP000662.9,228,0.1862,1.1618,1095,True
LINC00839,229,0.0585,1.1607,1096,True
RP11-152C15.1,251,1.7579,1.1607,1097,True
GPR18,1711,41.6808,1.1604,1098,True
BANK1,1480,34.527,1.1604,1099,True
METTL8,1862,41.3561,1.1596,1100,True
RP11-1398P2.1,227,4.4396,1.1593,1101,True
ENO3,819,9.2651,1.1591,1102,True
LIN37,756,17.4063,1.159,1103,True
RPL7P4,439,0.2335,1.1589,1104,True
AC104653.1,160,2.7107,1.1589,1105,True
RP11-385D13.3,184,2.201,1.1586,1106,True
RP11-179G5.1,1021,0.544,1.1584,1107,True
CLIC3,1904,59.7154,1.1579,1108,True
MUC12,444,2.2796,1.1578,1109,True
SLC37A3,1286,25.0805,1.1575,1110,True
HMG20A,2047,36.6268,1.1572,1111,True
RN7SKP282,187,4.0625,1.1562,1112,True
RP11-345M22.1,170,2.928,1.1561,1113,True
RP11-90O23.1,206,2.7747,1.1556,1114,True
RP11-19G24.2,191,4.3555,1.155,1115,True
PATL2,3238,101.9668,1.155,1116,True
MYO1D,386,2.1959,1.1538,1117,True
UBA52P5,198,2.1844,1.1532,1118,True
WDR74,4492,94.3955,1.1525,1119,True
RP11-436I9.6,195,3.8856,1.1525,1120,True
YAE1D1,570,10.6604,1.1517,1121,True
CCDC66,1898,37.0658,1.1508,1122,True
RP11-332L8.1,219,0.0889,1.1506,1123,True
RP11-115H15.1,248,5.1882,1.1505,1124,True
MRPS28,1418,30.5299,1.1502,1125,True
CEP104,934,9.1214,1.1498,1126,True
ZNF573,773,7.3568,1.1493,1127,True
NEO1,168,0.7641,1.1492,1128,True
MTHFD2P7,701,0.2673,1.149,1129,True
AC104651.2,228,0.5007,1.1485,1130,True
RN7SL1,2727,21.1358,1.1485,1131,True
EIF3EP1,1297,1.9739,1.1481,1132,True
GTSF1,535,13.5352,1.1479,1133,True
RP11-116B19.2,393,11.3914,1.1478,1134,True
RP11-355O1.7,197,0.7681,1.1477,1135,True
LIPT2,160,3.09,1.1472,1136,True
DDX50P1,425,0.813,1.1466,1137,True
CTD-2013N17.1,245,1.48,1.1466,1138,True
HIST1H4J,778,17.2981,1.1464,1139,True
RP11-134P9.3,220,2.9608,1.1457,1140,True
EGR2,2088,35.7221,1.1456,1141,True
RP11-195F19.5,179,1.5994,1.1455,1142,True
BHLHE41,414,2.6611,1.1453,1143,True
MPZL2,251,1.3876,1.1446,1144,True
C11orf35,184,0.5884,1.1441,1145,True
CTH,442,6.4924,1.1434,1146,True
TMEM25,329,6.6649,1.143,1147,True
PRMT7,2035,46.1336,1.1429,1148,True
MRRF,2032,36.3574,1.1427,1149,True
FNDC9,435,4.8394,1.1423,1150,True
TIMM9,1517,39.7193,1.142,1151,True
TMEM19,1909,28.2034,1.1419,1152,True
HEXIM2,345,4.5613,1.1406,1153,True
ZNF816-ZNF321P,163,1.5916,1.1404,1154,True
RGCC,3984,88.5317,1.1402,1155,True
NDUFAF6,2147,23.7154,1.1401,1156,True
UBC,15197,2470.9683,1.1397,1157,True
AC015849.14,204,0.48,1.1395,1158,True
ACER2,192,1.333,1.1395,1159,True
POLE4,1511,36.3671,1.1392,1160,True
TRMT2A,2566,67.7803,1.1389,1161,True
DAB1,179,1.0105,1.1385,1162,True
RP11-58H15.1,408,0.9267,1.1381,1163,True
CTB-13F3.1,306,6.5113,1.1378,1164,True
RP11-734K2.4,166,1.7587,1.1376,1165,True
PRKRIRP7,202,0.201,1.1376,1166,True
PLCD1,852,16.8444,1.137,1167,True
STAP2,209,2.9427,1.1369,1168,True
NAIF1,279,3.5971,1.1358,1169,True
RP11-20D14.6,442,1.0586,1.1358,1170,True
RP11-752G15.6,371,8.0387,1.1352,1171,True
CTA-363E19.2,260,3.9894,1.1343,1172,True
CBR3-AS1,188,1.0283,1.1342,1173,True
RECQL5,1172,18.4354,1.1341,1174,True
CTSF,221,3.4075,1.1339,1175,True
AC093642.3,261,2.988,1.1337,1176,True
PRPS1P2,202,0.8211,1.1334,1177,True
RP4-539M6.20,168,1.9686,1.1332,1178,True
BIK,497,10.5715,1.1329,1179,True
HNRNPA3P7,458,0.5546,1.1326,1180,True
NOS3,307,1.8117,1.1326,1181,True
SEZ6,183,1.8906,1.1322,1182,True
KLHL23,169,0.8253,1.1313,1183,True
RNASE2,289,5.359,1.1296,1184,True
ZNF823,272,3.9556,1.1294,1185,True
CPM,1212,19.7556,1.1293,1186,True
SLC9B1,318,2.5053,1.1284,1187,True
MGAM,259,0.4234,1.1281,1188,True
DPY19L4,788,11.1776,1.128,1189,True
GNG4,624,12.7243,1.1276,1190,True
NTRK2,180,0.8342,1.1273,1191,True
EBI3,540,8.617,1.127,1192,True
RP11-260M2.1,836,18.3074,1.1262,1193,True
RPS4XP8,676,0.2772,1.1261,1194,True
RP11-416A17.6,382,4.7218,1.126,1195,True
HNRNPA1P21,694,6.553,1.1258,1196,True
CD40LG,1200,26.7978,1.1254,1197,True
GPT2,171,0.494,1.1253,1198,True
EML5,247,0.5071,1.125,1199,True
FSIP2,980,0.2827,1.1247,1200,True
HSPD1P7,215,0.0853,1.1246,1201,True
RMDN2,341,5.4758,1.1245,1202,True
RN7SL239P,165,2.8745,1.1237,1203,True
ATP6V1E2,234,2.2484,1.1232,1204,True
GZMH,4748,420.8764,1.1227,1205,True
RASGRP3,1421,17.2622,1.1227,1206,True
RP11-162O12.2,266,0.9911,1.1218,1207,True
DYNC1LI2,2333,38.6089,1.1214,1208,True
RP11-448G4.2,269,0.5197,1.1211,1209,True
ULBP2,489,10.1091,1.1207,1210,True
CD72,2248,47.705,1.1207,1211,True
ZNF599,352,5.6962,1.1204,1212,True
HIST3H2BB,182,2.2763,1.1203,1213,True
RPL7AP14,199,0.0797,1.1202,1214,True
RP11-720N19.2,172,2.4986,1.1201,1215,True
ZBED2,1422,27.5287,1.1201,1216,True
RNF138P1,307,1.4037,1.1197,1217,True
NUP85,2742,65.4674,1.1196,1218,True
IFI44,2458,71.8905,1.1195,1219,True
KIAA0226L,1490,28.0682,1.119,1220,True
WDYHV1,658,13.9208,1.1186,1221,True
HRSP12,463,8.5771,1.1175,1222,True
AC133965.1,160,0.7578,1.117,1223,True
RNASE6,1635,42.0685,1.117,1224,True
CUL5,2846,34.7851,1.1167,1225,True
RP11-577H5.1,211,0.8949,1.1166,1226,True
GS1-393G12.12,517,1.886,1.1159,1227,True
FGR,2054,46.0438,1.1156,1228,True
RP11-731F5.2,427,2.8156,1.1154,1229,True
C11orf84,271,0.7523,1.1142,1230,True
AC005062.2,532,0.2994,1.1141,1231,True
RBM26-AS1,201,2.4671,1.114,1232,True
PPIL3,1776,43.3045,1.1137,1233,True
HNRNPA3P11,187,0.876,1.1137,1234,True
CDK5RAP1,2188,57.1567,1.1136,1235,True
DUSP6,2334,59.3344,1.113,1236,True
CTD-2541M15.1,249,1.4656,1.1128,1237,True
RN7SL285P,180,3.674,1.1128,1238,True
RP11-864G5.1,701,0.4075,1.1125,1239,True
CATSPERG,284,1.2706,1.1123,1240,True
CLECL1,1157,18.2648,1.112,1241,True
METRNL,2568,49.4529,1.1118,1242,True
MTCYBP3,167,2.3357,1.1115,1243,True
KIAA1324L,380,4.5103,1.111,1244,True
AC013264.2,330,4.8487,1.1106,1245,True
LINC00923,256,0.179,1.1104,1246,True
RP11-474L11.5,179,2.3333,1.1102,1247,True
ZNF256,392,7.8618,1.1099,1248,True
CCDC176,191,1.2009,1.1096,1249,True
UCP3,195,1.1494,1.1094,1250,True
DUS1L,1188,22.1333,1.1091,1251,True
WI2-89927D4.1,324,7.0723,1.1084,1252,True
HMGN2P40,173,0.2077,1.1083,1253,True
NPM1P19,625,0.3767,1.1083,1254,True
RP11-452F19.3,532,11.7077,1.1082,1255,True
NUDT7,366,8.6543,1.1079,1256,True
AC008948.1,187,0.4334,1.1078,1257,True
RP11-262H14.3,460,1.3408,1.1074,1258,True
AC009506.2,505,0.3504,1.1071,1259,True
ULK4P2,189,1.1657,1.107,1260,True
TXK,1332,28.7017,1.1066,1261,True
ACSM3,401,3.6952,1.1062,1262,True
RP11-117D22.2,282,6.3071,1.1057,1263,True
POP5,2123,63.3906,1.1055,1264,True
LIN7B,481,8.7207,1.105,1265,True
RP11-333E13.4,209,0.0986,1.1047,1266,True
RP5-1007M22.2,444,6.2517,1.1045,1267,True
ZNF570,439,8.2149,1.1038,1268,True
FDPSP2,196,0.7943,1.1024,1269,True
RP11-302B13.1,231,0.9568,1.1024,1270,True
ZBTB8OSP1,163,2.0833,1.1005,1271,True
RN7SKP78,181,3.2557,1.1004,1272,True
PRR4,4307,58.902,1.1003,1273,True
BEX2,697,19.0411,1.0996,1274,True
PABPC1L,1230,21.0434,1.0996,1275,True
DGAT1,485,9.4377,1.0993,1276,True
RP11-1094M14.7,407,1.3602,1.0992,1277,True
RPL10P14,161,0.3515,1.0983,1278,True
ZNF563,387,5.3519,1.0982,1279,True
COL6A2,276,1.8571,1.0982,1280,True
MSTO1,2353,37.3802,1.098,1281,True
CCT8P1,1974,1.1855,1.0979,1282,True
RNU1-60P,937,22.8299,1.0979,1283,True
TTC32,1094,26.0172,1.0976,1284,True
TM7SF3,1111,14.6462,1.0975,1285,True
PRC1,1088,21.5413,1.0972,1286,True
FAM35CP,280,0.2733,1.0971,1287,True
ATF3,2722,62.8875,1.097,1288,True
RPL7AP34,580,0.1621,1.0969,1289,True
RP11-247I13.6,291,6.5134,1.0958,1290,True
ZNF418,208,2.9385,1.0955,1291,True
ACP5,4117,119.7466,1.0949,1292,True
RP11-16C1.3,162,2.4832,1.0948,1293,True
LY6G5C,734,15.347,1.0947,1294,True
TMCC1-AS1,324,0.5444,1.0945,1295,True
RPS17P13,200,3.2896,1.0944,1296,True
ZNF571,1015,9.4137,1.0944,1297,True
AC011933.2,312,2.2794,1.0943,1298,True
RP11-397P13.6,262,2.3852,1.0943,1299,True
PLEKHH1,223,0.6208,1.0939,1300,True
B9D1,161,1.122,1.0933,1301,True
SLC26A6,1009,16.4555,1.0927,1302,True
INCA1,170,0.8498,1.0926,1303,True
BNC2,262,1.9706,1.0923,1304,True
NPM1P51,357,0.1578,1.0922,1305,True
MLC1,218,3.0372,1.0919,1306,True
HINFP,1468,23.536,1.0917,1307,True
DHX9P1,490,0.0826,1.091,1308,True
RP11-977G19.11,207,2.584,1.0909,1309,True
RP11-109N23.5,247,3.4874,1.09,1310,True
RP11-834C11.7,191,2.7996,1.0897,1311,True
RNU1-59P,196,3.804,1.0897,1312,True
AC092295.7,577,3.4863,1.0895,1313,True
GOLGA8G,200,0.1819,1.0891,1314,True
CASP6,1086,20.5071,1.0887,1315,True
B3GNT9,211,0.5584,1.0886,1316,True
RP11-44D5.1,231,1.5214,1.0885,1317,True
TNK1,244,5.1229,1.0882,1318,True
RP11-214K3.20,173,2.7844,1.0881,1319,True
PADI4,172,1.3993,1.0879,1320,True
NINJ2,1088,30.596,1.0872,1321,True
ADC,533,7.6431,1.0871,1322,True
C21orf119,288,5.9223,1.087,1323,True
RP11-89K11.1,168,2.2778,1.087,1324,True
ALS2CL,196,1.0703,1.0866,1325,True
GREB1,161,0.2916,1.0864,1326,True
PAN2,1796,21.0796,1.086,1327,True
DMD,206,1.1663,1.0857,1328,True
ZNF577,514,7.5805,1.0853,1329,True
LRRC34,178,1.6084,1.0847,1330,True
SLC2A5,648,9.2144,1.0846,1331,True
HNRNPA1P28,401,0.1173,1.0845,1332,True
RNF31,1303,26.1725,1.0841,1333,True
AC064852.5,176,0.6505,1.0832,1334,True
RN7SL657P,167,1.5761,1.0829,1335,True
C3orf14,627,13.2125,1.0823,1336,True
AP000357.4,197,0.0526,1.0823,1337,True
RPS10L,350,0.4644,1.0819,1338,True
NEBL,325,3.1817,1.0819,1339,True
ZSCAN5A,467,5.2961,1.0816,1340,True
ZNF566,504,7.2123,1.0814,1341,True
CFL1P5,174,1.0521,1.0809,1342,True
SHISA2,168,2.3027,1.0809,1343,True
NUCB2,4026,138.4883,1.0807,1344,True
BAG3,1740,21.758,1.0806,1345,True
TEX14,231,0.5251,1.0793,1346,True
HDX,209,1.7578,1.0789,1347,True
ANKRD37,2287,51.7739,1.0788,1348,True
DYNC2H1,347,2.2331,1.0786,1349,True
CARF,849,13.2109,1.0777,1350,True
RP11-697N18.4,163,2.4344,1.0775,1351,True
MTRNR2L3,1215,0.67,1.0774,1352,True
SPATA24,214,3.3787,1.0771,1353,True
POLR1C,1464,31.3717,1.0768,1354,True
HDAC6,2185,39.2812,1.0765,1355,True
AKAP8L,933,16.3232,1.0763,1356,True
NFKBIA,10506,771.0559,1.0762,1357,True
TTC18,193,1.2137,1.076,1358,True
RP11-142L4.2,254,0.2802,1.0759,1359,True
AC012318.3,634,2.0805,1.0756,1360,True
RP11-258F1.1,211,0.8798,1.0749,1361,True
ADPRM,948,26.32,1.0742,1362,True
C9orf114,2222,56.2157,1.0741,1363,True
DPH2,1052,21.91,1.0738,1364,True
LOXL1-AS1,245,4.487,1.0738,1365,True
RPL19P21,1244,0.5752,1.0736,1366,True
FPR2,386,5.3518,1.073,1367,True
NPAS2,164,0.5548,1.0728,1368,True
GLT8D1,1644,34.4565,1.0726,1369,True
MLANA,211,1.5688,1.0724,1370,True
ZFP14,659,10.4695,1.0709,1371,True
RP11-473M20.7,2067,38.0284,1.0708,1372,True
TCTEX1D4,176,0.9171,1.0707,1373,True
EIF5A2,999,13.8939,1.07,1374,True
MT2A,6086,291.7651,1.0699,1375,True
RP11-196G11.2,208,3.0719,1.0698,1376,True
RP11-660L16.2,932,26.3176,1.0697,1377,True
RP11-316P17.2,324,4.7236,1.0697,1378,True
ZNF485,194,3.6359,1.0696,1379,True
RP11-64K12.1,315,0.392,1.0692,1380,True
EHHADH,199,1.5437,1.0691,1381,True
HIST1H2AE,418,5.719,1.0691,1382,True
TRIO,1272,7.2473,1.0691,1383,True
GALK1,1667,37.9542,1.0689,1384,True
CTB-31N19.3,172,2.6045,1.0687,1385,True
FAM86EP,384,1.4728,1.0686,1386,True
C2orf27A,222,0.866,1.0686,1387,True
RBMX2P3,166,0.8813,1.0676,1388,True
CEP41,913,14.1368,1.0674,1389,True
KCND1,167,0.5387,1.0673,1390,True
GALK2,1896,32.103,1.0671,1391,True
AURKB,795,19.4417,1.0666,1392,True
ZNF250,982,14.9014,1.0663,1393,True
DLGAP1,266,2.9539,1.0662,1394,True
B4GALT2,160,0.477,1.0658,1395,True
AC125238.2,383,0.0783,1.0656,1396,True
STAP1,1160,22.94,1.064,1397,True
SWI5,821,16.9742,1.0637,1398,True
MCEE,1168,26.3213,1.0631,1399,True
BCL11A,2198,57.8064,1.063,1400,True
ZNF555,254,2.7546,1.0628,1401,True
GSTM3,253,4.817,1.0621,1402,True
CTD-2666L21.2,205,0.8433,1.062,1403,True
RP11-29B2.5,182,3.7581,1.0618,1404,True
IFI6,8060,287.1842,1.0618,1405,True
ARL6IP1P3,240,0.1503,1.0617,1406,True
SORBS1,245,1.0581,1.0615,1407,True
ZSCAN18,433,6.6655,1.0614,1408,True
RP11-430C7.2,227,1.1124,1.0613,1409,True
DLG4,276,0.9583,1.0604,1410,True
MRPL55,2674,101.0344,1.0603,1411,True
SNORA66,400,10.6504,1.0595,1412,True
GGT1,1164,26.1085,1.0593,1413,True
TFAP4,249,0.4314,1.0592,1414,True
RP11-705C15.5,748,8.474,1.0588,1415,True
RNF185-AS1,211,0.6391,1.0584,1416,True
SLC2A3P4,762,0.422,1.0582,1417,True
GAPDHP69,450,0.1105,1.0581,1418,True
RP11-307P22.1,341,0.4926,1.058,1419,True
DHRS12,953,18.143,1.0579,1420,True
AC006129.4,833,16.0405,1.0578,1421,True
ZDHHC11B,196,1.0925,1.0575,1422,True
TFPI,452,0.4547,1.0569,1423,True
GLUL,3332,160.1128,1.0568,1424,True
MIR155HG,3732,72.3688,1.0567,1425,True
AC132192.1,215,4.0845,1.0563,1426,True
RP11-214J9.1,230,3.3737,1.0556,1427,True
RP11-209D14.4,543,6.8315,1.0556,1428,True
DDX43,229,1.6113,1.0553,1429,True
MRPL53P1,469,10.6601,1.0552,1430,True
AF131215.4,169,2.0092,1.0551,1431,True
ZNF720,1533,22.7643,1.0548,1432,True
ENTHD2,1532,10.6686,1.0547,1433,True
RNU6-15P,223,1.2271,1.0542,1434,True
MALSU1,1608,38.9609,1.0538,1435,True
SAMD12,622,4.8802,1.0537,1436,True
MFSD9,742,11.8762,1.0533,1437,True
LINC00515,203,2.0057,1.0526,1438,True
ZNF777,166,0.1542,1.0525,1439,True
AC092484.1,193,3.7096,1.0523,1440,True
ICOS,4374,130.2713,1.0521,1441,True
RP11-382J24.2,631,1.4038,1.0515,1442,True
ZNF93,580,6.5355,1.0515,1443,True
MMP9,558,2.3024,1.051,1444,True
RP11-529H20.6,161,2.2098,1.0509,1445,True
RP11-305L7.3,461,11.0637,1.0509,1446,True
CTD-3074O7.5,338,4.4457,1.0508,1447,True
POLR3G,228,1.5887,1.0498,1448,True
KLHDC8B,219,2.5066,1.0496,1449,True
RP11-119F19.2,438,7.5059,1.0491,1450,True
PSMG1,1282,31.462,1.049,1451,True
POP4,2850,91.3672,1.0489,1452,True
RAB38,228,3.597,1.0489,1453,True
RP11-680G24.4,325,0.4304,1.0484,1454,True
RN7SL834P,648,14.2471,1.0483,1455,True
ADAT1,1928,37.0717,1.0479,1456,True
DHRS7B,740,9.9921,1.0479,1457,True
GLUD1P2,428,0.9197,1.0478,1458,True
AC064850.4,255,0.1094,1.0469,1459,True
LINC00944,721,9.1063,1.0467,1460,True
ZRANB3,604,5.353,1.0464,1461,True
Z97634.3,451,0.3776,1.0456,1462,True
RP11-473M20.14,1226,17.0937,1.0452,1463,True
C11orf74,176,1.9678,1.0449,1464,True
RP5-1057J7.1,288,0.2016,1.0439,1465,True
RP11-175P13.3,212,3.0521,1.0437,1466,True
NDRG2,596,8.6878,1.0436,1467,True
KIF19,161,1.468,1.0436,1468,True
ATAD3C,201,1.3248,1.0432,1469,True
RP11-421L21.3,412,6.5463,1.0432,1470,True
PTP4A2P1,562,0.5872,1.043,1471,True
KB-1507C5.2,381,5.4044,1.042,1472,True
RP11-394D2.1,458,0.1129,1.0417,1473,True
ADTRP,663,11.1698,1.0416,1474,True
BCO2,294,2.0829,1.0413,1475,True
ZNF608,166,0.837,1.0413,1476,True
MOK,256,3.0458,1.041,1477,True
RP11-365H23.1,497,0.3915,1.0405,1478,True
COBLL1,865,11.8481,1.0394,1479,True
AC007014.1,212,1.6309,1.0394,1480,True
SNRPEP4,396,1.4059,1.039,1481,True
CFD,675,12.4569,1.0389,1482,True
MTFR1L,1596,32.2566,1.0388,1483,True
NAP1L4P3,530,0.1329,1.0384,1484,True
CNN2P9,216,0.7581,1.0382,1485,True
RP1-145M24.1,288,1.0993,1.0376,1486,True
CDC42P3,177,0.0799,1.0376,1487,True
PRDX3P1,674,3.6882,1.0371,1488,True
ZNF219,179,0.6424,1.0371,1489,True
UBE2L4,251,0.2319,1.037,1490,True
AC021860.1,205,0.1659,1.0367,1491,True
RP11-1348G14.1,230,0.3131,1.0365,1492,True
WHAMMP2,461,0.9562,1.0365,1493,True
LPAL2,294,1.3791,1.0359,1494,True
LMLN,323,2.0308,1.0359,1495,True
CTAGE7P,216,0.1411,1.0353,1496,True
RP11-319G6.1,190,2.4263,1.035,1497,True
CYP4F35P,216,0.8699,1.0349,1498,True
RP11-430C7.4,170,1.9944,1.0348,1499,True
FBXO18,1291,22.6882,1.0339,1500,True
BSCL2,1728,35.8633,1.0337,1501,True
TTLL4,1310,23.6335,1.0333,1502,True
AC004980.10,197,1.0741,1.033,1503,True
CD81,2866,49.042,1.0328,1504,True
KIAA1199,340,0.3217,1.0328,1505,True
RNU2-6P,287,3.7153,1.0327,1506,True
ATPAF2,1922,41.606,1.0322,1507,True
APBB3,2317,44.7067,1.0315,1508,True
AC012358.8,226,1.2095,1.0314,1509,True
IFT81,178,1.194,1.0314,1510,True
TNPO2,2878,27.6974,1.0313,1511,True
HMGB1P4,524,4.4847,1.0312,1512,True
AAAS,1966,41.5875,1.0311,1513,True
C10orf35,324,7.6276,1.031,1514,True
OSGEP,2229,53.2911,1.0306,1515,True
ME3,197,2.3126,1.0303,1516,True
RP11-97O12.7,177,0.9259,1.03,1517,True
RP11-81N13.1,246,4.0152,1.0299,1518,True
ACTBP9,933,0.1817,1.0295,1519,True
AGA,1784,38.0374,1.0295,1520,True
RP11-1399P15.1,1504,33.2663,1.0295,1521,True
RN7SL809P,304,5.5911,1.0293,1522,True
RP11-345K20.2,360,1.7805,1.0288,1523,True
RP11-122G18.7,459,0.5125,1.0279,1524,True
RMDN1,2673,48.0848,1.0278,1525,True
MAPK8,1094,16.05,1.0275,1526,True
HIST1H2BD,1454,27.0418,1.0272,1527,True
WARS,5439,225.9692,1.0271,1528,True
RPS19P3,865,2.4877,1.0269,1529,True
SMUG1,1213,27.3367,1.0261,1530,True
EIF4BP2,520,0.1565,1.026,1531,True
STXBP4,594,8.0207,1.0254,1532,True
ZNF80,604,9.5126,1.0251,1533,True
TFDP2,2160,34.3881,1.0251,1534,True
LLGL2,1228,21.0402,1.0249,1535,True
RP11-281O15.7,290,1.6619,1.0248,1536,True
ZSWIM7,1227,29.084,1.0247,1537,True
COPS8P2,282,0.3743,1.0235,1538,True
RPS15AP5,243,0.2656,1.0226,1539,True
LYPLAL1,1175,18.8167,1.0224,1540,True
TAF9BP1,273,3.6949,1.0222,1541,True
TSEN2,568,9.5167,1.0217,1542,True
SLC38A9,1421,20.7525,1.0207,1543,True
RP11-351I21.11,305,0.3751,1.0205,1544,True
PKIG,861,17.4074,1.0203,1545,True
CIAPIN1P,302,0.1181,1.0201,1546,True
PTGER2,1783,37.829,1.0195,1547,True
TMEM232,165,0.5712,1.0193,1548,True
ZNF558,579,7.0827,1.0193,1549,True
ZNF582,219,3.6956,1.0192,1550,True
XXYLT1-AS2,363,5.2106,1.019,1551,True
SCAPER,2943,53.3653,1.0187,1552,True
PGAP1,1365,14.4171,1.0184,1553,True
FAM76B,1530,21.0377,1.0182,1554,True
ACSL6,689,7.34,1.0181,1555,True
RP11-363E7.4,478,9.4835,1.0181,1556,True
CTC-499J9.1,277,0.6215,1.018,1557,True
SMC4,4165,125.1051,1.018,1558,True
RP11-295G20.2,242,3.4219,1.018,1559,True
RP6-11O7.2,641,10.144,1.018,1560,True
HLA-DPB1,10261,724.5441,1.0179,1561,True
GCFC2,1291,18.5649,1.0179,1562,True
CTD-2501E16.1,187,3.5854,1.0179,1563,True
LINC00426,2053,40.1921,1.0178,1564,True
HIN1L,172,0.045,1.0177,1565,True
KB-173C10.1,160,2.4184,1.0175,1566,True
HID1,266,2.1264,1.0175,1567,True
RPL21P40,258,0.197,1.0175,1568,True
TBPL1,2086,60.779,1.0169,1569,True
AC018867.2,545,11.1779,1.0167,1570,True
RP11-484K9.4,268,1.8178,1.0166,1571,True
TNPO1P1,467,6.7466,1.0163,1572,True
MACROD2,187,1.0876,1.0163,1573,True
DTWD1,1014,15.9316,1.0162,1574,True
RP11-68I3.11,162,1.439,1.0159,1575,True
ZNF443,311,2.5591,1.0154,1576,True
CTD-2245F17.3,305,4.6576,1.0151,1577,True
IL11RA,1027,17.3272,1.0151,1578,True
DGKG,197,0.9668,1.0148,1579,True
ACTG1P9,566,0.0818,1.0148,1580,True
DPY19L3,777,9.2917,1.0147,1581,True
ZNF345,499,5.3693,1.0142,1582,True
FKBP14,398,3.642,1.0134,1583,True
RP11-769O8.1,181,1.9625,1.0133,1584,True
EAF2,1388,25.7263,1.013,1585,True
TNFAIP1,966,14.9874,1.0127,1586,True
RP5-831K15.1,640,0.2246,1.0124,1587,True
PSAP,9142,373.7687,1.0122,1588,True
CTD-3018O17.3,356,2.1841,1.0116,1589,True
CLEC4E,547,9.1239,1.0114,1590,True
DNM3,191,0.7285,1.0114,1591,True
SEC22A,1465,22.1584,1.0108,1592,True
RPL31P11,220,0.2999,1.0107,1593,True
RP11-345M22.2,192,2.4495,1.0102,1594,True
GPN2,1341,21.647,1.01,1595,True
RP11-32B5.1,1407,0.4911,1.0096,1596,True
TMEM251,712,14.7948,1.0094,1597,True
RP11-529H22.1,314,3.964,1.0093,1598,True
RP11-77O7.1,183,1.6945,1.0092,1599,True
FUOM,1355,31.574,1.0088,1600,True
NDUFAF7,1340,22.8254,1.0086,1601,True
GMPR2,2497,74.6485,1.0085,1602,True
PPP5D1,182,0.9739,1.0085,1603,True
SLC25A38P1,332,0.1194,1.0079,1604,True
RP11-465B22.3,445,5.2993,1.0078,1605,True
STARD10,328,5.0904,1.0077,1606,True
CEACAM1,547,9.6311,1.0077,1607,True
APITD1,592,9.244,1.0076,1608,True
AC005003.1,165,0.1844,1.0075,1609,True
PTPN3,233,1.2986,1.0074,1610,True
EPS8L1,222,3.3529,1.007,1611,True
RP11-665C16.1,700,16.0524,1.007,1612,True
FFAR2,211,2.029,1.0068,1613,True
LEPR,389,0.9185,1.0068,1614,True
RPS27,15770,4301.8333,1.0067,1615,True
NCF1,3050,58.6495,1.0067,1616,True
RP4-694B14.5,489,2.928,1.0062,1617,True
RP11-532F6.2,215,3.3085,1.0062,1618,True
CCDC102B,221,1.868,1.0061,1619,True
AC019097.7,389,1.2626,1.0057,1620,True
RP11-320M16.1,815,0.4687,1.0055,1621,True
CRYZL1,1996,42.224,1.0051,1622,True
CATSPERB,160,0.9814,1.0049,1623,True
RP11-318C24.2,220,1.8788,1.0048,1624,True
ZNF678,1372,14.07,1.0047,1625,True
GCAT,187,2.3578,1.0037,1626,True
OR2A7,175,1.2993,1.0036,1627,True
RP11-700P18.1,666,0.1101,1.0035,1628,True
SLC25A23,275,1.4067,1.0032,1629,True
ZFHX2,207,0.4173,1.0032,1630,True
DOCK6,167,0.7814,1.003,1631,True
CTD-2619J13.19,247,0.1,1.0029,1632,True
PABPC4,2426,42.9527,1.0029,1633,True
TMEM217,415,3.1213,1.0026,1634,True
ZNF692,1605,32.2944,1.0022,1635,True
PAWR,229,1.754,1.0017,1636,True
RP11-571M6.8,1441,28.005,1.0012,1637,True
WDR86-AS1,297,6.7796,1.0011,1638,True
IL32,11151,1384.6959,1.0009,1639,True
GAS8,316,4.8263,1.0,1640,True
TNFRSF9,3378,80.277,0.9996,1641,True
RP11-572F4.1,183,3.2512,0.9994,1642,True
SLC25A5-AS1,528,0.87,0.9992,1643,True
MT1JP,241,0.5559,0.9991,1644,True
MYOM1,255,1.4023,0.9987,1645,True
RP11-799B12.2,161,2.813,0.9986,1646,True
PDGFRB,190,2.2968,0.9986,1647,True
MOSPD1,513,8.4172,0.9985,1648,True
TNFSF8,2141,41.606,0.9982,1649,True
RHOBTB3,252,2.1272,0.9981,1650,True
KNTC1,2145,31.683,0.998,1651,True
ADAL,504,5.9037,0.9977,1652,True
ADHFE1,1200,30.0653,0.9977,1653,True
RP4-635E18.8,1215,29.8963,0.9974,1654,True
RP11-204K16.1,279,0.2148,0.9971,1655,True
BTLA,2065,45.5039,0.9969,1656,True
KCNAB3,195,2.1958,0.9968,1657,True
KIR2DP1,233,0.6796,0.9968,1658,True
TUBA3FP,197,1.1952,0.9963,1659,True
IVD,2675,53.5648,0.9963,1660,True
ZBTB16,701,11.8453,0.9961,1661,True
ERCC6L2,1879,17.9322,0.996,1662,True
RP13-480C15.1,203,4.5141,0.996,1663,True
FAIM,578,10.1665,0.996,1664,True
MGAT4B,429,4.6483,0.9955,1665,True
ZNF487,438,7.2754,0.9952,1666,True
RP11-395B7.4,165,2.9163,0.9949,1667,True
SERHL2,710,1.9618,0.9946,1668,True
C6orf226,762,19.0695,0.994,1669,True
RP11-253I19.4,221,3.7356,0.9935,1670,True
RP11-566F5.1,643,0.5719,0.9933,1671,True
RP11-739N20.3,276,5.057,0.9933,1672,True
RP11-203B9.4,646,5.7814,0.9932,1673,True
EIF3LP3,504,0.2229,0.9932,1674,True
BEX5,251,4.1893,0.9929,1675,True
MICALCL,168,0.9354,0.9928,1676,True
RP11-473D24.1,161,2.2833,0.9925,1677,True
TRIM3,289,3.2691,0.9916,1678,True
CLEC12A,655,9.3482,0.9911,1679,True
SNORA53,190,3.0748,0.9908,1680,True
AMN1,690,13.3812,0.9908,1681,True
YWHAQP6,378,6.9128,0.9904,1682,True
WDR7,2020,25.0137,0.9901,1683,True
CTC-378H22.1,218,1.6318,0.99,1684,True
MCOLN3,200,0.9557,0.9895,1685,True
ZNF268,716,10.5958,0.9895,1686,True
ZNF669,462,8.3263,0.9892,1687,True
TMEM155,587,13.1303,0.9887,1688,True
UROD,2146,50.627,0.9886,1689,True
RP13-753N3.1,178,1.2717,0.9881,1690,True
AP000254.8,1415,35.6068,0.9879,1691,True
C2orf61,177,0.4014,0.9878,1692,True
RP1-102H19.8,167,0.8649,0.9873,1693,True
RP1-134E15.3,427,6.371,0.9872,1694,True
IL18RAP,1200,25.2064,0.987,1695,True
RP11-567G24.1,1142,0.1464,0.9868,1696,True
SESN1,1892,27.7162,0.9865,1697,True
AP4S1,571,6.0375,0.9864,1698,True
RP11-368P15.3,329,6.2262,0.9864,1699,True
RP3-395M20.8,2128,12.0284,0.9864,1700,True
RP11-697N18.3,278,2.4311,0.9861,1701,True
ZFAND2B,2162,64.3475,0.9861,1702,True
KRT18,283,3.8391,0.986,1703,True
ITGA1,2314,27.5499,0.9856,1704,True
NUP160,2864,39.3969,0.9854,1705,True
RN7SKP163,204,3.6041,0.9852,1706,True
TMEM116,912,17.262,0.9849,1707,True
IRF7,4740,103.6197,0.9846,1708,True
RP11-129K12.4,326,7.4323,0.9846,1709,True
TMEM138,2293,58.6142,0.9846,1710,True
GTF3C2,2070,35.129,0.9843,1711,True
PARP2,954,16.6163,0.9836,1712,True
EIF4A1P7,522,0.111,0.9835,1713,True
RP3-340B19.5,337,6.9101,0.9833,1714,True
RN7SL648P,558,11.4204,0.983,1715,True
PDHA1,3825,123.3152,0.9822,1716,True
FCGRT,2092,53.756,0.9816,1717,True
NME6,1208,23.7862,0.9809,1718,True
TLR3,220,1.4496,0.9807,1719,True
PELP1,1374,10.9108,0.9804,1720,True
POLI,1060,17.8248,0.9804,1721,True
VIM-AS1,974,18.6989,0.9794,1722,True
TRIM52-AS1,692,11.9474,0.9794,1723,True
FHL2,269,3.1861,0.9794,1724,True
RP11-927P21.2,173,0.4426,0.9792,1725,True
LINS,2011,37.6272,0.979,1726,True
RP11-118B22.1,206,3.0302,0.9788,1727,True
CDC27,2925,54.1163,0.9786,1728,True
APOM,241,2.9542,0.9786,1729,True
VASP,2641,23.7665,0.9785,1730,True
AL136115.1,504,7.9777,0.9783,1731,True
DIXDC1,274,1.5229,0.9777,1732,True
ADCY9,310,1.3612,0.9776,1733,True
HSPA8P16,300,0.0801,0.9773,1734,True
FAM153B,239,1.456,0.9772,1735,True
ACOT7,1464,23.2287,0.9772,1736,True
RP11-497H16.9,302,4.0659,0.977,1737,True
CTA-211A9.5,1538,22.4215,0.9767,1738,True
SMARCE1P1,339,0.1133,0.9762,1739,True
METTL18,519,10.4184,0.976,1740,True
PPIAP19,498,2.1526,0.9755,1741,True
MT-CO2,15945,4383.6802,0.9754,1742,True
ZNF676,230,0.0651,0.9753,1743,True
SNHG17,2646,60.9265,0.9752,1744,True
GDPD3,178,1.7644,0.9745,1745,True
ZNF17,283,4.0173,0.9743,1746,True
EML6,396,1.0918,0.974,1747,True
RP11-571F15.3,525,1.2264,0.9732,1748,True
LAMC1,166,0.7178,0.9727,1749,True
ZNF778,317,3.9969,0.9725,1750,True
EPHA4,674,11.3185,0.9719,1751,True
ZNF347,348,4.0702,0.9717,1752,True
DNAJC27,843,11.4622,0.9713,1753,True
RN7SL800P,466,9.7389,0.9712,1754,True
AC092143.1,229,1.3405,0.9711,1755,True
WDR90,518,6.5767,0.9709,1756,True
PRIM1,1411,32.4741,0.9706,1757,True
RP11-554J4.1,366,7.2699,0.9706,1758,True
RN7SL749P,744,16.3277,0.9704,1759,True
MIR3615,3923,4.6153,0.9703,1760,True
SOD2,6333,152.3895,0.97,1761,True
APBA2,837,13.1329,0.9698,1762,True
RP11-271C24.3,579,10.6067,0.9697,1763,True
AC005682.5,284,3.5382,0.9687,1764,True
ZNF737,918,11.903,0.9685,1765,True
MATN1-AS1,420,5.3064,0.9684,1766,True
RP11-383F6.1,1039,23.853,0.9681,1767,True
EEF1B2P1,930,6.809,0.9675,1768,True
PWP1,3511,108.7453,0.9671,1769,True
GLULP4,206,0.0867,0.9668,1770,True
LEAP2,542,7.6371,0.9666,1771,True
TMEM241,607,7.7219,0.9664,1772,True
AP001816.1,210,3.3514,0.9664,1773,True
METTL22,1259,21.6883,0.9663,1774,True
RP11-413E1.2,168,3.9171,0.966,1775,True
FMO5,280,1.8465,0.9656,1776,True
RAB27B,202,1.9515,0.9654,1777,True
RAB11B-AS1,207,1.8018,0.9653,1778,True
RP11-188P20.3,169,1.2346,0.9653,1779,True
SPIRE1,182,0.7373,0.9652,1780,True
CTD-2105E13.13,174,2.6458,0.9651,1781,True
RP11-423F24.3,652,0.4808,0.9647,1782,True
HDAC11,226,2.7584,0.9643,1783,True
HSBP1L1,540,10.2795,0.9642,1784,True
FAM95B1,300,1.5066,0.9641,1785,True
GPR84,597,9.2685,0.9636,1786,True
TTC9C,1290,25.8647,0.9631,1787,True
PTCD3,3515,64.7993,0.9624,1788,True
INMT,247,0.3643,0.9622,1789,True
APBB2,171,1.0709,0.9621,1790,True
IGBP1P1,268,0.323,0.9616,1791,True
NDUFB8P2,227,3.3191,0.9615,1792,True
NR3C1,5921,110.7009,0.9613,1793,True
TTN-AS1,2501,31.8193,0.9613,1794,True
GALE,733,14.4542,0.9612,1795,True
NDUFS4,2149,52.1531,0.9606,1796,True
RP11-57H12.3,215,0.0867,0.9604,1797,True
DICER1-AS1,402,5.7662,0.9604,1798,True
RP11-73O6.3,241,3.3793,0.9604,1799,True
CTD-2020K17.3,193,1.1792,0.9602,1800,True
ENKD1,212,1.7427,0.96,1801,True
SSPN,205,2.0195,0.9598,1802,True
ZNF155,271,3.6172,0.9597,1803,True
ZNF547,260,2.4865,0.9595,1804,True
RPL34P26,186,0.371,0.9595,1805,True
RAB39A,197,0.7493,0.9592,1806,True
EZH1,2085,35.873,0.9591,1807,True
RP11-254F7.2,256,2.2273,0.959,1808,True
ZNF542,311,3.9788,0.9589,1809,True
EXTL2,339,3.0228,0.9582,1810,True
AC002480.5,173,2.0694,0.958,1811,True
RP11-118D22.3,177,0.0499,0.9577,1812,True
KMO,922,11.1823,0.9572,1813,True
RP11-108B14.4,422,0.5196,0.9572,1814,True
RP11-340F14.5,430,6.1954,0.9565,1815,True
ZNF32,1032,27.2683,0.9559,1816,True
ZNF585B,1030,9.2085,0.9554,1817,True
IGSF6,1229,29.6833,0.9552,1818,True
HFE,316,2.1436,0.9552,1819,True
SPAG5,957,15.1572,0.9551,1820,True
PAFAH1B1,3614,65.3773,0.9551,1821,True
CTA-29F11.1,897,22.7759,0.955,1822,True
TNXB,195,0.6953,0.955,1823,True
RP11-169D4.2,340,7.1312,0.9547,1824,True
SLC9B2,937,10.6172,0.9543,1825,True
SPATA7,191,2.2733,0.954,1826,True
LIPT1,478,10.1222,0.9539,1827,True
IMP4,3311,108.7671,0.9539,1828,True
SMARCC2,5031,80.8036,0.9538,1829,True
FAM45A,1824,31.1146,0.9536,1830,True
SIRPAP1,211,0.0651,0.953,1831,True
PCNPP5,384,0.7859,0.9527,1832,True
TSSK6,325,0.8655,0.9523,1833,True
KCNQ3,163,0.4392,0.9522,1834,True
RP5-1028K7.2,1145,29.0482,0.9522,1835,True
RHEBL1,545,9.4671,0.9521,1836,True
GOT2P2,660,0.2513,0.9518,1837,True
MRS2P2,226,3.2398,0.9514,1838,True
BTF3P12,295,3.0758,0.951,1839,True
PRKCQ-AS1,1289,29.1863,0.9506,1840,True
DOCK9,1067,10.023,0.9505,1841,True
HNRNPA1P43,387,0.1018,0.9502,1842,True
SPTLC2,2604,37.964,0.95,1843,True
EPHA1-AS1,762,3.9667,0.9492,1844,True
RP11-74C1.2,507,1.0434,0.9484,1845,True
PMS2P4,944,8.3649,0.9484,1846,True
FHOD1,1515,12.8714,0.9484,1847,True
CCDC147-AS1,188,1.4116,0.9483,1848,True
OAS1,2804,71.0854,0.9482,1849,True
LILRB4,1482,32.4075,0.948,1850,True
CTB-118N6.3,265,3.1676,0.9479,1851,True
C1RL,1182,14.166,0.9478,1852,True
ZNF34,431,7.5616,0.9477,1853,True
AC090804.1,577,1.8058,0.9473,1854,True
RP4-798A10.7,161,1.0708,0.9472,1855,True
RP1-152L7.5,166,1.2142,0.9467,1856,True
GOLGA7B,170,0.562,0.9462,1857,True
SEC24B-AS1,161,1.4442,0.9461,1858,True
DKC1,2367,44.5354,0.9461,1859,True
FAM60BP,320,0.5789,0.946,1860,True
RN7SL174P,262,5.1246,0.946,1861,True
RPL3P1,1666,0.5032,0.9459,1862,True
AF129408.17,988,23.4578,0.9459,1863,True
CREM,7982,478.5184,0.9458,1864,True
BRICD5,324,3.9837,0.9457,1865,True
BCL2L14,178,2.4232,0.9455,1866,True
DANCR,2407,73.4373,0.9453,1867,True
ZNF600,2012,32.0316,0.9451,1868,True
MAP3K13,1511,25.463,0.9449,1869,True
RP11-359K18.4,205,2.7627,0.9449,1870,True
TP53TG1,859,21.3958,0.9449,1871,True
ZSCAN32,719,14.5204,0.9445,1872,True
ZNF419,745,9.6715,0.9443,1873,True
CTD-3065B20.1,429,1.4556,0.9439,1874,True
CTD-2236F14.1,194,3.0359,0.9435,1875,True
RP11-389O22.5,226,0.1604,0.9434,1876,True
AXL,801,10.0463,0.9433,1877,True
FBXO22,1112,19.2659,0.9432,1878,True
FAM86C2P,382,1.3748,0.9431,1879,True
SKIV2L,2682,53.3838,0.9428,1880,True
RN7SL172P,335,5.8489,0.9423,1881,True
DHX58,1069,19.5848,0.9422,1882,True
ATF4P3,642,0.321,0.942,1883,True
AMT,930,15.5816,0.942,1884,True
EIF2B5,1323,24.7857,0.9418,1885,True
RP11-381O7.3,187,0.5705,0.9417,1886,True
DDX18P5,212,1.9694,0.9417,1887,True
PTK2,919,11.5385,0.9414,1888,True
MAGI3,197,0.8152,0.9409,1889,True
TAPT1,738,6.1322,0.9409,1890,True
EI24P2,254,0.1088,0.9408,1891,True
AC090627.1,781,10.3499,0.9405,1892,True
RP11-129B9.1,219,0.1334,0.9402,1893,True
ZBTB49,529,8.0557,0.9392,1894,True
RP11-804H8.6,297,4.6403,0.939,1895,True
KRT8P48,185,1.4714,0.9387,1896,True
OR2A9P,401,2.0133,0.9381,1897,True
PTPLA,234,3.891,0.9378,1898,True
CTD-2196E14.6,187,1.8842,0.9377,1899,True
MST1,279,2.3,0.9376,1900,True
OMG,174,1.2021,0.9374,1901,True
C1orf109,650,12.6257,0.9368,1902,True
C19orf71,175,0.7588,0.9367,1903,True
PTGES3P2,436,8.9478,0.9366,1904,True
CTB-55O6.12,408,4.4817,0.9363,1905,True
TTC3P1,1602,0.5319,0.9362,1906,True
ZNF383,903,13.7051,0.936,1907,True
AC019181.3,341,0.9799,0.9359,1908,True
RP11-143J12.2,645,9.642,0.9357,1909,True
SPRY1,950,17.716,0.9354,1910,True
VWA7,217,2.0964,0.9353,1911,True
AC067945.3,174,0.9678,0.9353,1912,True
LAMA2,163,0.4663,0.9347,1913,True
MRPL48,2128,57.5612,0.9338,1914,True
RP11-658F2.8,2045,38.9587,0.9334,1915,True
HOMER1,353,1.3811,0.9334,1916,True
RP11-467H10.1,257,1.0031,0.9332,1917,True
WIPI1,1727,23.5554,0.933,1918,True
PPM1J,170,2.1162,0.9328,1919,True
CNOT10,2525,59.9376,0.9323,1920,True
SETD5-AS1,2446,58.1108,0.9317,1921,True
TRIM16L,380,1.4453,0.9316,1922,True
RPS6KL1,165,1.0955,0.9315,1923,True
ZNF527,531,6.7773,0.931,1924,True
ZC2HC1C,185,1.8267,0.9308,1925,True
POLR2H,1814,38.1154,0.9307,1926,True
UBE2Q2P3,268,2.4834,0.9304,1927,True
TBC1D8B,1298,0.4684,0.9301,1928,True
FAM200B,1166,25.3221,0.9299,1929,True
RP11-160E2.19,401,9.6219,0.9298,1930,True
RP11-1074O12.1,354,0.5731,0.9298,1931,True
UBA52P6,324,3.2555,0.9297,1932,True
MBNL3,2164,27.4529,0.9295,1933,True
DNASE1,2100,20.7913,0.9292,1934,True
KHDC1,389,4.5137,0.9292,1935,True
RP11-478C6.4,269,5.1554,0.929,1936,True
TCF12,4018,78.1127,0.9288,1937,True
IDNK,720,13.1886,0.9283,1938,True
CTSD,8531,321.8021,0.9282,1939,True
SRRM1P3,412,0.1284,0.9274,1940,True
ZFP69B,199,2.3083,0.9272,1941,True
ANKAR,739,8.899,0.9272,1942,True
RABGAP1,1956,25.6128,0.9272,1943,True
KDSR,2536,32.8916,0.9264,1944,True
RP1-181J22.1,238,0.7651,0.9262,1945,True
RP11-182N22.7,1347,0.2356,0.9262,1946,True
GNGT2,955,19.742,0.9262,1947,True
RP11-82O19.2,374,7.1172,0.9261,1948,True
ZNF165,907,12.8498,0.9261,1949,True
RP4-682C21.2,217,0.4165,0.9259,1950,True
RP5-1165K10.2,213,0.9832,0.9258,1951,True
SLC2A11,577,7.3623,0.9257,1952,True
PVT1,4124,57.7817,0.9257,1953,True
ZNF441,439,5.0534,0.9256,1954,True
CTC-378H22.2,177,1.8659,0.9255,1955,True
RP11-20I20.4,230,3.9346,0.9251,1956,True
KIAA1324,1120,20.004,0.9251,1957,True
RBM28,3006,29.1263,0.925,1958,True
CTC-559E9.6,461,5.4847,0.925,1959,True
BBS5,389,0.7517,0.9247,1960,True
PIGFP2,184,1.8619,0.9246,1961,True
LGALS3BP,1764,42.4483,0.9244,1962,True
USP30-AS1,834,16.7834,0.9241,1963,True
RP11-1277A3.2,646,10.9611,0.9239,1964,True
AC009229.4,266,0.0906,0.9238,1965,True
RPL31P49,669,0.7538,0.9238,1966,True
ATG9B,385,6.1012,0.9237,1967,True
RP11-353N4.3,243,5.2574,0.9234,1968,True
SLAIN1,397,4.8217,0.9232,1969,True
AK2P2,204,0.2181,0.9231,1970,True
CDKN1C,225,0.9229,0.9225,1971,True
TMCO6,843,14.8988,0.9222,1972,True
RPL7P57,171,0.5915,0.9222,1973,True
CFH,180,1.4304,0.9219,1974,True
TMEM254,903,17.5558,0.9219,1975,True
FANCG,1065,21.9653,0.9219,1976,True
RP11-666A8.1,254,3.7731,0.9217,1977,True
NOL3,194,1.564,0.9216,1978,True
RP11-445H22.3,265,4.8904,0.9216,1979,True
DTWD2,180,0.8476,0.9214,1980,True
OPA1,2996,45.2936,0.9212,1981,True
GAPDHP62,329,2.6905,0.9208,1982,True
ZNF133,332,4.1106,0.9206,1983,True
RP11-134P9.1,373,1.8079,0.9205,1984,True
CRHR1-IT1,1250,25.1799,0.9201,1985,True
RP11-366M4.11,231,0.8181,0.92,1986,True
AC069547.2,186,2.1294,0.9199,1987,True
RPS3AP34,386,4.8828,0.9196,1988,True
FAM153A,196,1.0587,0.9196,1989,True
ZSWIM8-AS1,280,1.7765,0.9192,1990,True
AL137798.1,180,0.1835,0.9191,1991,True
CCDC136,264,1.9464,0.919,1992,True
KLRAP1,309,3.6307,0.9185,1993,True
NAV2,248,0.9728,0.9183,1994,True
PPM1L,374,2.2436,0.9182,1995,True
DUSP12,1631,38.3073,0.9182,1996,True
DAB2IP,257,0.8382,0.9177,1997,True
ALG13,4282,76.5691,0.9176,1998,True
VIM,11296,854.9246,0.9174,1999,True
AP001610.5,163,1.1801,0.9173,2000,True
C12orf42,490,6.5509,0.9172,2001,False
AC005822.1,301,0.121,0.9166,2002,False
ENAH,194,0.4107,0.9164,2003,False
TMEM71,1550,32.6439,0.9162,2004,False
C1orf61,224,1.886,0.9162,2005,False
CTA-217C2.1,492,5.7821,0.916,2006,False
NREP,606,6.878,0.916,2007,False
CLUAP1,1563,13.7003,0.9157,2008,False
ARL6,254,3.3393,0.9155,2009,False
SPAG8,175,1.8498,0.9154,2010,False
RPL4P1,382,1.5836,0.9152,2011,False
GEMIN7,1369,30.6404,0.9151,2012,False
RP11-731J8.1,527,0.5839,0.9151,2013,False
RP11-941H19.1,951,0.4136,0.915,2014,False
AC069363.1,2374,39.0255,0.9147,2015,False
ICAM2,3047,78.1596,0.9147,2016,False
CEP70,372,4.4233,0.9144,2017,False
GK,3265,43.2141,0.9142,2018,False
SERHL,489,0.6125,0.9141,2019,False
POLB,2438,53.049,0.9141,2020,False
UQCRBP1,221,0.6085,0.9137,2021,False
TATDN1,2043,32.1542,0.9136,2022,False
RP5-977B1.7,180,1.3876,0.9132,2023,False
AL021920.2,182,0.1851,0.9131,2024,False
ZNF607,203,1.8083,0.9129,2025,False
RAB30-AS1,968,17.2386,0.9126,2026,False
CDPF1,750,13.4872,0.9123,2027,False
MAL,1016,27.3052,0.9122,2028,False
RP11-265N6.2,407,5.7256,0.9122,2029,False
CAPN12,1958,17.0281,0.912,2030,False
AC004257.3,635,12.1182,0.9119,2031,False
WDR43,4587,36.9014,0.9118,2032,False
FKBP7,212,2.4665,0.9116,2033,False
FBXW4,3715,88.8694,0.9115,2034,False
RPS6P22,174,0.1042,0.9109,2035,False
SMAD5,1424,18.5292,0.9105,2036,False
CEP95,2937,47.7066,0.9102,2037,False
ZNF613,373,4.8333,0.9101,2038,False
ZCWPW1,471,4.7233,0.9101,2039,False
TMEM208,2477,84.0352,0.9093,2040,False
SMPD1,1658,13.9274,0.9092,2041,False
AC022182.3,272,3.8611,0.9091,2042,False
AC099850.1,203,0.5424,0.9087,2043,False
ZNF829,515,3.4024,0.9086,2044,False
DDX55,1246,21.6959,0.9085,2045,False
GZMA,7176,678.7556,0.9085,2046,False
ARL4A,2314,61.4867,0.9082,2047,False
GBP1,4968,110.6997,0.9077,2048,False
ALKBH2,596,12.719,0.9076,2049,False
ATP5J2P6,515,10.4575,0.9073,2050,False
MT-CO1,15978,5059.6479,0.9073,2051,False
RP11-831F12.2,190,2.2741,0.9071,2052,False
PIGHP1,554,6.5201,0.9069,2053,False
PDP2,242,2.3762,0.9067,2054,False
ZNF766,1050,18.7245,0.9067,2055,False
FAM96AP2,321,0.2712,0.9067,2056,False
RECQL4,381,4.2564,0.9066,2057,False
RP11-718B12.1,232,0.0666,0.9059,2058,False
ZNF616,238,2.2971,0.9057,2059,False
RP11-111M22.3,277,5.1359,0.9056,2060,False
MMP2,177,0.7718,0.9055,2061,False
C5orf42,930,5.8614,0.9052,2062,False
ZNF620,263,2.41,0.9051,2063,False
TCEB1P19,332,4.2154,0.9046,2064,False
HNRNPA1P27,806,0.2551,0.9044,2065,False
FAH,846,9.4169,0.9044,2066,False
ANKRA2,1849,40.2213,0.9043,2067,False
RP1-43E13.2,173,2.2992,0.9043,2068,False
HIBCH,2431,40.2345,0.9039,2069,False
SF3A3P1,457,0.292,0.9039,2070,False
CXorf57,839,7.5985,0.9038,2071,False
SDCCAG3,459,6.4334,0.9037,2072,False
RIOK2,1529,30.0947,0.9037,2073,False
TMEM177,285,4.4877,0.9036,2074,False
RP11-50E11.2,257,1.2958,0.9035,2075,False
RP5-867C24.1,390,4.7642,0.9033,2076,False
DNPEP,1763,34.2796,0.9031,2077,False
NEDD4L,320,2.1414,0.9029,2078,False
AC009963.4,177,2.7589,0.9027,2079,False
RP11-366O20.5,362,0.1738,0.9026,2080,False
EEF1A1P30,596,0.4705,0.9024,2081,False
AL161784.1,1470,14.2726,0.9024,2082,False
RP11-24B19.3,214,3.4794,0.9023,2083,False
RP11-300J18.3,240,2.7583,0.9022,2084,False
BTK,1568,27.2313,0.9021,2085,False
AC008427.2,546,0.2358,0.9021,2086,False
TK1,1146,26.2855,0.9019,2087,False
RP11-383G10.3,601,0.5549,0.9012,2088,False
FAM173A,756,16.1383,0.901,2089,False
ZNF20,226,2.4698,0.9004,2090,False
ERMN,383,3.3449,0.8999,2091,False
RP11-330L19.2,316,0.7945,0.8996,2092,False
RP11-343B5.1,848,1.0821,0.8993,2093,False
FXYD6,249,2.642,0.8992,2094,False
C1orf228,1079,24.8185,0.8992,2095,False
PAX5,1123,19.2376,0.899,2096,False
INTS10,2768,68.9944,0.8989,2097,False
CNKSR1,160,1.2805,0.8989,2098,False
ZNF670,298,2.1893,0.8988,2099,False
CCDC142,703,9.4564,0.8986,2100,False
IFT57,1765,38.3048,0.8983,2101,False
AP000233.4,315,1.9129,0.8973,2102,False
RP4-717I23.3,3626,99.7073,0.8971,2103,False
PTGES3L-AARSD1,174,0.3061,0.8971,2104,False
RP11-888D10.4,457,7.1746,0.8971,2105,False
ALG8,1825,41.0667,0.8971,2106,False
MAD1L1,3399,94.671,0.8965,2107,False
CBY1,648,9.0396,0.8965,2108,False
PIN4P1,483,5.0928,0.896,2109,False
RP11-150L8.4,358,0.0887,0.8958,2110,False
NTAN1,1557,31.9118,0.8957,2111,False
ZNF770,1969,35.7063,0.8956,2112,False
BOD1,238,3.0523,0.8955,2113,False
FAM19A2,544,3.7356,0.8952,2114,False
IRF8,4003,160.1679,0.8952,2115,False
RP11-140K17.3,515,6.8344,0.8946,2116,False
PCYT2,464,6.4615,0.8946,2117,False
TMED7-TICAM2,232,1.1941,0.8945,2118,False
RRNAD1,996,11.9089,0.8944,2119,False
ACTG1P10,734,3.5997,0.8944,2120,False
KCTD6,484,6.983,0.8943,2121,False
RP11-496I9.1,237,3.0641,0.8941,2122,False
EEF1DP2,2339,3.2592,0.8938,2123,False
NPM1P34,374,0.2515,0.8935,2124,False
ABHD11,787,11.3908,0.8934,2125,False
CCDC24,200,1.5619,0.8934,2126,False
ADRB2,1619,37.6527,0.893,2127,False
MCU,1285,16.4969,0.893,2128,False
TLE1,369,2.7575,0.8927,2129,False
NR2C1,1665,33.427,0.8924,2130,False
RPS7P15,398,6.3046,0.8921,2131,False
C2orf81,175,1.8147,0.8915,2132,False
RP11-95J11.1,267,3.0342,0.8913,2133,False
NLE1,578,7.7811,0.8912,2134,False
HIGD1AP14,219,2.2235,0.8911,2135,False
CPT1B,1112,18.0041,0.8908,2136,False
ZNF625,210,0.9296,0.8903,2137,False
CTA-276O3.4,245,3.0787,0.8902,2138,False
MPZL1,981,13.2481,0.8901,2139,False
LRRD1,275,0.0919,0.8897,2140,False
MTF2,4070,107.1377,0.8895,2141,False
UTP15,1080,14.8481,0.8893,2142,False
RP11-267N12.3,390,5.6744,0.8891,2143,False
BRWD1-IT1,181,2.4165,0.889,2144,False
RP11-1023L17.1,2179,17.8419,0.889,2145,False
RDX,2211,29.1767,0.8887,2146,False
SMARCE1P5,719,0.1967,0.8886,2147,False
DEPDC5,1648,27.7697,0.8886,2148,False
RPL29P12,416,0.4621,0.8885,2149,False
CCNB2,785,14.192,0.8882,2150,False
RP11-434H6.7,994,23.019,0.8882,2151,False
NOM1,829,6.3033,0.888,2152,False
TYK2,4595,126.1485,0.8879,2153,False
LINC00630,543,5.5776,0.8876,2154,False
CAPN3,665,6.4707,0.8872,2155,False
PDCD2L,480,8.8787,0.8869,2156,False
DCUN1D4,1122,16.8985,0.8868,2157,False
TUBA4A,7697,410.9884,0.8868,2158,False
GSTT1,670,11.476,0.8863,2159,False
AC016586.1,167,0.97,0.8862,2160,False
MX1,4512,117.4987,0.886,2161,False
PRSS21,203,2.6165,0.886,2162,False
RALGPS2,1094,15.7469,0.8858,2163,False
BRD8,3944,93.7512,0.8855,2164,False
RP11-50C13.1,219,3.1998,0.8849,2165,False
RP11-661D19.1,163,1.6658,0.8847,2166,False
NPM1P25,860,0.5817,0.8847,2167,False
CNTNAP1,194,0.5515,0.8845,2168,False
CARD16,4200,138.9111,0.8845,2169,False
KIAA1875,214,0.6228,0.8842,2170,False
ASB1,1254,24.0091,0.8841,2171,False
RPL7AP31,663,0.3389,0.884,2172,False
CLN8,2026,33.812,0.8839,2173,False
RP11-996F15.2,182,0.8926,0.8837,2174,False
RP11-290F20.3,794,11.2459,0.8835,2175,False
RP11-692C23.1,212,0.0947,0.8833,2176,False
LINC01011,235,3.2261,0.883,2177,False
GPR171,3751,117.0072,0.8828,2178,False
MORN2,328,4.9245,0.8828,2179,False
DHPS,3810,127.9032,0.8825,2180,False
ZNF461,354,4.8161,0.8825,2181,False
RP11-182I10.2,401,6.8072,0.8823,2182,False
NQO1,359,4.9758,0.8823,2183,False
HIST1H2BC,1130,13.8531,0.8822,2184,False
AC023490.1,314,3.2335,0.8819,2185,False
LRRC16B,196,0.5616,0.8814,2186,False
RHBDD3,1047,19.067,0.881,2187,False
LPHN1,269,0.9156,0.8808,2188,False
HNRNPA1P61,213,0.0814,0.8808,2189,False
GPX2,171,1.0512,0.8807,2190,False
SLC27A3,912,11.7473,0.8806,2191,False
AL354808.2,366,5.817,0.8801,2192,False
ZNF880,962,20.1146,0.88,2193,False
ZNF416,187,2.7591,0.8798,2194,False
WDR41,1602,26.5672,0.8796,2195,False
LYRM9,693,14.9627,0.8796,2196,False
ZNF23,476,7.4336,0.8794,2197,False
RNF25,1266,24.2382,0.8793,2198,False
HIST2H2AB,166,1.1601,0.8791,2199,False
AC073254.1,399,0.5752,0.8791,2200,False
XRCC6BP1,553,9.7508,0.879,2201,False
PHF16,200,1.7742,0.8788,2202,False
GATSL3,496,11.6802,0.8786,2203,False
RPL5P11,555,0.2614,0.8784,2204,False
ATL1,180,2.1015,0.8784,2205,False
LPL,219,1.3329,0.8782,2206,False
HMGB1P14,254,3.2595,0.8782,2207,False
YTHDF3-AS1,198,2.5977,0.878,2208,False
DLGAP1-AS1,1281,17.8737,0.878,2209,False
SYNGR1,557,7.5847,0.878,2210,False
RP11-732M18.3,1120,15.5974,0.8779,2211,False
RP11-170J3.2,813,2.2704,0.8779,2212,False
WDR53,597,10.6775,0.8777,2213,False
EMR4P,195,0.3344,0.8777,2214,False
NSMCE4A,2071,46.4519,0.8776,2215,False
MMS22L,2060,21.4196,0.8775,2216,False
RP11-360L9.7,266,3.2458,0.8773,2217,False
COQ3,444,7.1493,0.8772,2218,False
HYAL3,187,2.3119,0.8771,2219,False
RABGGTA,2122,55.6343,0.8768,2220,False
ZNF510,529,4.7738,0.8767,2221,False
RNF13,3021,78.4859,0.8763,2222,False
MTFMT,1609,16.4014,0.8762,2223,False
OGFOD1,2228,31.5274,0.8762,2224,False
RP11-849H4.2,716,10.1084,0.8762,2225,False
AC012146.7,471,8.1118,0.8759,2226,False
NFU1,1942,39.6586,0.8759,2227,False
FASTKD3,822,15.6014,0.8758,2228,False
RP11-96L14.7,216,0.7053,0.8757,2229,False
ASAP2,184,0.2205,0.8747,2230,False
RPL21P10,444,1.6084,0.8743,2231,False
GAS5-AS1,201,2.0385,0.8743,2232,False
AC092415.1,312,0.2348,0.8742,2233,False
BTF3L4P1,722,0.6738,0.8741,2234,False
CDH8,170,0.1757,0.874,2235,False
FAR2,992,11.1905,0.8739,2236,False
CTC-550B14.7,306,3.2672,0.8739,2237,False
C4orf36,370,1.2546,0.8738,2238,False
C20orf96,311,1.8425,0.8737,2239,False
AKTIP,2359,45.6004,0.8736,2240,False
TRAF3IP1,341,1.7006,0.873,2241,False
CAPS2,340,4.5327,0.8729,2242,False
RP4-814D15.1,350,1.144,0.8727,2243,False
ZNF749,492,8.4675,0.8723,2244,False
PLA1A,218,0.4028,0.8723,2245,False
HGF,210,1.3743,0.872,2246,False
IFT172,581,7.3969,0.8716,2247,False
RP11-767N6.2,200,1.4156,0.8713,2248,False
ADAMTS17,312,2.7078,0.8711,2249,False
AC011747.4,322,0.3782,0.871,2250,False
HNRNPA1P36,487,0.1738,0.8702,2251,False
NPM1P33,603,0.4541,0.87,2252,False
DOC2GP,186,2.9908,0.8699,2253,False
ZBTB8OSP2,655,1.4301,0.8698,2254,False
DGKE,1423,17.1002,0.8695,2255,False
CTD-2162K18.5,447,5.4212,0.8694,2256,False
ARIH1,3669,27.2636,0.8694,2257,False
WDR13,1769,35.5356,0.8694,2258,False
SLC35A5,1278,20.8463,0.8693,2259,False
EFCAB13,624,5.9427,0.869,2260,False
FADS3,701,8.2797,0.8689,2261,False
SOX12,265,0.2327,0.8684,2262,False
ZNF879,181,1.7435,0.8681,2263,False
HMGN5,360,3.4475,0.868,2264,False
RP11-211N8.2,270,0.7865,0.8676,2265,False
FLAD1,2432,51.3089,0.8675,2266,False
COL4A3,233,1.8504,0.8674,2267,False
FBXW4P1,197,1.1902,0.8674,2268,False
LMF1,1228,18.1984,0.8669,2269,False
FAM184A,426,4.3313,0.8668,2270,False
RP11-266L9.5,168,0.2363,0.8667,2271,False
MAPK11,170,0.8704,0.8667,2272,False
RP11-618N24.1,575,0.2192,0.8664,2273,False
AC002400.1,304,3.7343,0.8664,2274,False
C5orf63,634,9.3511,0.8664,2275,False
TPM2,357,5.2892,0.8661,2276,False
ELL2P1,609,0.2229,0.8656,2277,False
ZNF780A,1032,10.6438,0.8649,2278,False
AHCYP1,163,1.592,0.8646,2279,False
PEMT,1109,24.7471,0.8645,2280,False
ATG13,3614,84.197,0.8645,2281,False
EEF1A1,16026,6474.0124,0.8644,2282,False
ERBB2,299,1.8855,0.8639,2283,False
HIST2H2AA4,4564,134.1993,0.8638,2284,False
SLC38A6,1173,16.3649,0.8636,2285,False
HNRNPA1P70,184,2.0938,0.8633,2286,False
ST20-MTHFS,187,0.4398,0.8633,2287,False
RP11-158G18.1,160,1.8274,0.8633,2288,False
RP11-571F15.2,224,2.7296,0.8632,2289,False
TP63,340,3.5757,0.8625,2290,False
NOL9,1637,17.3937,0.8621,2291,False
ID3,2757,62.4197,0.8619,2292,False
RP11-91I20.4,363,4.8675,0.8617,2293,False
CCDC154,184,1.3665,0.8617,2294,False
RP11-697N18.1,226,0.7358,0.8615,2295,False
SMOX,208,1.8045,0.8614,2296,False
RP11-513M16.7,189,2.4758,0.8613,2297,False
CETN3,1065,18.9021,0.861,2298,False
ABI2,2180,28.73,0.861,2299,False
LY86,1389,30.859,0.8605,2300,False
RPL13P5,830,6.1905,0.8605,2301,False
NEURL4,546,6.4972,0.8601,2302,False
AHNAK2,336,0.5583,0.8601,2303,False
FHL1,317,5.3417,0.8599,2304,False
LCN10,190,3.0653,0.8595,2305,False
FAM169A,484,3.7944,0.8594,2306,False
MIR22HG,991,17.2808,0.8594,2307,False
ENDOV,849,16.8167,0.8593,2308,False
LILRA5,796,11.6511,0.8593,2309,False
LY96,1256,23.5136,0.8591,2310,False
C3orf35,160,1.2348,0.8589,2311,False
RP4-728D4.2,786,17.0752,0.8588,2312,False
BTN2A3P,363,2.9824,0.8587,2313,False
RBM45,975,14.1835,0.8585,2314,False
AC079922.3,195,1.3013,0.8584,2315,False
LETM2,1050,11.9576,0.8581,2316,False
BATF,4794,143.6481,0.8577,2317,False
PELI3,172,0.7502,0.8577,2318,False
BLVRB,1539,30.956,0.8575,2319,False
RP11-1105G2.3,185,1.8664,0.8574,2320,False
FAM21FP,533,1.6441,0.8573,2321,False
NUP88,3024,62.6928,0.8569,2322,False
C19orf40,315,3.4411,0.8568,2323,False
SH3YL1,1048,19.5312,0.8566,2324,False
NRBF2P4,167,0.0639,0.8566,2325,False
NAT9,1914,41.1211,0.8564,2326,False
RP4-657D16.3,188,1.4422,0.8563,2327,False
SURF2,1659,35.8587,0.8556,2328,False
RP4-576H24.4,243,1.2943,0.8552,2329,False
FUT10,507,6.5075,0.8551,2330,False
AASS,399,5.5959,0.8551,2331,False
FAM166A,391,0.4849,0.855,2332,False
RP11-47I22.3,318,0.62,0.8548,2333,False
AFG3L1P,1931,32.705,0.8545,2334,False
LL0XNC01-116E7.4,176,2.9577,0.8545,2335,False
RP11-104O19.2,233,1.3032,0.8542,2336,False
ZNF773,795,10.7396,0.8541,2337,False
LINC00861,3347,58.1065,0.8538,2338,False
MYCBPAP,187,1.4162,0.853,2339,False
MFAP3,1182,15.0057,0.8527,2340,False
CLEC5A,646,12.354,0.8523,2341,False
AC011385.1,244,2.1554,0.8522,2342,False
RP11-53I6.2,2029,47.4299,0.8522,2343,False
SLC4A8,497,4.2457,0.8521,2344,False
GABPB1,2889,48.8609,0.8518,2345,False
RP11-541N10.3,181,0.8272,0.8516,2346,False
UTP23,2061,40.2325,0.8516,2347,False
ULBP1,385,0.4192,0.8514,2348,False
C1orf123,1733,34.1117,0.8514,2349,False
AC026310.1,225,0.2227,0.8512,2350,False
POT1,1031,14.8265,0.851,2351,False
SULT1B1,1519,1.444,0.851,2352,False
EHBP1,890,10.6085,0.851,2353,False
BCAS3,2022,29.439,0.8509,2354,False
ZNF839,516,6.2048,0.8507,2355,False
MPPE1,2382,65.2264,0.8506,2356,False
ICAM4,185,0.6577,0.8506,2357,False
AC108488.4,186,1.7791,0.8504,2358,False
HNRNPA1P55,399,0.1019,0.8502,2359,False
AC004069.2,468,0.6527,0.8499,2360,False
CDCA7L,1476,28.7625,0.8499,2361,False
CRYGS,519,2.1177,0.8497,2362,False
PLCD4,198,1.0384,0.8495,2363,False
DLEU1,1106,15.1328,0.8494,2364,False
PTCH2,327,0.5411,0.8491,2365,False
B9D2,1163,15.6643,0.8488,2366,False
FAM134B,361,3.4158,0.8487,2367,False
LPP,5027,87.0013,0.8482,2368,False
RP11-108P20.3,202,1.5656,0.8476,2369,False
ELMOD3,1517,21.1671,0.8476,2370,False
MAP2K6,868,16.8401,0.8475,2371,False
SUV420H2,650,3.9295,0.8471,2372,False
ANPEP,944,13.7402,0.847,2373,False
MS4A4A,786,14.1802,0.8469,2374,False
CCDC173,179,0.3525,0.8467,2375,False
AP006621.5,284,4.443,0.8467,2376,False
GCHFR,1951,58.526,0.8464,2377,False
ERP29P1,451,0.2112,0.8464,2378,False
RP11-701P16.5,280,2.4121,0.846,2379,False
LTBP4,2147,41.3106,0.8456,2380,False
DLG2,181,1.0852,0.8456,2381,False
RP3-462E2.5,198,2.3556,0.8454,2382,False
ZNF846,543,7.5971,0.8453,2383,False
FANCD2,3297,29.2021,0.8449,2384,False
ZNF264,460,3.4828,0.8449,2385,False
S100A10,7184,472.1947,0.8448,2386,False
HSPD1,7902,322.3194,0.8448,2387,False
MYRF,161,0.7323,0.8447,2388,False
HLA-DOA,2137,40.9589,0.8446,2389,False
TSTD3,263,2.3909,0.8445,2390,False
ZNF519,539,5.1292,0.8441,2391,False
TCEAL1,627,10.6758,0.844,2392,False
TCL6,290,1.9104,0.8439,2393,False
E2F8,366,1.9443,0.8437,2394,False
RN7SL672P,331,5.1872,0.8434,2395,False
PRKAR2A-AS1,404,1.5532,0.8433,2396,False
DRAM2,3284,76.6354,0.8431,2397,False
AC116407.2,216,0.8799,0.8422,2398,False
TRPA1,222,0.8222,0.8417,2399,False
VAC14-AS1,224,0.7944,0.8417,2400,False
RP11-461A8.4,200,2.5139,0.8415,2401,False
FAM216A,511,7.0598,0.8412,2402,False
RP11-345P4.7,209,1.1228,0.8407,2403,False
RP11-3J10.4,790,1.1046,0.8407,2404,False
RP11-339B21.11,163,0.8409,0.8405,2405,False
ACCS,928,12.8283,0.8404,2406,False
C7orf31,286,0.9705,0.8403,2407,False
C7orf25,393,4.6974,0.84,2408,False
ZNF232,401,5.485,0.8396,2409,False
SCARNA5,246,3.9102,0.8395,2410,False
SPIN2B,648,10.7839,0.8395,2411,False
PRR5L,2056,36.7726,0.8394,2412,False
RP11-467L13.5,452,0.8903,0.8394,2413,False
AC011893.3,168,1.2879,0.8394,2414,False
USF1,1962,40.2616,0.8393,2415,False
ZNF544,1626,26.0217,0.8392,2416,False
SLCO2B1,690,10.5162,0.8392,2417,False
MZT2A,1502,26.7787,0.839,2418,False
FPR1,1035,19.3113,0.8389,2419,False
EBLN2,380,4.5865,0.8388,2420,False
UBXN8,569,7.4192,0.8387,2421,False
CERCAM,224,1.1967,0.8382,2422,False
ROBO3,416,4.233,0.8382,2423,False
MORN3,379,5.4457,0.8375,2424,False
RP11-87C12.2,415,0.6637,0.8374,2425,False
LRTOMT,843,3.6341,0.8373,2426,False
DSCR9,187,2.0199,0.8372,2427,False
CCDC28B,960,15.6393,0.8368,2428,False
RP6-99M1.3,258,3.1403,0.8368,2429,False
CRADD,1141,23.3471,0.8367,2430,False
RP11-265P11.2,408,5.388,0.8366,2431,False
AP000253.1,213,0.3414,0.8361,2432,False
TNFSF13B,1629,36.3418,0.8361,2433,False
SAAL1,1140,20.8252,0.8359,2434,False
LMO7,897,10.9332,0.8357,2435,False
TRAF3IP2,740,10.3663,0.8353,2436,False
SLC39A4,832,14.1916,0.8353,2437,False
RP11-10D7.5,386,0.7713,0.8353,2438,False
DNAJA1,11055,613.1982,0.8352,2439,False
RP11-557F20.2,202,0.0894,0.8352,2440,False
GTF2A2,3479,131.0388,0.8349,2441,False
KRT18P31,464,6.2639,0.8349,2442,False
STRADB,764,13.3653,0.8348,2443,False
MRPS33,1843,45.1429,0.8347,2444,False
SELP,166,2.1597,0.8347,2445,False
TRIM68,702,11.5728,0.8345,2446,False
EEF1A1P14,2976,1.143,0.8344,2447,False
IGF2BP2,249,0.485,0.8344,2448,False
ZNF253,831,10.9607,0.8343,2449,False
WWC2,183,0.7038,0.8341,2450,False
ZNF729,282,0.0659,0.834,2451,False
RP11-109G10.2,559,0.4277,0.834,2452,False
CARS2,1386,16.3454,0.8339,2453,False
GBA2,1660,24.0481,0.8337,2454,False
C3orf18,338,4.8763,0.8337,2455,False
CES3,223,0.1033,0.8334,2456,False
CTD-2314B22.3,450,1.3263,0.8333,2457,False
CTC-459F4.3,1418,13.5967,0.8333,2458,False
NENF,601,6.8658,0.8331,2459,False
TCTEX1D2,720,13.4671,0.8325,2460,False
BPGM,2029,44.9361,0.8323,2461,False
FAM110B,218,0.9838,0.8322,2462,False
MFSD8,1580,26.7272,0.8318,2463,False
TRPT1,2761,80.4407,0.8318,2464,False
DNAH10,162,0.2326,0.8317,2465,False
SNHG1,6456,416.9753,0.8316,2466,False
AC010522.1,303,3.0874,0.8315,2467,False
GBAP1,596,3.5484,0.8315,2468,False
CGREF1,186,0.1341,0.8315,2469,False
C15orf53,370,1.6133,0.8314,2470,False
FBXO38,2440,38.0565,0.8311,2471,False
INSL3,490,7.6836,0.8302,2472,False
NTHL1,905,19.5245,0.8302,2473,False
METTL17,4329,145.9592,0.8301,2474,False
SUMO4,320,3.6328,0.83,2475,False
TMEM106C,2049,63.3995,0.8298,2476,False
RN7SL328P,229,3.3795,0.8298,2477,False
ZNF681,538,2.8863,0.8297,2478,False
ZNF594,256,1.8617,0.8297,2479,False
RP11-466F5.4,684,4.0926,0.8297,2480,False
DDX51,480,3.1509,0.8296,2481,False
SDR42E1,204,2.8653,0.8296,2482,False
PPIL6,417,0.491,0.8296,2483,False
TMEM126A,1491,31.3548,0.8293,2484,False
MARS,5081,138.6918,0.8283,2485,False
LRRC28,1770,28.7657,0.8282,2486,False
NT5DC1,2176,41.7249,0.8282,2487,False
PTCD2,338,4.5226,0.8277,2488,False
HNRNPA1P13,229,0.0574,0.8273,2489,False
GTPBP10,1402,21.8146,0.8273,2490,False
DNAJA3,2245,43.5936,0.8271,2491,False
NEURL2,163,1.7193,0.8269,2492,False
RPL35AP32,361,5.8693,0.8266,2493,False
C8orf37,162,0.9591,0.8266,2494,False
RP13-104F24.3,670,5.469,0.8264,2495,False
KRT8P3,340,0.7399,0.8263,2496,False
CCRL2,1036,17.8343,0.8263,2497,False
RP11-521I2.3,214,2.8821,0.8262,2498,False
B3GALNT1,198,1.4606,0.826,2499,False
TMEM99,443,8.6254,0.8259,2500,False
NOP2,2533,55.3358,0.8254,2501,False
RP11-420O16.2,171,0.0526,0.8253,2502,False
VNN2,1404,29.2274,0.8249,2503,False
RP11-400F19.18,163,0.3454,0.8249,2504,False
PIEZO1,3582,69.0352,0.8244,2505,False
RP11-4K3__A.5,692,2.7271,0.8243,2506,False
AP001468.1,376,3.1693,0.824,2507,False
MIR210HG,204,2.186,0.824,2508,False
AC022498.1,209,1.7502,0.8237,2509,False
RP11-53O19.3,272,0.9422,0.8236,2510,False
ING2,518,7.4062,0.8231,2511,False
CDK20,251,2.5726,0.823,2512,False
GYG1P3,425,0.2879,0.8229,2513,False
RP11-711M9.1,163,0.2639,0.8228,2514,False
ZNF621,930,7.5423,0.8227,2515,False
RP11-23P13.6,1243,16.425,0.8226,2516,False
RP11-802O23.3,253,2.5434,0.8224,2517,False
TEX9,188,1.5008,0.8223,2518,False
MUC19,196,0.1921,0.822,2519,False
ABHD14A,1702,38.9241,0.8209,2520,False
PPP4R1L,719,8.455,0.8209,2521,False
DAK,1720,31.2868,0.8207,2522,False
COPG2,614,8.1086,0.8205,2523,False
P2RX5,1853,38.3529,0.8205,2524,False
COL1A1,201,1.1149,0.8204,2525,False
GTF2H3,1140,13.4496,0.8203,2526,False
CHAC1,199,2.324,0.8201,2527,False
BEND5,240,4.0236,0.8198,2528,False
UNK,1628,20.8072,0.8195,2529,False
CTB-31O20.2,910,24.1552,0.8192,2530,False
ECHDC2,2705,57.5042,0.819,2531,False
NHP2P1,693,1.3698,0.819,2532,False
GCSAM,671,12.2883,0.8184,2533,False
HSPB1P2,214,0.1906,0.818,2534,False
ZNF799,486,3.7934,0.818,2535,False
RP11-645C24.5,233,2.7523,0.8179,2536,False
PET100,4204,136.0046,0.8179,2537,False
PGPEP1,1258,14.3179,0.8178,2538,False
RDM1,193,2.2759,0.8177,2539,False
HIST1H2BE,213,1.5458,0.8177,2540,False
CCNB1IP1,1318,29.7103,0.8175,2541,False
STYXL1,2208,55.6688,0.817,2542,False
RP11-585P4.5,297,3.3676,0.817,2543,False
CTB-131K11.1,289,3.5499,0.8167,2544,False
CTD-2179L22.1,189,1.0785,0.8165,2545,False
FADS1,1070,10.708,0.8164,2546,False
RP11-395P16.1,218,0.6282,0.8163,2547,False
PIGFP1,357,0.1883,0.8162,2548,False
MYL5,641,6.4285,0.8158,2549,False
CTD-2651B20.7,207,1.0158,0.8153,2550,False
RP11-102M11.1,1049,4.4914,0.8153,2551,False
RPL34P6,281,0.7135,0.815,2552,False
OCEL1,1202,27.4042,0.815,2553,False
RPP21,2842,75.3862,0.8147,2554,False
LAYN,1517,31.4879,0.8147,2555,False
TMEM218,1156,20.6413,0.8142,2556,False
AGPAT9,460,5.8291,0.8141,2557,False
THBD,866,11.3557,0.814,2558,False
EIF1AX-AS1,303,6.0797,0.814,2559,False
MTND1P11,196,2.01,0.8139,2560,False
LSMEM1,340,3.5769,0.8139,2561,False
ARHGAP33,1081,15.2418,0.8138,2562,False
ATG4D,854,6.6201,0.8137,2563,False
STX8,2681,76.6193,0.8136,2564,False
CKAP4,498,1.5841,0.8135,2565,False
RP11-534L20.4,817,0.7533,0.8135,2566,False
SLC41A3,1236,26.8296,0.8134,2567,False
ZNF251,406,5.2818,0.8133,2568,False
RP11-110G21.1,210,3.0268,0.8132,2569,False
ZNF530,378,2.9419,0.813,2570,False
RP11-844P9.3,892,1.2116,0.8127,2571,False
BACH1-IT2,218,1.32,0.8127,2572,False
CLSTN3,3600,31.3672,0.8126,2573,False
CTD-2086L14.1,182,0.0834,0.8123,2574,False
RP11-677N16.1,639,7.0648,0.8122,2575,False
REXO2,2646,65.8399,0.8121,2576,False
GK5,854,14.6968,0.812,2577,False
PTK7,378,4.5485,0.8119,2578,False
RP4-633I8.4,234,3.3915,0.8116,2579,False
RMI2,256,1.9725,0.8113,2580,False
UBA52P8,186,2.1738,0.8113,2581,False
CORO6,176,1.0531,0.8111,2582,False
TARBP2,1255,21.8405,0.811,2583,False
ACP6,714,10.4136,0.8109,2584,False
RP11-428G5.2,243,0.2515,0.8107,2585,False
POMGNT2,172,1.7234,0.8106,2586,False
PARP6,2046,38.2665,0.8098,2587,False
CDK1,1115,26.6964,0.8093,2588,False
CTD-3185P2.1,226,3.8245,0.8093,2589,False
ZNF140,1446,26.2959,0.8092,2590,False
NDUFAF4P4,183,2.096,0.8084,2591,False
PRSS27,164,1.0034,0.8083,2592,False
LONRF1,443,3.5548,0.8082,2593,False
HNRNPA1P15,459,3.5325,0.808,2594,False
WDR65,704,0.3239,0.8079,2595,False
DHRS3,2356,60.2988,0.8078,2596,False
RP11-11N9.4,186,1.9889,0.8077,2597,False
NEDD8-MDP1,161,0.3999,0.8075,2598,False
ZNF639,355,4.1414,0.8074,2599,False
AC010883.5,258,3.1378,0.8074,2600,False
RP11-83A24.1,170,1.2132,0.8073,2601,False
FAM206A,983,14.9216,0.8072,2602,False
PLCB1,207,1.3993,0.8071,2603,False
EFCAB11,306,3.0809,0.8071,2604,False
ZSCAN2,513,7.3802,0.8069,2605,False
RN7SL368P,380,5.8967,0.8067,2606,False
CIDECP,1314,24.8599,0.8065,2607,False
LRRC1,210,2.202,0.8064,2608,False
HIST1H2BL,174,1.4829,0.8063,2609,False
U73166.2,167,1.6233,0.8062,2610,False
MT1F,1794,48.8885,0.8058,2611,False
PIGP,1196,23.4608,0.8058,2612,False
FABP5,4509,125.4795,0.8058,2613,False
WDR27,777,7.6386,0.8049,2614,False
FAM58A,595,8.1795,0.8047,2615,False
HDHD3,963,19.3436,0.8041,2616,False
MRPS31P5,634,5.378,0.804,2617,False
ABCB6,411,5.2101,0.8036,2618,False
TLN2,196,0.5369,0.8033,2619,False
RP11-810M2.2,751,10.7515,0.8032,2620,False
PDGFB,308,2.4409,0.8029,2621,False
CLCF1,436,7.0049,0.8026,2622,False
AC010240.2,344,1.0286,0.8025,2623,False
NCKAP1,223,0.6865,0.8024,2624,False
ZNF320,911,7.2287,0.8024,2625,False
CHTF18,1007,16.0178,0.8021,2626,False
RP11-752G15.8,201,3.2695,0.8021,2627,False
GTDC1,2712,46.7594,0.8018,2628,False
RP11-173D9.5,185,1.6766,0.8018,2629,False
HSPA2,538,7.8524,0.8017,2630,False
ZNF225,254,2.283,0.8012,2631,False
RP13-131K19.6,365,2.067,0.8012,2632,False
POLR2I,2332,62.1678,0.8011,2633,False
KCNQ5,199,1.1162,0.8011,2634,False
RP4-761J14.8,191,0.4644,0.8007,2635,False
MPI,1313,24.4084,0.8006,2636,False
TNS1,725,7.426,0.8006,2637,False
RABL5,496,7.6706,0.7999,2638,False
RP11-216B9.6,184,1.3008,0.7998,2639,False
SMPD3,761,10.1707,0.7998,2640,False
IFT43,1053,19.3134,0.7998,2641,False
BX649597.1,165,0.0772,0.7997,2642,False
C2CD2,574,5.6041,0.7996,2643,False
CTB-4E7.1,571,9.6632,0.7994,2644,False
PDK4,309,2.9601,0.7992,2645,False
GEMIN8,921,14.1578,0.7989,2646,False
CDK16,3249,52.418,0.7989,2647,False
DERL2,3825,115.2434,0.7987,2648,False
SMAD1,201,2.1286,0.7986,2649,False
ZNF195,1884,32.1538,0.7986,2650,False
HSPG2,219,0.608,0.7984,2651,False
KIAA0101,1615,30.7725,0.7984,2652,False
RP9P,286,1.7817,0.7983,2653,False
NPRL2,2504,70.5794,0.7982,2654,False
EFCAB2,389,3.4733,0.7982,2655,False
CTB-119C2.1,3300,63.7281,0.7981,2656,False
SDAD1P1,306,0.9107,0.7977,2657,False
C14orf79,183,1.1328,0.7976,2658,False
FSCN3,363,0.8952,0.7974,2659,False
XKR9,379,1.6747,0.7971,2660,False
POLR1B,1082,14.4527,0.7968,2661,False
RP11-472I20.1,551,2.0731,0.7968,2662,False
RP11-545E17.3,424,7.0306,0.7967,2663,False
CKMT2-AS1,524,4.7797,0.7966,2664,False
MROH8,188,1.5342,0.7965,2665,False
HEATR4,264,0.6627,0.7963,2666,False
ASB8,2258,46.4079,0.7963,2667,False
AC104131.1,190,0.0621,0.7961,2668,False
ADCK1,395,4.3729,0.7961,2669,False
TNFSF4,927,16.2362,0.7957,2670,False
ANAPC7,2449,47.8757,0.7956,2671,False
RPL18P13,317,0.1916,0.7955,2672,False
IRF4,4371,73.5049,0.795,2673,False
KCNRG,166,0.9061,0.7948,2674,False
BCDIN3D,362,6.1732,0.7947,2675,False
KIAA1009,623,6.593,0.7947,2676,False
GUSBP9,1782,14.4684,0.7945,2677,False
PIGG,2893,51.7633,0.7944,2678,False
ZNF674,680,5.0162,0.7944,2679,False
NSMAF,3143,58.337,0.7944,2680,False
C17orf104,358,0.3977,0.7943,2681,False
ZNF16,366,5.3375,0.7942,2682,False
FDPSP3,170,1.327,0.7941,2683,False
SHMT1P1,280,3.4242,0.794,2684,False
RN7SL473P,784,15.2203,0.794,2685,False
RPL5P30,1683,1.0873,0.794,2686,False
FCRL3,4022,112.5196,0.7937,2687,False
PHF7,453,5.2044,0.7937,2688,False
AC016894.1,339,3.1409,0.7933,2689,False
CKS2,3900,134.4307,0.7932,2690,False
SIKE1,2617,43.6181,0.7931,2691,False
HCAR2,455,4.37,0.7929,2692,False
RP11-380G5.3,573,3.0952,0.7927,2693,False
SLC22A18,1230,21.9625,0.7926,2694,False
KRT18P57,274,3.8538,0.7926,2695,False
UTP6,2923,70.4087,0.7924,2696,False
DPEP2,905,13.1791,0.7921,2697,False
GRAMD1C,277,3.6077,0.7921,2698,False
PSEN2,602,8.7086,0.792,2699,False
RP11-737O24.3,1918,3.3603,0.7915,2700,False
MRPL42,2415,54.465,0.7914,2701,False
ACTA2,1791,34.4221,0.7912,2702,False
RP11-365D9.1,193,1.8976,0.791,2703,False
RNVU1-15,441,7.2241,0.7908,2704,False
TSSK4,171,2.0995,0.7907,2705,False
ZNF684,376,5.2715,0.7907,2706,False
CTD-2083E4.5,395,0.5396,0.7904,2707,False
U73169.1,308,5.4377,0.7897,2708,False
ZNF585A,1690,25.2883,0.7897,2709,False
NUDT8,377,5.984,0.7895,2710,False
RP11-77P16.4,242,0.585,0.7895,2711,False
NSG1,376,7.3031,0.7895,2712,False
TUBB2A,1305,25.902,0.7894,2713,False
ABCA5,1145,14.8567,0.7893,2714,False
CTD-2521M24.9,1698,33.5363,0.7892,2715,False
GPR141,513,2.6189,0.7888,2716,False
SLC35D2,588,7.2621,0.7883,2717,False
HNRNPA1P22,577,0.166,0.7879,2718,False
GRN,3877,228.0118,0.7878,2719,False
PTPN2P1,844,0.5947,0.7877,2720,False
BFSP2,494,4.6166,0.7877,2721,False
GORASP1,1457,24.5199,0.7875,2722,False
RPL10,15986,5104.5934,0.7874,2723,False
PPP1R13L,217,2.2745,0.7873,2724,False
AC009403.2,432,6.1818,0.7872,2725,False
ZMYND19,367,3.1864,0.7871,2726,False
CR2,718,13.0623,0.787,2727,False
PLK1,641,11.6145,0.7869,2728,False
ADCY4,325,2.3173,0.7869,2729,False
TMEM42,712,14.505,0.7865,2730,False
HSP90AB1,12525,753.4277,0.7863,2731,False
ANAPC10P1,559,0.4987,0.7856,2732,False
DHDDS,1684,26.2877,0.7853,2733,False
C6orf203,766,11.6668,0.785,2734,False
RP11-430B1.2,211,2.6129,0.785,2735,False
RINL,1213,15.9037,0.7849,2736,False
ATP6AP1L,182,0.9839,0.7849,2737,False
GAPDHP25,229,0.0609,0.7848,2738,False
GOLGA8N,375,1.6404,0.7846,2739,False
MAP2K4,817,7.6323,0.7845,2740,False
CHCHD6,534,8.4117,0.7844,2741,False
PDLIM1P1,327,0.1633,0.7843,2742,False
S100A13,335,4.2157,0.7842,2743,False
ORMDL2,2823,73.3952,0.7841,2744,False
AC000120.7,212,0.7929,0.7839,2745,False
SRGN,13784,1434.796,0.7839,2746,False
SMYD2,1232,22.6199,0.7837,2747,False
JTBP1,330,7.0885,0.7835,2748,False
ASS1P1,391,5.7531,0.7834,2749,False
RN7SL15P,205,2.5789,0.7831,2750,False
ZNF224,1208,19.0445,0.7827,2751,False
ADD2,203,0.9449,0.7826,2752,False
SLCO4C1,176,0.8392,0.7824,2753,False
PPP1R3E,460,5.1748,0.7819,2754,False
RP11-297D21.4,406,5.8551,0.7819,2755,False
RP4-800G7.2,559,6.168,0.7818,2756,False
ZNF175,259,1.3297,0.7817,2757,False
CDK18,259,0.9376,0.7812,2758,False
AC023590.1,385,4.6121,0.7812,2759,False
C12orf29,1302,20.9211,0.7812,2760,False
RP1-257I20.14,271,4.8392,0.7809,2761,False
PDCL3P5,751,1.1071,0.7808,2762,False
TEP1,2595,38.9629,0.7805,2763,False
SNORD17,323,5.1585,0.7801,2764,False
STAU2,2256,32.9044,0.78,2765,False
RPL34P33,291,0.3981,0.7799,2766,False
RP1-22N22.1,185,0.1548,0.7798,2767,False
XRRA1,2956,30.4758,0.7797,2768,False
ZNF630,345,2.6596,0.7797,2769,False
ZNF84,1282,20.3633,0.7797,2770,False
PTGR1,468,2.5608,0.7795,2771,False
METAP1D,312,3.575,0.7793,2772,False
SLC12A8,163,0.6174,0.7792,2773,False
CLDN12,274,1.5661,0.7791,2774,False
CTD-2619J13.14,1791,2.5466,0.7789,2775,False
ZEB1-AS1,337,4.7613,0.7785,2776,False
DDX3Y,4295,97.6953,0.7785,2777,False
PRF1,7434,415.2607,0.7785,2778,False
RPL18P10,1564,34.087,0.7783,2779,False
FAHD2A,2145,22.345,0.7781,2780,False
CD8A,6970,620.3542,0.778,2781,False
RP11-887P2.5,224,1.863,0.7779,2782,False
RP11-500M8.6,252,0.1645,0.7778,2783,False
FGGY,688,9.6732,0.7771,2784,False
RP11-275F13.3,200,1.2345,0.7771,2785,False
ACADSB,1002,14.0477,0.7766,2786,False
RP11-65J3.1,160,1.2957,0.7765,2787,False
FRMD3,160,0.5063,0.7761,2788,False
ARMCX2,240,3.174,0.7759,2789,False
GABPB1-AS1,1382,26.1223,0.7759,2790,False
RP11-323I15.2,318,0.1618,0.7757,2791,False
RP11-73E17.2,188,0.4673,0.7756,2792,False
WDR54,2205,64.4606,0.7756,2793,False
RP11-382J12.1,323,2.5743,0.7756,2794,False
ADAM22,246,0.9659,0.7756,2795,False
CLP1,931,19.4517,0.7752,2796,False
ZNF815P,553,6.0432,0.7751,2797,False
RP13-977J11.2,451,7.9762,0.7751,2798,False
AC078883.3,206,2.0498,0.775,2799,False
ZNF69,263,1.9422,0.775,2800,False
HSPA8P11,263,0.0816,0.7749,2801,False
HAUS7,1588,30.3085,0.7745,2802,False
PIGV,530,7.6111,0.7742,2803,False
ZNF708,1695,17.1667,0.7741,2804,False
VAC14,1208,15.3767,0.7738,2805,False
PTGFRN,286,1.5309,0.7738,2806,False
MAPK12,440,1.3066,0.7736,2807,False
RP11-444D3.1,188,1.5166,0.7736,2808,False
CEP63,1947,27.6707,0.7735,2809,False
RP11-206L10.11,1012,11.6934,0.7732,2810,False
H1FX-AS1,190,0.9444,0.7731,2811,False
SPA17,187,0.9541,0.773,2812,False
NAP1L4P1,348,1.6412,0.7729,2813,False
AL590762.6,230,0.3443,0.7726,2814,False
SEC63P1,724,1.0538,0.7725,2815,False
ABHD4,1076,20.2001,0.7723,2816,False
BAIAP2-AS1,161,0.3509,0.7722,2817,False
C20orf196,1157,23.4797,0.7721,2818,False
ZNF233,167,1.1877,0.7721,2819,False
ARL16,1975,46.1142,0.7717,2820,False
PNOC,461,7.0843,0.7714,2821,False
RP11-644F5.11,170,1.615,0.771,2822,False
RCAN1,331,2.7389,0.7706,2823,False
CDC42P1,714,1.25,0.7702,2824,False
RP11-285F7.2,1120,24.9378,0.7701,2825,False
BTNL8,293,4.0631,0.7701,2826,False
SLC25A29,400,3.3341,0.77,2827,False
ZNF124,957,13.2632,0.7698,2828,False
BTBD3,180,0.7817,0.7697,2829,False
FOXRED2,395,1.4207,0.7696,2830,False
TBCEL,405,2.5191,0.7696,2831,False
CMC1,3485,152.4003,0.7695,2832,False
SLC15A2,371,1.6152,0.7686,2833,False
ZNF691,495,7.9648,0.7685,2834,False
CENPO,1476,6.6367,0.7685,2835,False
RP11-65L3.4,168,1.8907,0.7682,2836,False
BPNT1,894,13.5269,0.7682,2837,False
KDM8,481,6.4348,0.7679,2838,False
ALS2CR12,169,1.0869,0.7678,2839,False
FCRL2,627,9.0472,0.7678,2840,False
APC,2104,24.5979,0.7677,2841,False
CDK7,1768,35.5239,0.7675,2842,False
PECR,1154,18.9827,0.7672,2843,False
TPT1-AS1,1846,20.944,0.7672,2844,False
ZNF849P,513,0.1078,0.7666,2845,False
FGFR1,1128,13.5901,0.7665,2846,False
ZNF704,172,0.1895,0.7663,2847,False
NETO2,531,1.9463,0.7663,2848,False
MYCBP,2038,41.9948,0.7661,2849,False
CCSER1,313,2.9954,0.766,2850,False
CRELD1,1554,29.9227,0.7656,2851,False
TREX2,810,1.7615,0.7656,2852,False
ALDH3A2,2185,37.0719,0.7655,2853,False
RP11-28F1.2,286,3.8549,0.7655,2854,False
ZNF584,434,4.8779,0.7654,2855,False
AASDH,1033,14.2185,0.7648,2856,False
RP1-182O16.1,418,0.6348,0.7647,2857,False
RP11-206L10.10,245,2.8697,0.7646,2858,False
OFD1P17,903,0.1491,0.7642,2859,False
MAP9,458,5.7823,0.7638,2860,False
PKMP1,882,0.1311,0.7637,2861,False
LAPTM4B,206,1.1601,0.7633,2862,False
PRUNE2,220,1.1216,0.7629,2863,False
EEF1A1P3,1749,3.9151,0.7629,2864,False
VSIG1,196,2.0808,0.7625,2865,False
ACPL2,629,8.0695,0.7622,2866,False
MTERFD1,1157,21.0298,0.7619,2867,False
CATSPER2,656,5.9851,0.7619,2868,False
LGR6,337,5.0321,0.7619,2869,False
GJB7,184,1.6817,0.7615,2870,False
PRELID2,292,2.927,0.7615,2871,False
ZNF483,312,2.8509,0.7614,2872,False
RP11-9M16.3,225,3.5285,0.7613,2873,False
TMEM200A,317,3.3746,0.761,2874,False
C5orf34,326,3.4566,0.7608,2875,False
HTATSF1P2,254,2.3896,0.7607,2876,False
SLC45A3,174,0.2383,0.7604,2877,False
CCR2,1116,16.5817,0.7604,2878,False
ZNF540,415,3.1288,0.7604,2879,False
RP11-423H2.3,169,1.2658,0.7603,2880,False
ZFYVE19,1525,22.6994,0.7602,2881,False
RP11-13N13.6,315,5.1518,0.7601,2882,False
CSAD,930,7.5592,0.7599,2883,False
DDIT3,3491,111.205,0.7598,2884,False
JUNB,14130,1195.8521,0.7597,2885,False
RP11-347C12.3,215,0.9692,0.7594,2886,False
RAD51B,1506,22.8968,0.7594,2887,False
ADAMDEC1,436,2.851,0.7591,2888,False
RPS18,15300,2914.239,0.759,2889,False
RNFT1,1991,36.2519,0.759,2890,False
CCDC101,1620,31.4056,0.7589,2891,False
THBS3,506,5.5875,0.7588,2892,False
CAMSAP2,186,0.3614,0.7586,2893,False
HNRNPA1P56,177,0.0564,0.7586,2894,False
ARHGAP32,205,0.5486,0.7584,2895,False
DECR2,467,5.2737,0.7583,2896,False
IMPA2,221,1.9548,0.7583,2897,False
PTGDR,971,22.025,0.7582,2898,False
MLH3,916,11.9616,0.7582,2899,False
ANGPTL6,925,0.9257,0.7579,2900,False
EBP,3877,130.0325,0.7578,2901,False
PEX12,255,2.5569,0.7575,2902,False
TMEM91,546,7.414,0.7574,2903,False
IFITM2,14011,1460.0217,0.7574,2904,False
CDC14B,310,2.8907,0.7574,2905,False
OMA1,1575,30.6621,0.7572,2906,False
RP11-53B2.6,447,6.4225,0.7572,2907,False
CRLS1,1189,10.4924,0.7568,2908,False
TAS2R30,200,0.6298,0.7567,2909,False
HAUS2,1810,21.3033,0.7567,2910,False
RP11-37B2.1,416,3.4181,0.7563,2911,False
CTC-359D24.3,306,4.4838,0.7561,2912,False
RLIMP2,162,1.5614,0.7556,2913,False
CYP27A1,374,3.7318,0.7556,2914,False
MSL3P1,294,2.3318,0.7554,2915,False
RP11-338L22.2,180,1.852,0.7553,2916,False
ZNF169,392,5.081,0.7552,2917,False
ITGA9,187,0.4365,0.7549,2918,False
RP11-381O7.4,282,1.0221,0.7549,2919,False
CSF3R,1188,13.3519,0.7548,2920,False
TG,399,2.0079,0.7548,2921,False
ASTN2,778,3.4538,0.7547,2922,False
ZFP82,491,5.8118,0.7546,2923,False
ATPAF1,676,6.1352,0.7545,2924,False
PDLIM5,2082,31.8747,0.7545,2925,False
SCN1B,160,0.3788,0.7545,2926,False
ZIK1,302,3.6894,0.7544,2927,False
STX18-AS1,496,5.9411,0.7543,2928,False
OSER1-AS1,363,4.3582,0.754,2929,False
STAB1,859,13.4796,0.754,2930,False
CARD17,263,3.593,0.7538,2931,False
ZSWIM3,290,3.3792,0.7537,2932,False
ZNF780B,925,9.8193,0.7535,2933,False
ULK4,1281,19.9034,0.7534,2934,False
RP11-632K20.7,672,4.5693,0.753,2935,False
LAT2,2595,65.9412,0.7528,2936,False
MDP1,1081,19.9781,0.7521,2937,False
SLC46A1,731,5.6283,0.752,2938,False
STOML1,392,5.208,0.7518,2939,False
CACNB3,351,4.9785,0.7516,2940,False
IL15,785,8.2759,0.7515,2941,False
MIR4453,267,3.1108,0.7511,2942,False
AHCYL2,499,3.5396,0.751,2943,False
ULK2,557,3.1738,0.751,2944,False
RPS16P5,308,4.4783,0.7508,2945,False
RP11-420G6.4,284,3.2916,0.7505,2946,False
GOLGA5P1,164,1.1859,0.7503,2947,False
ZBTB48,1501,30.5765,0.7503,2948,False
EME1,373,2.2671,0.7502,2949,False
EFCAB4A,473,5.6208,0.7502,2950,False
ABCA6,345,1.7463,0.7501,2951,False
NARS2,1074,19.9149,0.7496,2952,False
PDDC1,831,7.6765,0.7495,2953,False
RP11-615J4.4,227,2.4594,0.7493,2954,False
PUS7L,1107,18.1877,0.7493,2955,False
RPL3P6,2323,2.7039,0.7491,2956,False
RHBDD1,1928,25.9231,0.749,2957,False
USP44,161,0.9053,0.7489,2958,False
MFSD7,162,0.4271,0.7487,2959,False
ATIC,2682,73.3661,0.7487,2960,False
GS1-124K5.2,438,5.0617,0.7486,2961,False
AC007256.5,448,0.6209,0.7485,2962,False
LIPC,214,1.7821,0.7482,2963,False
RP11-177C12.4,178,0.5122,0.7479,2964,False
RP11-110I1.11,178,1.4007,0.7479,2965,False
DNLZ,269,3.1252,0.7478,2966,False
GUSBP1,1808,16.9665,0.7478,2967,False
C16orf95,191,2.1602,0.7474,2968,False
GDAP1,682,8.5411,0.7474,2969,False
OSMR,165,0.5174,0.7473,2970,False
HDAC3,2784,67.7606,0.7473,2971,False
ZNF707,631,8.6058,0.7471,2972,False
HSPE1,7845,365.7679,0.747,2973,False
TSPAN13,975,16.4781,0.7462,2974,False
SPIN3,247,2.7059,0.7462,2975,False
SDCBPP1,177,1.5048,0.746,2976,False
CTD-2287O16.5,220,1.7282,0.746,2977,False
EEF1DP3,272,1.2278,0.7458,2978,False
MIR146A,578,7.267,0.7457,2979,False
YPEL3,1571,29.1948,0.7453,2980,False
ZNF550,745,10.7389,0.745,2981,False
POM121L7,381,0.1588,0.7448,2982,False
RPL7AP8,446,0.1687,0.7448,2983,False
TMPRSS13,174,1.1077,0.7447,2984,False
ZNF44,1343,17.2269,0.7445,2985,False
CYB5RL,350,3.269,0.7445,2986,False
FASLG,2208,54.45,0.7444,2987,False
C19orf55,1179,13.2254,0.7443,2988,False
RP11-58E21.5,300,3.6887,0.7436,2989,False
ZC4H2,564,6.1794,0.7436,2990,False
CXXC5,746,9.4636,0.7436,2991,False
AC007690.1,297,1.5122,0.7433,2992,False
QARS,4454,148.2427,0.7432,2993,False
IL20RB,204,1.2945,0.7432,2994,False
IL21-AS1,255,1.401,0.743,2995,False
MNAT1,1792,29.7019,0.7428,2996,False
ZNF449,323,3.5383,0.7428,2997,False
CTA-223H9.9,166,2.3398,0.7427,2998,False
NPM1P18,641,0.2391,0.7427,2999,False
IL15RA,1396,23.3236,0.7424,3000,False
PTPRK,730,5.6878,0.7423,3001,False
SYNE4,181,2.5672,0.7422,3002,False
RP5-867C24.5,177,0.5447,0.7421,3003,False
ADAMTSL3,917,0.1625,0.7418,3004,False
RPL7P44,260,0.1149,0.7418,3005,False
ZNF852,383,3.3655,0.7416,3006,False
PA2G4P4,1464,0.9062,0.7416,3007,False
CTC-360G5.9,889,0.1299,0.7415,3008,False
RP11-925D8.5,175,1.1393,0.7413,3009,False
RP11-666A1.5,283,2.9608,0.7413,3010,False
QTRT1,2145,50.682,0.7412,3011,False
RPS2P44,257,3.0204,0.7411,3012,False
C17orf51,188,1.1573,0.7411,3013,False
VTI1B,3885,120.572,0.741,3014,False
NFS1,1634,30.0644,0.7408,3015,False
NAGLU,415,4.0485,0.7408,3016,False
ALKBH8,570,7.2147,0.7407,3017,False
ZSCAN16,850,14.9781,0.7407,3018,False
C2orf43,1401,23.4806,0.7404,3019,False
WDR3,1063,11.7027,0.7403,3020,False
ZBTB20-AS2,497,6.6476,0.7403,3021,False
RPL32P29,944,23.9098,0.7399,3022,False
CLEC17A,829,10.0809,0.7395,3023,False
KBTBD2,3768,92.7347,0.7394,3024,False
NFYB,1365,23.4598,0.7394,3025,False
NIF3L1,1167,17.0312,0.7393,3026,False
PHBP3,558,0.1552,0.7393,3027,False
USP50,185,0.2617,0.7392,3028,False
HIST2H2BF,754,8.1041,0.7392,3029,False
RN7SL798P,438,7.1345,0.7391,3030,False
PIGF,1886,30.6767,0.7385,3031,False
MED24,2347,45.1933,0.7385,3032,False
HSD17B14,164,1.7548,0.7384,3033,False
RP11-181G12.2,197,2.0085,0.7383,3034,False
ORC4,2639,34.4656,0.7381,3035,False
TPGS2,2997,62.6989,0.738,3036,False
CCDC138,920,8.9964,0.7378,3037,False
CHCHD4,457,5.713,0.7378,3038,False
MZT2B,1679,27.886,0.7377,3039,False
LACE1,522,5.9772,0.7377,3040,False
SUV39H2,635,7.9165,0.7376,3041,False
RPH3AL,329,2.6461,0.7375,3042,False
ATRIP,433,3.6462,0.7375,3043,False
CP,272,1.0498,0.737,3044,False
RP11-58B17.2,167,2.5212,0.7366,3045,False
ZDHHC16,1193,19.8933,0.7366,3046,False
C19orf47,563,5.8162,0.7365,3047,False
GAPDHP51,210,2.5194,0.736,3048,False
PLS3,230,2.6928,0.7359,3049,False
LAMB3,237,1.1647,0.7358,3050,False
RP11-638I2.10,1452,9.3189,0.7357,3051,False
ATP6V1D,2393,61.0013,0.7355,3052,False
R3HDM1,3379,52.8717,0.7355,3053,False
COQ9,1696,35.1883,0.7354,3054,False
DNAJC8P1,255,0.2922,0.7352,3055,False
ZNF136,967,13.1178,0.735,3056,False
RP5-914P20.5,218,1.2579,0.7348,3057,False
METTL6,822,12.83,0.734,3058,False
ERCC8,776,11.3907,0.7338,3059,False
ZNF615,533,6.5059,0.7337,3060,False
CC2D2A,333,0.5099,0.7336,3061,False
PRR7-AS1,160,1.6569,0.7333,3062,False
ZNF805,403,4.4519,0.7332,3063,False
RP11-58E21.3,670,8.0015,0.733,3064,False
CTD-2256P15.4,254,0.4055,0.7328,3065,False
CTD-3099C6.5,228,0.1286,0.7328,3066,False
TMX2-CTNND1,265,0.8446,0.7328,3067,False
TAF10,2934,13.1162,0.7327,3068,False
GSTM1,1441,20.0047,0.7326,3069,False
COMMD4,2091,49.9851,0.7325,3070,False
TAMM41,1922,31.6036,0.7324,3071,False
TRAIP,290,3.3187,0.7324,3072,False
MACC1,316,0.7144,0.7322,3073,False
NPM1P31,263,0.0859,0.7322,3074,False
NME8,235,2.046,0.7318,3075,False
C16orf80,2444,64.4815,0.7317,3076,False
RPUSD4,1734,35.5262,0.7317,3077,False
MAP3K7CL,649,8.4252,0.7317,3078,False
MED11,1215,24.9513,0.7316,3079,False
RP13-228J13.5,326,3.1666,0.7315,3080,False
CTC-512J14.7,323,0.0855,0.7314,3081,False
PORCN,901,15.5872,0.7314,3082,False
CTD-2301A4.3,897,11.0991,0.7313,3083,False
ANAPC15,2053,49.0064,0.7308,3084,False
MOXD1,227,2.4888,0.7307,3085,False
BAP1,2631,48.7089,0.7305,3086,False
PPP4R1,1456,17.7023,0.7305,3087,False
TEX30,1016,19.7267,0.7304,3088,False
CTC-338M12.4,639,7.5897,0.7303,3089,False
RPL21P8,456,2.3952,0.7299,3090,False
NLRP2,636,8.4798,0.7296,3091,False
ZNF688,520,6.4601,0.7296,3092,False
RP11-75L1.1,341,4.6653,0.7295,3093,False
MTERFD3,489,7.0976,0.7294,3094,False
MRPL1,3142,41.8544,0.7292,3095,False
KCNMB3,241,1.7097,0.7291,3096,False
PDLIM1,1150,23.6926,0.7291,3097,False
MYO1B,161,0.925,0.7288,3098,False
RP11-1348G14.4,272,0.572,0.7287,3099,False
EXT1,383,1.7708,0.7284,3100,False
ZNF724P,442,1.9006,0.728,3101,False
ALG10B,420,3.5791,0.7279,3102,False
DNAJC5B,161,1.381,0.7278,3103,False
CCT5P1,274,0.388,0.7278,3104,False
ZNF302,1425,16.5609,0.7277,3105,False
RP1-30M3.6,385,5.5101,0.7277,3106,False
SCAMP1,1730,22.135,0.7275,3107,False
SLC9A9,2087,38.5625,0.7273,3108,False
TRAC,11303,1093.7671,0.7272,3109,False
INTS8,1320,19.2043,0.7271,3110,False
ALDOC,1386,33.3201,0.727,3111,False
MFI2,226,1.4343,0.7267,3112,False
KLHL7,1457,26.9308,0.7264,3113,False
MYO5B,321,1.4794,0.7263,3114,False
CLEC4C,228,4.0404,0.7261,3115,False
EBPL,489,6.8634,0.726,3116,False
SNHG7,936,10.9946,0.7258,3117,False
SNHG15,3752,126.5044,0.7257,3118,False
CCDC23,1292,28.2566,0.7257,3119,False
RP11-214O1.2,205,1.7605,0.7256,3120,False
ZNF3,1057,15.3691,0.7253,3121,False
ING5,1090,16.1318,0.7252,3122,False
POPDC2,279,3.8391,0.7252,3123,False
CLEC4A,1168,19.7703,0.7248,3124,False
PTGS2,387,3.8028,0.7246,3125,False
C16orf74,401,6.2023,0.7246,3126,False
RP5-1051J4.4,179,1.8133,0.7246,3127,False
LRRN3,269,3.8305,0.7244,3128,False
RASD1,704,7.8963,0.7244,3129,False
TIMM10,1910,44.6245,0.7244,3130,False
ATF4P4,759,0.2713,0.7243,3131,False
RP11-737O24.5,293,2.673,0.7241,3132,False
RP11-63P12.6,210,1.195,0.7241,3133,False
RP11-111F5.5,251,0.8721,0.724,3134,False
PM20D1,200,1.5968,0.7237,3135,False
PCBP3,261,2.2532,0.7236,3136,False
IFT140,340,2.7064,0.7236,3137,False
TRIT1,704,8.5139,0.7236,3138,False
ARL4D,698,14.3121,0.7236,3139,False
RP11-307E17.8,254,0.4069,0.7236,3140,False
ZNF226,1243,22.7369,0.7235,3141,False
C17orf89,1771,42.0424,0.7235,3142,False
HCAR3,393,3.545,0.7234,3143,False
FBXO25,1027,15.0289,0.7233,3144,False
MTND6P18,225,2.4318,0.7232,3145,False
ACRBP,265,2.6283,0.723,3146,False
ZNF322,660,9.08,0.7218,3147,False
TSG101,3539,110.8598,0.7216,3148,False
ZNF695,197,0.2948,0.7216,3149,False
HNRNPA1P38,261,0.0866,0.7216,3150,False
STK19,1264,22.1761,0.7216,3151,False
B3GNT7,1014,10.6207,0.7216,3152,False
PSTK,748,6.8495,0.7208,3153,False
ACTL6A,2289,47.3493,0.7205,3154,False
SNORA59B,178,2.1832,0.7197,3155,False
AGPAT6,3744,77.474,0.7196,3156,False
NMNAT1,404,3.6882,0.7196,3157,False
CD200R1,1990,37.548,0.7195,3158,False
ZSCAN30,993,14.4169,0.7194,3159,False
RPL9P28,305,0.1592,0.7193,3160,False
NAGK,3149,73.9487,0.7187,3161,False
TRIM16,603,7.3108,0.7182,3162,False
HIST1H2AL,353,3.2237,0.7181,3163,False
ZNF511,1704,36.6706,0.718,3164,False
ZNF202,507,6.9022,0.718,3165,False
NOP56,4871,130.7148,0.7179,3166,False
IFRG15,286,3.7751,0.7177,3167,False
RP11-1020A11.2,173,0.5701,0.7174,3168,False
RP11-685N10.1,240,2.9583,0.7173,3169,False
RFC4,1440,29.4619,0.7173,3170,False
HIST1H2AI,202,2.1447,0.7172,3171,False
RP11-118E18.4,192,1.9943,0.7172,3172,False
AVIL,328,2.5224,0.7171,3173,False
HMGN2,11653,695.9045,0.7169,3174,False
CDHR1,205,1.1164,0.7168,3175,False
RCOR3,3148,39.1508,0.7168,3176,False
GIN1,343,4.5545,0.7167,3177,False
BTD,996,13.9376,0.7166,3178,False
TRIP11,2986,49.0758,0.7162,3179,False
LRRC23,549,6.4105,0.716,3180,False
ARG2,804,7.3188,0.7159,3181,False
TTF2,1747,24.217,0.7159,3182,False
RP11-542C16.2,225,0.2018,0.7156,3183,False
ANXA2,7578,444.8673,0.7155,3184,False
CTD-2184D3.5,162,2.1623,0.7155,3185,False
ST13P13,220,0.074,0.7154,3186,False
POMT1,1815,28.5688,0.7154,3187,False
CMAHP,1843,27.4999,0.7153,3188,False
ZNF141,2039,22.3488,0.7153,3189,False
GLB1L,281,2.7696,0.7152,3190,False
HCG9P5,162,2.3885,0.7152,3191,False
TCF3,1921,18.5879,0.7151,3192,False
METTL25,606,9.0506,0.715,3193,False
GUCY2D,171,0.1297,0.7149,3194,False
UBE3AP2,167,0.0506,0.7147,3195,False
AC000068.5,191,1.8678,0.7146,3196,False
CENPM,1551,35.3439,0.7146,3197,False
ALDH4A1,202,1.2515,0.7146,3198,False
RPSAP9,1569,1.0926,0.7142,3199,False
TMEM234,1037,16.1097,0.7141,3200,False
FAAH,233,2.7251,0.7141,3201,False
RGS3,2526,50.2806,0.714,3202,False
C15orf41,641,6.5183,0.7135,3203,False
DHRS1,1444,26.1692,0.7134,3204,False
KDELR3,236,1.7648,0.7134,3205,False
SCPEP1,2292,51.0436,0.7132,3206,False
MAN2C1,3492,76.1274,0.7132,3207,False
TMEM55A,777,12.3185,0.7129,3208,False
ADAMTSL5,300,4.5139,0.7129,3209,False
PFN1P8,583,4.1208,0.7127,3210,False
NOP16,4451,36.5159,0.7125,3211,False
RP11-65L3.2,160,1.0876,0.7121,3212,False
WDR46,2216,51.5283,0.7119,3213,False
ZSCAN9,469,6.2909,0.7118,3214,False
HSPH1,6517,166.7161,0.7117,3215,False
CES1,217,3.1346,0.7114,3216,False
UCK2,1329,19.6866,0.7111,3217,False
AC005154.7,186,0.7502,0.711,3218,False
TUBB,7131,270.117,0.7106,3219,False
ALDH1A2,404,2.5266,0.7105,3220,False
DLEU2L,394,0.5748,0.7105,3221,False
CTNNAP1,452,0.0785,0.7104,3222,False
ZNF790,464,4.3723,0.7102,3223,False
ARL8A,791,1.1019,0.7099,3224,False
TRABD2A,999,13.8831,0.7098,3225,False
BPHL,563,7.5378,0.7098,3226,False
FBLN7,1055,18.742,0.7097,3227,False
SNAPC5,1627,34.1603,0.7094,3228,False
CDC42BPA,177,0.2411,0.7094,3229,False
NACC1,521,1.2089,0.7092,3230,False
FXN,1004,16.8303,0.7091,3231,False
ERC1,1446,13.6943,0.7089,3232,False
CUL9,2702,38.6465,0.7089,3233,False
CTD-2516F10.2,275,2.6501,0.7087,3234,False
RPL12P29,304,3.6722,0.7085,3235,False
ZNF324B,244,0.8786,0.7085,3236,False
ZC2HC1A,564,6.2567,0.7085,3237,False
ING4,2292,62.5215,0.7085,3238,False
RP11-417F21.1,478,1.7746,0.7082,3239,False
AC104134.2,192,0.5605,0.7077,3240,False
E2F5,608,4.8485,0.7075,3241,False
PPFIBP1,363,2.918,0.7074,3242,False
RP11-223C24.1,285,3.011,0.7074,3243,False
CINP,1657,34.3778,0.7071,3244,False
ATG4A,903,14.9472,0.7071,3245,False
ZFP1,448,5.6772,0.707,3246,False
YIPF6,1551,18.2067,0.7069,3247,False
SNF8,1244,16.5762,0.7068,3248,False
AP001062.8,412,1.7551,0.7063,3249,False
RPS3,15832,3660.5928,0.7061,3250,False
TNFRSF17,312,4.0064,0.7058,3251,False
RP3-477O4.14,452,6.5668,0.7054,3252,False
RP11-95P2.1,217,2.2341,0.7054,3253,False
ZNF408,616,9.6023,0.7054,3254,False
RP11-655C2.3,183,1.937,0.7053,3255,False
RP11-533F5.2,203,0.1237,0.7052,3256,False
BLM,1293,17.2727,0.7052,3257,False
CDADC1,951,15.7015,0.7047,3258,False
DBP,399,2.4848,0.7047,3259,False
FBXW9,285,3.6014,0.7038,3260,False
ANAPC13,1788,36.8045,0.7038,3261,False
RP5-997D16.2,236,4.0929,0.7035,3262,False
AP1S3,381,3.6537,0.7035,3263,False
RP11-282O18.6,493,8.6664,0.7033,3264,False
TWF1,2211,38.1084,0.7033,3265,False
RP11-475E11.2,269,3.9764,0.7031,3266,False
GTF2H4,403,5.8937,0.7029,3267,False
GRAP2,3109,66.6816,0.7028,3268,False
PPIAP6,412,0.4301,0.7028,3269,False
ZNF619,330,3.0032,0.7028,3270,False
RP11-397E7.1,548,0.1755,0.7028,3271,False
SPATA6L,381,0.9632,0.7026,3272,False
RP11-204N11.1,279,1.7834,0.7023,3273,False
CCDC74A,171,1.7594,0.7022,3274,False
MGAT4A,3964,71.868,0.702,3275,False
CEP112,220,2.1447,0.7018,3276,False
TTC37,2182,23.4046,0.7017,3277,False
ANKIB1,2222,22.3791,0.7017,3278,False
LRP5L,813,9.7152,0.7015,3279,False
ZNF234,569,6.8995,0.7013,3280,False
CCDC51,1320,9.6222,0.7013,3281,False
RP11-160E2.11,238,3.6299,0.7011,3282,False
AC018737.1,524,8.0188,0.7011,3283,False
GPR19,384,5.1133,0.7008,3284,False
AP001885.1,234,2.6072,0.7004,3285,False
SENP2,2309,26.3956,0.6999,3286,False
CTD-3131K8.1,315,0.2119,0.6997,3287,False
SOX4,1451,9.6445,0.6997,3288,False
ARMC2,520,4.74,0.6996,3289,False
EVI5L,257,0.4756,0.6993,3290,False
RP11-49K24.5,258,4.1263,0.6992,3291,False
ZNF675,1466,18.3565,0.6991,3292,False
MSS51,201,1.7362,0.699,3293,False
MMS19,2388,45.5335,0.699,3294,False
ZNF546,348,2.5845,0.6985,3295,False
RP11-1017G21.5,182,2.2163,0.6983,3296,False
AP001877.1,1042,16.4907,0.698,3297,False
NSMCE2,1857,36.8913,0.6975,3298,False
CTD-3195I5.5,195,2.4999,0.6973,3299,False
MICALL2,349,1.3269,0.6973,3300,False
DMGDH,200,0.6284,0.6973,3301,False
NCAM1,378,4.0039,0.6972,3302,False
FAM219B,1025,15.4373,0.6972,3303,False
H3F3B,15093,2155.4813,0.697,3304,False
DGCR6,1611,6.571,0.6969,3305,False
CTD-2517M22.14,193,0.7216,0.6968,3306,False
ACRC,463,4.8409,0.6967,3307,False
RPL3,15791,3097.2017,0.6966,3308,False
AC022182.2,828,0.4952,0.6966,3309,False
GKAP1,208,1.8318,0.6963,3310,False
USP35,457,1.619,0.6963,3311,False
RNLS,314,2.8066,0.696,3312,False
ZNF525,680,4.2085,0.6959,3313,False
RP11-297C4.1,235,0.537,0.6953,3314,False
TMEM75,182,1.6926,0.6947,3315,False
SMARCD3,276,2.2858,0.6945,3316,False
WDR52,471,3.5905,0.6944,3317,False
AMACR,416,5.3809,0.694,3318,False
ZNF343,474,4.6214,0.6937,3319,False
RP11-566K11.5,234,0.5268,0.6934,3320,False
CYB561,823,12.3251,0.6932,3321,False
TNC,199,0.7585,0.6931,3322,False
CLYBL,631,6.1006,0.6929,3323,False
PTP4A3,670,11.2168,0.6928,3324,False
CREB1,4010,75.2865,0.6927,3325,False
ZNF14,799,12.2486,0.6926,3326,False
CYHR1,1622,19.0208,0.6926,3327,False
JSRP1,791,0.7695,0.6922,3328,False
KATNBL1,2305,44.5615,0.6921,3329,False
ZNF891,351,3.0604,0.6921,3330,False
AC092535.3,178,0.5513,0.6921,3331,False
PCCA,1081,12.0658,0.692,3332,False
C2orf44,418,4.7957,0.692,3333,False
DTX4,185,0.5165,0.6918,3334,False
C17orf75,1008,19.0885,0.6918,3335,False
RP4-814D15.2,1229,4.0985,0.6917,3336,False
MTERF,776,10.9963,0.6917,3337,False
IFT80,1628,15.9078,0.6916,3338,False
ZNF671,659,11.8438,0.6915,3339,False
NVL,1545,26.3098,0.6915,3340,False
RP3-486I3.4,2690,3.3607,0.6914,3341,False
FBXL17,611,3.2529,0.6913,3342,False
COX7BP2,456,9.4032,0.6913,3343,False
SLC25A19,1793,34.3209,0.6912,3344,False
RP11-490K7.4,481,8.7633,0.691,3345,False
RP11-533E19.7,259,2.7719,0.6909,3346,False
HNRNPA1P14,509,0.4021,0.6909,3347,False
EEF1A1P10,3526,1.9188,0.6906,3348,False
AC005300.5,315,3.3265,0.6904,3349,False
FAM220A,456,6.7807,0.6903,3350,False
RP11-689B22.2,385,3.8729,0.6902,3351,False
CTC-303L1.1,167,1.7344,0.6901,3352,False
NAE1,2539,64.853,0.69,3353,False
REST,3230,36.5648,0.6899,3354,False
RP11-960L18.1,454,3.9221,0.6898,3355,False
SUMO2P6,188,0.3134,0.6897,3356,False
EXO5,913,15.2872,0.6897,3357,False
CHRNA10,223,1.2464,0.6895,3358,False
TLR5,348,2.7891,0.6894,3359,False
RP11-349K21.1,345,0.2025,0.6893,3360,False
PCBP1-AS1,3245,53.5679,0.6891,3361,False
LZTR1,1509,18.7007,0.689,3362,False
C9orf156,1465,29.746,0.689,3363,False
KCTD21-AS1,313,2.2698,0.6888,3364,False
ALPK2,176,0.6659,0.6888,3365,False
PLAC8,3620,164.7934,0.6886,3366,False
RP4-730K3.3,250,3.7726,0.6884,3367,False
SPPL2A,3529,89.2393,0.6883,3368,False
FAM229A,254,2.7048,0.6881,3369,False
NHEJ1,997,17.2498,0.6879,3370,False
SH3BP5L,317,1.3248,0.6877,3371,False
RNVU1-19,232,2.9746,0.6876,3372,False
EMC9,1333,25.8513,0.6874,3373,False
DIS3L,1581,18.0891,0.6874,3374,False
RP11-84C13.1,164,1.3408,0.6873,3375,False
PHBP9,240,2.4246,0.6873,3376,False
PVRL1,253,0.6876,0.6871,3377,False
TMEM186,509,7.6144,0.6871,3378,False
RP5-1172N10.4,188,0.6763,0.6869,3379,False
C12orf76,1499,18.2097,0.6868,3380,False
SPEF2,456,4.4354,0.686,3381,False
RP11-588L15.1,418,5.5005,0.686,3382,False
BDH1,908,13.2777,0.686,3383,False
ENTPD3-AS1,318,3.1068,0.6858,3384,False
CCDC126,817,11.0116,0.6857,3385,False
FBXL6,420,3.6054,0.6854,3386,False
RDH11,4409,53.404,0.6853,3387,False
NUDT17,579,4.3887,0.6852,3388,False
PPAP2A,1090,15.2123,0.6851,3389,False
MTA3,1084,14.7525,0.6849,3390,False
HLCS,1128,9.0674,0.6847,3391,False
AC005614.3,240,0.0854,0.6846,3392,False
CD300A,2399,53.016,0.6845,3393,False
MTG2,1219,21.8129,0.6844,3394,False
NGFRAP1,777,15.2386,0.6842,3395,False
C2orf76,579,8.2477,0.6841,3396,False
RP4-753P9.3,528,3.5368,0.6841,3397,False
PDE6B,1543,13.0239,0.684,3398,False
NIPAL2,620,5.0533,0.6839,3399,False
AF127577.10,243,3.3538,0.6837,3400,False
CTD-3184A7.4,786,8.0366,0.6837,3401,False
TBRG4,2150,39.1542,0.6835,3402,False
ALOX12,360,0.5222,0.6834,3403,False
RP11-248J18.3,217,2.7031,0.6832,3404,False
RAB34,1020,17.8201,0.6832,3405,False
ZNF350,1227,23.8294,0.6829,3406,False
RABL3,1234,16.3217,0.6827,3407,False
DCAF4,682,9.8626,0.6827,3408,False
ZFYVE21,1105,19.9621,0.6827,3409,False
RP11-298J20.3,203,2.6559,0.6827,3410,False
RNF139-AS1,784,11.5276,0.6825,3411,False
FSD1L,420,2.3923,0.6817,3412,False
GINS4,608,6.6091,0.6817,3413,False
TRAPPC13,1623,21.1083,0.6817,3414,False
RP11-115C21.2,442,6.5792,0.6817,3415,False
C6orf136,953,13.7276,0.6817,3416,False
ERCC2,976,12.1076,0.6817,3417,False
ANKS3,1175,14.9071,0.6816,3418,False
OASL,4560,129.0661,0.6813,3419,False
RN7SL3,249,0.5798,0.681,3420,False
SMPD2,870,13.571,0.6806,3421,False
ZNF793,432,3.4355,0.6805,3422,False
PPL,221,1.9346,0.6804,3423,False
EBF1,707,7.9702,0.68,3424,False
ANAPC10,1683,28.7375,0.68,3425,False
MYO19,2513,35.2019,0.6798,3426,False
ASCC1,3721,38.0485,0.6797,3427,False
C17orf67,620,1.5784,0.6796,3428,False
MAPT,175,0.3481,0.6795,3429,False
ECI1,493,4.8588,0.6794,3430,False
RP11-326C3.7,204,3.3346,0.6793,3431,False
MED18,411,6.0826,0.6792,3432,False
ATL2,1277,15.2804,0.6791,3433,False
PFN1P3,209,1.6117,0.6791,3434,False
TRMT10A,406,2.7149,0.6788,3435,False
SELM,1674,41.4692,0.6786,3436,False
SNX16,404,4.682,0.6785,3437,False
AC068282.3,192,1.3709,0.678,3438,False
CYP2R1,1205,15.1672,0.6777,3439,False
C9orf89,2098,34.1182,0.6777,3440,False
SIDT1-AS1,1366,35.6096,0.6776,3441,False
MMAA,613,7.4644,0.6775,3442,False
N6AMT2,454,7.2504,0.6775,3443,False
COA3,2210,51.2346,0.6775,3444,False
INTS6-AS1,425,6.2884,0.6773,3445,False
PDZD11,2055,44.2768,0.6771,3446,False
RBBP4P4,1304,0.2339,0.677,3447,False
RP1-261D10.2,161,0.2088,0.677,3448,False
LINC01006,226,2.1864,0.6769,3449,False
C2orf88,274,1.3762,0.6768,3450,False
AC093642.5,1018,10.0714,0.6766,3451,False
LINC00205,176,1.0171,0.6765,3452,False
MCAT,501,6.2083,0.6762,3453,False
DTD2,495,4.6519,0.6761,3454,False
SAP30L-AS1,576,7.2726,0.676,3455,False
RP11-12A20.7,225,0.7695,0.6759,3456,False
UACA,302,1.4393,0.6759,3457,False
MIEF2,437,6.8364,0.6758,3458,False
NEK8,664,6.8245,0.6757,3459,False
RPS2P32,231,1.394,0.6752,3460,False
TNS4,252,1.5037,0.6751,3461,False
MED6,2123,43.3134,0.6751,3462,False
C1orf54,766,10.275,0.6749,3463,False
HSPA1L,320,2.2705,0.6748,3464,False
FMO4,239,3.0454,0.6746,3465,False
RP11-244H3.1,171,0.9251,0.6745,3466,False
LZTFL1,776,11.3648,0.6741,3467,False
FAM86B3P,346,2.2945,0.674,3468,False
AP001347.6,262,0.6478,0.6738,3469,False
LINC00493,2811,76.1104,0.6738,3470,False
PLK3,3001,67.775,0.6738,3471,False
HIST1H2BH,361,4.7333,0.6737,3472,False
CEP170,2512,38.0518,0.6736,3473,False
TMEM204,782,15.4412,0.6732,3474,False
C7orf55,1294,23.1807,0.6732,3475,False
RIN1,295,1.3762,0.6729,3476,False
AC092652.1,410,4.6373,0.6726,3477,False
ZDHHC9,445,4.2573,0.6724,3478,False
RPP38,1343,24.7173,0.6722,3479,False
RPP30,2031,37.0602,0.672,3480,False
NKIRAS1,654,7.1696,0.6719,3481,False
MTIF3,2856,63.5621,0.6719,3482,False
ZNF548,2142,38.9321,0.6718,3483,False
PRPF19,1014,5.5779,0.6717,3484,False
SF3A3P2,851,6.0805,0.6716,3485,False
ZNF215,251,0.8555,0.6715,3486,False
TAS2R31,175,1.0404,0.6713,3487,False
MS4A4E,197,0.4644,0.6712,3488,False
SLC23A3,185,1.1828,0.671,3489,False
C12orf10,2245,60.0451,0.671,3490,False
KLHL20,1618,23.3884,0.6708,3491,False
RFXANK,2636,45.4707,0.6707,3492,False
EMBP1,1828,4.3028,0.6703,3493,False
B3GNTL1,1507,18.8557,0.6703,3494,False
MED17,2512,39.1713,0.6701,3495,False
ZNF45,637,7.3756,0.67,3496,False
COPRS,227,1.8039,0.67,3497,False
SSSCA1,1740,35.382,0.6697,3498,False
TRIM47,385,5.5594,0.6697,3499,False
C17orf97,174,0.3031,0.6697,3500,False
RP11-713N11.3,341,4.931,0.6694,3501,False
LDLRAD4,4001,52.4542,0.6693,3502,False
METTL12,1784,33.3868,0.6691,3503,False
HIGD1AP16,227,3.7275,0.6691,3504,False
LUZP6,588,8.9227,0.669,3505,False
RP11-253A20.1,189,1.5474,0.669,3506,False
SLC16A5,344,1.5372,0.6689,3507,False
NINJ1,3270,95.1345,0.6688,3508,False
ZDHHC17,1895,24.1904,0.6687,3509,False
ZCCHC10,2080,35.6983,0.6687,3510,False
RP11-457M11.5,251,0.9269,0.6685,3511,False
SLC25A6P2,187,0.0774,0.6683,3512,False
RNASE4,226,2.4735,0.6683,3513,False
MTRF1,1259,20.6542,0.6683,3514,False
TMEM203,238,2.8193,0.6681,3515,False
RP11-342F17.1,488,0.7368,0.668,3516,False
GNG12,164,0.5007,0.6677,3517,False
HYLS1,287,3.0535,0.6677,3518,False
RP11-478C6.2,390,5.0886,0.6675,3519,False
SLC27A5,687,7.3273,0.6674,3520,False
PRDM10,914,10.9597,0.6674,3521,False
TXNIP,10417,588.4096,0.6673,3522,False
SMAGP,732,10.9103,0.6671,3523,False
U91328.19,840,0.9094,0.667,3524,False
MT-ND3,13524,1564.7093,0.667,3525,False
NCR1,721,7.8081,0.6668,3526,False
MTHFS,1962,41.8001,0.6667,3527,False
AP000240.9,205,2.0129,0.6666,3528,False
EIF2B4,2271,46.5123,0.6665,3529,False
RPS24P17,163,0.1759,0.6661,3530,False
SPATA5L1,387,4.1047,0.666,3531,False
BDH2,1251,27.0183,0.6659,3532,False
C10orf2,400,2.2284,0.6659,3533,False
CHD6,3180,48.9455,0.6657,3534,False
RP11-337C18.10,207,1.8072,0.6656,3535,False
ALG3,2025,41.6298,0.6655,3536,False
ZNF581,1343,29.5377,0.6654,3537,False
TTC12,719,9.303,0.6652,3538,False
PUS3,621,10.4888,0.665,3539,False
ZNF714,1297,11.674,0.6649,3540,False
CTD-2659N19.2,185,1.1124,0.6648,3541,False
QRICH2,231,0.93,0.6648,3542,False
PPAPDC1B,2891,68.3039,0.6646,3543,False
TOP3B,1814,27.587,0.6643,3544,False
KLRK1,7945,590.5164,0.6641,3545,False
POLG2,2014,29.6242,0.664,3546,False
RRAGD,204,0.572,0.6639,3547,False
DGUOK-AS1,309,1.7449,0.6638,3548,False
CTD-2336O2.1,730,8.8702,0.6637,3549,False
HDDC3,1119,22.423,0.6636,3550,False
ZFP36L1,12663,748.9094,0.6636,3551,False
PARD6A,487,8.5461,0.6635,3552,False
ATXN3,2032,29.2833,0.6635,3553,False
EID2B,179,1.9663,0.6634,3554,False
KIF9-AS1,194,0.2937,0.6631,3555,False
C2,630,8.081,0.663,3556,False
RP11-134G8.6,567,1.7524,0.663,3557,False
FKBP11,2869,70.0191,0.6628,3558,False
CTD-2035E11.5,453,4.0442,0.6625,3559,False
TAZ,2332,48.9452,0.6621,3560,False
RP11-421L21.2,176,2.1912,0.6621,3561,False
C16orf52,346,1.6447,0.6619,3562,False
AGPAT4,1011,10.1713,0.6619,3563,False
RP1-1J6.2,235,1.0931,0.6617,3564,False
AK3P5,350,5.4111,0.6616,3565,False
RP11-463M16.4,294,0.7789,0.6614,3566,False
GS1-114I9.1,914,8.3762,0.6612,3567,False
ZNF595,752,9.0795,0.6612,3568,False
RP11-164H13.1,192,1.2304,0.6611,3569,False
RPL13,15932,3711.0835,0.6609,3570,False
ZNF844,698,3.4633,0.6608,3571,False
SLC35E1,1719,17.389,0.6604,3572,False
ZNF674-AS1,269,3.3024,0.6604,3573,False
SSX2IP,497,5.9205,0.6602,3574,False
ZNF429,1005,14.0953,0.6601,3575,False
AL590452.1,281,2.1187,0.6599,3576,False
UNC80,261,0.0906,0.6596,3577,False
CD101,756,11.4238,0.6596,3578,False
PRDX3P2,258,0.2651,0.6594,3579,False
ST13P15,1448,0.9068,0.6591,3580,False
RN7SL739P,431,6.2533,0.659,3581,False
RP13-39P12.3,306,2.6936,0.6589,3582,False
C5orf45,7039,59.4653,0.6585,3583,False
TRAPPC2L,2875,75.8877,0.6585,3584,False
DDR1,207,1.1146,0.6585,3585,False
GAREM,177,0.9864,0.6585,3586,False
HIST1H4E,699,2.7707,0.6582,3587,False
PGBD4,240,2.837,0.6582,3588,False
LMBR1,1618,20.9158,0.6578,3589,False
ASAH2,403,2.5659,0.6573,3590,False
PAFAH1B3,1558,33.5782,0.6573,3591,False
CDK8,353,3.2026,0.6571,3592,False
TTC30B,175,0.817,0.657,3593,False
PMF1-BGLAP,1299,6.3226,0.657,3594,False
RP13-488H8.1,664,12.9445,0.6569,3595,False
RP11-386I23.1,324,1.1091,0.6569,3596,False
MCAM,329,2.9112,0.6565,3597,False
HDDC2,2326,54.5447,0.6564,3598,False
RP11-666F17.1,160,1.1797,0.6564,3599,False
JAG2,168,1.5964,0.6563,3600,False
RP13-93L13.1,232,3.0136,0.6561,3601,False
LINC00116,1806,38.3707,0.656,3602,False
UBA6-AS1,881,9.77,0.6559,3603,False
CTB-25B13.12,276,3.1911,0.6557,3604,False
TMSB15B,666,5.6573,0.6557,3605,False
PLA2G4C,673,8.5874,0.6555,3606,False
SLC39A13,1848,31.5838,0.6555,3607,False
AP3M2,1649,26.4431,0.6554,3608,False
PACRGL,473,4.403,0.6553,3609,False
ACAD10,1419,19.4401,0.6552,3610,False
ADCK5,797,11.3585,0.6551,3611,False
TM7SF2,624,11.3475,0.6548,3612,False
NDUFAF1,996,13.9782,0.6547,3613,False
RP11-152N13.16,208,0.829,0.6546,3614,False
TPT1,15694,3277.8379,0.6546,3615,False
DIRC3,193,1.0706,0.6543,3616,False
CBX3P5,290,4.9515,0.6543,3617,False
SPATA33,568,4.7551,0.6542,3618,False
RUSC2,227,1.0642,0.6542,3619,False
ACKR3,185,2.291,0.6542,3620,False
BX088651.1,218,0.2953,0.6539,3621,False
RN7SKP9,197,2.8782,0.6539,3622,False
ARNTL2,174,0.3779,0.6534,3623,False
PTRH1,1088,21.5418,0.6531,3624,False
DYNC2LI1,304,3.9562,0.6529,3625,False
ETFDH,2230,23.4384,0.6529,3626,False
WDR45,2830,70.7272,0.6526,3627,False
C2orf74,720,12.8012,0.6522,3628,False
IFT88,730,7.275,0.6521,3629,False
HAAO,245,1.9798,0.652,3630,False
ALKBH6,2355,52.3921,0.6519,3631,False
RP1-164L12.1,293,3.8286,0.6519,3632,False
IQCC,271,2.0294,0.6516,3633,False
AL132989.1,296,2.7037,0.6514,3634,False
CTGLF10P,290,0.3671,0.6513,3635,False
MYEOV2,2040,48.7267,0.6512,3636,False
KRT8,819,1.0249,0.6512,3637,False
TATDN1P1,576,2.4911,0.6512,3638,False
LRMP,4688,93.0015,0.6507,3639,False
CH17-12M21.1,264,0.0792,0.6505,3640,False
LINC00954,732,9.2086,0.6504,3641,False
CYP1B1,187,1.1796,0.6503,3642,False
LRRC18,193,1.0883,0.6502,3643,False
AC002310.12,368,2.9692,0.6502,3644,False
PPIP5K1,1143,12.3866,0.65,3645,False
ANK3,1788,15.3154,0.65,3646,False
PTPN4,3531,55.7681,0.6499,3647,False
ZKSCAN7,242,1.9219,0.6496,3648,False
DEF8,1690,28.2659,0.6493,3649,False
WBP2NL,229,0.7775,0.6491,3650,False
RAB40B,347,2.88,0.6491,3651,False
SPRY2,596,8.9857,0.649,3652,False
TSHR,362,3.0979,0.649,3653,False
RP11-1007O24.3,277,0.5336,0.6488,3654,False
RP11-564A8.4,844,1.7392,0.6488,3655,False
CCNE1,160,1.2355,0.6487,3656,False
LYRM2,2185,38.5083,0.6487,3657,False
MRI1,1448,17.4068,0.6487,3658,False
APH1B,1333,17.8805,0.6486,3659,False
C4orf19,168,1.0179,0.6486,3660,False
HIST1H3D,1292,15.3753,0.6485,3661,False
TESK1,933,11.0215,0.6484,3662,False
SLC35G2,280,2.1688,0.6482,3663,False
GNL3,3819,73.9463,0.6482,3664,False
DPAGT1,1852,32.9483,0.6482,3665,False
OGFOD2,1449,29.1997,0.6482,3666,False
MORN1,281,2.1278,0.6481,3667,False
SRSF12,343,2.8451,0.648,3668,False
AC079199.2,227,4.4364,0.648,3669,False
TFB1M,1275,21.0829,0.6478,3670,False
DCP2,4991,75.8414,0.6477,3671,False
EXOSC4,1225,23.3302,0.6476,3672,False
RNFT2,437,4.2385,0.6472,3673,False
GLYCTK,1354,17.3939,0.647,3674,False
CYTH3,448,3.2699,0.6468,3675,False
XIST,4884,69.6507,0.6467,3676,False
CTA-384D8.35,447,4.9574,0.6467,3677,False
MDK,200,1.9767,0.6464,3678,False
ENC1,751,8.0692,0.6461,3679,False
SLCO3A1,1054,12.4903,0.6458,3680,False
PPM1N,547,5.6771,0.6458,3681,False
ITGAE,4989,132.0823,0.6458,3682,False
RRAGB,807,12.5445,0.6457,3683,False
TUBE1,1111,19.5696,0.6456,3684,False
CCS,2542,64.0139,0.6454,3685,False
DDX6P2,576,0.1282,0.6453,3686,False
SCUBE1,225,0.2962,0.6449,3687,False
CTB-167B5.1,185,0.966,0.6447,3688,False
GSDMB,1307,18.201,0.6446,3689,False
RP11-333E1.1,322,1.8471,0.6446,3690,False
THAP8,419,5.8535,0.6444,3691,False
HBEGF,1043,16.2895,0.6443,3692,False
RP5-981O7.2,178,1.7191,0.6443,3693,False
ASGR2,222,2.0566,0.644,3694,False
AKAP7,1020,13.9637,0.644,3695,False
RP1-228H13.5,237,1.3881,0.6438,3696,False
RP5-886K2.3,500,5.1032,0.6436,3697,False
TESC,618,10.9661,0.6436,3698,False
EFNA4,508,9.0193,0.6435,3699,False
HLA-DRB1,10557,509.7774,0.6435,3700,False
ASRGL1,453,4.2751,0.6435,3701,False
SLC36A4,579,4.2431,0.6434,3702,False
RP11-611E13.2,806,14.8051,0.6433,3703,False
PLD1,435,3.5156,0.6432,3704,False
RP11-24J23.2,163,0.0594,0.643,3705,False
CNIH3,213,1.6902,0.643,3706,False
RFX2,675,5.5945,0.6429,3707,False
RP11-373D23.3,347,3.8862,0.6427,3708,False
RP11-139H15.1,1373,19.4702,0.6426,3709,False
HNRNPCP4,1421,0.6526,0.6426,3710,False
PUSL1,687,11.4904,0.6426,3711,False
ERRFI1,818,11.0263,0.6425,3712,False
SH3D21,300,1.346,0.6424,3713,False
UGT8,400,3.826,0.6424,3714,False
RPL17P40,193,2.4386,0.6423,3715,False
ARHGAP21,828,6.3736,0.6422,3716,False
FNTA,1627,20.92,0.6422,3717,False
ALDH1A1,204,2.1533,0.6422,3718,False
SGOL1-AS1,197,0.6212,0.6422,3719,False
ECSIT,1696,35.2407,0.6421,3720,False
ZDHHC11,292,1.217,0.6421,3721,False
FCAR,356,3.7565,0.642,3722,False
GALNT6,1476,19.7151,0.6419,3723,False
IGF1R,605,3.5571,0.6416,3724,False
ZNF426,782,10.2529,0.6415,3725,False
RP1-20N2.6,724,4.0805,0.6414,3726,False
AQP3,1674,34.0112,0.6413,3727,False
RP11-108M9.5,184,1.2472,0.6412,3728,False
TDGF1P6,292,3.8489,0.6409,3729,False
TNFSF15,228,0.4558,0.6408,3730,False
DEAF1,832,10.1964,0.6407,3731,False
SEPHS1,1338,21.2754,0.6405,3732,False
TMEM62,842,7.8613,0.6402,3733,False
AC019070.1,193,2.6163,0.64,3734,False
DEPTOR,165,0.7028,0.6399,3735,False
MTERFD2,2585,53.421,0.6399,3736,False
C1orf131,2032,36.9211,0.6397,3737,False
ACOT8,1954,38.9598,0.6396,3738,False
MIPEP,644,7.6979,0.6395,3739,False
RN7SL844P,475,8.7054,0.6394,3740,False
C1orf162,2257,58.3545,0.6392,3741,False
AC083799.1,199,2.4807,0.6392,3742,False
RP4-669L17.10,4478,31.6673,0.6391,3743,False
GSTM4,1693,25.6915,0.639,3744,False
RP11-125H8.1,238,0.0667,0.639,3745,False
AC144521.1,345,2.7081,0.639,3746,False
RNF32,292,2.2391,0.6389,3747,False
ZNF623,504,6.7473,0.6388,3748,False
HSDL2,1114,16.7809,0.6387,3749,False
RP11-118H4.1,477,0.1461,0.6387,3750,False
AC009303.1,245,1.4007,0.6385,3751,False
CLK3,4608,125.9551,0.6384,3752,False
AC018816.3,361,2.9226,0.6384,3753,False
APTX,1832,30.1288,0.6383,3754,False
SULT2B1,169,0.3151,0.6383,3755,False
KATNA1,1770,29.6448,0.6382,3756,False
NUDT2,1021,18.0752,0.6382,3757,False
NECAB3,381,3.4225,0.6381,3758,False
NBPF7,286,0.0847,0.6378,3759,False
TPI1P2,700,0.3845,0.6377,3760,False
TFCP2L1,195,0.1868,0.6374,3761,False
XKR4,409,0.048,0.6373,3762,False
FBXO2,184,1.7967,0.6371,3763,False
FIGNL1,593,6.9153,0.6367,3764,False
TUBB1,237,0.5466,0.6367,3765,False
RP11-1415C14.4,2258,26.1251,0.6364,3766,False
LYPD3,332,4.7588,0.6364,3767,False
AP000783.1,328,1.9117,0.6364,3768,False
FOXO4,516,1.9438,0.6364,3769,False
MED31,2102,45.3489,0.6364,3770,False
TXNL4A,1431,21.0971,0.6363,3771,False
IGHEP2,767,14.3171,0.6357,3772,False
MUC4,200,0.1278,0.6356,3773,False
PPP1R32,451,6.1884,0.6355,3774,False
LRRC4,317,0.5311,0.6353,3775,False
IFT52,1281,25.6107,0.635,3776,False
HDGFRP3,288,1.9067,0.6347,3777,False
ZNF101,2556,52.5186,0.6345,3778,False
APPL1,1675,13.8516,0.6343,3779,False
ZNF771,237,2.2559,0.6342,3780,False
AP001469.9,189,1.6107,0.634,3781,False
C1QTNF3,256,2.6304,0.6339,3782,False
RP11-390E23.6,189,1.0329,0.6336,3783,False
BBS1,1178,14.9016,0.6336,3784,False
GLB1,3123,49.9319,0.6331,3785,False
RPL39P3,4721,98.7917,0.6329,3786,False
HMOX1,1482,20.0547,0.6329,3787,False
PFKM,900,9.8496,0.6328,3788,False
NARFL,1757,31.9575,0.6328,3789,False
COLQ,404,3.83,0.6327,3790,False
PRIMPOL,1603,26.3304,0.6326,3791,False
TIMM21,892,14.2413,0.6323,3792,False
MTMR8,799,9.0553,0.6321,3793,False
PHOSPHO2,480,4.5626,0.6321,3794,False
SRP14-AS1,538,5.8189,0.6321,3795,False
CHST10,182,1.1134,0.632,3796,False
TMEM18,1854,35.1818,0.6319,3797,False
RAB26,353,3.3496,0.6317,3798,False
TTC14,2315,38.37,0.6316,3799,False
ZNF227,874,13.547,0.6316,3800,False
RAD18,1105,14.3273,0.6315,3801,False
GNPDA1,1551,28.0716,0.6313,3802,False
PGRMC2,1412,9.5877,0.6311,3803,False
RPSAP52,241,0.0962,0.6311,3804,False
TCEANC,546,6.8181,0.6308,3805,False
AL162407.1,199,2.0781,0.6308,3806,False
MGLL,655,6.203,0.6308,3807,False
AGER,631,9.4055,0.6308,3808,False
RIMKLBP1,232,0.4652,0.6308,3809,False
TRIM52,1369,18.6533,0.6305,3810,False
LINC00847,1972,19.0992,0.6302,3811,False
SDCBP2,255,2.8691,0.6301,3812,False
ZC3H14,2131,34.5577,0.6297,3813,False
C18orf21,1262,22.559,0.6296,3814,False
RTN4IP1,543,6.7293,0.629,3815,False
DOLK,497,6.2996,0.6289,3816,False
EARS2,693,9.6962,0.6287,3817,False
CXCL16,1458,29.8602,0.6287,3818,False
LINC00467,499,5.1609,0.6285,3819,False
ZDHHC4,1296,26.2938,0.6283,3820,False
TMEM126B,2297,48.9881,0.628,3821,False
ZNF257,557,5.4612,0.628,3822,False
RP11-434C1.1,465,0.8371,0.6279,3823,False
TMSB4XP1,228,3.525,0.6278,3824,False
POLL,1206,17.5336,0.6277,3825,False
SEPT7P6,1442,1.1514,0.6275,3826,False
ANG,210,2.0831,0.6273,3827,False
BFSP2-AS1,181,1.0518,0.6273,3828,False
TMEM192,876,8.0138,0.6273,3829,False
RPL17-C18orf32,869,3.9345,0.6273,3830,False
RPS3A,15786,3123.3524,0.6269,3831,False
TBL3,1740,35.8733,0.6268,3832,False
KLF8,334,2.7835,0.6267,3833,False
TMEM44-AS1,351,3.4741,0.6266,3834,False
GEMIN2,973,15.5243,0.6264,3835,False
ICT1,1099,20.0992,0.6264,3836,False
ICA1,1096,18.8013,0.6262,3837,False
TMEM182,406,3.641,0.626,3838,False
MITD1,3087,86.21,0.6259,3839,False
MTFP1,2700,68.9764,0.6258,3840,False
SNAI3-AS1,273,2.3005,0.6257,3841,False
NAA16,1931,25.5731,0.6257,3842,False
CHKB,2543,58.1844,0.6255,3843,False
DYRK3,161,1.2808,0.6253,3844,False
APOO,884,15.1204,0.6251,3845,False
RP3-402G11.28,168,0.6213,0.6249,3846,False
SLC35G3,181,0.1346,0.6248,3847,False
AC108488.3,337,4.5351,0.6248,3848,False
C12orf4,1308,16.6738,0.6247,3849,False
RPL9P32,1104,2.4506,0.6246,3850,False
PIGB,2086,35.8395,0.6245,3851,False
NIP7,2008,38.6466,0.6243,3852,False
AC108004.3,194,1.3442,0.6241,3853,False
RP11-181C3.1,166,1.5635,0.624,3854,False
EPB41L5,519,2.5964,0.6239,3855,False
SNORA21,270,3.7164,0.6236,3856,False
EID3,508,7.7824,0.6231,3857,False
MT-ND1,15850,2311.8787,0.6228,3858,False
NPM1P32,373,0.1901,0.6226,3859,False
RP11-327F22.2,372,5.0754,0.6226,3860,False
GHRLOS,795,7.4254,0.6224,3861,False
TARBP1,1405,18.9216,0.6223,3862,False
GTF3C1,3661,50.5979,0.622,3863,False
TFR2,248,2.7375,0.6217,3864,False
STARD4-AS1,500,1.2436,0.6215,3865,False
YIPF1,2613,34.4779,0.6215,3866,False
ABHD10,1421,22.6666,0.6212,3867,False
B3GNT1,371,4.1632,0.6212,3868,False
DISP1,357,3.1663,0.621,3869,False
RP1-223E5.4,205,1.1961,0.6209,3870,False
PIGCP1,513,3.2271,0.6208,3871,False
HEATR6,1217,16.0189,0.6208,3872,False
ANKRD20A11P,320,1.9869,0.6208,3873,False
TM2D2,1582,29.5731,0.6206,3874,False
TTLL5,2698,45.7548,0.6205,3875,False
RP11-647K16.1,274,4.426,0.6204,3876,False
MYO7B,288,2.2953,0.6203,3877,False
SMYD4,996,9.8873,0.6198,3878,False
AC091633.3,214,1.2424,0.6197,3879,False
FAM109B,243,1.7409,0.6196,3880,False
CTA-331F8.1,382,6.4677,0.6196,3881,False
CDC25A,164,0.233,0.6196,3882,False
HNRNPCL1,437,0.1201,0.6195,3883,False
SLC25A17,1168,17.3588,0.6194,3884,False
RP3-522P13.1,335,0.6372,0.6194,3885,False
TUBB4A,368,3.4948,0.6194,3886,False
SPATS2,934,7.0795,0.6192,3887,False
ZNF850,310,0.8328,0.6192,3888,False
EIF4BP5,387,1.672,0.6191,3889,False
ESRP2,271,1.34,0.619,3890,False
RP11-118B22.4,174,2.2262,0.6189,3891,False
RPS19,15538,2610.9931,0.6189,3892,False
RP11-1012A1.7,375,0.3425,0.6179,3893,False
SMAD2,2778,37.9118,0.6178,3894,False
TXNDC17,2735,90.4342,0.6177,3895,False
HSPA8P5,3188,0.4794,0.6175,3896,False
C21orf67,187,1.0296,0.6171,3897,False
ZBTB8OS,2783,55.9149,0.617,3898,False
LRRC45,656,4.0441,0.617,3899,False
METTL5,2443,64.6325,0.6168,3900,False
PROCA1,343,2.8284,0.6167,3901,False
INTU,322,0.1335,0.6164,3902,False
AC006132.1,501,3.5049,0.6164,3903,False
RP11-153M7.1,348,0.1992,0.6163,3904,False
GPR146,234,2.7352,0.6162,3905,False
ZGLP1,230,2.5504,0.6161,3906,False
ADAMTS13,183,1.0194,0.6158,3907,False
SNUPN,1279,21.9766,0.6158,3908,False
RP11-56B16.2,201,0.1718,0.6157,3909,False
RP11-57H14.4,169,1.0202,0.6157,3910,False
BBS12,200,2.1397,0.6155,3911,False
RP5-1024G6.8,184,1.1395,0.6154,3912,False
MTND4LP1,249,3.9795,0.6152,3913,False
ADAT3,215,1.9263,0.6152,3914,False
MSH5,1684,21.6293,0.6151,3915,False
RP11-20L24.1,371,3.1221,0.6149,3916,False
CALCRL,224,2.122,0.6149,3917,False
PGAP2,1080,18.0845,0.6148,3918,False
AF001548.5,1609,31.9138,0.6148,3919,False
BHLHB9,166,0.7857,0.6147,3920,False
EIF2S1,4184,93.5339,0.6144,3921,False
FBF1,502,5.7328,0.6144,3922,False
TRAPPC6A,1953,46.9213,0.6143,3923,False
LEPREL4,203,2.1162,0.6142,3924,False
RP11-22N19.2,265,2.4969,0.6142,3925,False
PPCDC,1159,17.5626,0.6142,3926,False
RNF2,3062,34.0926,0.6141,3927,False
BCAR3,344,1.3576,0.614,3928,False
DHRS9,245,2.4131,0.614,3929,False
MPP1,1825,36.1156,0.6139,3930,False
RNF175,175,0.361,0.6138,3931,False
RP5-1112D6.4,172,1.0118,0.6135,3932,False
OSBP2,415,1.8994,0.6135,3933,False
BCL9,370,1.7832,0.6134,3934,False
RP11-326C3.2,532,8.9874,0.6133,3935,False
CNPY4,847,13.4921,0.6129,3936,False
ABCF2P1,228,0.0361,0.6129,3937,False
COMMD2,2047,37.2656,0.6129,3938,False
HAVCR1,689,8.3138,0.6128,3939,False
MEGF6,421,2.8091,0.6125,3940,False
RP11-759F5.1,620,12.2048,0.6123,3941,False
AC007386.4,183,1.6323,0.6122,3942,False
ZNF567,766,11.6324,0.6122,3943,False
FLVCR1-AS1,386,4.9266,0.6122,3944,False
PABPC1,15723,1951.4018,0.6121,3945,False
ASH1L-AS1,812,7.5895,0.6118,3946,False
CEP76,738,8.5065,0.6116,3947,False
CPA5,351,6.4133,0.6113,3948,False
DHRS11,165,1.0798,0.611,3949,False
XPO6,4528,97.3142,0.6107,3950,False
HIST1H2BJ,519,7.1056,0.6104,3951,False
SH3RF1,224,0.8798,0.6103,3952,False
RPS2P35,457,0.1663,0.6103,3953,False
CTNND1,1827,25.169,0.6101,3954,False
CST7,8925,677.9495,0.61,3955,False
AC007000.10,165,1.4597,0.61,3956,False
RP13-516M14.1,216,1.6414,0.6099,3957,False
MT-CYB,15323,1756.4506,0.6098,3958,False
SYCP2,422,3.9738,0.6097,3959,False
HNRNPA1P41,579,0.234,0.6096,3960,False
LETMD1,2577,58.7445,0.6095,3961,False
KIAA0586,1815,20.6704,0.6095,3962,False
FAM86B1,413,0.6767,0.6094,3963,False
TSPYL5,193,0.55,0.6094,3964,False
CHST14,196,1.319,0.6093,3965,False
ZNF329,250,1.7407,0.6092,3966,False
NEDD4,340,2.3191,0.6091,3967,False
PPIAL4B,358,0.1303,0.6091,3968,False
CDK3,353,4.2843,0.6088,3969,False
RP11-6J24.6,163,2.0149,0.6088,3970,False
SAPCD1,433,4.9843,0.6087,3971,False
BAZ2B,3923,44.6835,0.6087,3972,False
MYH7B,331,0.8867,0.6086,3973,False
FIG4,1476,18.6685,0.6085,3974,False
CTD-2666L21.3,233,0.2304,0.6084,3975,False
MORC2,587,6.068,0.6083,3976,False
RP11-263K19.4,178,0.8684,0.6083,3977,False
ITFG2,3707,98.2104,0.6083,3978,False
OCRL,208,0.5136,0.6079,3979,False
RP11-796G6.1,691,0.8425,0.6079,3980,False
ZBED3,194,0.2352,0.6078,3981,False
F8,447,5.7099,0.6078,3982,False
MOV10,3325,68.539,0.6077,3983,False
UCP2,10097,743.706,0.6076,3984,False
LINC00909,958,11.62,0.6074,3985,False
CTD-2290P7.1,290,0.1024,0.6069,3986,False
CHAMP1,1093,14.4493,0.6065,3987,False
TMEM191A,638,9.455,0.6063,3988,False
RP11-83J16.1,451,2.5979,0.6063,3989,False
RP9,1051,17.1225,0.6063,3990,False
TLR6,542,2.7515,0.6062,3991,False
KIF9,882,5.0877,0.606,3992,False
TRAF6P1,220,0.0998,0.6059,3993,False
C4orf47,223,0.5119,0.6058,3994,False
LINC00925,291,3.7125,0.6057,3995,False
TNFSF10,2935,60.5574,0.6056,3996,False
BZRAP1,1929,20.9067,0.6051,3997,False
RP11-315J22.5,309,0.1281,0.605,3998,False
NOXA1,196,0.8196,0.6048,3999,False
CYB5R1,1728,34.2333,0.6047,4000,False
ZNF439,571,4.7131,0.6046,4001,False
RP11-48B14.1,1918,5.9536,0.6043,4002,False
AC007308.6,177,0.773,0.6042,4003,False
SNHG14,2633,38.3123,0.6041,4004,False
VWA5A,726,8.1845,0.6041,4005,False
NUDT13,338,1.9073,0.6038,4006,False
CLDN7,216,1.62,0.6037,4007,False
ITGB7,3173,75.9679,0.6036,4008,False
PTTG1,2834,91.4508,0.6034,4009,False
RP1-40E16.12,172,0.8729,0.6034,4010,False
IFT46,850,9.2643,0.6031,4011,False
TP73-AS1,524,3.6038,0.6029,4012,False
AC007620.3,207,0.343,0.6029,4013,False
RP11-21L19.1,176,2.608,0.6027,4014,False
DUS4L,612,7.1862,0.6026,4015,False
SGMS1,2944,44.4686,0.6023,4016,False
IQSEC3,192,1.0869,0.6023,4017,False
CTAGE15,243,0.1472,0.6021,4018,False
LGALS9C,659,1.4861,0.6021,4019,False
LCMT1,2563,62.1766,0.602,4020,False
RPL21P17,334,0.2108,0.6019,4021,False
PDE2A,214,0.8725,0.6016,4022,False
THOC1,2129,35.5366,0.6014,4023,False
RP3-375P9.2,1033,0.9211,0.6013,4024,False
USP31,433,1.7358,0.6011,4025,False
HOXB7,165,1.2885,0.6011,4026,False
TEFM,783,13.1981,0.601,4027,False
NOL11,2105,38.9313,0.601,4028,False
AC079210.1,227,0.5664,0.601,4029,False
RP6-159A1.2,863,0.3768,0.6009,4030,False
CTB-59C6.3,197,0.5719,0.6007,4031,False
CDA,264,3.2255,0.6006,4032,False
AC079341.1,181,0.8461,0.6006,4033,False
AP4B1,2537,45.0567,0.6005,4034,False
ZNF649,526,6.6626,0.6005,4035,False
CAPRIN2,1290,15.4711,0.6003,4036,False
DUSP28,910,11.978,0.6002,4037,False
PRKD2,2231,36.3236,0.6,4038,False
CD70,1140,21.4844,0.5999,4039,False
CTD-2626G11.2,728,0.0797,0.5997,4040,False
CTB-41I6.1,319,4.4974,0.5997,4041,False
CEP290,1651,17.8561,0.5997,4042,False
PTPN12,1069,10.9307,0.5996,4043,False
RPS4XP1,2138,0.7897,0.5994,4044,False
KLF6,13999,750.606,0.5994,4045,False
ACBD4,666,7.7098,0.5994,4046,False
ELP6,1537,30.4119,0.5993,4047,False
ARMC9,299,1.7997,0.5993,4048,False
NF1,3037,25.213,0.5993,4049,False
STUB1,1396,19.4169,0.5992,4050,False
CTD-2522B17.4,168,0.1091,0.5991,4051,False
ABCB9,422,1.3273,0.5991,4052,False
PPAP2B,176,0.8146,0.5991,4053,False
APEH,4252,120.533,0.5989,4054,False
NKAPP1,407,5.1605,0.5987,4055,False
SAP30BP,4567,130.4103,0.5987,4056,False
XAF1,7412,119.7615,0.5983,4057,False
IL6R,1575,13.061,0.5981,4058,False
TIFA,2379,41.1499,0.598,4059,False
C1orf50,837,13.6231,0.598,4060,False
PRKCZ,520,4.2767,0.5978,4061,False
LRRC14,1076,16.2269,0.5977,4062,False
CENPV,434,5.2422,0.5976,4063,False
DUSP14,822,14.9771,0.5976,4064,False
CTD-2566J3.1,166,1.658,0.5975,4065,False
RP11-597A11.6,348,0.1483,0.5975,4066,False
C18orf8,3479,70.7878,0.5974,4067,False
SLC25A15,286,2.6458,0.5973,4068,False
KRT18P7,170,1.8765,0.5972,4069,False
ATG4C,747,8.9805,0.5972,4070,False
EPAS1,1377,14.2058,0.5971,4071,False
TMEM8A,1065,12.2319,0.5967,4072,False
UBE2Q1,664,7.3353,0.5966,4073,False
CBR3,314,3.3352,0.5963,4074,False
NUDT16P,226,1.591,0.5961,4075,False
RP11-732A19.1,326,1.9513,0.5961,4076,False
RP11-202G11.1,793,0.5075,0.596,4077,False
RP11-10L12.2,351,2.9186,0.5958,4078,False
KLHL17,370,2.9352,0.5955,4079,False
KIAA1984,281,1.4681,0.5953,4080,False
KPTN,386,4.5952,0.5951,4081,False
ARHGEF4,214,1.5271,0.5951,4082,False
TMEM107,2511,32.1758,0.5951,4083,False
AC002550.5,239,0.355,0.5948,4084,False
RPUSD2,506,6.976,0.5947,4085,False
GPR152,198,1.448,0.5943,4086,False
SCAND2P,712,6.4757,0.5943,4087,False
SLC2A8,1033,16.4751,0.5942,4088,False
DHX32,342,1.9831,0.5942,4089,False
RP6-145B8.3,725,0.1121,0.594,4090,False
RAB12,2743,2.3959,0.5938,4091,False
RP11-302B13.5,319,0.4675,0.5938,4092,False
RP11-798M19.6,575,7.8091,0.5938,4093,False
ST7,748,6.235,0.5936,4094,False
ENTPD5,1005,5.7177,0.5932,4095,False
SEC22C,1961,29.6389,0.5932,4096,False
NDUFS3,3653,105.0277,0.5932,4097,False
BEND3P3,171,1.7445,0.5931,4098,False
CTA-357J21.1,192,0.7388,0.593,4099,False
MIER3,916,7.8854,0.593,4100,False
SETD9,400,5.1347,0.5929,4101,False
CENPQ,450,3.4566,0.5928,4102,False
DGAT2,187,1.0148,0.5928,4103,False
RP11-19N8.4,192,0.5582,0.5926,4104,False
TMEM184B,1659,12.3125,0.5926,4105,False
KIAA1407,427,3.9125,0.5923,4106,False
TMEM80,1394,29.5767,0.5923,4107,False
SLC25A34,181,0.6502,0.5919,4108,False
MRPL15,1577,33.4896,0.5916,4109,False
HARS2,1801,34.4494,0.5914,4110,False
HEMK1,1564,23.5061,0.5914,4111,False
AC010226.4,329,2.1647,0.5912,4112,False
RBMS3,263,2.054,0.5911,4113,False
RACGAP1,1150,15.7067,0.5906,4114,False
ZNF782,390,2.69,0.5899,4115,False
OBFC1,2456,55.1697,0.5898,4116,False
CCDC7,1250,15.3066,0.589,4117,False
SAMD11,376,0.1737,0.5887,4118,False
RP11-157G21.2,925,0.476,0.5887,4119,False
PAX8,308,1.8695,0.5886,4120,False
LSMEM2,238,0.2118,0.5884,4121,False
GANC,1656,19.6596,0.5883,4122,False
NUDT14,1372,27.0727,0.5881,4123,False
AKAP10,2919,35.749,0.588,4124,False
VASH2,164,0.8056,0.588,4125,False
GPATCH4,1565,27.9858,0.5879,4126,False
TXLNG2P,1950,33.6896,0.5878,4127,False
RP13-93L13.2,2567,46.596,0.5875,4128,False
METTL21A,3320,27.8327,0.5875,4129,False
TINF2,3886,122.6272,0.5875,4130,False
AK9,987,10.0792,0.5874,4131,False
RGS13,435,3.2227,0.5874,4132,False
TSHZ3,209,0.5718,0.5872,4133,False
ZKSCAN4,442,4.3994,0.587,4134,False
SLC7A6,4278,69.6625,0.5868,4135,False
NQO2,1538,25.9303,0.5868,4136,False
KCNE1,225,1.2663,0.5864,4137,False
TMEM216,1292,26.5946,0.5864,4138,False
RP11-809O17.1,263,2.8199,0.5863,4139,False
SMIM20,1490,32.0449,0.5863,4140,False
KRBA1,525,4.2942,0.5862,4141,False
SLC25A20,1495,19.7179,0.5861,4142,False
SLC35G1,247,1.9057,0.5861,4143,False
PASK,2312,36.8758,0.5859,4144,False
INTS9,2499,33.5311,0.5856,4145,False
RP11-701H24.7,267,4.1645,0.5853,4146,False
ZNF211,1322,24.5727,0.5853,4147,False
RPS10P2,324,0.1984,0.5852,4148,False
RP5-874C20.3,710,10.2244,0.5847,4149,False
MRPL23,1328,23.377,0.5845,4150,False
PEX7,207,1.9297,0.5843,4151,False
RWDD3,1179,22.3053,0.5843,4152,False
CTC-428G20.6,278,0.6782,0.5843,4153,False
LINC00402,363,2.9726,0.5841,4154,False
CD274,986,14.0213,0.584,4155,False
ADORA2B,183,1.0575,0.584,4156,False
UAP1,2145,28.1819,0.584,4157,False
ANKRD28,2559,23.4738,0.5834,4158,False
TRIM74,224,0.5385,0.5834,4159,False
DIS3L2,2337,31.9305,0.5833,4160,False
TCEAL4,1029,14.8107,0.5831,4161,False
CAB39L,398,3.9617,0.5828,4162,False
LRRC69,417,1.9389,0.5828,4163,False
GADD45G,346,4.3012,0.5827,4164,False
MAGOHB,1872,32.568,0.5825,4165,False
CCDC25,2002,36.6471,0.5825,4166,False
CTD-2020K17.4,206,1.6509,0.5823,4167,False
CALHM2,2420,50.9164,0.582,4168,False
CTD-2037K23.2,534,9.2856,0.5819,4169,False
SDHAP1,4517,44.397,0.5818,4170,False
RP11-51J9.5,3097,49.7714,0.5815,4171,False
EIF2B3,1328,21.3356,0.5814,4172,False
RP11-218E20.3,245,0.0279,0.5814,4173,False
CTC-428H11.2,705,7.3373,0.5813,4174,False
USP13,456,1.4818,0.5808,4175,False
PSMC1P4,169,0.0572,0.5808,4176,False
UBBP2,193,0.5446,0.5807,4177,False
NEB,596,3.4594,0.5803,4178,False
ANKLE1,170,1.0027,0.5802,4179,False
DUS2,1040,15.6721,0.5802,4180,False
MRPL9,3154,100.1502,0.5801,4181,False
TSEN54,3690,121.8732,0.58,4182,False
CCDC90B,2741,62.8186,0.58,4183,False
RP11-561C5.4,166,0.3135,0.5799,4184,False
DGCR11,271,2.4843,0.5798,4185,False
CERS2,3186,77.7713,0.5798,4186,False
LGALS1,4857,254.1424,0.5797,4187,False
HIST1H4K,479,5.5944,0.5795,4188,False
SERPINB8,1148,16.04,0.5795,4189,False
WARS2-IT1,202,0.5759,0.5792,4190,False
ERI2,394,2.8659,0.5791,4191,False
C14orf28,344,4.341,0.5791,4192,False
PDCL3P4,880,2.0289,0.579,4193,False
LRRC2,247,2.016,0.5787,4194,False
PSMD2,3982,118.7555,0.5786,4195,False
NUP35,942,14.0936,0.5785,4196,False
PAAF1,1226,18.9562,0.5784,4197,False
BMI1,923,10.8911,0.578,4198,False
STARD4,2106,28.3905,0.578,4199,False
YBEY,888,14.5552,0.5778,4200,False
TMEM187,562,8.2645,0.5777,4201,False
AC092338.5,330,0.3092,0.5776,4202,False
PCGF1,1002,17.1814,0.5776,4203,False
WRB,1186,16.8952,0.5776,4204,False
LINC00339,1625,26.0147,0.5776,4205,False
NLGN3,197,0.7454,0.577,4206,False
STYK1,321,3.4586,0.577,4207,False
ZNF260,925,11.3707,0.5769,4208,False
DALRD3,4454,42.0854,0.5769,4209,False
RP11-127B20.3,362,6.0535,0.5767,4210,False
RP11-422J8.1,452,4.8812,0.5765,4211,False
LAIR1,2305,53.1473,0.5764,4212,False
GLS2,404,3.3308,0.5763,4213,False
RP5-1142A6.8,226,0.4096,0.5761,4214,False
AC073283.7,203,2.2032,0.5761,4215,False
ZNF154,586,5.4825,0.5759,4216,False
FAM86C1,475,3.541,0.5757,4217,False
TMEM97,616,6.3848,0.5756,4218,False
POU5F1P4,222,2.924,0.5755,4219,False
CDC42BPB,334,0.5959,0.5753,4220,False
CA5B,2264,32.1978,0.5751,4221,False
AC174470.1,236,1.1934,0.575,4222,False
OXSM,1732,16.8971,0.5748,4223,False
TLDC1,708,9.628,0.5747,4224,False
RP11-288K12.1,253,2.2998,0.5744,4225,False
GZMK,5595,363.2396,0.5744,4226,False
TMEM53,637,7.7652,0.5742,4227,False
SLC29A2,232,1.4537,0.5742,4228,False
RP11-74C1.4,167,1.1562,0.5742,4229,False
WBP5,491,4.7222,0.5741,4230,False
KCTD10,2468,37.8509,0.5739,4231,False
ALDOAP2,261,0.0785,0.5736,4232,False
CYB5A,1340,27.2331,0.5734,4233,False
CD52,10501,844.91,0.5733,4234,False
RP11-661A12.14,171,0.6551,0.5733,4235,False
AF196970.3,181,0.767,0.5733,4236,False
RP11-262H14.5,188,1.2121,0.5728,4237,False
HIST1H2AK,315,5.0604,0.5728,4238,False
SNORA26,309,1.7511,0.5727,4239,False
ABCB4,358,3.0177,0.5724,4240,False
RP11-1217F2.1,779,0.1341,0.5723,4241,False
RP11-23P13.7,252,2.2278,0.5722,4242,False
PKD1,3516,18.0315,0.5722,4243,False
HIATL2,413,2.5026,0.5721,4244,False
BATF3,226,2.6884,0.5721,4245,False
AC103828.1,612,11.7837,0.5721,4246,False
USP45,906,7.806,0.572,4247,False
AC005831.1,215,1.5308,0.572,4248,False
SHQ1,1394,17.3594,0.5718,4249,False
SLC1A3,565,4.7822,0.5718,4250,False
CENPH,783,12.2782,0.5714,4251,False
RP3-402G11.25,250,1.6719,0.5712,4252,False
EMC2,1991,32.3116,0.5712,4253,False
RP11-849F2.8,512,7.6313,0.571,4254,False
DDX49,1979,37.1623,0.5708,4255,False
SBSPON,167,0.3826,0.5707,4256,False
DLEU7,216,0.9982,0.5706,4257,False
SNHG10,565,8.3777,0.5706,4258,False
CDCA3,626,10.8873,0.5704,4259,False
CTA-390C10.10,169,1.1811,0.5704,4260,False
ZNF554,200,0.7396,0.5703,4261,False
IFITM9P,267,0.2684,0.5702,4262,False
MFSD4,308,2.5032,0.5698,4263,False
AC005522.7,182,1.6604,0.5693,4264,False
HMGN1P28,161,1.9359,0.5692,4265,False
NELL2,3500,71.4946,0.5691,4266,False
C3orf33,226,2.5562,0.569,4267,False
TPMTP1,798,0.4881,0.569,4268,False
SPIN2A,295,0.9274,0.5689,4269,False
ATP5S,1664,21.8678,0.5689,4270,False
OCLM,851,14.4393,0.5688,4271,False
PRKAB2,685,6.9679,0.5687,4272,False
RP4-539M6.22,176,1.6234,0.5686,4273,False
ANKRD18A,197,0.498,0.5685,4274,False
C16orf59,189,1.6572,0.5684,4275,False
UBR5,3236,29.4257,0.568,4276,False
ARV1,1136,17.2359,0.5677,4277,False
ADAMTS6,386,2.1616,0.5676,4278,False
AC010761.6,213,0.9202,0.5676,4279,False
LINC00085,202,1.1557,0.5674,4280,False
NME7,2287,31.1492,0.5672,4281,False
C19orf52,506,5.998,0.5671,4282,False
ZFAND1,1713,33.5471,0.567,4283,False
RP11-415F23.2,1085,17.6972,0.5668,4284,False
LCORL,1402,14.8915,0.5667,4285,False
IWS1,2956,56.1199,0.5664,4286,False
RP11-603J24.7,451,1.3015,0.5664,4287,False
RP5-940J5.9,14706,1321.6964,0.5662,4288,False
CTD-2002H8.2,647,2.7184,0.5661,4289,False
IL3RA,953,8.4823,0.5658,4290,False
RPS12P20,627,9.226,0.5657,4291,False
POLA2,1372,17.8305,0.5655,4292,False
LIAS,764,10.4158,0.5655,4293,False
CTD-2587H19.1,371,1.2713,0.5654,4294,False
PITPNA,1133,7.9936,0.5651,4295,False
MAGEF1,312,3.2551,0.565,4296,False
ELMOD2,1386,17.6065,0.565,4297,False
RAB11FIP5,192,1.264,0.5649,4298,False
PIK3R4,2091,22.1573,0.5648,4299,False
KANSL2,2560,60.7066,0.5648,4300,False
DOPEY2,1438,11.4042,0.5647,4301,False
HMBS,1189,19.7707,0.5646,4302,False
NUDT6,342,3.6323,0.5646,4303,False
RNF215,278,1.0352,0.5642,4304,False
AC073130.3,189,1.2775,0.5642,4305,False
DPY19L2,340,2.5656,0.5641,4306,False
AC027763.2,883,7.9394,0.564,4307,False
ARHGEF35,211,0.7604,0.564,4308,False
LYRM5,1491,23.4085,0.5639,4309,False
HNRNPA1P53,277,0.0806,0.5636,4310,False
ISCA2,1997,45.4024,0.5636,4311,False
LAMTOR3,2626,52.8391,0.5635,4312,False
FAHD2B,1974,19.7607,0.5634,4313,False
CXCR6,3975,197.4615,0.5633,4314,False
RP11-536K7.3,338,1.0926,0.5632,4315,False
ATP6V1H,2785,62.8923,0.5631,4316,False
SIDT2,2444,23.2236,0.5631,4317,False
CTD-3131K8.2,684,2.1734,0.563,4318,False
ACOT9,3132,58.629,0.563,4319,False
C11orf80,662,4.1916,0.5629,4320,False
ARMCX4,419,4.629,0.5628,4321,False
RP11-18I14.11,227,1.8702,0.5627,4322,False
RP11-159G9.5,1606,12.4016,0.5625,4323,False
TGIF1,4157,108.6633,0.5625,4324,False
DLST,1899,26.1965,0.5623,4325,False
CTD-3088G3.8,470,1.2033,0.5622,4326,False
C3orf52,234,1.0853,0.562,4327,False
TOE1,1066,13.4697,0.562,4328,False
HSD17B7,2522,37.7105,0.5619,4329,False
ZNF81,659,5.0185,0.5618,4330,False
RP11-731I19.1,244,1.2366,0.5617,4331,False
RN7SKP271,614,12.3626,0.5616,4332,False
U91328.20,919,16.9571,0.5615,4333,False
U47924.30,343,2.1218,0.5615,4334,False
C1orf204,255,0.8936,0.5613,4335,False
MFSD2A,471,4.3444,0.5613,4336,False
ADA,2423,51.999,0.5612,4337,False
BRD7P4,300,1.8178,0.5612,4338,False
ZNF252P,2392,4.7128,0.5611,4339,False
RP3-342P20.2,592,0.43,0.5611,4340,False
THAP3,1703,20.5298,0.5609,4341,False
FLJ20373,357,3.5865,0.5609,4342,False
FKTN,572,4.4139,0.5608,4343,False
POP1,592,7.1676,0.5608,4344,False
RP11-829H16.5,377,6.2166,0.5606,4345,False
hsa-mir-8072,435,0.7802,0.5605,4346,False
SEMA4F,477,5.2837,0.5605,4347,False
ACSS2,607,6.0483,0.5604,4348,False
CTD-2555O16.2,391,4.2206,0.5602,4349,False
AC004840.9,427,3.2158,0.5601,4350,False
RP11-111A22.1,350,0.6126,0.5601,4351,False
AC113189.5,406,4.4762,0.5599,4352,False
CYSLTR2,222,2.2924,0.5597,4353,False
CCDC122,686,2.0552,0.5597,4354,False
HEXDC,1693,26.7715,0.5597,4355,False
PPP2R3C,3408,86.0197,0.5596,4356,False
MTHFD1P1,766,3.2184,0.5595,4357,False
NR2C2AP,1184,20.1389,0.5594,4358,False
ARHGAP5,1308,12.8802,0.5592,4359,False
SRP72P2,911,14.8968,0.5592,4360,False
PLEK2,235,2.0962,0.5591,4361,False
FNBP1L,179,0.8246,0.5589,4362,False
TTLL1,505,8.6716,0.5589,4363,False
BORA,773,9.0731,0.5587,4364,False
FBXO3,2089,21.6926,0.5586,4365,False
RP1-39G22.7,394,5.9825,0.5585,4366,False
CYP51P1,218,0.0542,0.5584,4367,False
OBSCN,977,6.369,0.5583,4368,False
PIGC,1658,33.5285,0.5583,4369,False
PLEKHG3,595,7.4602,0.5581,4370,False
TMEM128,1933,35.7101,0.5581,4371,False
FCGR1B,790,8.3155,0.5579,4372,False
PDF,173,1.2692,0.5579,4373,False
SRP72,4283,74.5464,0.5575,4374,False
UFSP2,1849,30.7109,0.5575,4375,False
POM121L9P,177,0.084,0.5575,4376,False
AC000003.2,245,1.4593,0.5575,4377,False
AP000351.10,200,1.5454,0.5575,4378,False
SPATC1L,412,5.8855,0.5574,4379,False
FAM64A,257,3.2049,0.5573,4380,False
EFCAB7,487,5.2684,0.5572,4381,False
RP11-264F23.1,871,1.8083,0.5569,4382,False
RP11-95M15.2,291,2.3942,0.5568,4383,False
C16orf91,1158,23.4001,0.5567,4384,False
S100A11,7633,434.1784,0.5566,4385,False
ZBTB8A,212,0.3409,0.5564,4386,False
AC131971.1,283,2.2077,0.5564,4387,False
DSTNP1,203,2.6415,0.5564,4388,False
EGFL8,400,5.4448,0.5563,4389,False
TRDMT1,1331,16.3827,0.5562,4390,False
SCARNA2,454,6.1865,0.5562,4391,False
SNX29,2830,40.757,0.5561,4392,False
RP11-727A23.11,213,0.3454,0.5561,4393,False
TGFBR3L,160,1.5209,0.5558,4394,False
MIR4458HG,331,1.6088,0.5558,4395,False
RP11-431M7.3,223,0.8906,0.5554,4396,False
IMMP2L,1136,15.0067,0.5554,4397,False
ZNF772,239,1.583,0.5552,4398,False
FAM161A,222,1.2515,0.5551,4399,False
ACTG1,14517,1629.8014,0.555,4400,False
NUBP1,1820,37.1706,0.5546,4401,False
PPT2,623,7.7518,0.5544,4402,False
QDPR,1124,19.9663,0.5544,4403,False
CXXC1,3048,81.1358,0.5543,4404,False
FAM50B,531,8.6715,0.5542,4405,False
PREB,2456,50.3576,0.5538,4406,False
TMEM147,2574,65.8849,0.5538,4407,False
TROAP,672,9.9282,0.5538,4408,False
SDF2,3016,70.1011,0.5537,4409,False
RP11-106M7.1,276,1.0448,0.5536,4410,False
RP11-327F22.4,719,9.3118,0.5536,4411,False
ZNF142,1790,18.3614,0.5524,4412,False
TPCN1,2383,28.1099,0.5523,4413,False
METTL20,298,1.2801,0.5521,4414,False
XPO5,2069,27.4653,0.5519,4415,False
A1BG-AS1,767,12.5294,0.5518,4416,False
RP11-213G2.3,184,0.5497,0.5517,4417,False
ZNF397,761,9.0445,0.5517,4418,False
RPS12P26,896,0.9674,0.5516,4419,False
RP5-1022P6.3,1251,19.8524,0.5515,4420,False
MORC4,1024,1.0723,0.5514,4421,False
RP11-52A20.2,198,2.2923,0.5514,4422,False
SLC16A10,388,0.9167,0.5513,4423,False
CORO1C,2877,47.9988,0.5512,4424,False
ZNF37BP,3111,20.7737,0.5511,4425,False
ARSK,576,5.031,0.551,4426,False
C16orf93,437,3.7751,0.551,4427,False
RP11-553L6.2,787,5.4082,0.5509,4428,False
FTX,2148,28.4196,0.5506,4429,False
RP11-535A19.2,381,0.5698,0.5503,4430,False
WHAMMP3,542,1.3198,0.5503,4431,False
RPL17,15451,2758.2089,0.5503,4432,False
TRAPPC2P1,1554,26.7058,0.5503,4433,False
ASPSCR1,1312,19.2938,0.5502,4434,False
RP11-378A13.1,164,0.943,0.5502,4435,False
UBXN2B,3022,28.7363,0.5502,4436,False
RP11-216M21.7,270,0.1736,0.5501,4437,False
RP11-383G6.4,180,0.8103,0.5499,4438,False
FGD6,340,1.2027,0.5495,4439,False
TMEM159,1968,18.2633,0.5495,4440,False
SFXN5,759,5.8805,0.5492,4441,False
RP11-53B2.1,356,5.3102,0.5489,4442,False
FKBP4,2841,47.098,0.5488,4443,False
NCF1C,2508,27.1113,0.5488,4444,False
TRAPPC12,2356,30.1011,0.5486,4445,False
FAM204A,3721,53.6401,0.5485,4446,False
RNF216P1,2346,30.2212,0.5484,4447,False
PP2D1,182,0.4021,0.5483,4448,False
NDUFB2-AS1,270,1.2289,0.548,4449,False
C16orf86,242,3.0898,0.5478,4450,False
RP4-758J18.2,1430,19.3503,0.5476,4451,False
CTC1,4548,99.3746,0.5476,4452,False
GSKIP,1115,18.3801,0.547,4453,False
ZNF791,2791,41.0985,0.547,4454,False
SMCO4,1530,31.0,0.547,4455,False
RP11-65N13.6,273,1.0296,0.5467,4456,False
ZNF365,166,1.093,0.5466,4457,False
PIP5K1B,355,1.9547,0.5465,4458,False
AMZ2P2,843,13.0695,0.5465,4459,False
IFNGR2,2344,37.028,0.5465,4460,False
NRL,235,1.2027,0.5464,4461,False
C12orf79,1054,9.4877,0.5458,4462,False
REEP2,238,1.9449,0.5457,4463,False
AC098614.2,1444,2.0695,0.5456,4464,False
PPIAL4F,245,0.2037,0.5456,4465,False
CAPN10,833,11.5097,0.5456,4466,False
YBX3,2204,19.3942,0.5454,4467,False
PDLIM4,386,4.8638,0.5454,4468,False
ZNF721,2415,36.4086,0.5453,4469,False
MGST1,302,3.4638,0.5453,4470,False
AIG1,699,8.771,0.5451,4471,False
RP4-633I8.1,690,0.4595,0.545,4472,False
RP11-91P24.6,160,1.4639,0.5449,4473,False
MSRB2,177,1.6183,0.5448,4474,False
ABCD4,3516,94.2923,0.5444,4475,False
CUTC,1870,39.3134,0.5444,4476,False
BTBD18,163,0.8369,0.5443,4477,False
MRPL37P1,361,3.927,0.5439,4478,False
VPS37A,2949,41.288,0.5439,4479,False
CICP7,309,0.2399,0.5438,4480,False
C5,249,1.0927,0.5436,4481,False
PRSS36,189,1.3368,0.5436,4482,False
RP11-475I24.3,401,0.8755,0.5432,4483,False
QPRT,500,4.7884,0.5431,4484,False
THAP6,1280,18.3959,0.5429,4485,False
LHFP,482,5.3627,0.5425,4486,False
NT5E,374,4.944,0.5424,4487,False
GAPDHP70,803,0.275,0.5423,4488,False
LYRM1,2021,31.9268,0.5422,4489,False
DNAH7,184,0.219,0.5421,4490,False
HLA-DQA1,6107,212.0181,0.5418,4491,False
RRAS,280,2.2484,0.5418,4492,False
FILIP1L,1577,18.6723,0.5417,4493,False
IDH3B,5528,137.4492,0.5415,4494,False
STAG3L4,1294,18.4298,0.5414,4495,False
RAP2C-AS1,332,1.5589,0.5414,4496,False
AC007919.18,175,2.7733,0.5413,4497,False
THAP9,301,2.0934,0.5411,4498,False
ABCA3,207,0.9259,0.5411,4499,False
PPP2CB,551,5.0887,0.5409,4500,False
TMEM117,396,3.8214,0.5409,4501,False
HMGB1P10,409,1.0558,0.5408,4502,False
RPAP2,3235,17.7553,0.5408,4503,False
DCTN6,3508,72.0623,0.5407,4504,False
BTBD9,2293,21.6631,0.5407,4505,False
EML2,1732,23.6473,0.5405,4506,False
ZNF354A,502,6.6117,0.5405,4507,False
HDAC8,1607,27.6347,0.5404,4508,False
CTC-260E6.6,582,3.0938,0.54,4509,False
TOB1,10881,450.1699,0.5397,4510,False
SNRPE,3434,108.5325,0.5397,4511,False
KBTBD6,587,4.6993,0.5396,4512,False
RNF144A,273,1.8217,0.5395,4513,False
TMEM79,509,6.2509,0.5393,4514,False
POR,2545,49.3891,0.5392,4515,False
AC007041.2,1552,0.8354,0.5391,4516,False
IFITM1,11099,874.3564,0.5386,4517,False
TIPIN,914,10.0002,0.5383,4518,False
OSBPL5,711,8.6117,0.5381,4519,False
CTD-3195I5.1,373,2.6359,0.5381,4520,False
RP11-486M23.1,246,1.2574,0.538,4521,False
TMSB10,15421,2184.5439,0.5377,4522,False
STK38L,1573,20.0759,0.5374,4523,False
AC024560.3,2511,15.4007,0.5374,4524,False
RP11-252I14.2,431,5.2548,0.5372,4525,False
CABP4,291,2.4201,0.5372,4526,False
RP11-693J15.4,251,3.8615,0.5366,4527,False
ZUFSP,1344,17.79,0.5365,4528,False
RP11-353N4.7,167,0.3108,0.5363,4529,False
AMZ2,3334,71.2033,0.5363,4530,False
TBC1D19,996,12.7246,0.5363,4531,False
MPV17,3619,108.5081,0.5361,4532,False
NUSAP1,2354,45.5479,0.5358,4533,False
CTC-429P9.1,543,8.9337,0.5357,4534,False
KRIT1,1944,24.5131,0.5356,4535,False
CENPL,1018,15.3392,0.5354,4536,False
TLDC2,430,3.7657,0.5353,4537,False
IFT74,763,10.1695,0.535,4538,False
RP11-141C7.4,347,1.5674,0.5349,4539,False
RP13-638C3.2,318,4.2143,0.5349,4540,False
UBE2Q2P2,263,1.2715,0.5348,4541,False
CA5BP1,1397,16.8754,0.5346,4542,False
CXorf21,1052,12.2139,0.5346,4543,False
NKG2-E,1213,19.575,0.5344,4544,False
CTPS1,1954,31.0932,0.5343,4545,False
CASP8AP2,2169,34.117,0.5343,4546,False
MAD2L1BP,1223,24.5998,0.5343,4547,False
TXNDC15,3091,65.7249,0.5342,4548,False
MRM1,431,4.9131,0.534,4549,False
RP11-594N15.2,211,1.8135,0.5338,4550,False
NSRP1,3398,50.1379,0.5337,4551,False
THAP2,1238,13.3047,0.5337,4552,False
CTD-2349P21.10,357,4.4364,0.5337,4553,False
CTC-444N24.8,306,2.7892,0.5336,4554,False
DDIT4,9518,540.9917,0.5335,4555,False
GLB1L2,315,1.8209,0.5334,4556,False
MRPL27,2053,45.8165,0.5333,4557,False
AGTRAP,3195,86.171,0.5333,4558,False
RASSF4,1668,30.2824,0.5332,4559,False
PVRL3,183,1.1549,0.5332,4560,False
HIRIP3,1235,17.0568,0.5332,4561,False
PXMP4,535,7.852,0.533,4562,False
RYK,1042,8.3454,0.5329,4563,False
PPP1R12B,1724,15.6616,0.5329,4564,False
PTS,1271,21.3086,0.5329,4565,False
AKR1A1,3600,113.7655,0.5328,4566,False
TMPRSS6,200,0.8923,0.5328,4567,False
RP11-493L12.4,718,7.8586,0.5328,4568,False
AL162151.3,5188,118.8584,0.5328,4569,False
SIRPD,162,0.7381,0.5327,4570,False
AC159540.1,3345,32.5006,0.5326,4571,False
ADAM1A,281,2.2065,0.5323,4572,False
MYC,1477,18.5926,0.5321,4573,False
FAM84B,776,6.4631,0.5319,4574,False
RP4-622L5.7,304,1.3984,0.5317,4575,False
LDLR,2073,23.7466,0.5316,4576,False
NINL,203,1.358,0.5313,4577,False
SLC35B4,1237,14.9037,0.5313,4578,False
UNC50,2441,57.0731,0.5311,4579,False
VTI1BP1,212,0.1139,0.5311,4580,False
LAMB2,247,2.1906,0.531,4581,False
MFSD3,445,5.8864,0.5308,4582,False
C3orf17,2347,38.9725,0.5308,4583,False
RP11-85F14.5,555,7.6263,0.5308,4584,False
EIF4EBP3,801,10.4276,0.5308,4585,False
RP11-555F9.2,174,1.2677,0.5305,4586,False
AC027601.1,318,0.3664,0.5303,4587,False
DNTTIP1,723,9.6593,0.5302,4588,False
C22orf29,1330,16.5722,0.5299,4589,False
ZNF138,1166,13.5108,0.5298,4590,False
LINC00888,288,3.1417,0.5298,4591,False
ASUN,1547,25.4873,0.5298,4592,False
SUN1,1969,29.8894,0.5295,4593,False
PCNT,3134,27.8418,0.5294,4594,False
L1CAM,183,0.6288,0.5294,4595,False
NARG2,2258,27.416,0.5293,4596,False
NTAN1P2,250,1.2527,0.5291,4597,False
TMEM189-UBE2V1,160,0.1864,0.5291,4598,False
TRIAP1,1345,26.5866,0.5289,4599,False
MAN2A2,2300,29.6882,0.5288,4600,False
ASAH2B,414,5.0685,0.5287,4601,False
RNF14,1611,24.6258,0.5283,4602,False
TIGD7,351,3.6054,0.5282,4603,False
ZNF700,1136,14.3058,0.5282,4604,False
AC093677.1,164,0.142,0.5282,4605,False
PAM16,1337,23.0558,0.5282,4606,False
UNKL,1441,11.6514,0.5282,4607,False
RP11-254F7.3,334,2.8593,0.5282,4608,False
CENPA,168,1.1895,0.5282,4609,False
HIST1H2AB,225,2.521,0.528,4610,False
PJA1,976,17.3528,0.5276,4611,False
CRISPLD2,406,1.737,0.5272,4612,False
HYDIN,239,0.3349,0.5267,4613,False
SSSCA1-AS1,244,2.4392,0.5267,4614,False
RP11-298J20.4,210,1.8154,0.5266,4615,False
CRYZ,1608,30.7031,0.5265,4616,False
FBXO8,1284,14.782,0.5265,4617,False
DMTF1,5132,102.7682,0.5265,4618,False
PICK1,411,3.8105,0.5262,4619,False
TMEM214,1946,18.7883,0.526,4620,False
AC007952.5,324,3.1557,0.526,4621,False
PAX6,196,0.3251,0.526,4622,False
CTD-2515A14.1,251,1.8792,0.5259,4623,False
AC096772.6,184,1.5617,0.5257,4624,False
SETDB1,2142,28.8012,0.5257,4625,False
C8orf44-SGK3,183,0.8136,0.5256,4626,False
HSCB,898,12.7291,0.5254,4627,False
ADCY3,1817,18.3731,0.5245,4628,False
WNT10B,256,2.9129,0.5245,4629,False
CTB-179K24.3,212,0.2972,0.5244,4630,False
RP11-862L9.3,287,2.4968,0.5242,4631,False
FASTKD1,1676,26.6878,0.5242,4632,False
RP11-16E18.3,228,2.5013,0.5241,4633,False
THG1L,1182,14.3002,0.5241,4634,False
DOPEY1,1161,8.396,0.5239,4635,False
HSD17B8,747,12.7714,0.5239,4636,False
SPDL1,768,9.5978,0.5237,4637,False
SRM,987,13.2973,0.5237,4638,False
LIG1,2105,42.6226,0.5237,4639,False
RP11-712L6.5,216,0.698,0.5236,4640,False
REV1,1610,15.4419,0.5236,4641,False
ITIH4,728,9.2216,0.5235,4642,False
RP11-192N10.2,205,0.574,0.5233,4643,False
SLC20A2,1801,19.7533,0.5233,4644,False
RP11-147L13.8,316,3.5873,0.5229,4645,False
CSF1R,1438,28.0359,0.5229,4646,False
CHCHD4P5,201,2.5293,0.5227,4647,False
CHRM3,261,0.1495,0.5223,4648,False
RP11-104D3.2,316,0.0574,0.5221,4649,False
TTC28-AS1,1445,20.2405,0.522,4650,False
DUSP23,2285,50.317,0.5219,4651,False
RP11-69E11.4,1190,11.0467,0.5219,4652,False
CRBN,3069,64.6703,0.5218,4653,False
CERS4,1215,16.7736,0.5218,4654,False
CTD-2653B5.1,407,3.2592,0.5216,4655,False
SPTBN5,526,0.7186,0.5216,4656,False
FAM177A1,5570,117.1735,0.5215,4657,False
RP11-479G22.8,210,2.0469,0.5213,4658,False
TRIM36,235,1.0707,0.5211,4659,False
CPNE3,2936,48.6128,0.5208,4660,False
ELP2,4967,111.5246,0.5208,4661,False
RPS18P9,2682,4.6328,0.5207,4662,False
REPS1,1197,12.0347,0.5205,4663,False
RP11-16E12.2,204,1.447,0.5205,4664,False
PGAM4,1956,0.7881,0.5204,4665,False
ZNF569,630,7.4784,0.5203,4666,False
RP11-118B13.1,551,0.3381,0.52,4667,False
ACVR1,690,5.3959,0.5199,4668,False
HNRNPA1P76,190,0.8347,0.5199,4669,False
FAM120AOS,1325,18.4958,0.5198,4670,False
AC005154.6,3126,40.4223,0.5196,4671,False
ZFPL1,1123,16.7031,0.5196,4672,False
BNIP1,1568,18.9479,0.5195,4673,False
COMTD1,1125,17.519,0.5194,4674,False
AC009404.2,269,1.9243,0.5193,4675,False
LRWD1,1247,18.796,0.5188,4676,False
DNAJC3-AS1,172,0.9971,0.5187,4677,False
CLPB,1149,12.6528,0.5187,4678,False
DCP1B,1160,18.0203,0.5187,4679,False
REXO1,964,3.1843,0.5187,4680,False
THRA,394,1.6377,0.5186,4681,False
ELAC1,780,10.8347,0.5186,4682,False
MPHOSPH9,3615,65.1001,0.5186,4683,False
NT5C2,3085,41.944,0.5185,4684,False
HYAL2,249,2.0865,0.5184,4685,False
MT1M,277,1.9715,0.5183,4686,False
TMEM135,1695,23.2064,0.5181,4687,False
TMCO3,918,6.3396,0.518,4688,False
LXN,786,11.9508,0.5179,4689,False
ACTR10,3390,83.9766,0.5177,4690,False
RP11-37J13.1,232,0.0567,0.5173,4691,False
GNPDA2,1082,15.5782,0.5173,4692,False
NIPAL1,185,0.5456,0.5171,4693,False
CALM2P3,421,0.3686,0.5169,4694,False
HNRNPCP6,656,0.1708,0.5169,4695,False
NCF1B,2893,36.4684,0.5168,4696,False
TOPORS-AS1,1666,23.6075,0.5167,4697,False
APITD1-CORT,183,0.6129,0.5166,4698,False
E2F6,641,7.3023,0.5165,4699,False
RP3-472M2.2,746,13.163,0.5165,4700,False
RP11-823P9.3,408,0.6998,0.5165,4701,False
RP11-245J9.5,242,2.6738,0.5165,4702,False
SOS1-IT1,242,2.4198,0.5165,4703,False
RP11-732A19.8,169,0.9349,0.5163,4704,False
ADCK2,476,5.3615,0.5163,4705,False
RP11-624C23.1,570,5.0705,0.5159,4706,False
RP11-212P7.1,1093,3.4254,0.5158,4707,False
PARD6G,365,1.7262,0.5158,4708,False
FMR1,2033,17.9085,0.5157,4709,False
AC005517.3,374,3.2207,0.5156,4710,False
MRPL39,2148,41.3957,0.5156,4711,False
ANKEF1,238,1.918,0.5155,4712,False
ZNF26,1721,25.7929,0.5155,4713,False
SNX33,249,0.8827,0.5154,4714,False
RP5-854E16.2,624,0.1128,0.5152,4715,False
ABHD6,940,5.6556,0.5152,4716,False
PMAIP1,5036,123.0951,0.5152,4717,False
TBCK,2698,29.3011,0.5152,4718,False
AC068831.6,167,0.2191,0.515,4719,False
EIF3LP1,608,0.0934,0.515,4720,False
OGFOD3,956,12.8287,0.515,4721,False
HCCS,1154,17.6263,0.5149,4722,False
NRSN2,347,4.3844,0.5149,4723,False
MYO15A,380,0.8305,0.5148,4724,False
ZNF826P,522,3.8866,0.5145,4725,False
MRPS18C,2581,50.2567,0.5144,4726,False
FAM173B,1026,14.4286,0.5142,4727,False
ZBED5-AS1,923,13.0348,0.5141,4728,False
AL163953.3,161,0.9842,0.514,4729,False
ZNF248,795,7.6894,0.514,4730,False
FAHD2CP,1720,17.1545,0.5139,4731,False
IGIP,253,1.1244,0.5138,4732,False
RCAN2,253,3.6529,0.5136,4733,False
CTD-3065B20.3,176,0.466,0.5136,4734,False
RAB9A,3304,52.2338,0.5135,4735,False
TAS2R18,232,2.3021,0.5133,4736,False
RP11-973H7.1,388,2.1698,0.5133,4737,False
FANCM,730,6.39,0.5132,4738,False
TMED1,1319,21.5645,0.5132,4739,False
PMS2P3,1111,2.6569,0.5132,4740,False
YEATS4,1618,33.3509,0.5128,4741,False
ARL6IP1P2,344,0.1633,0.5128,4742,False
IDH3A,2788,57.0853,0.5126,4743,False
UBE2K,4327,79.4412,0.5123,4744,False
RFT1,1612,26.6158,0.5123,4745,False
HCG4P3,603,1.5542,0.5122,4746,False
SUSD3,2815,67.3635,0.5121,4747,False
KIF3C,250,1.3448,0.5121,4748,False
SMARCAL1,1651,16.8316,0.5119,4749,False
TMEM231,200,1.5214,0.5117,4750,False
TMTC4,398,3.9441,0.5116,4751,False
GDAP2,2321,26.8698,0.5114,4752,False
AHDC1,704,1.6698,0.5114,4753,False
RP11-391L3.1,230,2.5711,0.5114,4754,False
GCNT1,1171,14.7585,0.5113,4755,False
TEN1,1254,21.5519,0.511,4756,False
BIN3,1878,29.1109,0.511,4757,False
GIGYF2,3831,54.3737,0.5109,4758,False
RP11-73M18.7,922,6.0445,0.5108,4759,False
ZNF33A,3617,41.6977,0.5108,4760,False
USE1,1735,32.5968,0.5107,4761,False
PDLIM2,2234,51.2755,0.5106,4762,False
NUDT9,1135,15.9048,0.5106,4763,False
ASNS,959,15.0553,0.5105,4764,False
RP11-266L9.2,257,1.6845,0.5104,4765,False
RN7SL683P,793,14.1831,0.5102,4766,False
RIC8B,1150,11.8537,0.5098,4767,False
CTSS,6754,276.1174,0.5098,4768,False
TREML2,305,3.3945,0.5097,4769,False
RP4-591N18.2,216,0.5156,0.5096,4770,False
AC018890.6,166,0.7419,0.5094,4771,False
ALG10,520,4.5975,0.5092,4772,False
UBE2T,1229,25.3634,0.5091,4773,False
AC147651.4,767,11.5571,0.5089,4774,False
SLFN12,519,5.919,0.5089,4775,False
MMAB,803,11.8194,0.5089,4776,False
PDSS1,562,3.9546,0.5088,4777,False
LRRN2,177,0.5337,0.5087,4778,False
FCHSD1,3631,48.9789,0.5086,4779,False
HAUS8,1321,17.8495,0.5085,4780,False
UBL7,3113,79.8919,0.5083,4781,False
RGS16,1318,17.0588,0.5081,4782,False
HMGB1P23,354,4.7457,0.5081,4783,False
POMGNT1,765,10.769,0.5081,4784,False
FAM114A2,1375,20.2115,0.5077,4785,False
GPBAR1,325,3.5244,0.5074,4786,False
DTNA,206,0.5479,0.5072,4787,False
SRRD,912,10.2912,0.5071,4788,False
KCNJ13,244,1.9745,0.5069,4789,False
TMEM184C,2494,29.1132,0.5068,4790,False
ZNRD1,3007,81.9587,0.5068,4791,False
SNTA1,226,1.2177,0.5066,4792,False
SPINT2,2097,47.6023,0.5065,4793,False
RIPK3,1641,29.0054,0.5063,4794,False
IPO11,1304,15.6069,0.5062,4795,False
CASD1,711,5.4126,0.5062,4796,False
CLDN11,599,0.7395,0.506,4797,False
RDH14,552,4.4655,0.506,4798,False
HSPA8P4,547,0.0891,0.5059,4799,False
RP11-383H13.1,597,6.6569,0.5058,4800,False
ATR,2872,30.8134,0.5057,4801,False
GNB1L,1165,15.7218,0.5053,4802,False
ZNF767,1357,17.3566,0.5052,4803,False
CHAC2,435,5.3788,0.5052,4804,False
MTX1,1738,28.1088,0.5051,4805,False
OPRL1,185,0.5564,0.505,4806,False
PTDSS2,300,2.5737,0.505,4807,False
RPL4,15310,2553.9846,0.505,4808,False
NMRK1,2933,68.6419,0.5049,4809,False
UROS,1913,36.1933,0.5049,4810,False
TRIM46,265,1.9372,0.5048,4811,False
DSTNP2,509,3.1423,0.5048,4812,False
SURF1,1136,15.6213,0.5048,4813,False
MRPL22,2564,63.3895,0.5048,4814,False
RNF8,1335,22.6043,0.5048,4815,False
RPRD1A,2092,22.9804,0.5047,4816,False
MTRR,2854,52.7042,0.5045,4817,False
GCLC,875,6.8778,0.5042,4818,False
A1BG,1292,19.0569,0.5041,4819,False
PRUNE,1464,24.7146,0.5041,4820,False
RP11-600F24.7,216,0.2849,0.5038,4821,False
RP11-334C17.5,488,3.556,0.5037,4822,False
MT-CO3,14694,1344.0797,0.5037,4823,False
NUDT18,322,3.6183,0.5036,4824,False
ITGB3BP,1701,23.7984,0.5035,4825,False
C15ORF37,277,1.2853,0.5034,4826,False
SKP1P1,2079,3.9383,0.5032,4827,False
HIST1H3H,693,8.9551,0.5031,4828,False
ITGB1BP1,3513,106.2354,0.5031,4829,False
SMYD3,2273,30.5047,0.5029,4830,False
ZNF470,236,1.1531,0.5026,4831,False
RP11-345P4.9,180,1.215,0.5025,4832,False
TMX3,3725,53.2264,0.5024,4833,False
RP11-111E14.1,204,0.553,0.5022,4834,False
DHTKD1,1480,13.011,0.5022,4835,False
VPS41,4165,43.9269,0.5021,4836,False
RP11-170L3.4,228,2.9684,0.5021,4837,False
PCNA,2785,81.9435,0.5017,4838,False
FBXO36,240,1.7314,0.5015,4839,False
TSSC4,2146,48.0914,0.5012,4840,False
RP11-698N11.4,177,0.7067,0.5011,4841,False
PTMAP4,887,4.9477,0.501,4842,False
FANCE,364,0.9234,0.5009,4843,False
RP11-305L7.1,528,8.1816,0.5005,4844,False
RGL4,1883,35.5709,0.5005,4845,False
PPP1R8,501,4.2215,0.5004,4846,False
L3MBTL4,312,1.912,0.5003,4847,False
IQGAP3,580,0.7363,0.5002,4848,False
EEF1A1P33,281,0.0588,0.5002,4849,False
TMLHE,1311,16.039,0.5001,4850,False
PLRG1,2369,55.2657,0.5001,4851,False
SLX1B-SULT1A4,181,0.0754,0.4994,4852,False
NGDN,3508,101.2974,0.4993,4853,False
PPM1K,3791,52.5086,0.4993,4854,False
APOBEC3H,1276,27.7363,0.4992,4855,False
TMEM39A,3460,46.622,0.4989,4856,False
KIAA1841,962,7.9832,0.4988,4857,False
RP11-162A12.3,241,1.582,0.4988,4858,False
GPSM1,173,0.9646,0.4987,4859,False
RPS4XP14,2400,3.1532,0.4986,4860,False
CIITA,3797,70.3734,0.4984,4861,False
SMIM4,965,9.8793,0.4983,4862,False
TBC1D16,246,0.3308,0.4982,4863,False
ELOVL4,286,2.3709,0.4982,4864,False
HIST1H4H,411,4.2252,0.498,4865,False
ARMCX5,624,7.0545,0.4979,4866,False
GTF2IRD1P1,291,0.967,0.4978,4867,False
ITPRIPL1,753,12.3829,0.4977,4868,False
AP4M1,1158,8.9405,0.4977,4869,False
NID2,259,1.996,0.4976,4870,False
EPPK1,182,0.2172,0.4976,4871,False
AC016745.1,177,1.1943,0.4973,4872,False
AL353608.1,177,1.1943,0.4973,4872,False
SUSD1,520,5.9469,0.4972,4874,False
HIST1H2BK,3198,78.1529,0.4972,4875,False
FAM189B,227,0.8219,0.4967,4876,False
NCBP2-AS2,2144,49.9383,0.4966,4877,False
ICAM1,3028,59.0471,0.4966,4878,False
BRMS1L,733,7.3013,0.4965,4879,False
TMEM237,397,3.4603,0.4964,4880,False
GPR65,3734,92.826,0.4963,4881,False
ZNHIT2,493,7.2906,0.4962,4882,False
FZR1,1889,17.476,0.4961,4883,False
MPND,263,1.9024,0.496,4884,False
TMEM134,3112,82.5236,0.4958,4885,False
POLD3,1321,17.7853,0.4957,4886,False
DBF4B,437,2.0983,0.4957,4887,False
ALOX5AP,6976,396.6219,0.4954,4888,False
OARD1,1733,33.0281,0.4954,4889,False
SPAG16,860,13.3827,0.4953,4890,False
PLK1S1,1315,18.8322,0.4952,4891,False
NEK10,291,1.6214,0.4951,4892,False
SMAD4,2171,11.6531,0.495,4893,False
WFS1,438,2.0071,0.4949,4894,False
TOP2A,1248,18.0083,0.4948,4895,False
RP11-14N7.2,310,2.9422,0.4948,4896,False
DPP8,3773,53.9926,0.4947,4897,False
FOPNL,2111,35.9326,0.4945,4898,False
TRMT12,487,6.0549,0.4944,4899,False
ADCK4,1221,17.9568,0.4943,4900,False
SLC12A3,240,1.971,0.4943,4901,False
ECI2,1775,34.6437,0.4939,4902,False
SIGIRR,4427,125.412,0.4939,4903,False
ISYNA1,658,11.9337,0.4935,4904,False
RP11-141O15.1,284,3.0725,0.4934,4905,False
RN7SL80P,171,1.502,0.4932,4906,False
SLC28A3,243,0.9142,0.4929,4907,False
ZCCHC17,2681,56.4822,0.4929,4908,False
TPRN,211,0.8839,0.4928,4909,False
CTC-524C5.2,888,4.6838,0.4926,4910,False
HNRNPA1P44,226,0.0941,0.4926,4911,False
ASNSD1,2024,36.8398,0.4924,4912,False
ALG1L13P,169,1.0632,0.4924,4913,False
TPK1,1121,14.0892,0.4922,4914,False
SMIM19,1976,41.1374,0.4919,4915,False
AGBL3,391,1.9766,0.4919,4916,False
CASC1,199,0.558,0.4918,4917,False
UST,325,1.357,0.4915,4918,False
RAB30,2992,59.3373,0.4914,4919,False
RP13-270P17.3,385,5.4901,0.4914,4920,False
RP11-356J5.12,189,1.3401,0.4912,4921,False
ZNF606,649,4.8015,0.4912,4922,False
ILVBL,1524,23.8044,0.4911,4923,False
GPR56,3158,63.9186,0.4909,4924,False
RP11-129K12.3,604,9.7901,0.4909,4925,False
RP11-214N15.5,231,1.1542,0.4907,4926,False
MSANTD3,361,3.7533,0.4906,4927,False
NPM1P29,288,0.9816,0.4906,4928,False
PAOX,266,2.7081,0.4904,4929,False
RPL19,15624,3082.2496,0.4902,4930,False
UBE3D,690,6.5272,0.4902,4931,False
AL627171.2,242,1.9488,0.4902,4932,False
ETV7,1536,28.4652,0.4901,4933,False
RP11-887P2.6,176,1.3198,0.49,4934,False
RP11-274B21.10,334,3.5928,0.49,4935,False
CMSS1,1767,17.7412,0.4897,4936,False
USP7,4682,41.0428,0.4896,4937,False
RPL41,15987,4223.3289,0.4895,4938,False
WDPCP,1901,11.1439,0.4895,4939,False
SH3GL1P3,497,3.8999,0.4895,4940,False
ARHGEF37,163,0.5508,0.4893,4941,False
RP11-667K14.8,533,8.7524,0.4889,4942,False
SELRC1,299,2.83,0.4887,4943,False
RP11-782C8.1,468,3.0842,0.4887,4944,False
MRPS22,2133,41.7485,0.4884,4945,False
SCFD1,3177,63.3326,0.4883,4946,False
KLRD1,4049,200.0528,0.4882,4947,False
CCDC84,2425,41.6809,0.4882,4948,False
LINC00680,1168,7.9577,0.4882,4949,False
GIMAP2,3019,84.6815,0.4879,4950,False
ANKZF1,3463,86.9996,0.4877,4951,False
RP11-278J6.1,436,2.1907,0.4877,4952,False
RP11-313D6.3,161,0.5763,0.4876,4953,False
CLPTM1L,1769,17.8979,0.4875,4954,False
STK16,655,9.6787,0.4873,4955,False
PDXP,267,2.4481,0.4871,4956,False
MRPL46,1270,22.035,0.4871,4957,False
RP11-393I2.2,270,2.6047,0.4868,4958,False
SHISA4,180,1.3292,0.4866,4959,False
PFN1P2,391,2.7614,0.4862,4960,False
UCHL3,2271,48.9055,0.4862,4961,False
EXOSC2,1078,13.7584,0.4862,4962,False
RP11-166O4.6,312,0.2736,0.4861,4963,False
RP5-855D21.3,361,5.2184,0.4858,4964,False
RP11-158K1.3,208,0.9066,0.4858,4965,False
COG5,3820,51.7973,0.4854,4966,False
ZFAT,1091,12.7083,0.4854,4967,False
RAB18,3528,78.8069,0.4852,4968,False
CDC23,1391,20.8726,0.4852,4969,False
C1orf27,1759,15.2164,0.4852,4970,False
TESPA1,4389,66.4848,0.4851,4971,False
SLC22A23,199,0.5437,0.4851,4972,False
AD000092.3,3018,6.7659,0.4849,4973,False
DLG5,354,2.4692,0.4848,4974,False
ZNF331,9514,435.8029,0.4847,4975,False
PLAA,2249,29.6104,0.4846,4976,False
HIST1H2AM,804,12.2952,0.4846,4977,False
MRPS11,2072,44.2952,0.4845,4978,False
CYP2D7P1,468,4.054,0.4844,4979,False
AC010761.8,806,2.5102,0.4844,4980,False
LACTB2,911,12.8237,0.4843,4981,False
NDUFB10,4247,124.0287,0.4843,4982,False
HCK,1380,26.4484,0.4842,4983,False
ATP8B1,1345,10.8665,0.4841,4984,False
TRIQK,278,2.0731,0.4841,4985,False
CACNA2D2,325,0.5613,0.4839,4986,False
RP11-327P2.5,215,2.1082,0.4838,4987,False
RP11-797A18.4,318,2.9156,0.4835,4988,False
RP5-1086K13.1,266,1.3947,0.4835,4989,False
ANK1,343,1.6338,0.4835,4990,False
PNPLA4,440,4.2175,0.4831,4991,False
RFC5,1199,14.4793,0.483,4992,False
SBF2,846,4.1537,0.4828,4993,False
AL022328.1,562,5.9347,0.4827,4994,False
RP11-1100L3.8,4595,80.5349,0.4827,4995,False
TTC39A,204,1.4473,0.4827,4996,False
CTB-181H17.1,319,2.6941,0.4826,4997,False
CISD1,1515,25.5144,0.4826,4998,False
RP11-403I13.4,667,1.1513,0.4824,4999,False
MFSD5,866,13.4251,0.4823,5000,False
SBDSP1,3917,40.2232,0.4822,5001,False
LSR,715,7.918,0.4822,5002,False
TAF9,4051,110.164,0.482,5003,False
CHID1,2184,43.8135,0.482,5004,False
AC010243.1,612,10.1865,0.4817,5005,False
POLR1D,4978,129.6145,0.4816,5006,False
TBCA,3998,101.046,0.4813,5007,False
C1orf85,1701,28.7895,0.481,5008,False
WDR89,1323,20.989,0.4808,5009,False
C14orf64,1241,19.0783,0.4807,5010,False
ZSCAN21,423,5.3219,0.4806,5011,False
RP11-2B6.2,232,2.3174,0.4802,5012,False
SLC25A16,1098,9.9151,0.4801,5013,False
DPM3,1472,26.8506,0.4801,5014,False
CD40,1797,32.5945,0.48,5015,False
FZD3,688,6.0298,0.4799,5016,False
OLFML3,191,1.2056,0.4798,5017,False
ZNF789,1143,11.9037,0.4797,5018,False
THAP7-AS1,249,2.1487,0.4795,5019,False
RP6-206I17.3,399,4.41,0.4794,5020,False
CENPN,1494,18.4782,0.4794,5021,False
ZNF576,582,8.0914,0.4792,5022,False
AC007283.4,954,18.5712,0.4792,5023,False
SETD4,1142,14.1722,0.4792,5024,False
AC114755.7,277,0.9081,0.4792,5025,False
RPL4P6,246,1.9721,0.4791,5026,False
TMEM170A,2691,35.6578,0.479,5027,False
NEDD1,1752,20.3213,0.4788,5028,False
RP11-583F2.1,457,0.8905,0.4788,5029,False
C16orf70,1622,23.1215,0.4787,5030,False
GSAP,1756,20.5786,0.4787,5031,False
SPECC1,1181,11.2652,0.4784,5032,False
POC5,1302,18.0708,0.4783,5033,False
CTD-2290C23.1,454,0.2166,0.4782,5034,False
C15orf40,1406,23.2596,0.4779,5035,False
PUS1,450,5.1817,0.4778,5036,False
CECR7,646,1.276,0.4778,5037,False
ECM2,294,0.5176,0.4778,5038,False
CDK14,950,8.4661,0.4777,5039,False
TARS,3211,67.0567,0.4775,5040,False
RPS5,13534,1545.4015,0.4774,5041,False
TCEA3,172,2.1567,0.4773,5042,False
HERC6,1618,21.333,0.477,5043,False
RRP8,1794,24.1433,0.4769,5044,False
PRPSAP1,2132,35.1335,0.4768,5045,False
ABHD16A,3058,61.4057,0.4767,5046,False
TIMMDC1,2977,68.7817,0.4767,5047,False
FAM192A,4858,104.0248,0.4766,5048,False
EPHA1,879,11.2032,0.4764,5049,False
ZFYVE20,1336,14.9848,0.4763,5050,False
DHCR7,1120,19.5776,0.4762,5051,False
VASN,297,0.2993,0.4759,5052,False
TUBGCP5,836,9.1677,0.4758,5053,False
HMGN3-AS1,547,0.5249,0.4758,5054,False
HNRNPA3P2,180,1.5235,0.4757,5055,False
AC012487.2,165,0.888,0.4757,5056,False
PAQR6,245,1.9905,0.4754,5057,False
MAPKAPK5,979,11.4208,0.4754,5058,False
MEF2C,2133,28.4147,0.4753,5059,False
RP11-820K3.2,188,1.8012,0.4752,5060,False
NSRP1P1,414,0.6144,0.4751,5061,False
TAF1B,1457,19.7538,0.4749,5062,False
UBE2F,3878,103.6974,0.4749,5063,False
CTB-109A12.1,252,1.0558,0.4745,5064,False
GDPD5,708,5.7167,0.4745,5065,False
MAPK6PS3,240,0.8113,0.4745,5066,False
ORAOV1,1424,20.9869,0.4745,5067,False
RP11-127B20.2,381,5.3506,0.4742,5068,False
ERLIN2,714,6.64,0.4742,5069,False
NEU1,4031,85.2875,0.4742,5070,False
TMIGD2,435,7.4105,0.474,5071,False
RP11-140L24.3,266,1.5157,0.4739,5072,False
FUCA1,981,14.2782,0.4736,5073,False
PILRA,2004,24.978,0.4736,5074,False
XXcos-LUCA11.4,369,6.695,0.4735,5075,False
CRYBB2P1,1769,27.0412,0.4732,5076,False
ZNF83,2599,37.0952,0.4732,5077,False
RP11-262D11.2,1260,0.2922,0.4731,5078,False
POLD2,2130,48.9233,0.4731,5079,False
TSPAN3,3057,53.0136,0.4726,5080,False
CDK10,3070,59.7175,0.4724,5081,False
TXNL4B,1411,19.1268,0.4723,5082,False
SLC37A4,952,10.9517,0.4723,5083,False
RP11-708J19.1,184,1.5293,0.4721,5084,False
AC092431.2,369,1.5923,0.4721,5085,False
RP11-540O11.6,185,1.1296,0.472,5086,False
TLR10,677,8.08,0.472,5087,False
RP11-62J1.3,621,8.4077,0.4717,5088,False
RP11-204M4.2,236,1.2612,0.4717,5089,False
PBLD,425,0.9746,0.4717,5090,False
TMEM150A,554,6.5961,0.4715,5091,False
RPP25L,1172,23.427,0.4714,5092,False
C11orf68,374,3.4545,0.4712,5093,False
C1orf200,167,0.7539,0.4712,5094,False
RP5-1091N2.9,618,6.5234,0.4712,5095,False
FTH1P22,747,15.4545,0.4711,5096,False
MIOS,1535,20.0692,0.471,5097,False
SYNGR3,348,4.0877,0.471,5098,False
TRNAU1AP,2669,39.1618,0.471,5099,False
AD000090.2,341,3.7197,0.4707,5100,False
HKR1,1964,32.358,0.4707,5101,False
KHK,378,4.1441,0.4707,5102,False
ZNF808,2233,18.8883,0.4706,5103,False
AC010127.5,285,0.5208,0.4696,5104,False
RP11-773D16.1,2813,47.1216,0.4694,5105,False
TTC5,1136,16.6433,0.4694,5106,False
PPP2R2B,1951,28.6637,0.4692,5107,False
PTPMT1,2582,54.8682,0.4691,5108,False
CAPN10-AS1,169,1.0987,0.4691,5109,False
USP18,1740,22.8743,0.4691,5110,False
KAT2A,530,5.7687,0.4688,5111,False
RDH5,570,7.1447,0.4685,5112,False
ZNF473,650,5.9794,0.4685,5113,False
ZNF701,820,7.2632,0.4684,5114,False
LINC00484,803,3.8142,0.4684,5115,False
NR2C2,1702,18.9577,0.4683,5116,False
DBNDD2,880,13.5639,0.4682,5117,False
EPM2A,217,1.2199,0.4682,5118,False
TANGO2,2580,42.8712,0.4681,5119,False
UCK1,664,7.729,0.4681,5120,False
CCDC85C,189,0.5447,0.4678,5121,False
TSFM,1395,22.0213,0.4677,5122,False
EEF1E1,2149,48.1266,0.4675,5123,False
PHLDB1,506,2.8654,0.4674,5124,False
ENY2,3869,109.149,0.4673,5125,False
ENOSF1,3493,33.9384,0.4672,5126,False
ARNTL,3034,56.3936,0.467,5127,False
CRY2,1349,17.077,0.4668,5128,False
SCRN3,749,9.9392,0.4666,5129,False
CTC-398G3.2,908,0.8737,0.4664,5130,False
SUPV3L1,2330,35.7082,0.4663,5131,False
HNRNPUP1,162,0.1914,0.4663,5132,False
AC004893.11,634,3.9145,0.4662,5133,False
KCNH8,179,1.3094,0.466,5134,False
TET2-AS1,161,0.4177,0.466,5135,False
CAD,1401,14.9304,0.466,5136,False
MINA,1097,13.0973,0.4658,5137,False
MRPL36,1910,42.1766,0.4657,5138,False
GRAPL,249,2.0148,0.4656,5139,False
NUP54,2375,39.1231,0.4655,5140,False
FAM83D,549,5.3635,0.4654,5141,False
PIK3R3,577,4.8539,0.4653,5142,False
RP11-253E3.1,946,0.442,0.4652,5143,False
AC103965.1,452,1.1483,0.4651,5144,False
FERP1,319,2.3264,0.465,5145,False
HMGB3P32,216,2.749,0.4646,5146,False
RAD51D,893,12.7728,0.4646,5147,False
C4B,273,1.3527,0.4641,5148,False
RP4-739H11.4,684,2.248,0.4641,5149,False
COA5,1799,31.6071,0.464,5150,False
ZNF174,653,8.2471,0.464,5151,False
EOGT,1138,12.4379,0.464,5152,False
CTB-31O20.3,496,2.6607,0.4636,5153,False
ZNF763,582,1.8624,0.4636,5154,False
CTD-2552B11.2,177,0.0496,0.4635,5155,False
GFOD2,713,8.4544,0.4629,5156,False
FAM131A,780,8.9538,0.4628,5157,False
ZC3HC1,1210,16.2685,0.4628,5158,False
TSPAN33,337,2.6211,0.4622,5159,False
MMACHC,322,1.4436,0.4621,5160,False
SLC10A3,765,9.5196,0.4621,5161,False
MRPL45P2,519,4.6234,0.4621,5162,False
RP11-638I2.6,350,3.4463,0.4618,5163,False
AP000347.4,251,2.1743,0.4618,5164,False
APOBEC3B,1465,9.3046,0.4616,5165,False
RP11-580I16.2,601,4.248,0.4615,5166,False
RP11-465N4.5,539,7.9992,0.4615,5167,False
AC092301.3,164,0.932,0.4615,5168,False
ACAD11,1602,24.258,0.4615,5169,False
KLHL18,2162,28.9637,0.4613,5170,False
NABP1,6349,126.4,0.4608,5171,False
ITGA6,820,5.4699,0.4608,5172,False
RP11-35G22.1,224,1.8515,0.4608,5173,False
LRRC61,845,12.6216,0.4607,5174,False
PSMB5,2366,56.8261,0.4606,5175,False
RP5-1139I1.1,544,0.0675,0.4606,5176,False
ANKS6,398,1.8577,0.4604,5177,False
CCDC180,522,3.6961,0.4602,5178,False
TST,233,2.0116,0.4602,5179,False
RP11-324I22.3,1428,27.2762,0.4599,5180,False
SART3,2329,32.096,0.4599,5181,False
RPL32P1,288,1.8868,0.4598,5182,False
ALDH2,1284,23.8044,0.4597,5183,False
ZMYM6NB,2952,76.5099,0.4597,5184,False
ANKRD49,1955,26.3898,0.4596,5185,False
MSR1,911,9.5753,0.4596,5186,False
LUCAT1,313,1.7911,0.4592,5187,False
RP11-89F3.2,173,0.9281,0.4592,5188,False
RBBP9,634,6.9277,0.4589,5189,False
RPS12,15286,2145.8993,0.4586,5190,False
NIT1,1445,20.3592,0.4586,5191,False
PRDM11,170,0.2878,0.4585,5192,False
CDAN1,650,5.4796,0.4584,5193,False
GZF1,1037,9.2121,0.4583,5194,False
MRPS23,1665,35.1297,0.4583,5195,False
ROGDI,942,10.3713,0.4582,5196,False
TRIM62,686,4.7987,0.4578,5197,False
TULP3,480,4.7927,0.4577,5198,False
CTA-963H5.5,294,2.4757,0.4577,5199,False
MDM1,1161,15.3641,0.4577,5200,False
C1GALT1,3044,55.4509,0.4576,5201,False
RP11-259P15.1,190,0.1435,0.4574,5202,False
TRIM28,2560,46.3694,0.4574,5203,False
TRAP1,2871,50.5562,0.4574,5204,False
ZNF768,165,0.4284,0.4571,5205,False
BBS7,1025,13.3858,0.457,5206,False
IFNG-AS1,707,7.2826,0.457,5207,False
AKAP2,3038,33.1204,0.4569,5208,False
BRCA1,786,6.8191,0.4567,5209,False
ZNF821,877,12.5283,0.4566,5210,False
ETV1,1242,15.5115,0.4563,5211,False
SLC12A4,753,6.2098,0.4563,5212,False
SETMAR,386,3.626,0.4562,5213,False
RP11-514O12.4,186,1.0584,0.4562,5214,False
MUC16,475,0.4579,0.4561,5215,False
LDHAP2,1307,5.1494,0.4561,5216,False
RP11-783K16.14,992,2.0859,0.4561,5217,False
CTB-193M12.3,172,1.2377,0.456,5218,False
RP1-224A6.9,332,4.194,0.4559,5219,False
PIAS2,1808,15.5283,0.4559,5220,False
TMEM220,323,2.068,0.4559,5221,False
SNORA50,193,3.0923,0.4559,5222,False
ZNF235,505,5.6459,0.4556,5223,False
GMNN,1682,30.1206,0.4555,5224,False
RBM23,3731,69.2789,0.4555,5225,False
RP11-379B18.5,248,0.5814,0.4553,5226,False
HIST1H4F,462,3.1312,0.4552,5227,False
TSC2,3138,45.6967,0.4552,5228,False
PTPN14,334,1.2411,0.4551,5229,False
TECPR1,2280,24.4786,0.4548,5230,False
TPM3P6,612,1.4565,0.4547,5231,False
ANKRD20A3,205,0.4019,0.4547,5232,False
TRIM34,832,11.1607,0.4546,5233,False
ZRSR1,879,5.9452,0.4545,5234,False
ZNF337,692,10.7033,0.4545,5235,False
SLC25A53,1372,12.5394,0.4541,5236,False
TBC1D7,1600,25.819,0.4541,5237,False
APOOL,254,1.9808,0.4539,5238,False
SYP,240,0.361,0.4538,5239,False
SYPL1,2923,70.4005,0.4537,5240,False
SERPING1,828,10.5483,0.4537,5241,False
ZNHIT3,2955,65.1429,0.4537,5242,False
LINC00243,244,1.9319,0.4536,5243,False
ZNF99,196,0.0517,0.4535,5244,False
ZNF2,637,3.1575,0.4534,5245,False
NRG4,196,0.9688,0.4528,5246,False
CCDC130,2311,44.1768,0.4527,5247,False
SNX32,412,2.2631,0.4527,5248,False
WDR25,717,9.1388,0.4526,5249,False
RP5-836N10.1,177,0.3963,0.4526,5250,False
PDE9A,223,1.7315,0.4526,5251,False
RSL24D1P11,173,0.1496,0.4523,5252,False
ZNF362,1400,5.9185,0.452,5253,False
DCAF13,2991,49.8461,0.452,5254,False
GEN1,1139,5.3218,0.4519,5255,False
AUTS2,1585,11.6998,0.4518,5256,False
LRP12,313,1.3271,0.4516,5257,False
RP11-364L4.1,1376,1.0633,0.4516,5258,False
RP11-192H23.7,284,0.4456,0.4515,5259,False
PEX11G,233,1.3966,0.4513,5260,False
KRT8P46,340,2.431,0.4513,5261,False
C14orf159,4435,63.6291,0.4513,5262,False
C5orf58,395,3.3182,0.4513,5263,False
ZNF436,288,2.7756,0.4512,5264,False
RPL39,13602,1485.0739,0.4511,5265,False
RP11-288H12.4,187,0.6831,0.4511,5266,False
MRPL33,3499,89.0142,0.4508,5267,False
FAM200A,619,4.6635,0.4508,5268,False
HMGCL,1490,26.4076,0.4507,5269,False
WEE1,1453,9.9934,0.4506,5270,False
AC013474.4,259,2.369,0.4505,5271,False
CCRN4L,1294,3.9148,0.4504,5272,False
SF3A3,3997,92.3743,0.4503,5273,False
ZNF432,582,5.4141,0.4502,5274,False
TUB,164,0.3299,0.4501,5275,False
RPL23AP12,203,0.147,0.4501,5276,False
C3AR1,1312,26.5013,0.4498,5277,False
GAREML,223,0.5072,0.4496,5278,False
RYR1,398,0.7783,0.4496,5279,False
TAPBPL,2771,57.2123,0.4496,5280,False
RP11-367G6.3,1581,12.4871,0.4495,5281,False
UPB1,198,0.8381,0.4494,5282,False
SRMP2,244,2.8291,0.4494,5283,False
PGBD2,706,9.2771,0.4493,5284,False
LPP-AS2,191,0.1181,0.4493,5285,False
HSDL1,794,11.1639,0.4492,5286,False
PPIL1,972,15.6568,0.449,5287,False
DNAJB7,193,0.8343,0.449,5288,False
KIN,1898,26.062,0.449,5289,False
DXO,2020,39.4648,0.4487,5290,False
TOMM40L,657,2.5293,0.4487,5291,False
RP11-214O1.3,777,5.2915,0.4486,5292,False
TPTE2P5,351,3.4372,0.4484,5293,False
HINT2,2248,46.0991,0.4483,5294,False
SNED1,778,5.2029,0.4479,5295,False
BUB1B,851,10.8916,0.4478,5296,False
SEC14L1,4328,72.138,0.4477,5297,False
EED,3258,60.0952,0.4477,5298,False
TMEM129,631,7.3867,0.4477,5299,False
PMS2,1196,6.2943,0.4476,5300,False
BANF1P3,543,8.1574,0.4476,5301,False
KTI12,900,16.114,0.4476,5302,False
FAM118A,3383,64.4486,0.4476,5303,False
SNX21,439,1.2806,0.4475,5304,False
INPP5A,302,1.6209,0.4475,5305,False
AP001442.2,212,1.4563,0.4472,5306,False
AKAP1,904,6.8737,0.447,5307,False
EAF1-AS1,681,2.1824,0.4469,5308,False
MVD,3027,53.5562,0.4467,5309,False
ZNF845,911,4.3167,0.4466,5310,False
CTU2,871,12.7902,0.4464,5311,False
RP6-99M1.2,573,7.0805,0.4462,5312,False
SLC51A,467,2.4794,0.4461,5313,False
SAMD3,4030,106.5953,0.4461,5314,False
UBXN7-AS1,191,0.4162,0.446,5315,False
BMS1P12,166,0.2385,0.4457,5316,False
IQCG,795,9.0903,0.4457,5317,False
CPSF3L,3848,80.5826,0.4456,5318,False
CTBP1-AS2,587,4.8219,0.4456,5319,False
RP3-324O17.4,465,3.6818,0.4456,5320,False
UBR7,2155,32.1346,0.4456,5321,False
RP11-166N17.3,205,1.7427,0.4454,5322,False
NMRAL1,2325,48.9381,0.4452,5323,False
ZBTB3,329,2.4589,0.4451,5324,False
RP13-188A5.1,363,3.0297,0.445,5325,False
RP11-156P1.3,540,2.8578,0.4446,5326,False
HSF2,1203,16.6875,0.4445,5327,False
FAM193B,1659,23.9395,0.4445,5328,False
ICA1L,564,2.9588,0.4444,5329,False
CTB-46B19.2,345,0.9656,0.4444,5330,False
ZNF597,728,11.5032,0.4443,5331,False
MB21D2,296,1.6253,0.4443,5332,False
AC069513.4,237,0.3245,0.4442,5333,False
PSMG4,1422,20.6359,0.4442,5334,False
RFWD2,1552,14.0277,0.4442,5335,False
PLAT,439,4.362,0.4442,5336,False
TRUB2,1404,18.5151,0.444,5337,False
TMEM69,1353,16.8807,0.4439,5338,False
BIRC3,9504,387.2361,0.4439,5339,False
MCM4,1458,21.7718,0.4438,5340,False
MAGED2,3157,81.8952,0.4436,5341,False
AC017035.2,422,4.6952,0.4435,5342,False
MAPK3,872,8.3624,0.4435,5343,False
XIAP,3644,45.8286,0.4433,5344,False
RP11-446N19.1,220,0.8472,0.4432,5345,False
STK11,624,3.1855,0.443,5346,False
STX1A,577,5.3771,0.4429,5347,False
EXOC6B,618,4.5615,0.4428,5348,False
THADA,3301,38.0767,0.4428,5349,False
JPX,2496,40.7357,0.4426,5350,False
CPSF1,3823,54.5345,0.4426,5351,False
RP11-1191J2.5,259,2.8028,0.4425,5352,False
UNC5CL,160,0.979,0.4423,5353,False
FAM172A,2907,34.9897,0.4423,5354,False
RNF139,1802,30.7392,0.4423,5355,False
SLC5A6,2251,29.5471,0.4422,5356,False
RNF170,1316,13.136,0.4421,5357,False
KLHL14,166,1.5889,0.442,5358,False
GPN3,1179,18.6305,0.442,5359,False
LINC00476,1238,15.6773,0.4419,5360,False
TMEM9B-AS1,547,3.5374,0.4418,5361,False
RNU6-42P,171,0.9459,0.4417,5362,False
DFNA5,493,4.106,0.4416,5363,False
GOLM1,443,3.6523,0.4416,5364,False
ST7-OT4,309,1.7677,0.4413,5365,False
AC073046.25,223,1.753,0.4411,5366,False
ATP5SL,1799,34.783,0.4409,5367,False
SYVN1,3396,63.4681,0.4406,5368,False
RFX3,1657,19.9853,0.4405,5369,False
FAM86A,1083,9.6481,0.4403,5370,False
AP000350.5,183,0.5375,0.4403,5371,False
PSMG3,2551,53.4332,0.4403,5372,False
RCN3,272,1.818,0.4403,5373,False
RIMKLB,1079,14.5586,0.4402,5374,False
PPARG,302,2.0639,0.4402,5375,False
USP46,571,4.1638,0.4398,5376,False
GLDC,569,7.1668,0.4395,5377,False
ZNF266,2937,56.8349,0.4394,5378,False
TNFAIP8L2,982,15.3517,0.4392,5379,False
SEMA4B,716,6.3714,0.4391,5380,False
RP5-894A10.2,470,4.6892,0.4391,5381,False
VDAC3,4212,129.3393,0.4388,5382,False
RP11-418J17.1,941,6.6369,0.4388,5383,False
MMEL1,675,4.7617,0.4388,5384,False
RP11-103H7.5,212,1.3676,0.4387,5385,False
NDUFB1,3269,80.4565,0.4387,5386,False
WDR18,1995,44.0366,0.4386,5387,False
TUT1,1439,19.7059,0.4386,5388,False
IFT122,971,7.4473,0.4385,5389,False
RP11-589P10.5,263,3.1612,0.4385,5390,False
P4HTM,1382,25.2543,0.4385,5391,False
NRBP2,235,1.6382,0.4383,5392,False
CCDC73,515,0.4937,0.4382,5393,False
RP5-1115A15.1,179,1.1772,0.4379,5394,False
PEX5,297,2.3784,0.4378,5395,False
SIPA1,2582,44.9987,0.4376,5396,False
TDRD7,563,4.5816,0.4376,5397,False
RPL4P3,2319,0.4965,0.4375,5398,False
ZNF836,657,7.6534,0.4374,5399,False
FUNDC1,626,9.9668,0.437,5400,False
USP8,4079,70.4843,0.437,5401,False
RP11-1024P17.1,240,2.2914,0.4368,5402,False
FDPS,3609,105.8612,0.4368,5403,False
MRPS18AP1,482,7.064,0.4366,5404,False
RP11-553L6.5,518,3.8216,0.4365,5405,False
CUEDC2,3006,75.1822,0.4365,5406,False
CCDC132,1159,13.5528,0.4365,5407,False
DTNB,2070,29.4312,0.4364,5408,False
ZNF788,602,0.5697,0.4364,5409,False
RSPRY1,2788,35.7441,0.4362,5410,False
DZANK1,377,2.2513,0.4361,5411,False
GLRX2,791,12.2709,0.436,5412,False
ALDH1L2,279,0.4637,0.436,5413,False
SACS,1283,10.7119,0.4358,5414,False
PQLC2,633,6.7452,0.4358,5415,False
RP11-289H16.1,189,0.5362,0.4357,5416,False
RP11-225H22.7,217,0.7419,0.4356,5417,False
TBC1D1,2335,27.0232,0.4355,5418,False
ZNF785,359,1.9978,0.4354,5419,False
TMEM106B,2223,28.5516,0.4353,5420,False
HIST1H2AJ,232,2.5257,0.4353,5421,False
ZNF200,996,10.9753,0.4353,5422,False
FAM174B,406,3.8593,0.4352,5423,False
TRGC2,4016,169.7622,0.4351,5424,False
ALDOA,12540,1100.4044,0.4351,5425,False
ZNF75A,1716,22.4411,0.4351,5426,False
ETHE1,2492,63.9326,0.4349,5427,False
BAIAP2L1,263,1.3241,0.4348,5428,False
METTL23,3403,95.0696,0.4347,5429,False
SFXN4,1187,19.1276,0.4347,5430,False
BAIAP3,296,1.6931,0.4346,5431,False
MTMR9LP,203,0.8151,0.4346,5432,False
GOSR2,2576,45.1579,0.4345,5433,False
SMARCD1,1538,13.3371,0.4344,5434,False
BOLA3,1626,28.1756,0.4344,5435,False
ZNF180,447,5.2911,0.4344,5436,False
RP11-274B21.1,1452,8.1463,0.4343,5437,False
SLC35A1,1466,19.6242,0.4342,5438,False
LENG8-AS1,329,3.6086,0.4339,5439,False
KLHDC4,3659,41.6262,0.4339,5440,False
INSIG1,3940,79.5478,0.4338,5441,False
LANCL3,411,1.1881,0.4336,5442,False
SELL,5031,214.6705,0.4336,5443,False
TFAP2E,181,1.0314,0.4335,5444,False
CATSPER1,201,1.3475,0.4331,5445,False
ORM2,268,0.8981,0.4329,5446,False
CROT,663,8.266,0.4329,5447,False
SUOX,782,9.7179,0.4326,5448,False
AC069547.1,272,2.6031,0.4325,5449,False
ASAH1,3301,82.5581,0.4324,5450,False
GALNT11,2500,29.9359,0.4324,5451,False
KLHDC1,461,4.1885,0.4322,5452,False
SDR39U1,4758,124.3939,0.4322,5453,False
MAP3K14-AS1,1545,14.2232,0.4314,5454,False
ERAL1,1506,27.3656,0.4313,5455,False
GOLPH3L,1118,13.8182,0.4312,5456,False
RAB27A,5564,132.0699,0.4312,5457,False
AP001258.4,616,8.6759,0.431,5458,False
MOGS,1153,11.8369,0.4309,5459,False
HDAC9,1292,14.6072,0.4307,5460,False
ZNF641,692,5.9906,0.4307,5461,False
LINC00893,1176,8.4913,0.4306,5462,False
USP28,2055,26.8136,0.4305,5463,False
GTF3C5,2401,39.618,0.4303,5464,False
CCDC167,2290,58.5078,0.4303,5465,False
SYT2,182,0.2359,0.4303,5466,False
NAA20,2857,70.77,0.43,5467,False
C22orf39,3007,45.9122,0.43,5468,False
HOMER3,233,1.2236,0.43,5469,False
CCDC59,3057,73.3724,0.4299,5470,False
RP11-713M15.1,171,0.5075,0.4299,5471,False
ADCY10P1,402,2.0396,0.4298,5472,False
RP11-242D8.1,300,0.8445,0.4296,5473,False
PTPN13,597,3.8262,0.4296,5474,False
RPS29,14422,1632.1252,0.4294,5475,False
NCOA7,3206,40.0197,0.4294,5476,False
CTD-2341M24.1,586,4.4905,0.4294,5477,False
PLCL1,161,0.6922,0.4293,5478,False
PARL,2658,54.6281,0.4288,5479,False
PCNXL2,3676,43.3462,0.4284,5480,False
TCEAL8,1640,29.4328,0.4283,5481,False
DDX41,2200,40.079,0.4283,5482,False
MID1IP1,567,0.4031,0.4282,5483,False
RP11-498C9.16,286,1.4083,0.4282,5484,False
SPIRE2,309,1.0246,0.4282,5485,False
PLEKHN1,354,2.8778,0.428,5486,False
RPS15A,15110,2190.5982,0.4279,5487,False
RP11-18I14.10,1723,20.3984,0.4277,5488,False
CPD,2513,26.5139,0.4275,5489,False
UTP18,2761,47.4141,0.4275,5490,False
MANBAL,818,11.1401,0.4275,5491,False
INTS12,1300,20.6548,0.4275,5492,False
DDX3YP1,375,4.1589,0.4274,5493,False
HIST1H2AD,424,4.6317,0.4272,5494,False
RNF24,1229,12.0049,0.427,5495,False
COX10-AS1,1324,16.7667,0.4269,5496,False
NTPCR,2185,28.447,0.4267,5497,False
IL4R,4086,27.7902,0.4266,5498,False
RILP,199,1.0713,0.4266,5499,False
ASB14,232,0.3567,0.4263,5500,False
MLST8,1597,27.1686,0.4263,5501,False
BID,2816,65.162,0.426,5502,False
RP11-941H19.2,456,0.2107,0.4259,5503,False
CTC-523E23.11,633,9.301,0.4259,5504,False
DNAJB4,2506,34.882,0.4257,5505,False
RP11-85K15.2,443,4.4442,0.4256,5506,False
NUP107,2562,44.084,0.4255,5507,False
TSPAN2,712,11.0596,0.4254,5508,False
MPRIP,3978,45.5108,0.4252,5509,False
C12orf55,1269,0.9618,0.4252,5510,False
RP11-762H8.2,205,1.6183,0.4249,5511,False
TADA1,1087,17.6233,0.4248,5512,False
ASTE1,1383,17.6519,0.4245,5513,False
SLC12A6,1450,8.4348,0.4244,5514,False
SH2B2,190,0.8244,0.4244,5515,False
TSPAN18,183,0.7692,0.4244,5516,False
ENTPD4,4140,63.9362,0.4243,5517,False
RP11-404F10.2,190,0.8377,0.4243,5518,False
DNAJC17,1647,28.9378,0.4243,5519,False
VDAC1P4,161,0.0907,0.4241,5520,False
TOM1L1,174,0.4583,0.424,5521,False
RP11-4F22.2,493,3.3992,0.424,5522,False
LYSMD4,479,5.2825,0.4237,5523,False
GLDN,173,0.5436,0.4237,5524,False
CLEC18A,189,0.7466,0.4235,5525,False
PTCHD3P1,991,10.8587,0.4232,5526,False
CAMKMT,922,11.4389,0.4231,5527,False
LTB,4740,186.2148,0.4231,5528,False
LILRB5,838,1.5308,0.423,5529,False
TARS2,1483,21.2465,0.4229,5530,False
DNAJB5,302,1.8378,0.4228,5531,False
GAS5,9832,646.7737,0.4226,5532,False
COPS8,2754,51.9812,0.4226,5533,False
INPP5K,2991,53.7869,0.4223,5534,False
INSIG2,1762,20.7985,0.4222,5535,False
HERPUD1,9247,466.7332,0.4222,5536,False
MTIF2,2393,19.197,0.4222,5537,False
DIABLO,3497,85.0008,0.4221,5538,False
RP11-461L13.2,267,2.6498,0.4221,5539,False
PHGDH,543,6.891,0.4221,5540,False
AC006129.2,3652,61.5151,0.4218,5541,False
CLNS1A,5019,145.7465,0.4217,5542,False
RPL23A,15555,2678.4313,0.4217,5543,False
RWDD4P1,819,2.5088,0.4217,5544,False
RP5-1099D15.1,964,1.2536,0.4216,5545,False
ITGAD,394,4.0887,0.4216,5546,False
LDHA,11853,797.2731,0.4216,5547,False
ASPN,196,0.5387,0.4215,5548,False
RP11-553L6.3,200,0.8592,0.4215,5549,False
KAT8,901,10.826,0.4214,5550,False
PGAM1P5,200,0.0567,0.4213,5551,False
ZBTB26,442,4.3006,0.4213,5552,False
RPL39L,1034,14.7145,0.4211,5553,False
SIRT7,1234,16.8041,0.421,5554,False
OSGEPL1,831,8.0081,0.4209,5555,False
TMEM180,1138,8.1768,0.4208,5556,False
PRKAG1,2593,58.499,0.4207,5557,False
RP11-761I4.4,421,1.9062,0.4207,5558,False
TMC4,283,1.0001,0.4206,5559,False
RP11-343H5.4,2199,10.3998,0.4204,5560,False
PITPNM2,963,6.9184,0.4202,5561,False
LINC00854,949,11.6083,0.42,5562,False
RP11-583F2.5,383,2.5895,0.42,5563,False
TP53I11,1987,29.0852,0.4199,5564,False
PSMG3-AS1,528,2.3373,0.4199,5565,False
ZNF786,584,4.79,0.4199,5566,False
JAM3,386,2.4153,0.4197,5567,False
CTC-205M6.5,284,1.127,0.4196,5568,False
GTF2IRD2,971,6.6731,0.4193,5569,False
WIPF3,250,1.9011,0.4193,5570,False
ATP6V0A1,1432,15.8112,0.4192,5571,False
AC006116.27,161,0.9699,0.4192,5572,False
PKIA,640,5.8832,0.419,5573,False
H2AFZ,8169,448.7017,0.419,5574,False
ZNF273,1196,6.7845,0.4189,5575,False
JMJD6,4625,121.8417,0.4187,5576,False
PTGES2,1062,13.0459,0.4184,5577,False
EIF2B2,1405,26.1506,0.418,5578,False
CYB5D1,654,6.9676,0.4179,5579,False
RP11-324E6.6,205,0.4419,0.4176,5580,False
AC020910.2,186,1.5127,0.4175,5581,False
AC135048.13,273,1.5114,0.4174,5582,False
POLR2G,4406,137.5602,0.4171,5583,False
YARS2,1242,20.2874,0.4171,5584,False
RP11-706O15.5,303,1.2586,0.4171,5585,False
ARSG,1685,16.4427,0.417,5586,False
MOCS3,393,3.4598,0.4169,5587,False
PKNOX1,1572,19.9559,0.4167,5588,False
CA11,433,3.7657,0.4166,5589,False
TNFSF13,1319,24.8515,0.4166,5590,False
CDK9,1374,16.3323,0.4165,5591,False
C4A,273,1.5646,0.4164,5592,False
PLAG1,272,1.6465,0.4163,5593,False
ACTR6,1582,27.9607,0.4162,5594,False
PLCG1,3691,54.2974,0.4162,5595,False
WARS2,1371,21.0199,0.416,5596,False
GOLGA8O,167,0.565,0.4159,5597,False
STRA13,2937,78.6026,0.4158,5598,False
THYN1,3031,78.9306,0.4158,5599,False
TTI2,1101,12.6154,0.4158,5600,False
NEU3,740,7.4384,0.4157,5601,False
RP5-837M10.4,190,0.7578,0.4156,5602,False
SYTL2,2678,43.5557,0.4156,5603,False
FAM86DP,565,2.767,0.4154,5604,False
BTNL9,172,1.431,0.4153,5605,False
TRIB3,598,9.2028,0.4152,5606,False
ATAT1,816,9.6516,0.4152,5607,False
CTD-2024I7.13,465,1.935,0.4152,5608,False
CHEK2,858,8.5507,0.415,5609,False
PAQR4,507,2.2695,0.415,5610,False
CCDC14,2598,25.3036,0.4147,5611,False
ZNF532,910,4.4797,0.4145,5612,False
KDELC1,205,1.7242,0.4144,5613,False
C1QTNF6,516,5.0802,0.4143,5614,False
RBPJP2,427,0.0918,0.4143,5615,False
HEATR5A,1461,13.0804,0.4142,5616,False
TMEM243,3929,99.2983,0.4141,5617,False
AL356740.1,354,3.8376,0.4141,5618,False
CHRNB1,563,6.1925,0.4141,5619,False
RPGR,922,8.3962,0.4141,5620,False
SYCE1L,200,1.6095,0.4139,5621,False
CPSF4,935,9.5903,0.4135,5622,False
NARS,3588,67.3482,0.4134,5623,False
AC093673.5,600,8.8954,0.4134,5624,False
LINC00852,551,6.3321,0.4132,5625,False
FDXACB1,415,3.9321,0.4132,5626,False
ITPKC,210,1.2305,0.4131,5627,False
RP11-290L1.4,404,1.733,0.413,5628,False
KDM3A,2354,27.9686,0.413,5629,False
PLN,245,0.7077,0.4129,5630,False
RP11-589N15.2,307,3.4802,0.4128,5631,False
DNAJC24,907,8.5831,0.4128,5632,False
NUP93,3233,62.446,0.4127,5633,False
ACACB,661,3.9972,0.4127,5634,False
EMP2,199,0.8123,0.4126,5635,False
METTL21B,376,2.1627,0.4125,5636,False
NIPSNAP3B,277,1.4482,0.4124,5637,False
CEP89,962,10.5769,0.4122,5638,False
UBA5,1942,26.538,0.4122,5639,False
PYGM,200,1.1158,0.412,5640,False
JHDM1D-AS1,197,1.0812,0.4119,5641,False
DBF4,3028,49.3337,0.4119,5642,False
CCDC104,1651,26.6436,0.4117,5643,False
CTD-2012J19.3,215,0.442,0.4116,5644,False
HYI,599,6.5388,0.4116,5645,False
RP11-540B6.6,304,2.4963,0.4113,5646,False
CASP1,3983,108.1381,0.4112,5647,False
SPICE1,1264,13.6236,0.4112,5648,False
RP11-415F23.3,689,9.093,0.4111,5649,False
HNRNPA3P9,166,0.9365,0.4111,5650,False
RP11-29G8.3,1241,1.4966,0.4109,5651,False
NAPSA,765,4.798,0.4109,5652,False
RP11-439L18.1,204,1.0592,0.4108,5653,False
AP004289.2,172,1.4237,0.4107,5654,False
ZFP30,565,4.5701,0.4106,5655,False
RP11-31F15.1,712,7.4195,0.4106,5656,False
EMG1,2862,42.8039,0.4106,5657,False
CTA-228A9.3,356,2.6353,0.4104,5658,False
TADA2A,1003,12.3072,0.4104,5659,False
THUMPD3,1968,25.7216,0.4099,5660,False
RSAD1,996,15.9324,0.4099,5661,False
CTB-133G6.2,170,0.5479,0.4099,5662,False
RP11-56G10.2,1008,8.0503,0.4097,5663,False
LAMP3,648,5.5572,0.4096,5664,False
USP11,5669,129.5753,0.4096,5665,False
KBTBD3,783,11.3516,0.4095,5666,False
SNORA32,181,2.1665,0.4095,5667,False
ZNF35,227,2.1575,0.4092,5668,False
KLHL11,666,8.8852,0.4091,5669,False
PIGW,517,5.0359,0.4089,5670,False
RP11-254B13.4,3054,33.1169,0.4088,5671,False
RP11-780K2.1,191,0.9537,0.4086,5672,False
HAUS4,2202,30.9735,0.4086,5673,False
RP11-215G15.5,172,1.1907,0.4084,5674,False
RP11-474G23.2,763,9.0324,0.4084,5675,False
POTEM,410,0.0823,0.4081,5676,False
EXOSC9,2984,51.0884,0.4078,5677,False
SHC4,223,1.036,0.4078,5678,False
PDRG1,1257,20.5509,0.4077,5679,False
RP11-497H16.4,292,0.9111,0.4076,5680,False
AC093616.4,2716,22.2052,0.4072,5681,False
RP11-801F7.1,209,1.3003,0.4072,5682,False
LMO2,203,0.8185,0.4072,5683,False
MCFD2,2341,33.3153,0.4069,5684,False
PYCRL,526,6.0669,0.4069,5685,False
RPL38,12314,1030.3147,0.4066,5686,False
PGBD1,251,1.489,0.4065,5687,False
LINC00662,807,8.7488,0.4065,5688,False
TP53I13,2737,49.917,0.4063,5689,False
OCIAD2,4262,136.8012,0.4063,5690,False
COQ5,1548,26.5926,0.4062,5691,False
PSMC3IP,578,5.7143,0.4062,5692,False
PMM1,2085,38.6365,0.4061,5693,False
P2RX7,1257,14.77,0.4061,5694,False
DET1,377,2.3601,0.4061,5695,False
RP11-499P20.2,825,5.9964,0.4061,5696,False
CTD-2509G16.5,204,0.9142,0.406,5697,False
RND3,170,0.7961,0.4059,5698,False
GAPDHP68,312,0.0707,0.4059,5699,False
FARP1,514,2.5041,0.4058,5700,False
TELO2,1904,28.1643,0.4056,5701,False
MT1P3,259,2.3558,0.4054,5702,False
RP11-2H8.2,173,1.1606,0.4051,5703,False
GEMIN6,846,10.0922,0.405,5704,False
ZNF263,1018,8.5303,0.405,5705,False
CRTAP,3155,57.0772,0.4048,5706,False
NT5DC2,382,3.1615,0.4047,5707,False
RP11-30K9.6,547,0.2409,0.4046,5708,False
RPGRIP1L,399,2.9987,0.4046,5709,False
CASK,1411,10.5225,0.4046,5710,False
PMP22,684,9.5957,0.4046,5711,False
INIP,2054,21.6056,0.4045,5712,False
FHIT,799,8.1543,0.4042,5713,False
PHYH,1479,17.5799,0.404,5714,False
ACY1,911,14.0245,0.4039,5715,False
NAT1,508,5.6537,0.4038,5716,False
ZKSCAN2,175,0.5171,0.4037,5717,False
ST5,220,1.1018,0.4036,5718,False
AL162497.1,227,2.4296,0.4035,5719,False
LA16c-390E6.4,176,1.0744,0.4035,5720,False
F5,1061,9.5459,0.4032,5721,False
TIA1,5373,110.4898,0.4032,5722,False
CTC-534A2.2,382,4.6752,0.4032,5723,False
PKIB,394,4.1237,0.4032,5724,False
CSTF1,1623,26.2906,0.4032,5725,False
LILRA2,779,7.9184,0.4029,5726,False
PABPC1P1,468,4.2973,0.4028,5727,False
OLFML2B,390,3.8272,0.4025,5728,False
MAN1C1,781,4.7895,0.4024,5729,False
CRYL1,1089,15.8974,0.4023,5730,False
CABLES1,211,0.6712,0.4023,5731,False
NDUFAF2,1269,15.9634,0.4022,5732,False
PSMD10,2177,42.2773,0.4021,5733,False
TNKS1BP1,285,1.7779,0.402,5734,False
LINC00526,185,1.8992,0.402,5735,False
LMCD1,847,14.6564,0.4019,5736,False
RP11-390F4.8,2875,32.8107,0.4017,5737,False
TMEM194B,1504,13.8578,0.4016,5738,False
CSPG4P8,237,0.1286,0.4016,5739,False
FAAH2,1634,18.8946,0.4015,5740,False
SLC25A43,408,3.5807,0.4014,5741,False
NAA15,3966,47.2393,0.4012,5742,False
ARG1,208,1.05,0.4011,5743,False
RP11-146F11.1,1315,1.5921,0.4008,5744,False
TUBG2,1304,11.5576,0.4008,5745,False
MARK2P8,381,3.6513,0.4008,5746,False
AC104135.3,194,1.1928,0.4007,5747,False
PPIH,2243,38.174,0.4006,5748,False
G2E3,2335,24.5663,0.4004,5749,False
MFGE8,865,5.242,0.4002,5750,False
PLD2,1081,14.2141,0.4001,5751,False
RP11-344N10.5,210,0.8001,0.4,5752,False
NECAP1,2660,48.4709,0.3998,5753,False
RP11-50E11.3,342,0.8361,0.3997,5754,False
INO80C,1307,19.7507,0.3997,5755,False
PHLPP1,462,1.714,0.3995,5756,False
ARSD,602,3.9759,0.3994,5757,False
BCORP1,456,3.5629,0.3994,5758,False
IDE,2114,23.4914,0.3993,5759,False
HSF5,250,1.4052,0.3988,5760,False
TP53BP2,1618,15.7351,0.3988,5761,False
RP11-247L20.4,333,1.5234,0.3986,5762,False
MNDA,1219,21.498,0.3986,5763,False
CCR6,1242,15.2016,0.3985,5764,False
SYNGAP1,966,4.9204,0.3984,5765,False
C14orf93,679,8.6295,0.3983,5766,False
POLE,1497,15.6664,0.3983,5767,False
SIRT5,854,10.7324,0.3982,5768,False
NPC2,3580,166.1624,0.3979,5769,False
RCL1,1222,17.9539,0.3979,5770,False
PXMP2,321,2.6734,0.3979,5771,False
TRMU,1971,29.7077,0.3978,5772,False
TMEM66,14245,1100.5296,0.3976,5773,False
RBM18,2481,38.4735,0.3974,5774,False
ZNF611,2492,21.6029,0.3974,5775,False
PHF1,2708,35.8206,0.3973,5776,False
RP11-504P24.4,510,2.2535,0.3972,5777,False
UBTD2,178,0.7406,0.3967,5778,False
COG1,2721,32.0502,0.3967,5779,False
RALGPS1,640,4.1244,0.3966,5780,False
FOXRED1,1342,15.4595,0.3964,5781,False
MTSS1,2561,38.2084,0.3959,5782,False
QRICH1,5129,81.7616,0.3957,5783,False
PRKAB1,1890,32.5888,0.3956,5784,False
AP001432.14,235,2.1006,0.3955,5785,False
EVC,463,2.0766,0.3955,5786,False
XXYLT1,1060,8.4079,0.3954,5787,False
LCAT,450,3.706,0.3952,5788,False
MON1A,637,7.144,0.395,5789,False
NEK4,1291,12.8341,0.3948,5790,False
FNTB,982,6.5141,0.3946,5791,False
RP1-90J20.12,394,0.9645,0.3946,5792,False
RP5-1053E7.3,508,0.3197,0.3946,5793,False
FARP2,1786,17.7435,0.3945,5794,False
RP11-1094M14.4,1470,30.251,0.3944,5795,False
KNSTRN,687,9.7566,0.3943,5796,False
RNU4-25P,300,3.9076,0.3942,5797,False
PC,463,2.0032,0.3942,5798,False
PHKG1,209,1.1577,0.3941,5799,False
RP11-198M6.2,181,0.0697,0.3941,5800,False
ERCC6,1008,8.6638,0.3937,5801,False
ST6GALNAC2,634,1.154,0.3936,5802,False
PNMA3,225,2.4191,0.3936,5803,False
RPSAP55,221,0.0706,0.3935,5804,False
RP1-30M3.5,505,4.323,0.3934,5805,False
ARID4B-IT1,378,5.6966,0.3933,5806,False
CTD-3065J16.9,302,1.2249,0.393,5807,False
FANCL,2327,23.3861,0.3929,5808,False
RP11-15M15.1,164,0.7743,0.3929,5809,False
COPS3,3334,89.03,0.3925,5810,False
ZNF66,1250,8.6317,0.3924,5811,False
ANKMY1,1687,18.3577,0.3924,5812,False
NUBPL,967,10.5529,0.3923,5813,False
YIPF2,1399,10.3607,0.3923,5814,False
DERL3,884,12.9494,0.3923,5815,False
EBAG9,1427,21.8406,0.3918,5816,False
CAPG,3252,160.293,0.3917,5817,False
RNF41,1847,28.6519,0.3916,5818,False
NUDT1,1818,37.7636,0.3916,5819,False
INCENP,512,4.7816,0.3912,5820,False
CHMP3,3060,59.3278,0.3911,5821,False
EXPH5,214,0.7186,0.3909,5822,False
ZNF841,866,6.2313,0.3907,5823,False
CTB-31O20.9,335,0.2871,0.3906,5824,False
NFIL3,1027,12.884,0.3906,5825,False
SGSM1,194,0.5474,0.3905,5826,False
IFT20,1780,31.8943,0.3905,5827,False
ZNF627,901,9.574,0.3905,5828,False
GNAL,461,0.8395,0.3904,5829,False
AC098824.6,302,0.1176,0.3901,5830,False
POGZ,3840,30.342,0.3901,5831,False
PFN1P5,379,3.7476,0.3899,5832,False
MED21,1942,35.4602,0.3899,5833,False
ATP11C,843,6.8639,0.3899,5834,False
FAR1,2591,28.7085,0.3898,5835,False
RP11-325P15.2,528,0.6356,0.3897,5836,False
RPAP1,1663,26.0508,0.3894,5837,False
RP4-647J21.1,659,4.8819,0.389,5838,False
ZWINT,1039,18.1922,0.389,5839,False
RPL8,15070,2231.2871,0.3888,5840,False
ELP3,1900,27.4693,0.3888,5841,False
GSS,2065,38.8135,0.3886,5842,False
GPR35,740,8.8449,0.3882,5843,False
PPFIA1,1797,15.8927,0.3877,5844,False
VPS33B,1009,15.5998,0.3876,5845,False
AL358813.2,385,3.4691,0.3875,5846,False
WASH5P,4329,39.4266,0.3874,5847,False
FAM174A,771,11.5833,0.3873,5848,False
ARMC10,675,4.2177,0.3873,5849,False
SNRNP35,2164,37.3487,0.3872,5850,False
CTLA4,5225,177.9999,0.3872,5851,False
AHI1,4041,68.5095,0.3872,5852,False
GK3P,1354,1.1619,0.3869,5853,False
POLR1E,1301,18.3344,0.3867,5854,False
MAML3,601,1.643,0.386,5855,False
AP2A2,2509,13.6867,0.3858,5856,False
EXOSC5,1307,23.731,0.3857,5857,False
KB-1027C11.4,280,0.5441,0.3856,5858,False
LL0XNC01-237H1.2,199,2.1988,0.3855,5859,False
ZEB1,2812,35.3858,0.3854,5860,False
VPS45,2021,34.1653,0.3853,5861,False
SFXN1,5781,109.4527,0.3852,5862,False
MRPL45,1432,22.1589,0.3849,5863,False
C12orf73,653,6.5366,0.3848,5864,False
USP40,1161,11.7738,0.3847,5865,False
RP11-231C14.6,272,0.9625,0.3846,5866,False
GID4,291,1.6482,0.3845,5867,False
UPP1,3306,77.9709,0.3843,5868,False
RP5-1000K24.2,299,2.0305,0.3843,5869,False
FBXL2,278,0.9485,0.3843,5870,False
PPP1R16A,572,4.7109,0.3842,5871,False
INO80,1402,8.3597,0.3841,5872,False
TGDS,1228,15.3277,0.3841,5873,False
ATP1A3,573,3.38,0.3839,5874,False
RPS13,14462,1779.789,0.3836,5875,False
FAM203A,312,2.219,0.3836,5876,False
AC104820.2,1885,19.9355,0.3835,5877,False
BCL6,4075,70.6082,0.3834,5878,False
SCRIB,455,4.6741,0.3832,5879,False
TUFT1,486,3.8821,0.3831,5880,False
MRPL21,2427,53.0974,0.383,5881,False
WRAP53,929,9.5551,0.3829,5882,False
AGPAT2,1201,17.7984,0.3829,5883,False
HOTAIRM1,1004,12.588,0.3827,5884,False
FAM65A,2895,45.1005,0.3826,5885,False
MEMO1,3028,38.7924,0.3826,5886,False
ZNF624,327,2.8187,0.3825,5887,False
ZNF568,1328,13.5404,0.3825,5888,False
P2RY14,652,6.424,0.3825,5889,False
ZDHHC13,1649,19.1005,0.3822,5890,False
NFIA,723,4.5777,0.3822,5891,False
ALG14,672,3.3443,0.382,5892,False
MDGA1,574,2.6329,0.3817,5893,False
GAB2,1212,8.569,0.3816,5894,False
DOC2A,337,0.213,0.3815,5895,False
RP11-514P8.7,207,0.5659,0.3815,5896,False
PNP,3042,67.8764,0.381,5897,False
CDRT4,597,6.009,0.3806,5898,False
AGFG1,1990,16.6413,0.3806,5899,False
LCLAT1,2225,18.7026,0.3802,5900,False
AL450992.2,249,1.9789,0.3802,5901,False
PINX1,1036,13.9224,0.3799,5902,False
RPL5P24,1884,0.7518,0.3797,5903,False
C12orf60,313,1.9755,0.3797,5904,False
DCTN2,4622,108.3615,0.3794,5905,False
C4orf33,1594,18.7306,0.3793,5906,False
SLC6A16,363,2.3086,0.3793,5907,False
GRAMD3,1055,11.6471,0.3792,5908,False
EXOSC7,2328,43.9168,0.3791,5909,False
ZNF638,6076,106.1742,0.3786,5910,False
ZNF70,161,0.4692,0.3786,5911,False
CCDC112,476,3.2259,0.3786,5912,False
CELF6,217,0.4704,0.3784,5913,False
C1RL-AS1,1250,12.6189,0.3781,5914,False
MKL2,1214,9.5679,0.3781,5915,False
ZNF189,641,2.3668,0.3781,5916,False
ARMCX3,2311,36.3738,0.3779,5917,False
TASP1,1292,18.1253,0.3777,5918,False
POLR3E,5638,119.0304,0.3776,5919,False
C14orf80,603,4.4786,0.3773,5920,False
NLRP12,181,0.4398,0.3772,5921,False
ZNF7,2051,31.1221,0.3771,5922,False
TMTC2,350,1.248,0.377,5923,False
BCAS2P2,775,6.6578,0.377,5924,False
PPFIBP2,791,6.9343,0.3769,5925,False
RPL17P25,270,0.14,0.3768,5926,False
RP4-773N10.4,185,1.4369,0.3766,5927,False
RABEPK,1057,14.5244,0.3765,5928,False
MTAP,1279,15.906,0.3765,5929,False
RP11-282O18.3,267,0.8238,0.3765,5930,False
LGALS8,4188,69.4551,0.3765,5931,False
TBCD,4710,172.0472,0.3765,5932,False
TM2D3,2725,61.3923,0.3764,5933,False
ELAC2,3027,52.5677,0.3763,5934,False
CALM1,14849,1474.5949,0.3763,5935,False
RP4-569M23.4,447,6.4037,0.3762,5936,False
RPL18AP16,409,0.1925,0.376,5937,False
TSPAN31,2460,34.6804,0.376,5938,False
TMEM121,216,1.8528,0.3754,5939,False
ANGEL2,3007,36.734,0.3753,5940,False
RAB20,901,13.1542,0.3751,5941,False
XPNPEP3,1659,9.9799,0.3749,5942,False
ARRDC4,195,0.5608,0.3748,5943,False
SAMD10,629,8.6265,0.3746,5944,False
BAG2,1043,8.5809,0.3746,5945,False
FTH1P4,1920,10.0828,0.3742,5946,False
ST20,541,7.1585,0.3739,5947,False
RP11-254B13.3,517,2.6673,0.3739,5948,False
FDXR,753,10.4866,0.3739,5949,False
CEP128,1324,13.5254,0.3739,5950,False
PRKAR2B,192,0.5293,0.3737,5951,False
RP11-715F3.2,174,1.2308,0.3737,5952,False
RBP5,248,0.9085,0.3737,5953,False
DCLRE1CP1,235,0.3695,0.3735,5954,False
NTMT1,2450,44.971,0.3734,5955,False
MTMR11,308,1.8461,0.3734,5956,False
RPL5P23,3486,4.0264,0.3734,5957,False
TATDN3,1372,21.86,0.3733,5958,False
MRAS,311,0.9962,0.3733,5959,False
TMEM68,1120,13.5275,0.373,5960,False
HNRNPA1P54,708,0.0656,0.373,5961,False
RAB11A,4057,103.2017,0.3727,5962,False
CD244,1956,34.141,0.3726,5963,False
RP11-384C4.6,830,13.5725,0.372,5964,False
RP11-402J7.2,275,2.0227,0.3718,5965,False
AP000476.1,819,5.1102,0.3717,5966,False
ANKRD22,568,6.5733,0.3716,5967,False
GGCT,1717,29.4324,0.3715,5968,False
NOSIP,3575,96.164,0.3714,5969,False
CTD-2545M3.2,551,4.3458,0.3714,5970,False
GPR75,288,1.8691,0.3713,5971,False
UBE2E1,1012,9.9497,0.3712,5972,False
NCK1,3092,53.6055,0.3711,5973,False
PDIA5,281,1.5205,0.371,5974,False
PRADC1,702,8.9813,0.371,5975,False
APPL2,1868,10.3173,0.3708,5976,False
DNAJB13,216,0.4747,0.3708,5977,False
VPS25,2433,53.4195,0.3708,5978,False
SRP19,3838,92.5413,0.3707,5979,False
TRIM25,3470,37.4034,0.3707,5980,False
NICN1,968,11.0609,0.3703,5981,False
POTEG,1079,0.0887,0.3702,5982,False
GNPTAB,3529,23.4949,0.3701,5983,False
CASP5,251,0.72,0.37,5984,False
VENTX,235,0.5097,0.37,5985,False
SCD5,283,1.7433,0.3698,5986,False
MAP3K8,4629,75.3404,0.3698,5987,False
TMEM37,203,1.3998,0.3697,5988,False
TAOK3,5020,90.7183,0.3697,5989,False
DHRS13,339,3.5347,0.3697,5990,False
RP11-678B3.2,160,0.1891,0.3697,5991,False
DICER1,2306,17.6966,0.3696,5992,False
AMOTL1,168,0.3087,0.3694,5993,False
DCUN1D2,613,5.3729,0.3693,5994,False
CTD-2583A14.8,224,1.1548,0.3693,5995,False
CTD-2301A4.5,406,3.1229,0.3692,5996,False
RHPN1,396,3.3842,0.3691,5997,False
CD226,1785,30.8382,0.3689,5998,False
AC016747.3,409,3.4215,0.3687,5999,False
ZZZ3,2043,26.1232,0.3686,6000,False
RP11-34P13.16,240,1.207,0.3685,6001,False
GTF2E1,909,11.2608,0.3683,6002,False
AC007383.4,183,0.9997,0.3682,6003,False
CTD-2006C1.2,1609,14.2961,0.3681,6004,False
DOCK1,295,0.5287,0.3681,6005,False
SETD5,4504,48.3487,0.3679,6006,False
HEXA,3964,99.8478,0.3679,6007,False
PHKA2,1574,12.046,0.3679,6008,False
C8orf59,3210,86.184,0.3676,6009,False
CAMK4,4066,75.6577,0.3676,6010,False
AC110769.3,179,2.0454,0.3676,6011,False
TPH1,232,0.9169,0.3675,6012,False
KIF27,459,3.1756,0.3672,6013,False
GAS2L1,208,0.2212,0.3671,6014,False
EMC4,4939,147.3789,0.3671,6015,False
PGK1,11561,780.181,0.367,6016,False
EXOC4,5211,129.1962,0.367,6017,False
LSM10,2703,61.566,0.367,6018,False
SLC24A4,201,0.5555,0.3669,6019,False
SPHAR,182,0.8806,0.3666,6020,False
CCDC58,1400,13.9457,0.3666,6021,False
CTD-2555A7.3,364,1.5692,0.3665,6022,False
GPN1,2611,52.7547,0.3663,6023,False
CCNT1,3401,46.0448,0.3663,6024,False
C6orf201,334,0.5061,0.3662,6025,False
PRMT5-AS1,586,3.2955,0.3662,6026,False
CTC-471J1.8,215,0.9547,0.3662,6027,False
GAPDHP61,1895,1.6558,0.366,6028,False
TBL2,981,12.3753,0.366,6029,False
GPR157,234,0.9147,0.3659,6030,False
ZNF618,257,0.7568,0.3659,6031,False
THOC5,1657,22.6801,0.3657,6032,False
RPL21P120,527,0.5136,0.3657,6033,False
RNF40,2561,41.6279,0.3657,6034,False
SNHG9,2801,43.9672,0.3657,6035,False
STK11IP,1850,27.2757,0.3654,6036,False
MBOAT4,241,2.406,0.3653,6037,False
AMDHD2,1491,24.8702,0.3653,6038,False
FBXW7,2597,21.6273,0.3652,6039,False
RP11-63M22.1,266,3.8349,0.3651,6040,False
NMT2,2075,19.7446,0.3651,6041,False
MBIP,1324,19.4697,0.3649,6042,False
UPRT,935,13.5817,0.3648,6043,False
SZT2-AS1,167,0.2203,0.3648,6044,False
CCDC53,3340,74.8624,0.3648,6045,False
GAPDHP60,3268,0.8989,0.3647,6046,False
RPL5P29,792,0.2485,0.364,6047,False
DTX1,192,1.2499,0.3639,6048,False
ENO4,247,0.2993,0.3636,6049,False
RP5-857K21.4,234,1.431,0.3635,6050,False
CD58,4557,117.895,0.3635,6051,False
EXOC5P1,533,0.0842,0.3635,6052,False
POFUT2,1423,6.4494,0.3634,6053,False
WDR7-UT1,161,0.5925,0.3634,6054,False
LCMT2,417,3.3928,0.3634,6055,False
CCBL1,656,6.9455,0.363,6056,False
AC010733.5,1631,12.9988,0.363,6057,False
EDC4,2660,39.5066,0.3626,6058,False
ARHGEF19,506,5.9274,0.3625,6059,False
SNORA77,381,4.1282,0.3623,6060,False
RPS21P4,199,0.7117,0.3621,6061,False
SIRPB1,2209,18.2007,0.362,6062,False
RPL7,15270,2136.8497,0.3618,6063,False
AC018737.6,441,0.3724,0.3616,6064,False
ACER3,1212,11.6464,0.3616,6065,False
AC002055.4,1876,15.0387,0.3614,6066,False
MSL3,3948,75.873,0.3614,6067,False
FANCI,1627,16.4281,0.3614,6068,False
GPR34,600,7.5865,0.3608,6069,False
UNC119,1580,27.6094,0.3608,6070,False
ADAM12,414,1.3348,0.3608,6071,False
C10orf10,351,1.6034,0.3607,6072,False
SDCCAG8,3211,55.0778,0.3607,6073,False
LRRC37A15P,404,2.1251,0.3606,6074,False
RP11-5C23.1,220,1.9086,0.3604,6075,False
RPL37P23,430,0.8007,0.3603,6076,False
RP13-580F15.2,409,4.2472,0.3603,6077,False
CLEC7A,1574,26.0673,0.3603,6078,False
RPUSD3,2510,56.7165,0.3603,6079,False
EXOSC3,2526,46.9391,0.3602,6080,False
SEC63,2619,31.6781,0.3602,6081,False
APP,1255,12.432,0.3602,6082,False
SLC6A20,170,0.2972,0.3602,6083,False
TMEM167A,3342,82.3913,0.3601,6084,False
RABGGTB,4169,103.7422,0.36,6085,False
FAM184B,395,0.2547,0.3599,6086,False
PIGX,682,4.2022,0.3598,6087,False
CARKD,1595,22.4267,0.3596,6088,False
DDX59,1657,28.7236,0.3596,6089,False
LRRC37B,1856,16.6274,0.3594,6090,False
KCTD21,468,3.5155,0.359,6091,False
MCCC1,1627,22.7228,0.3589,6092,False
VIPAS39,1010,13.8541,0.3588,6093,False
CBLL1,2733,45.3377,0.3588,6094,False
CCL28,453,4.8738,0.3587,6095,False
ANTXRLP1,1465,17.4858,0.3586,6096,False
FOSL1,420,3.3367,0.3586,6097,False
EIF1AD,3347,45.1213,0.3584,6098,False
ACAD8,1856,30.7473,0.3582,6099,False
RP3-395M20.12,163,1.2698,0.3582,6100,False
MAP2K2,4218,87.1149,0.3582,6101,False
RHCE,161,0.1247,0.3578,6102,False
ITGB5,205,1.0102,0.3577,6103,False
RRP36,631,6.2635,0.3577,6104,False
PET117,1179,16.3337,0.3576,6105,False
MRPL53,2683,63.3979,0.3575,6106,False
RPL31,14031,1547.1556,0.3573,6107,False
CPNE2,737,10.2167,0.3571,6108,False
BCL7A,511,2.3624,0.357,6109,False
TIRAP,649,7.1277,0.357,6110,False
ZNF431,1891,19.0676,0.3569,6111,False
Z95704.2,570,2.0734,0.3568,6112,False
NPM1P37,2471,3.3731,0.3568,6113,False
RPL26,14875,2120.8091,0.3566,6114,False
TNIP3,2014,24.3422,0.3564,6115,False
U91328.21,412,2.3595,0.3564,6116,False
NUDT21,4691,115.0324,0.3563,6117,False
RAB15,407,3.0716,0.3562,6118,False
ABCB7,1664,24.8742,0.3561,6119,False
C1orf186,776,2.9973,0.3561,6120,False
PHLDA2,606,8.165,0.356,6121,False
C12orf5,1503,24.7997,0.356,6122,False
HACL1,1824,29.9393,0.356,6123,False
SGMS2,213,0.7909,0.3558,6124,False
PEX1,1271,12.431,0.3558,6125,False
TCF7L1,178,0.5421,0.3557,6126,False
RP11-649A18.12,874,2.3455,0.3555,6127,False
AC002116.7,165,0.9014,0.3554,6128,False
RP11-25K19.1,1332,14.6162,0.3554,6129,False
TTTY15,2628,56.5536,0.3553,6130,False
MTND5P2,636,8.0998,0.3553,6131,False
GSTZ1,572,7.0306,0.3552,6132,False
FAM212B,511,1.6613,0.3549,6133,False
FAM63B,2427,23.2256,0.3549,6134,False
DAPK2,1401,19.4344,0.3547,6135,False
PUS7,578,3.6746,0.3547,6136,False
XXbac-BPG154L12.4,599,0.1223,0.3547,6137,False
AC125232.1,999,3.8053,0.3546,6138,False
PEX11B,1636,27.8169,0.3545,6139,False
PDK2,1221,19.0265,0.3545,6140,False
TMEM55B,843,11.765,0.3545,6141,False
CCNG1,3653,86.9576,0.3543,6142,False
MYO9A,1996,18.8563,0.3543,6143,False
GLUD1,3131,38.5153,0.3542,6144,False
RAB40C,396,4.0667,0.354,6145,False
RP11-430L17.1,449,1.0681,0.3539,6146,False
NFE2L1,2261,5.8416,0.3538,6147,False
ZNF514,504,4.5817,0.3536,6148,False
TRIM66,1061,4.4332,0.3535,6149,False
CD1A,167,1.4848,0.3532,6150,False
MIS12,1318,18.6726,0.3529,6151,False
WDR86,361,1.201,0.3529,6152,False
RP11-258C19.7,264,2.3153,0.3528,6153,False
CHCHD7,3270,70.5795,0.3527,6154,False
USP32P1,1189,6.6535,0.3524,6155,False
DCAF17,1019,10.0791,0.3524,6156,False
RFK,1273,19.9054,0.3523,6157,False
SLC25A51,1003,7.3794,0.3522,6158,False
MYEF2,711,6.0299,0.3522,6159,False
COPS7B,2253,35.9399,0.3521,6160,False
NBPF13P,1263,3.5864,0.352,6161,False
RP11-342M21.2,170,1.2812,0.3519,6162,False
INE1,1287,21.5909,0.3517,6163,False
C12orf49,442,3.4277,0.3516,6164,False
AZI2,3336,57.9733,0.3514,6165,False
XYLB,286,1.1045,0.3512,6166,False
NAGS,189,0.8939,0.3512,6167,False
ACOX1,2467,20.0842,0.3511,6168,False
UBFD1,887,6.4674,0.3511,6169,False
ZNF468,1450,14.7874,0.3511,6170,False
TUBA8,211,1.246,0.3508,6171,False
PLD6,327,3.275,0.3507,6172,False
THOP1,1150,14.5115,0.3506,6173,False
RP3-522J7.5,378,4.5728,0.3506,6174,False
SAP30,285,1.1545,0.3503,6175,False
GLUD1P3,414,3.0503,0.3502,6176,False
SLC38A5,1372,21.6747,0.3502,6177,False
PYROXD1,2485,25.7417,0.3501,6178,False
AL589642.1,168,0.0288,0.3499,6179,False
TAF1L,168,0.0288,0.3499,6179,False
AC015971.2,437,0.8772,0.3497,6181,False
NT5C,3176,80.3268,0.3496,6182,False
EI24,1232,10.8652,0.3495,6183,False
RP11-638I8.1,765,1.0466,0.3494,6184,False
ZNF500,636,5.7873,0.3491,6185,False
ALDH6A1,1121,9.4609,0.3488,6186,False
CYP2U1,187,0.7818,0.3487,6187,False
CCBL2,1609,20.6448,0.3486,6188,False
SNAI3,869,13.6699,0.3486,6189,False
SEC11C,4482,140.1483,0.3485,6190,False
PPIAP9,194,0.1379,0.3485,6191,False
BSDC1,3775,70.1818,0.3485,6192,False
SETD6,1872,10.4918,0.3485,6193,False
SATB1,4447,48.4007,0.3484,6194,False
ARFIP2,1771,30.0923,0.3484,6195,False
ITSN1,636,2.5227,0.3483,6196,False
RPL7P36,179,0.0649,0.348,6197,False
KLHDC2,2651,57.0168,0.3479,6198,False
TDRKH,553,6.2068,0.3478,6199,False
GREB1L,303,0.4943,0.3477,6200,False
CEPT1,2896,29.1246,0.3474,6201,False
MADD,4003,50.6078,0.3473,6202,False
BMF,711,3.4969,0.3473,6203,False
RP1-29C18.10,238,1.7436,0.3471,6204,False
CDHR3,394,1.6611,0.3471,6205,False
PAQR3,1650,16.5583,0.347,6206,False
TMEM14E,640,6.2498,0.347,6207,False
RP11-53B2.4,354,2.7063,0.3465,6208,False
FBXL8,557,5.9767,0.3465,6209,False
ZNF277,1554,26.4769,0.3465,6210,False
CD38,5372,123.0586,0.3465,6211,False
TTC38,1837,23.8459,0.3465,6212,False
ATP1A1OS,916,5.5753,0.3463,6213,False
PCDHGB4,167,0.192,0.3463,6214,False
RP11-792D21.2,464,4.371,0.3458,6215,False
ID2,9165,459.8151,0.3458,6216,False
C14orf142,1243,19.1577,0.3458,6217,False
ABL2,1164,4.3944,0.3457,6218,False
TMEM67,676,7.7816,0.3456,6219,False
KIAA0753,634,5.6971,0.3454,6220,False
TMEM60,1299,20.9355,0.3454,6221,False
MIF4GD,2373,50.2726,0.3452,6222,False
GGACT,530,6.8094,0.345,6223,False
TXN,5230,82.9372,0.345,6224,False
HIST2H2BA,160,0.5905,0.3448,6225,False
SEC14L2,1482,15.4071,0.3447,6226,False
TIGD1,513,7.1461,0.3447,6227,False
RP11-138A9.1,5538,130.5219,0.3443,6228,False
TANGO6,1401,16.1,0.3441,6229,False
RP11-697E2.7,272,1.0578,0.344,6230,False
TNK2-AS1,226,0.9482,0.3438,6231,False
CYGB,168,0.5836,0.3438,6232,False
FBXO32,1386,13.1727,0.3437,6233,False
RP11-156P1.2,169,0.4334,0.3437,6234,False
POMZP3,810,4.019,0.3437,6235,False
JKAMP,2528,56.9005,0.3435,6236,False
HMGB1P8,936,1.0894,0.3434,6237,False
FER,869,6.9307,0.3432,6238,False
PLA2G7,435,4.0788,0.3432,6239,False
AC003002.6,219,0.6942,0.3429,6240,False
ZNF28,1370,10.0715,0.3429,6241,False
RP11-172F4.2,454,0.5135,0.3425,6242,False
CCM2,3595,66.6534,0.3425,6243,False
WDR45B,3433,60.3114,0.3424,6244,False
VPS72,2166,39.4148,0.3424,6245,False
KIAA0141,3713,49.3981,0.3423,6246,False
PARP12,2136,23.32,0.3421,6247,False
CTD-2616J11.2,338,0.2749,0.342,6248,False
SFR1,882,9.6122,0.342,6249,False
ACTR3B,709,2.0969,0.3418,6250,False
WBP11P1,235,0.0442,0.3415,6251,False
TLR1,919,10.0077,0.3415,6252,False
RP11-58K22.4,196,0.9419,0.3414,6253,False
CTD-2017C7.2,616,5.2377,0.3413,6254,False
HSP90AA4P,1113,0.1877,0.3412,6255,False
FAM104B,604,7.7557,0.3411,6256,False
KIAA0195,2572,36.4648,0.3411,6257,False
RP11-325O24.5,424,4.5711,0.341,6258,False
RP11-415F23.4,408,3.7635,0.341,6259,False
FAM127B,1544,20.1678,0.3409,6260,False
UBXN6,1242,10.6171,0.3408,6261,False
RP11-417J8.6,449,0.2618,0.3408,6262,False
AC127904.2,356,3.8451,0.3406,6263,False
MPRIP-AS1,382,5.0193,0.3405,6264,False
RP11-199F11.2,357,2.2751,0.3404,6265,False
DHX38,2980,46.4316,0.3404,6266,False
CTPS2,401,2.5969,0.3404,6267,False
TWISTNB,2366,30.2991,0.3403,6268,False
MON1B,2959,39.864,0.3403,6269,False
WDR4,1113,9.3769,0.3401,6270,False
NPM3,445,5.1071,0.34,6271,False
RP11-782C8.4,310,0.5675,0.3399,6272,False
UHRF2,4538,46.3925,0.3398,6273,False
INTS1,2091,21.4037,0.3398,6274,False
RP11-686D22.9,290,2.0891,0.3397,6275,False
PRKCI,782,3.7063,0.3397,6276,False
RP11-39K24.14,187,1.301,0.3395,6277,False
CCDC157,842,4.6654,0.3394,6278,False
LINC00674,1579,21.8302,0.3392,6279,False
CPOX,334,2.6726,0.3392,6280,False
ALDH7A1,267,1.5731,0.3391,6281,False
ZNF333,1591,14.7006,0.339,6282,False
LEPRE1,1968,30.4753,0.3388,6283,False
HDHD1,972,13.0821,0.3388,6284,False
CHD9,3512,52.892,0.3387,6285,False
ZFP57,401,4.3828,0.3386,6286,False
AC004158.2,401,1.9935,0.3385,6287,False
E4F1,1506,21.6268,0.3384,6288,False
AC009948.5,1185,12.0197,0.3384,6289,False
ADPRHL2,1969,32.6209,0.3382,6290,False
HAUS1,1935,37.2222,0.3379,6291,False
ZNF717,511,2.7391,0.3379,6292,False
SIVA1,4362,125.0765,0.3377,6293,False
RUFY3,1076,8.7189,0.3376,6294,False
CLIP2,320,1.1744,0.3375,6295,False
TRIP4,1710,27.2953,0.3375,6296,False
RP3-341D10.1,567,0.8108,0.3375,6297,False
KRBOX4,1307,18.7663,0.3372,6298,False
AC145110.1,362,2.2603,0.3367,6299,False
ASB13,358,2.6886,0.3364,6300,False
CMAS,1553,27.9634,0.3363,6301,False
XXbac-BPG254F23.6,202,0.7325,0.3363,6302,False
PPIAP2,890,12.4183,0.3362,6303,False
TGFB1,2197,9.5377,0.3362,6304,False
ZNF330,1754,28.1158,0.3362,6305,False
CCDC149,187,0.4408,0.3362,6306,False
WDR48,2493,28.8342,0.3361,6307,False
GZMM,3256,102.1802,0.336,6308,False
RP11-332H14.2,278,1.68,0.3358,6309,False
P4HA2,373,3.2585,0.3357,6310,False
HENMT1,1611,30.9818,0.3357,6311,False
CCDC93,2671,23.6733,0.3355,6312,False
RP11-539I5.1,271,2.166,0.3353,6313,False
TTLL3,3789,58.941,0.3353,6314,False
DYRK1B,931,7.5033,0.3352,6315,False
KDM2B,3302,31.0884,0.335,6316,False
RN7SL116P,287,3.3598,0.3348,6317,False
ABHD16B,578,1.9197,0.3347,6318,False
PIGA,1043,12.5198,0.3346,6319,False
KB-431C1.4,382,2.6647,0.3346,6320,False
GS1-115G20.1,186,2.0365,0.3346,6321,False
NAV3,199,0.1469,0.3343,6322,False
RP11-473C18.3,246,1.0714,0.3341,6323,False
AMZ2P1,1613,15.0008,0.3336,6324,False
WDR83,1512,18.5841,0.3336,6325,False
TACO1,643,8.1093,0.3335,6326,False
LZIC,1610,25.5757,0.3334,6327,False
RPS14P3,2541,3.8765,0.3334,6328,False
ATG9A,2538,33.1971,0.3333,6329,False
RP11-245C23.3,305,2.4656,0.3333,6330,False
GADD45B,5472,90.2503,0.3332,6331,False
ATRAID,4357,134.8701,0.3331,6332,False
TAPT1-AS1,459,4.6019,0.333,6333,False
PRKCDBP,374,3.8786,0.333,6334,False
ZMYM1,760,8.7231,0.3326,6335,False
SMAD7,1290,16.1493,0.3326,6336,False
FAM49A,2328,23.975,0.3325,6337,False
SLC2A3P1,392,2.1154,0.3324,6338,False
CD33,797,12.139,0.3321,6339,False
GGPS1,1797,28.3305,0.332,6340,False
MLEC,2153,18.2441,0.332,6341,False
CTD-2542L18.1,257,0.7087,0.3319,6342,False
TRIM65,414,1.8332,0.3319,6343,False
DDX56,2792,57.4628,0.3318,6344,False
PPP1R35,511,6.0467,0.3318,6345,False
RUSC1,1006,13.8106,0.3317,6346,False
RPLP2,15243,1956.3185,0.3317,6347,False
NPPA-AS1,303,2.5088,0.3316,6348,False
SLC15A3,765,8.8927,0.3315,6349,False
C5orf30,535,5.9152,0.3315,6350,False
PTPN18,2349,21.8492,0.3314,6351,False
SFMBT1,987,8.4816,0.3314,6352,False
PPCS,4325,93.9298,0.3313,6353,False
DNAJC27-AS1,335,2.4401,0.3313,6354,False
NHSL2,245,1.4996,0.3313,6355,False
RP11-478C19.2,199,1.3613,0.3313,6356,False
UQCC1,1306,17.112,0.3311,6357,False
CSTF2,1263,17.9178,0.331,6358,False
LDLRAP1,1719,23.7827,0.3308,6359,False
GTF2B,4812,123.788,0.3307,6360,False
CCND1,548,3.6135,0.3304,6361,False
SLC11A2,2265,28.6242,0.3304,6362,False
VPS52,2548,41.2755,0.3304,6363,False
C1GALT1C1,1401,22.1906,0.3303,6364,False
RP11-264L1.4,230,1.6923,0.3301,6365,False
AP003733.1,171,1.057,0.3301,6366,False
CHEK1,948,10.6832,0.33,6367,False
C21orf2,1369,14.9395,0.3299,6368,False
CD8B,4996,246.8592,0.3298,6369,False
RUFY2,1806,10.3234,0.3298,6370,False
CYB5D2,1152,10.7973,0.3297,6371,False
TMEM101,1590,26.9349,0.3296,6372,False
MPV17L2,907,12.8904,0.3296,6373,False
LIF,235,1.4299,0.3295,6374,False
RGS9,713,10.7583,0.3294,6375,False
SCLY,1611,17.0317,0.3293,6376,False
CICP18,296,0.0965,0.3293,6377,False
PTGR2,531,2.8394,0.3292,6378,False
ST3GAL3,1437,14.4367,0.3291,6379,False
CTD-2369P2.5,347,0.5034,0.3288,6380,False
PLOD3,1567,20.9615,0.3288,6381,False
RP11-173M1.8,306,1.9673,0.3286,6382,False
WRAP73,2201,38.1456,0.3286,6383,False
RP11-159F24.3,292,0.9382,0.3286,6384,False
SGSH,2561,38.8706,0.3285,6385,False
RP11-539L10.2,470,4.8345,0.3284,6386,False
MRPS18A,2093,32.9512,0.3283,6387,False
SNRPD2,6627,389.1443,0.3281,6388,False
DZIP1L,228,0.7056,0.3281,6389,False
FAM98C,719,8.0355,0.328,6390,False
MED9,749,10.8745,0.328,6391,False
LPIN2,3745,37.0485,0.3279,6392,False
RP11-932O9.10,229,1.6036,0.3279,6393,False
FDX1L,751,10.5716,0.3278,6394,False
B4GALT4,1498,20.3061,0.3278,6395,False
RP11-495P10.10,284,0.223,0.3277,6396,False
GNAO1,482,1.9853,0.3276,6397,False
ZNF552,1226,8.8315,0.3275,6398,False
GRIP1,541,1.4419,0.3275,6399,False
GOSR1,3466,40.6763,0.3273,6400,False
NUP133,1989,21.1111,0.3273,6401,False
TSPYL2,6287,124.7576,0.3272,6402,False
PIGU,1684,20.6271,0.3272,6403,False
SLCO4A1,1234,13.4394,0.327,6404,False
BNIP3,1401,23.1558,0.327,6405,False
OLFM2,428,2.3897,0.3269,6406,False
CDK19,828,3.93,0.3269,6407,False
SHF,315,1.9821,0.3268,6408,False
MTHFD1,3029,57.5741,0.3266,6409,False
GATM,435,4.23,0.3266,6410,False
CYP2D8P1,173,0.2782,0.3265,6411,False
DYSF,371,1.3725,0.3262,6412,False
PRR14L,2483,27.6801,0.3261,6413,False
SLC9A7,483,1.4427,0.3261,6414,False
GMDS-AS1,1549,17.4145,0.3261,6415,False
RPLP1P11,587,4.5085,0.3259,6416,False
VEZT,3195,42.5866,0.3258,6417,False
TIMM44,2490,36.0868,0.3256,6418,False
RP11-89H19.1,406,0.899,0.3255,6419,False
ENTPD6,1881,27.1693,0.3254,6420,False
NAPB,742,7.7813,0.3253,6421,False
ALKBH1,678,7.9988,0.3251,6422,False
ABLIM1,4505,93.0926,0.325,6423,False
UCKL1,2721,37.2821,0.3249,6424,False
FAM188A,1331,14.5317,0.3246,6425,False
MRPL2,1502,23.9523,0.3246,6426,False
CD59,2037,37.2772,0.3244,6427,False
HERC1,6889,95.246,0.3243,6428,False
DAG1,1139,6.1776,0.324,6429,False
CYBRD1,463,3.4196,0.324,6430,False
TRAT1,4372,117.4845,0.3239,6431,False
RARS,2086,28.9013,0.3239,6432,False
RPL5P17,957,0.2359,0.3239,6433,False
AC007246.3,743,8.0631,0.3238,6434,False
RP11-288I21.1,174,0.4645,0.3237,6435,False
KLHL2,798,4.607,0.3234,6436,False
RPL13A,15977,3208.8247,0.3234,6437,False
CCNI2,658,3.9191,0.3233,6438,False
DENND5A,1843,19.6431,0.3231,6439,False
TRNT1,2029,26.6237,0.3229,6440,False
CCDC61,231,0.9308,0.3228,6441,False
CEACAM21,1314,16.723,0.3227,6442,False
IMPDH2,3874,99.0496,0.3226,6443,False
TMEM183A,3121,39.1414,0.3225,6444,False
PDSS2,1225,14.4824,0.3225,6445,False
EHMT2,1414,16.8256,0.3223,6446,False
RP11-296I10.6,4032,3.5489,0.3222,6447,False
HIST1H3C,309,1.4937,0.3222,6448,False
RP11-637A17.2,217,2.1427,0.3221,6449,False
RP11-495K9.5,260,1.8007,0.322,6450,False
CEP164,1792,25.3285,0.3219,6451,False
RBM4B,2623,33.7791,0.3216,6452,False
CTD-2506J14.1,293,2.3353,0.3214,6453,False
AC096558.1,1028,3.7102,0.3211,6454,False
RP11-295P9.3,1688,14.0361,0.321,6455,False
RBM17,5835,129.7338,0.3208,6456,False
MFSD11,4688,31.0753,0.3207,6457,False
CHN2,871,6.8349,0.3207,6458,False
PCYOX1,980,8.4822,0.3207,6459,False
ISG20,8803,441.2533,0.3206,6460,False
DPY30,2807,62.1098,0.3206,6461,False
CXorf23,627,3.0845,0.3205,6462,False
CCDC88B,2262,31.9974,0.3205,6463,False
ZNF346,1157,14.0227,0.3205,6464,False
ISOC2,933,12.1508,0.3205,6465,False
RP11-815J21.1,198,1.2266,0.3205,6466,False
ZNF680,1337,9.4221,0.3203,6467,False
SWT1,666,4.9335,0.3202,6468,False
LDLRAD3,274,0.8535,0.3201,6469,False
KIF21A,1903,16.8759,0.32,6470,False
TBC1D32,730,5.744,0.32,6471,False
SLC16A13,394,5.1321,0.3198,6472,False
IFFO2,928,3.6149,0.3198,6473,False
ALAD,1433,18.3233,0.3198,6474,False
ORC5,1488,22.0051,0.3195,6475,False
TNFRSF11A,368,0.9028,0.3194,6476,False
AC004466.1,328,1.7403,0.3192,6477,False
TRAPPC8,2101,21.1349,0.3191,6478,False
MR1,2699,37.7246,0.319,6479,False
RYKP1,187,0.6222,0.319,6480,False
FAM118B,1202,15.3853,0.3188,6481,False
OGN,319,1.4932,0.3188,6482,False
ABCF3,2366,37.1687,0.3188,6483,False
AGBL5,701,5.9438,0.3186,6484,False
FKBP9,401,1.1851,0.3185,6485,False
ZNF513,405,2.4738,0.3185,6486,False
ARIH2,5914,131.7155,0.3183,6487,False
WNT2B,283,0.5572,0.3182,6488,False
ARL14EP,2012,31.282,0.3181,6489,False
ACN9,1310,20.4023,0.3181,6490,False
BTRC,1336,13.7248,0.3179,6491,False
SLC6A12,195,1.1274,0.3178,6492,False
LRRC8D,1931,25.5991,0.3175,6493,False
IP6K1,1658,19.4456,0.3174,6494,False
MCF2L,320,0.7889,0.3173,6495,False
PIDD,1230,12.1024,0.3173,6496,False
PIGO,1775,27.9787,0.3172,6497,False
RP11-458N5.1,1299,14.8151,0.317,6498,False
AC195454.1,170,1.1212,0.317,6499,False
CSPG4P10,203,0.0549,0.3169,6500,False
RDH13,1582,19.9132,0.3169,6501,False
CEP19,381,4.0655,0.3169,6502,False
DCHS1,232,0.1934,0.3168,6503,False
BCAP29,2185,35.8209,0.3164,6504,False
AC131571.2,163,0.3506,0.3163,6505,False
XPC,2862,39.0847,0.3163,6506,False
SLC30A5,1397,13.1364,0.3163,6507,False
GYG1,2938,65.0929,0.3161,6508,False
PACS1,4006,28.7988,0.3161,6509,False
C6orf165,178,0.1905,0.316,6510,False
PEX3,1457,20.8942,0.3159,6511,False
RPS23,14067,1553.7271,0.3159,6512,False
IPP,669,8.4413,0.3158,6513,False
SGK3,1250,10.9644,0.3157,6514,False
TERF1,3182,32.9978,0.3155,6515,False
PDE8A,862,6.0998,0.3155,6516,False
RP11-4O1.2,165,0.8049,0.3155,6517,False
DROSHA,3267,35.0205,0.3154,6518,False
FAM122B,1243,5.3984,0.3153,6519,False
ATP2C2,302,0.7278,0.3152,6520,False
GFM2,1638,18.7041,0.3151,6521,False
PLEKHA5,624,5.2091,0.3151,6522,False
CTC-507E2.2,273,3.4755,0.3149,6523,False
SGSM2,1670,23.8316,0.3148,6524,False
NDUFA12,3692,110.4374,0.3147,6525,False
RP11-31F15.2,244,1.1298,0.3146,6526,False
ZNF551,572,4.7272,0.3146,6527,False
HOXB3,211,0.6055,0.3145,6528,False
GBP3,2354,33.04,0.3145,6529,False
PANK4,1907,24.6965,0.3144,6530,False
ZC3H10,407,3.486,0.3143,6531,False
AC083884.8,519,4.1809,0.3143,6532,False
PIGK,1360,16.6619,0.3142,6533,False
AC006042.8,350,2.5486,0.3142,6534,False
PDCD2,1721,26.1515,0.3142,6535,False
HIST1H2BF,637,3.1005,0.3136,6536,False
GPR160,406,3.2492,0.3136,6537,False
RP3-508I15.21,1339,20.8372,0.3135,6538,False
CXCR2P1,277,2.3,0.3135,6539,False
MCTP1,1826,14.4842,0.3134,6540,False
C20orf24,3283,56.6368,0.3134,6541,False
ITGA3,332,1.6633,0.3134,6542,False
EFTUD1P1,532,0.4652,0.3134,6543,False
C9orf131,265,1.931,0.3133,6544,False
HDAC10,2015,8.6736,0.3132,6545,False
SLAMF7,5722,129.9103,0.3132,6546,False
UQCC2,2795,35.402,0.3131,6547,False
C11orf82,461,2.8727,0.313,6548,False
RP4-781K5.2,1140,16.9131,0.3129,6549,False
NXT2,979,13.5937,0.3129,6550,False
RPL26L1,1201,18.2498,0.3128,6551,False
ACTBP7,182,0.043,0.3128,6552,False
SLC16A7,1537,20.8375,0.3127,6553,False
TMEM205,2172,46.7824,0.3127,6554,False
GPX7,1218,19.7931,0.3126,6555,False
TNFRSF25,2967,72.1541,0.3126,6556,False
ZFP36,13833,756.2947,0.3126,6557,False
CACNA1C,213,0.1371,0.3125,6558,False
SEC61A2,1516,12.6174,0.3125,6559,False
IL1R1,392,2.3657,0.3121,6560,False
ANKRD27,2166,26.2367,0.3121,6561,False
DEDD2,5092,104.5323,0.312,6562,False
NIT2,2510,46.9242,0.3119,6563,False
TMED9,4275,89.796,0.3119,6564,False
RP11-178G16.4,407,4.4726,0.3119,6565,False
RP5-1074L1.4,203,1.0108,0.3119,6566,False
RP11-96O20.4,493,2.9967,0.3118,6567,False
C1orf52,2554,48.0968,0.3118,6568,False
RP11-51J9.4,181,0.9705,0.3113,6569,False
TRMT61B,1343,17.8321,0.3111,6570,False
STX17,2167,30.9145,0.3111,6571,False
ARHGEF10,219,0.9106,0.311,6572,False
RP4-704D21.2,173,0.3443,0.311,6573,False
AC097374.2,569,0.0851,0.3108,6574,False
CENPI,224,1.0314,0.3108,6575,False
HSD17B7P2,1571,7.8747,0.3106,6576,False
MTBP,672,4.67,0.3103,6577,False
RAPGEFL1,286,1.2675,0.3102,6578,False
PLXNA3,1170,7.9803,0.3101,6579,False
RP1-102G20.5,220,0.433,0.31,6580,False
AEBP1,234,0.8819,0.3099,6581,False
METRN,296,1.7606,0.3097,6582,False
RP1-178F10.3,351,1.7097,0.3095,6583,False
CTC-438O3.1,379,0.139,0.3094,6584,False
AC131056.3,427,2.2196,0.3093,6585,False
ABCA2,3330,37.5553,0.3093,6586,False
GMPS,2935,47.3091,0.3092,6587,False
EIF2D,2114,30.1616,0.3091,6588,False
AC009506.1,365,0.7192,0.309,6589,False
AGAP1,352,1.339,0.3089,6590,False
CELSR2,203,0.4887,0.3088,6591,False
EVI5,1021,5.5155,0.3085,6592,False
TRMT1L,1198,10.9736,0.3084,6593,False
CPQ,1319,16.6905,0.3084,6594,False
ARMCX6,1640,30.9617,0.3083,6595,False
CUL3,3478,30.6861,0.3082,6596,False
RP11-44M6.3,180,0.6606,0.3081,6597,False
EFHC1,577,5.5879,0.3078,6598,False
CD3D,9813,745.3673,0.3077,6599,False
RP11-178L8.9,206,2.0334,0.3077,6600,False
AVPI1,1292,19.5374,0.3077,6601,False
PPP1R3F,222,1.4433,0.3076,6602,False
MUSTN1,334,2.8685,0.3076,6603,False
RP11-23N2.4,258,1.4025,0.3074,6604,False
RAB11FIP1P1,528,4.8244,0.3073,6605,False
SCNM1,2820,55.3912,0.3071,6606,False
TPST1,322,2.089,0.3071,6607,False
PTGIR,337,2.4263,0.3069,6608,False
NPL,904,12.0286,0.3068,6609,False
NME4,687,5.9195,0.3067,6610,False
ZNF276,3547,36.1663,0.3066,6611,False
AC027612.6,597,4.7192,0.3066,6612,False
HPSE,1226,14.0042,0.3065,6613,False
PARN,3457,57.3928,0.3065,6614,False
DCTN3,3904,116.1822,0.3065,6615,False
C14orf119,3220,73.8522,0.3062,6616,False
PGGT1BP2,337,0.106,0.3062,6617,False
ANKRD34A,243,0.5506,0.306,6618,False
TPRKB,1777,31.0184,0.3058,6619,False
WDR60,1443,18.846,0.3057,6620,False
GMEB1,1347,14.8125,0.3055,6621,False
EFTUD1,1692,21.4081,0.3052,6622,False
SNX24,311,2.1598,0.305,6623,False
RP11-35G9.5,365,1.8254,0.305,6624,False
JMJD7,1970,26.4141,0.3049,6625,False
CNPY2,3859,103.2934,0.3049,6626,False
LINC00115,435,3.4708,0.3047,6627,False
STX3,411,3.0232,0.3047,6628,False
CEP78,1872,21.1775,0.3045,6629,False
SUPT4H1,3177,66.2907,0.3044,6630,False
CAPNS1,2572,40.2757,0.3042,6631,False
FAM185A,618,5.4309,0.3041,6632,False
GRK6P1,379,0.6388,0.304,6633,False
NUP37,1438,25.1269,0.304,6634,False
PLXNA4,277,0.7589,0.3038,6635,False
RPS28,14475,1556.0385,0.3038,6636,False
KLHL3,527,3.8497,0.3035,6637,False
SMG8,455,4.2817,0.3033,6638,False
RBM41,1389,15.1968,0.3031,6639,False
VILL,1204,17.1413,0.3029,6640,False
RP5-1180C10.2,308,1.8187,0.3027,6641,False
SNX29P1,399,3.9353,0.3026,6642,False
RNASEH2A,1236,20.1851,0.3025,6643,False
TBC1D5,3729,35.323,0.3021,6644,False
CENPK,1769,28.5341,0.3021,6645,False
DNPH1,3962,117.4796,0.3015,6646,False
RP11-323N12.5,217,1.1503,0.3013,6647,False
EAPP,2552,55.0342,0.3013,6648,False
CD248,179,1.6747,0.3011,6649,False
PUS10,1470,7.9951,0.3011,6650,False
EXD3,675,6.4436,0.301,6651,False
MTX2,1522,25.6499,0.301,6652,False
CCDC77,1420,10.7943,0.3009,6653,False
C1orf147,312,2.0344,0.3008,6654,False
RTTN,1658,13.9495,0.3007,6655,False
CTA-292E10.6,368,3.2576,0.3006,6656,False
MICALL1,697,4.1383,0.3006,6657,False
DDX50P2,227,0.032,0.3005,6658,False
BTBD11,324,1.6543,0.3004,6659,False
BTBD6,460,3.5222,0.3004,6660,False
RP11-220D10.1,253,0.3804,0.3003,6661,False
GPS2,4834,137.8558,0.3003,6662,False
A2M-AS1,589,5.9814,0.3003,6663,False
EIF4ENIF1,1082,10.3354,0.3003,6664,False
ABHD2,3753,39.2505,0.2996,6665,False
ZNF10,1349,16.1668,0.2993,6666,False
NDUFA10,5203,133.3236,0.2993,6667,False
RP11-296A18.5,718,1.8196,0.2992,6668,False
HHEX,516,3.7967,0.2989,6669,False
KDM1A,1115,8.274,0.2988,6670,False
S100A4,9131,581.2017,0.2986,6671,False
SLIT1,171,0.3547,0.2985,6672,False
NOL12,1813,30.198,0.2985,6673,False
FAM221A,900,8.7046,0.2984,6674,False
PPM1M,4232,59.2083,0.2984,6675,False
CYP4F22,164,0.5712,0.2981,6676,False
TNFRSF10D,672,4.1107,0.2981,6677,False
ZNF417,780,4.8679,0.298,6678,False
RP11-817O13.8,493,2.9776,0.2979,6679,False
RP11-388M20.6,576,2.362,0.2978,6680,False
UXS1,2472,37.1806,0.2978,6681,False
KRT8P33,898,11.868,0.2977,6682,False
DUS3L,1770,28.0579,0.2975,6683,False
HEATR1,1718,12.3295,0.2975,6684,False
CTA-384D8.34,390,3.4695,0.2975,6685,False
HPRT1,2852,68.1455,0.2972,6686,False
DNAJC19,2427,47.9851,0.2972,6687,False
RWDD2A,290,1.8943,0.2969,6688,False
HK3,907,14.1186,0.2967,6689,False
FKBPL,320,3.7306,0.2967,6690,False
SEMA7A,976,10.1674,0.2967,6691,False
ERN1,4289,46.4379,0.296,6692,False
PIH1D1,3586,92.344,0.2959,6693,False
CASP1P2,233,1.2604,0.2957,6694,False
F8A3,384,0.2299,0.2956,6695,False
RP11-95I16.4,197,0.7243,0.2955,6696,False
FTH1P3,2220,4.0241,0.2955,6697,False
FRS2,985,6.6544,0.2954,6698,False
C2CD3,2792,23.6994,0.2953,6699,False
KLHL24,3178,42.4229,0.2952,6700,False
TBCCD1,1899,20.9504,0.2952,6701,False
TOP1MT,894,11.9376,0.295,6702,False
RP1-191J18.66,207,0.166,0.2946,6703,False
CCNK,5666,87.8954,0.2945,6704,False
DCXR,5004,144.7476,0.2944,6705,False
MXI1,710,5.2765,0.2944,6706,False
AMFR,5151,16.7231,0.2944,6707,False
ZNF134,863,12.005,0.2943,6708,False
CTC-523E23.5,173,0.2993,0.2943,6709,False
LINC00920,210,2.1791,0.2942,6710,False
SUDS3P1,537,0.4325,0.2942,6711,False
NANP,354,1.6072,0.294,6712,False
ATP13A1,2885,35.775,0.294,6713,False
RP11-78A19.3,4149,86.7759,0.2939,6714,False
RP11-394J1.2,291,1.6925,0.2939,6715,False
RP11-835E18.4,206,0.9696,0.2936,6716,False
SLC52A2,822,11.7613,0.2934,6717,False
TMEM185AP1,276,1.5088,0.2933,6718,False
RP11-151F5.2,849,0.8798,0.2933,6719,False
SIRT6,1354,14.8011,0.2933,6720,False
RP11-564C4.6,483,2.134,0.2932,6721,False
GMPPA,2053,33.8129,0.2931,6722,False
IL12RB2,1194,11.3257,0.293,6723,False
F8A2,377,0.2196,0.2929,6724,False
ADRA2B,178,1.0099,0.2929,6725,False
LCTL,169,0.4224,0.2929,6726,False
RP11-1415C14.3,1110,8.4741,0.2929,6727,False
CTD-2510F5.6,285,1.0025,0.2929,6728,False
METTL4,1559,18.8511,0.2928,6729,False
CD86,1559,24.5799,0.2928,6730,False
FITM2,313,1.0552,0.2927,6731,False
ARHGAP19-SLIT1,721,6.81,0.2926,6732,False
HLA-DQB1,7347,241.8888,0.2925,6733,False
POP7,1408,24.6804,0.2924,6734,False
RP11-343N15.1,199,0.3566,0.2924,6735,False
ERF,1415,8.0479,0.2923,6736,False
GNPNAT1,1199,12.6505,0.2922,6737,False
ANKRD39,2200,34.2315,0.2921,6738,False
BMP8B,358,0.2937,0.292,6739,False
RP11-549J18.1,172,1.0194,0.2918,6740,False
ABCC10,2085,29.5128,0.2917,6741,False
CRMP1,231,0.8456,0.2916,6742,False
ACACA,1589,16.5621,0.2916,6743,False
FAM210B,401,1.9244,0.2915,6744,False
CCDC163P,679,4.6524,0.2914,6745,False
FAXDC2,327,1.3022,0.2912,6746,False
USP47,3962,54.5027,0.291,6747,False
RBPMS,274,1.2215,0.2908,6748,False
LRG1,210,1.5266,0.2907,6749,False
PRICKLE3,554,3.1117,0.2906,6750,False
RPS14,15592,2183.5526,0.2906,6751,False
RP11-526I2.5,414,3.1015,0.2905,6752,False
RPL34,14246,1386.3799,0.2903,6753,False
GMPR,308,2.5798,0.2901,6754,False
CTD-2302E22.3,1317,6.1479,0.2901,6755,False
MRPL52,2976,63.7346,0.29,6756,False
MTCP1,845,11.3999,0.2899,6757,False
LTBP3,1523,17.4197,0.2899,6758,False
NDUFA5P11,622,2.1457,0.2894,6759,False
LARGE,291,1.5272,0.2893,6760,False
POLD1,1637,22.1091,0.2893,6761,False
FTSJ2,1065,14.0699,0.2893,6762,False
AC093838.4,2821,30.0702,0.2893,6763,False
RP11-265N6.3,1191,0.9352,0.2892,6764,False
ZNF614,678,6.0249,0.2889,6765,False
MAMLD1,522,4.6032,0.2889,6766,False
LSM5,2555,50.9353,0.2889,6767,False
DDX20,892,8.6133,0.2889,6768,False
POLG,3293,49.5802,0.2888,6769,False
CCR10,240,1.5356,0.2888,6770,False
ALG1,1497,19.9319,0.2888,6771,False
DLG3,1061,9.0954,0.2887,6772,False
FHL3,785,10.8994,0.2886,6773,False
MPEG1,1850,19.8737,0.2886,6774,False
CUBN,408,1.0187,0.2885,6775,False
CNRIP1,198,0.8889,0.2885,6776,False
CLASRP,2267,19.1794,0.2885,6777,False
TAF15,2541,28.7295,0.2885,6778,False
ZSWIM1,622,3.5305,0.2884,6779,False
SGSM3,4125,85.1226,0.2882,6780,False
FAM98A,1125,14.032,0.2881,6781,False
AC009961.3,649,7.0851,0.2879,6782,False
SNAP47,4081,88.6706,0.2877,6783,False
B3GNT4,470,2.0703,0.2876,6784,False
RP11-439E19.1,186,0.8369,0.2875,6785,False
RPA3-AS1,2530,30.0159,0.2875,6786,False
JMJD4,1875,28.049,0.2875,6787,False
SSC5D,183,0.2681,0.2873,6788,False
CD27-AS1,3216,8.2323,0.2872,6789,False
HTATIP2,2328,49.8981,0.2872,6790,False
VEGFB,850,9.08,0.287,6791,False
MXRA7,654,4.0963,0.2869,6792,False
CTD-2184D3.7,175,1.0601,0.2868,6793,False
PDCD5,3306,83.9234,0.2868,6794,False
PET112,868,9.8567,0.2867,6795,False
ITM2A,6971,324.7718,0.2866,6796,False
PTRH2,1322,15.1877,0.2861,6797,False
NFKBIE,819,9.0129,0.2859,6798,False
RP11-384C4.3,1274,3.5249,0.2858,6799,False
FANCB,331,2.2332,0.2858,6800,False
ZFP90,1242,13.4509,0.2856,6801,False
COPS2,2510,36.9565,0.2856,6802,False
USP25,2258,14.5981,0.2855,6803,False
ACADVL,5689,225.3935,0.2854,6804,False
TRAPPC4,3421,88.786,0.2853,6805,False
RCE1,1499,22.9581,0.2852,6806,False
RPL15P18,986,0.4503,0.285,6807,False
HMCES,2105,34.8274,0.285,6808,False
PDK3,1963,31.6647,0.2849,6809,False
MPP5,621,2.9992,0.2849,6810,False
AP001055.1,183,1.7783,0.2848,6811,False
LMBRD2,1188,7.1621,0.2848,6812,False
RP11-113C12.2,595,0.3525,0.2847,6813,False
ZWILCH,1145,12.381,0.2846,6814,False
KIAA0895L,454,3.3831,0.2843,6815,False
CTA-204B4.2,217,0.5979,0.2843,6816,False
C5orf17,322,2.4313,0.2842,6817,False
DLGAP1-AS2,317,1.8203,0.2842,6818,False
TMCC2,301,2.592,0.2842,6819,False
RUFY4,482,4.9637,0.2842,6820,False
MLKL,1959,29.1358,0.2842,6821,False
AC010468.2,205,1.4874,0.2838,6822,False
RP5-1112D6.8,258,0.5521,0.2838,6823,False
SYTL3,5955,110.0108,0.2838,6824,False
ZNF596,466,2.6559,0.2836,6825,False
RP13-216E22.4,236,2.2225,0.2835,6826,False
RP11-73M18.8,1555,13.4107,0.2835,6827,False
TNPO1,3699,37.4611,0.2835,6828,False
PLEKHF1,1696,33.1015,0.2835,6829,False
TRPV1,319,0.956,0.2834,6830,False
WDR73,2209,34.3231,0.2832,6831,False
COA4,2916,54.8751,0.2832,6832,False
WLS,167,0.5409,0.2831,6833,False
ZFAND4,760,6.4785,0.283,6834,False
SLC25A26,2213,23.1382,0.283,6835,False
SLC43A1,1032,12.3791,0.2827,6836,False
SLC2A3,10856,491.269,0.2824,6837,False
RAD51AP1,742,9.3824,0.2821,6838,False
GPHN,1248,9.0408,0.2821,6839,False
PFDN6,657,7.3071,0.282,6840,False
AC017002.1,2614,38.5804,0.2818,6841,False
TRMT13,1176,13.1145,0.2817,6842,False
KATNAL1,1127,10.4025,0.2813,6843,False
SAV1,473,2.5976,0.2813,6844,False
CD80,806,6.7346,0.2813,6845,False
EPHB1,270,2.4387,0.2812,6846,False
C1orf216,535,4.76,0.2811,6847,False
ACADS,1019,11.7368,0.281,6848,False
SCAI,1335,9.9359,0.281,6849,False
NT5C1B,225,0.6484,0.2809,6850,False
ZNF184,1556,15.4277,0.2807,6851,False
CCDC171,300,1.1039,0.2807,6852,False
RP11-597D13.7,166,0.0858,0.2807,6853,False
FKBP3,3086,58.4696,0.2806,6854,False
DPY19L2P2,707,1.6322,0.2805,6855,False
TNFRSF6B,393,1.814,0.2805,6856,False
DGKA,7108,267.6224,0.2804,6857,False
ZDHHC3,1836,23.5651,0.2803,6858,False
MPP6,601,2.8112,0.2803,6859,False
RP3-323N1.2,358,2.0078,0.2803,6860,False
MFSD2B,556,0.1673,0.2802,6861,False
KIAA0196,2476,34.0647,0.2802,6862,False
RNMTL1,1122,16.5049,0.2801,6863,False
AC090587.4,208,0.6501,0.2801,6864,False
MUC3A,271,0.0992,0.2801,6865,False
AP000580.1,377,4.178,0.28,6866,False
CCDC144CP,1022,0.8222,0.28,6867,False
PHLDB2,392,2.9752,0.2798,6868,False
RUFY1,1597,19.1234,0.2798,6869,False
C12orf75,3001,84.1723,0.2797,6870,False
POLN,387,1.6115,0.2795,6871,False
ACP2,1581,22.2372,0.279,6872,False
QRSL1P3,1034,15.2447,0.279,6873,False
IPO4,1068,12.6678,0.2786,6874,False
USP54,559,2.8844,0.2783,6875,False
PAM,4095,78.0135,0.2782,6876,False
ERP27,2034,17.2051,0.2781,6877,False
LOXL4,228,0.4571,0.2781,6878,False
CHRFAM7A,193,0.7562,0.2781,6879,False
ALYREF,856,3.2389,0.2778,6880,False
RP1-187B23.1,347,3.5132,0.2776,6881,False
RP11-463J10.3,1350,19.9662,0.2776,6882,False
DNAJC2,2715,43.1239,0.2775,6883,False
COX14,3559,78.9225,0.2775,6884,False
YPEL5,9896,368.3563,0.2775,6885,False
SPATA6,215,1.0014,0.2774,6886,False
SDHAF1,1610,31.9617,0.2774,6887,False
SIGLEC22P,198,1.3088,0.2774,6888,False
IL18BP,2460,29.3226,0.2773,6889,False
CD84,5930,109.6225,0.2769,6890,False
TMEM9,1406,24.3065,0.2768,6891,False
ARHGAP44,228,0.75,0.2768,6892,False
RP11-45M22.3,221,1.3508,0.2767,6893,False
ZNF91,2319,24.303,0.2766,6894,False
FAM175A,1080,10.1416,0.2763,6895,False
SRGAP3,1040,8.4474,0.2763,6896,False
TNFSF14,1010,14.2729,0.2761,6897,False
MKI67IP,2480,47.0992,0.276,6898,False
ITGA2,737,2.4947,0.276,6899,False
RAD51-AS1,898,12.9884,0.2759,6900,False
SMEK1,3541,43.7327,0.2758,6901,False
CHUK,850,6.345,0.2757,6902,False
XPNPEP1,2913,47.8513,0.2756,6903,False
MIR4519,352,1.6941,0.2752,6904,False
CNN2P4,172,0.061,0.2751,6905,False
SCFD2,901,9.5383,0.2751,6906,False
CDKN2D,1384,15.0231,0.2751,6907,False
RP11-325K4.2,459,4.4189,0.2749,6908,False
HN1,4818,148.0371,0.2749,6909,False
ZNF271,1559,10.4838,0.2749,6910,False
FBL,4675,140.0466,0.2748,6911,False
ELMO2,3219,61.1065,0.2747,6912,False
IFIT5,1211,14.6268,0.2746,6913,False
GPAT2,742,5.1516,0.2746,6914,False
AC015987.2,1513,18.5618,0.2745,6915,False
PFDN5,11356,864.1261,0.2742,6916,False
PACSIN1,375,1.7847,0.2741,6917,False
PRPF3,4011,80.3593,0.2739,6918,False
RP11-290F5.1,273,1.4677,0.2739,6919,False
FHAD1,303,0.9457,0.2734,6920,False
RP13-638C3.4,608,4.1177,0.2734,6921,False
NME2P1,848,0.6269,0.2733,6922,False
CTD-2369P2.2,2794,47.5765,0.2733,6923,False
NDUFB5,3502,80.3355,0.2732,6924,False
RP4-545C24.1,182,0.7525,0.2731,6925,False
RPL10A,14821,1775.1965,0.2731,6926,False
ACSF3,3956,51.7931,0.2731,6927,False
CAMTA1,3526,60.1712,0.273,6928,False
ENO2,2217,31.8829,0.2728,6929,False
TMEM102,246,2.1696,0.2728,6930,False
ATP5J2,4649,137.6436,0.2727,6931,False
HPS6,222,1.7629,0.2724,6932,False
RAD51,691,9.377,0.2723,6933,False
RP11-262M14.2,192,0.5743,0.2722,6934,False
RP11-34P13.8,294,0.9616,0.2722,6935,False
CTD-2270L9.4,582,3.1356,0.2717,6936,False
LRRFIP1P1,1128,1.1305,0.2716,6937,False
TMEM11,2231,39.272,0.2716,6938,False
MED7,1047,14.2787,0.2716,6939,False
DNAJC21,1153,9.2059,0.2714,6940,False
TMX2,2972,63.2769,0.2713,6941,False
LSMD1,2830,60.9966,0.2711,6942,False
ZNF586,1976,23.8902,0.2709,6943,False
PEX2,2646,47.6485,0.2708,6944,False
FAM57A,331,2.1745,0.2708,6945,False
PEX19,1964,32.9182,0.2708,6946,False
N6AMT1,464,4.5848,0.2706,6947,False
DUSP16,2279,25.7906,0.2706,6948,False
AC010761.10,439,1.4157,0.2705,6949,False
IRAK1,3331,58.8227,0.2705,6950,False
AC008738.1,213,0.5452,0.2705,6951,False
IDH1,1410,18.508,0.2703,6952,False
UBA7,4789,163.59,0.2699,6953,False
RP3-445O10.1,262,0.0982,0.2699,6954,False
KHDRBS2,196,1.0955,0.2698,6955,False
AC004381.6,301,2.0289,0.2698,6956,False
AGRN,427,0.4466,0.2698,6957,False
RP11-578F21.12,649,1.1703,0.2698,6958,False
AC012513.4,756,2.6262,0.2697,6959,False
IL9R,545,4.591,0.2693,6960,False
LGALS9B,272,0.6219,0.2693,6961,False
GAMT,696,11.2996,0.2691,6962,False
RP4-647C14.3,203,1.6691,0.269,6963,False
ATG12,4851,96.8727,0.2688,6964,False
NUDT16L1,1972,40.2159,0.2687,6965,False
CDK4,2666,58.9842,0.2687,6966,False
CMPK2,573,7.1521,0.2686,6967,False
GORAB,764,8.4422,0.2686,6968,False
ALG2,1985,28.0449,0.2685,6969,False
SKIV2L2,2820,25.3248,0.2684,6970,False
CTD-2213F21.2,245,1.1011,0.2684,6971,False
MYH10,702,2.1068,0.2683,6972,False
CD55,7540,214.1839,0.2683,6973,False
PRKAG2-AS1,324,1.3181,0.2683,6974,False
ST3GAL5,4042,19.6162,0.2683,6975,False
KIF22,3211,73.7491,0.2681,6976,False
RP11-517I3.1,211,1.1427,0.2679,6977,False
SRD5A3,739,7.1958,0.2677,6978,False
AC007389.3,257,0.0538,0.2677,6979,False
OR2A20P,307,0.8113,0.2677,6980,False
POTEI,518,0.0755,0.2674,6981,False
TRMT1,2191,33.6122,0.2673,6982,False
KCNK12,197,0.3133,0.2673,6983,False
HNRNPUL2,1222,3.5145,0.2672,6984,False
AC005339.2,407,4.1282,0.267,6985,False
FBXL20,1761,14.4533,0.2667,6986,False
MPP7,1107,11.7779,0.2666,6987,False
C1orf122,572,4.7101,0.2666,6988,False
AC084219.3,281,0.7099,0.2666,6989,False
RP11-1136J12.1,261,0.8987,0.2665,6990,False
ZNF446,604,5.2748,0.2665,6991,False
C9orf84,250,0.229,0.2664,6992,False
PARP3,1016,15.6341,0.2664,6993,False
AC022182.1,279,1.6924,0.2662,6994,False
RPS27AP1,246,0.1739,0.266,6995,False
NCKIPSD,867,6.2758,0.2659,6996,False
ING3,2909,45.2322,0.2658,6997,False
GMDS,2746,40.3552,0.2656,6998,False
TMPRSS3,692,7.3503,0.2656,6999,False
RP5-1113E3.3,192,0.7857,0.2655,7000,False
TIMD4,850,11.9657,0.2654,7001,False
RP11-255N24.4,370,0.5479,0.2654,7002,False
JMJD8,1045,8.3043,0.2653,7003,False
MTUS1,541,5.3923,0.2648,7004,False
ABCA7,3614,46.5016,0.2648,7005,False
RP11-328K2.1,230,1.9048,0.2648,7006,False
DIP2C,418,1.8667,0.2646,7007,False
HSPBAP1,1615,18.4071,0.2646,7008,False
METTL13,1218,17.7698,0.2645,7009,False
RP5-1049G16.4,431,2.3361,0.2642,7010,False
RP11-228B15.4,364,0.8651,0.2642,7011,False
RP11-327F22.1,319,2.5789,0.2641,7012,False
RGMB,328,2.6884,0.264,7013,False
KAT2B,2648,31.2622,0.264,7014,False
CTD-2017C7.3,988,14.8456,0.2639,7015,False
RPL18A,15662,2334.838,0.2639,7016,False
POLR3F,722,8.6535,0.2637,7017,False
CCNE2,802,7.8213,0.2635,7018,False
GALNT3,793,8.6468,0.2635,7019,False
C2orf42,1493,18.2023,0.2635,7020,False
HPS4,2149,26.438,0.2634,7021,False
LRRC24,250,0.2938,0.2634,7022,False
KIF18A,1330,15.0438,0.2633,7023,False
GTPBP2,989,10.7985,0.2633,7024,False
HMGXB4,1535,20.9138,0.2632,7025,False
RP11-464D20.6,324,0.8054,0.2631,7026,False
KB-1254G8.1,203,1.4317,0.2628,7027,False
RPL26P30,277,0.4183,0.2627,7028,False
ANKRD32,2750,39.5325,0.2626,7029,False
TAPSAR1,8738,137.0462,0.2625,7030,False
TXNDC9,2006,36.5859,0.2625,7031,False
CTD-2288O8.1,269,2.3635,0.2624,7032,False
YEATS2-AS1,216,1.0068,0.2623,7033,False
BCAS4,4179,50.805,0.2622,7034,False
TIAL1,3247,21.8108,0.2622,7035,False
CREG1,1632,23.4792,0.2621,7036,False
RP11-544M22.1,223,0.0493,0.2621,7037,False
POC1B,2633,28.6414,0.2621,7038,False
EXOSC1,2743,63.8161,0.2621,7039,False
TNFRSF12A,552,6.9152,0.2619,7040,False
FANCC,604,4.2697,0.2619,7041,False
TSPAN15,282,2.2427,0.2617,7042,False
TCP11L2,1388,16.9481,0.2616,7043,False
PGRMC1,1267,19.1176,0.2615,7044,False
MRPL18,3278,71.0395,0.2615,7045,False
SRPK1,3233,57.648,0.2614,7046,False
RP5-1024G6.2,281,1.0247,0.2614,7047,False
L3MBTL1,626,6.7781,0.2613,7048,False
TMEM5,1260,8.8539,0.2613,7049,False
ELOVL6,612,5.5931,0.2612,7050,False
AC138783.11,299,0.1764,0.2611,7051,False
FOXP1-IT1,227,0.8143,0.261,7052,False
SH2D3A,790,5.9111,0.261,7053,False
RP4-758J18.13,1110,0.5977,0.261,7054,False
ISY1,3189,61.9694,0.2608,7055,False
GPATCH1,877,7.5423,0.2607,7056,False
ZNF646,1261,7.9622,0.2606,7057,False
RPL23AP1,1162,13.2056,0.2605,7058,False
C1orf112,1324,6.9742,0.2605,7059,False
TUBA1A,8000,301.5137,0.2605,7060,False
CES2,1664,16.7886,0.2603,7061,False
LINC00969,6479,67.3888,0.2603,7062,False
PPA2,3142,62.4211,0.2601,7063,False
TDP1,2213,30.4877,0.26,7064,False
L2HGDH,408,2.5298,0.2599,7065,False
ZBTB38,4331,60.7699,0.2599,7066,False
AKIP1,1253,18.9514,0.2599,7067,False
DTNBP1,1958,20.9169,0.2598,7068,False
ACVR2A,1031,7.0646,0.2598,7069,False
AC010677.5,248,0.21,0.2598,7070,False
RNASET2,5296,122.9441,0.2597,7071,False
MTCH2,3084,69.422,0.2597,7072,False
RPS6,15766,2426.8248,0.2596,7073,False
RPL21P116,660,0.4296,0.2596,7074,False
RP11-158M2.3,340,2.1135,0.2595,7075,False
ZNF74,428,3.9904,0.2595,7076,False
CTD-3001H11.1,173,0.3675,0.2594,7077,False
RP11-403A21.2,232,0.6951,0.2588,7078,False
FAM127C,182,0.2906,0.2587,7079,False
NEIL2,1393,13.1631,0.2587,7080,False
P2RY13,474,2.7908,0.2584,7081,False
TAF1C,2551,25.5108,0.2583,7082,False
AP006216.10,274,2.4886,0.2583,7083,False
MTX3,1221,5.7624,0.2581,7084,False
CIAPIN1,1908,33.7782,0.2581,7085,False
RAI1-AS1,168,0.6846,0.2581,7086,False
PPARA,978,4.722,0.258,7087,False
PINK1,560,3.2508,0.258,7088,False
PTP4A1,7247,200.6309,0.258,7089,False
POLR2F,2520,55.9023,0.258,7090,False
ABCB1,2054,21.4266,0.2579,7091,False
TVP23A,350,0.9387,0.2577,7092,False
RP11-745A24.1,254,2.0559,0.2577,7093,False
LONP1,1783,20.1774,0.2575,7094,False
RASSF7,2153,41.7117,0.2574,7095,False
RCN1P2,841,4.2716,0.2574,7096,False
PLEKHA1,1491,16.666,0.2571,7097,False
SIAE,483,3.2309,0.257,7098,False
AIM2,1583,17.3522,0.2569,7099,False
NDST2,1169,12.7756,0.2569,7100,False
RP11-536C10.12,493,0.0697,0.2569,7101,False
CTC-542B22.2,413,5.2497,0.2568,7102,False
RNF146,1193,14.6242,0.2566,7103,False
MAP1B,228,0.4225,0.2566,7104,False
TOR2A,1475,22.7385,0.2565,7105,False
ZNF564,1016,10.935,0.2564,7106,False
ADAMTSL4-AS1,340,2.4946,0.2563,7107,False
PIF1,678,7.0827,0.2563,7108,False
RP1-317E23.7,269,1.2867,0.2559,7109,False
PIK3CB,1790,20.5047,0.2558,7110,False
SGK494,1573,7.5975,0.2555,7111,False
RAB3A,349,1.3646,0.2553,7112,False
DNAJC13,2071,13.3646,0.2552,7113,False
AKT3-IT1,344,3.7241,0.2551,7114,False
RAD1,1954,19.4806,0.2547,7115,False
TDRD6,160,0.129,0.2544,7116,False
AC025171.1,600,4.1345,0.2542,7117,False
RIC3,1152,18.5747,0.2541,7118,False
TMEM256,2234,47.9253,0.254,7119,False
ZNF792,291,2.7623,0.254,7120,False
NFYA,2160,23.3638,0.2539,7121,False
AF131215.9,253,1.544,0.2539,7122,False
COLGALT2,230,1.1967,0.2538,7123,False
AC074117.10,2992,1.7139,0.2536,7124,False
TSTD2,1403,10.6554,0.2535,7125,False
MRPL43,2726,63.1259,0.2535,7126,False
RP5-1043L13.1,427,1.6127,0.2533,7127,False
SASH1,206,0.2052,0.2533,7128,False
CTNNAL1,1003,10.9801,0.2531,7129,False
TMEM199,1486,18.7159,0.2531,7130,False
SLC25A4,1359,18.7821,0.2529,7131,False
AC005363.9,172,1.1033,0.2529,7132,False
POLR2C,2534,29.2484,0.2529,7133,False
ST8SIA1,1400,11.6119,0.2529,7134,False
GOLGA8Q,211,0.7697,0.2528,7135,False
MYL6,14018,1569.4617,0.2527,7136,False
NSL1,2051,32.3404,0.2527,7137,False
SPATC1,210,0.7192,0.2525,7138,False
SNX2,4098,99.1491,0.2524,7139,False
SHMT1,1278,15.2298,0.2524,7140,False
HAPLN3,2656,52.0783,0.2523,7141,False
RP5-1126H10.2,356,0.3284,0.2521,7142,False
IDI1,5861,145.6054,0.2517,7143,False
AC097713.5,165,0.1642,0.2515,7144,False
RIMS3,272,0.816,0.2515,7145,False
ARMCX1,271,1.8708,0.2513,7146,False
RP11-317N8.4,794,0.3726,0.2512,7147,False
MYB,570,2.6194,0.251,7148,False
SMIM13,315,1.6819,0.2509,7149,False
NLRP7,201,0.8517,0.2509,7150,False
AC002398.11,485,1.9067,0.2509,7151,False
PPP2R2D,1063,7.9422,0.2507,7152,False
RP11-480C16.1,190,0.2241,0.2506,7153,False
CLTB,1543,20.7981,0.2506,7154,False
TECPR2,564,2.6822,0.2503,7155,False
PTPRF,289,1.2164,0.2501,7156,False
OSBPL1A,355,1.4614,0.2501,7157,False
BST1,562,5.5528,0.25,7158,False
BTN2A2,1848,24.5605,0.2499,7159,False
PIP4K2C,2227,32.7111,0.2497,7160,False
RP11-53I6.3,174,0.6304,0.2496,7161,False
BCKDHB,1000,13.4126,0.2495,7162,False
STAC,419,2.7492,0.2495,7163,False
DMPK,541,4.982,0.2495,7164,False
SERPINE1,269,0.884,0.2494,7165,False
INPP5F,2236,25.1527,0.2493,7166,False
PIGS,3001,55.3385,0.2493,7167,False
GOLGA6L5,426,2.3508,0.2493,7168,False
ERCC6L,197,0.8775,0.2492,7169,False
BCAS2,4698,106.8143,0.2492,7170,False
MALAT1,16040,3147.9221,0.2489,7171,False
ST13P19,530,0.1634,0.2489,7172,False
CRELD2,2078,33.2648,0.2488,7173,False
PKP4,662,3.9376,0.2488,7174,False
TMEM260,991,8.631,0.2487,7175,False
PRPSAP2,2197,38.4265,0.2487,7176,False
NRM,1086,16.4282,0.2486,7177,False
RP11-737O24.2,351,1.1399,0.2484,7178,False
POLR3C,2139,30.767,0.2483,7179,False
ENTPD1,4609,70.9539,0.2482,7180,False
ZNF571-AS1,432,3.1263,0.248,7181,False
DCP1A,4062,67.111,0.2477,7182,False
PPP3CC,2749,45.7236,0.2475,7183,False
BRCC3,1929,23.0543,0.2473,7184,False
BEND3,184,0.3107,0.2472,7185,False
NRIP3,517,3.4556,0.2471,7186,False
CTB-55B8.1,216,0.3451,0.247,7187,False
ZEB2,5765,112.6266,0.2469,7188,False
QSER1,755,3.324,0.2465,7189,False
SLC18B1,735,8.8895,0.2464,7190,False
RAB43P1,351,2.0112,0.2464,7191,False
ZNF41,575,4.2506,0.2464,7192,False
ATP9B,3401,35.7021,0.2463,7193,False
RSF1,4884,101.5478,0.2463,7194,False
BBS9,1146,9.1552,0.2463,7195,False
NDUFB3,4739,119.4197,0.2462,7196,False
RP11-73M7.6,162,0.2135,0.2458,7197,False
RP5-837J1.2,486,1.9485,0.2458,7198,False
PRKD3,2496,19.4345,0.2457,7199,False
RAD17,1521,18.6831,0.2457,7200,False
MTHFD1L,802,4.3053,0.2456,7201,False
WDFY4,2084,20.6539,0.2456,7202,False
TNFRSF10B,2263,30.5339,0.2455,7203,False
EMC1,2476,24.7112,0.2455,7204,False
MED8,2279,39.4303,0.2454,7205,False
SLC50A1,2300,37.4449,0.2453,7206,False
LILRA1,920,5.9784,0.2451,7207,False
CACYBPP1,333,2.1344,0.245,7208,False
HMGB2,6427,258.9481,0.2449,7209,False
KCTD13,1774,22.9787,0.2448,7210,False
AP000487.5,312,0.7483,0.2447,7211,False
DYNC1H1,6114,62.3747,0.2446,7212,False
MDM2,5649,102.8252,0.2446,7213,False
CARD14,289,0.9258,0.2445,7214,False
MT-ND2,15722,1532.4844,0.2443,7215,False
SOGA3,172,0.4353,0.2443,7216,False
AC114737.3,194,1.7684,0.2442,7217,False
TMEM161A,1433,26.1924,0.2439,7218,False
FCRLB,228,1.4986,0.2435,7219,False
HRNR,267,0.5314,0.2434,7220,False
PPAT,828,5.8993,0.2434,7221,False
ANKMY2,858,10.1663,0.2434,7222,False
KIF23,740,9.6975,0.2431,7223,False
LINC00998,1483,22.5788,0.2431,7224,False
RP11-353N4.5,383,0.7754,0.2431,7225,False
RP11-288H12.3,939,6.7052,0.2428,7226,False
ACSL3,2193,28.1016,0.2428,7227,False
RP11-176H8.1,301,0.8926,0.2427,7228,False
RP11-403I13.6,221,0.0637,0.2426,7229,False
PROCR,380,3.4223,0.2425,7230,False
ZNF765,1187,5.2367,0.2425,7231,False
TCTN3,1863,28.0077,0.2422,7232,False
CTB-61M7.2,331,2.7067,0.2422,7233,False
RP11-552M11.4,510,1.9115,0.2422,7234,False
SBF2-AS1,363,2.7301,0.2418,7235,False
CDRT1,284,0.3148,0.2418,7236,False
FAM47E,459,0.4786,0.2417,7237,False
FP15737,331,1.6365,0.2416,7238,False
FAM105A,1893,23.7802,0.2416,7239,False
RP11-331F9.3,878,13.849,0.2413,7240,False
YIPF3,3786,93.9791,0.2412,7241,False
HERC2P5,378,0.1847,0.2411,7242,False
RP11-20B24.4,352,3.0267,0.2411,7243,False
SMDT1,3257,64.9848,0.241,7244,False
IFI35,3534,75.6931,0.2409,7245,False
SIGLEC11,259,0.316,0.2408,7246,False
RP11-849F2.7,906,0.3165,0.2406,7247,False
ANAPC1P1,605,2.0654,0.2406,7248,False
C19orf38,481,4.7053,0.2405,7249,False
TRIM32,544,6.7705,0.2405,7250,False
WWOX,1251,12.4079,0.2403,7251,False
AKT2,3775,32.0017,0.2403,7252,False
WDR66,246,0.647,0.2403,7253,False
CDH12P3,185,1.5702,0.2403,7254,False
TPI1,10331,639.879,0.2402,7255,False
RP11-44I10.3,208,0.9105,0.2402,7256,False
HNRNPMP1,633,6.3541,0.2402,7257,False
IL7R,5419,196.1477,0.2401,7258,False
TVP23C-CDRT4,514,2.7268,0.24,7259,False
KLHL28,2724,33.4607,0.2399,7260,False
SLC25A40,1592,17.1315,0.2399,7261,False
FCGR1C,680,4.5802,0.2398,7262,False
PDZK1P1,189,0.131,0.2397,7263,False
NUDCD3,3325,48.4865,0.2397,7264,False
SIDT1,3082,37.1419,0.2396,7265,False
RPE,1981,26.2864,0.2396,7266,False
PLCXD2-AS1,284,2.5821,0.2393,7267,False
SLC38A7,818,6.6525,0.2386,7268,False
MOSPD3,1010,15.9968,0.2386,7269,False
NPM1P26,662,0.6011,0.2384,7270,False
P2RY1,221,1.4618,0.2383,7271,False
HNRNPA3P15,351,1.2382,0.2383,7272,False
TMEM63B,740,3.3105,0.2382,7273,False
UGDH,1256,13.0723,0.2381,7274,False
PLEKHA7,533,3.5975,0.238,7275,False
ARFGEF1,3506,23.7914,0.2378,7276,False
RP11-598P20.5,231,0.7508,0.2377,7277,False
RP11-325F22.2,3899,85.3887,0.2377,7278,False
RP11-467H10.2,214,0.5583,0.2376,7279,False
OPN3,355,2.0151,0.2375,7280,False
RPS20P24,313,0.4084,0.2373,7281,False
IFI27L1,708,8.7887,0.2373,7282,False
C9orf85,1012,9.5211,0.2372,7283,False
STXBP1,192,1.1637,0.2372,7284,False
ARAP1,4937,50.7953,0.2369,7285,False
SPTLC1P1,237,0.9189,0.2369,7286,False
GNB2L1,14969,2037.4711,0.2368,7287,False
HVCN1,2034,28.0908,0.2368,7288,False
PPAN,769,7.3164,0.2368,7289,False
RP11-196G18.23,282,2.7253,0.2367,7290,False
NFXL1,1239,12.7521,0.2367,7291,False
HERC2P8,485,0.2021,0.2365,7292,False
GINS3,395,3.3348,0.2363,7293,False
RP11-287D1.3,310,0.1719,0.2363,7294,False
LINC00943,299,1.7611,0.2362,7295,False
RP11-70L8.4,238,1.173,0.2361,7296,False
ERVK13-1,1841,8.6456,0.2361,7297,False
SLC35F5,2866,29.617,0.236,7298,False
ZMAT5,1531,26.7794,0.236,7299,False
SLC35E4,532,3.5258,0.236,7300,False
RP11-386G11.10,8326,186.9085,0.236,7301,False
BET1,1164,15.3779,0.2359,7302,False
SERPINB6,1697,27.8721,0.2358,7303,False
SPATA13,5682,68.6383,0.2358,7304,False
CTD-2311M21.2,800,0.1415,0.2356,7305,False
SNPH,307,1.4006,0.2356,7306,False
MGME1,1856,24.7708,0.2355,7307,False
PKN3,229,0.8247,0.2355,7308,False
CD320,2018,42.2874,0.2354,7309,False
REC8,2507,35.7621,0.2354,7310,False
SLAMF8,1159,18.3294,0.2353,7311,False
ATXN7,7350,52.1861,0.2352,7312,False
GP6,209,1.0748,0.2352,7313,False
TMEM87A,3521,62.7205,0.2351,7314,False
SNRPC,3902,101.4575,0.2351,7315,False
SNX3,2773,52.0161,0.235,7316,False
SLC25A13,1678,14.3608,0.2348,7317,False
RAB2A,3915,74.9838,0.2346,7318,False
TXNRD2,1084,12.0585,0.2344,7319,False
AC093391.2,1045,6.691,0.2344,7320,False
CACNB1,1346,13.4433,0.2343,7321,False
NSUN5,2507,28.4757,0.2342,7322,False
PDCD11,2062,13.2917,0.2341,7323,False
RANBP9,2550,24.8095,0.234,7324,False
HLA-DMB,3677,152.1087,0.234,7325,False
ZBTB32,1197,17.8758,0.234,7326,False
KCNJ15,228,0.9793,0.2339,7327,False
NAGPA,1295,18.2112,0.2336,7328,False
RP11-105C19.1,325,2.6387,0.2336,7329,False
RP11-798G7.7,202,0.4657,0.2333,7330,False
RP11-983P16.4,1157,2.7103,0.2333,7331,False
BLOC1S4,871,3.6482,0.2332,7332,False
RP11-531A24.5,286,0.9598,0.2332,7333,False
MTMR7,213,0.6826,0.2332,7334,False
C10orf137,2081,16.8678,0.2331,7335,False
SEL1L3,4781,71.8188,0.2331,7336,False
TMCO1,5052,138.0281,0.2331,7337,False
THAP4,1623,21.4033,0.233,7338,False
AE000661.37,651,2.8159,0.233,7339,False
PEX13,1349,16.3952,0.2329,7340,False
WDR75,1848,21.6268,0.2328,7341,False
RP11-311P8.2,542,4.1137,0.2327,7342,False
PHKG2,3098,52.3391,0.2327,7343,False
CTD-2576D5.4,493,6.7211,0.2325,7344,False
RPL5,15580,1710.7998,0.2325,7345,False
CTD-2323K18.1,611,3.1692,0.2324,7346,False
FLT1,353,1.2399,0.2324,7347,False
MRPL32,2481,51.1176,0.2319,7348,False
ZNF317,2344,35.3224,0.2318,7349,False
AP000936.1,879,7.4461,0.2318,7350,False
RP11-848P1.9,640,6.62,0.2318,7351,False
KAT6A,5157,29.2345,0.2316,7352,False
PHF20,3933,61.2182,0.2315,7353,False
GTPBP3,1002,10.2518,0.2312,7354,False
LRP8,735,4.0252,0.2311,7355,False
LMAN2L,702,9.1913,0.2306,7356,False
CALCOCO2,5596,139.598,0.2306,7357,False
TRAF3IP2-AS1,641,6.026,0.2305,7358,False
BFAR,2533,41.8806,0.2305,7359,False
RPL37A,13560,1274.8111,0.2303,7360,False
SPRTN,1345,15.3273,0.2303,7361,False
KIAA1033,3032,25.9147,0.2303,7362,False
PDE1B,458,2.6586,0.2303,7363,False
ST6GALNAC3,595,4.3983,0.2302,7364,False
PPIA,14510,1600.9418,0.2302,7365,False
PRPF8,6205,113.7963,0.2301,7366,False
C12orf66,583,6.101,0.23,7367,False
EXOSC8,3182,58.0699,0.2298,7368,False
PLEK,3935,77.5021,0.2296,7369,False
N4BP1,2418,22.7848,0.2295,7370,False
SMIM11,1464,23.1711,0.2292,7371,False
NUP210L,171,0.1089,0.2291,7372,False
CEP72,574,4.0862,0.2291,7373,False
ULK3,2136,40.546,0.229,7374,False
PHKA2-AS1,192,0.3878,0.229,7375,False
RAB4B,3478,72.0896,0.2289,7376,False
DCPS,2088,37.4396,0.2288,7377,False
DNAH8,269,0.2074,0.2287,7378,False
CDH12P1,185,1.5621,0.2286,7379,False
DCAKD,2525,13.0533,0.2285,7380,False
ZNF512,1160,15.3469,0.2284,7381,False
RHEBP2,432,1.6926,0.2284,7382,False
MRPS2,1606,26.3364,0.2284,7383,False
TPD52,2472,40.7456,0.2284,7384,False
PPP1R13B,629,4.0645,0.2283,7385,False
MYLK,255,0.4324,0.2283,7386,False
BEX4,1895,38.1935,0.2282,7387,False
ATP2A1,179,0.2899,0.2282,7388,False
SPRN,236,1.3135,0.2279,7389,False
CLIP3,265,0.7818,0.2278,7390,False
YRDC,320,1.5127,0.2273,7391,False
RP11-666A1.3,186,1.7088,0.2272,7392,False
RP4-800J21.3,383,2.5737,0.2272,7393,False
CTD-2575K13.6,183,0.7843,0.227,7394,False
RAB32,237,1.3963,0.2265,7395,False
CCDC71,347,1.3858,0.2264,7396,False
RSPH9,318,0.8281,0.2263,7397,False
RNF135,1422,16.1032,0.2261,7398,False
RPL9,15300,1947.253,0.226,7399,False
FAM160B2,2219,27.0665,0.226,7400,False
COMMD9,2097,38.1625,0.226,7401,False
SF3A1,8058,84.6619,0.2258,7402,False
C11orf63,346,2.6634,0.2257,7403,False
COQ7,1063,11.1438,0.2256,7404,False
RIT1,3892,41.5886,0.2256,7405,False
SLC31A2,1369,18.7758,0.2254,7406,False
ZNF440,693,3.7632,0.2254,7407,False
ERCC1,3824,88.5832,0.2251,7408,False
PSAT1,654,8.1218,0.2247,7409,False
NUDCD1,1045,11.1092,0.2247,7410,False
KCTD18,681,7.188,0.2246,7411,False
RP11-849F2.5,353,2.8805,0.2246,7412,False
RP11-57A19.5,229,2.0484,0.2246,7413,False
RP11-61F12.1,361,3.1706,0.2246,7414,False
AP001056.1,281,1.6693,0.2246,7415,False
FBXO10,650,3.6347,0.2246,7416,False
PCGF5,3828,48.3998,0.2245,7417,False
PLXND1,1836,21.687,0.2245,7418,False
NAPRT1,3221,86.6931,0.2243,7419,False
APBB1,2219,43.276,0.2243,7420,False
RP11-115H15.2,297,1.6285,0.2242,7421,False
ARPC3P1,2353,3.007,0.2242,7422,False
RP11-6N17.4,299,1.9207,0.2241,7423,False
FECH,1185,14.5473,0.2238,7424,False
MRC2,427,0.7881,0.2237,7425,False
AC005264.2,306,0.5115,0.2237,7426,False
SPAG7,2886,68.1448,0.2235,7427,False
LA16c-360H6.2,758,10.686,0.2234,7428,False
NBEAL1,13672,36.5511,0.2234,7429,False
PFKFB4,500,3.3777,0.2233,7430,False
RP11-386M24.4,342,0.6065,0.2231,7431,False
PARPBP,636,5.3905,0.2227,7432,False
AC067852.1,242,0.6852,0.2227,7433,False
NME3,1944,36.3387,0.2221,7434,False
NCAPH2,2743,57.4132,0.222,7435,False
FRA10AC1,1768,18.5091,0.222,7436,False
CEP152,1395,11.4688,0.222,7437,False
ZNF18,1012,12.5457,0.2217,7438,False
ST7L,2053,20.3037,0.2217,7439,False
LRRC57,1071,12.9376,0.2214,7440,False
RINT1,1597,18.1184,0.221,7441,False
DDX42,2019,25.4091,0.221,7442,False
XRCC4,736,6.2775,0.2206,7443,False
ARMC6,1585,23.1915,0.2205,7444,False
AURKA,864,11.5552,0.2201,7445,False
PEX10,676,5.1757,0.2199,7446,False
PBX4,2256,36.3977,0.2199,7447,False
ACTR8,1288,16.499,0.2196,7448,False
RP11-43F13.1,1255,15.6413,0.2196,7449,False
HHAT,431,3.5076,0.2196,7450,False
RFC2,1688,26.9881,0.2194,7451,False
TM6SF1,727,7.8182,0.2193,7452,False
RP11-434O22.1,469,0.4915,0.219,7453,False
ZNF484,852,5.7301,0.2189,7454,False
EFNA5,261,1.5484,0.2188,7455,False
SLC25A1,1196,16.5338,0.2187,7456,False
RP11-727A23.1,228,0.9987,0.2187,7457,False
WDR59,2127,24.468,0.2186,7458,False
STPG1,687,3.6566,0.2184,7459,False
FAM222A,231,1.1211,0.2183,7460,False
ASB2,2113,32.7399,0.2182,7461,False
RFWD3,2128,18.4284,0.218,7462,False
C7orf13,279,2.171,0.2179,7463,False
CMC2,4931,117.7957,0.2178,7464,False
TBC1D31,1938,15.0865,0.2176,7465,False
MARVELD1,213,0.6221,0.2176,7466,False
PTER,1119,9.8593,0.2175,7467,False
AC009299.3,258,2.217,0.2175,7468,False
SMARCD2,1497,14.9861,0.2175,7469,False
RP1-5O6.4,199,0.4168,0.2174,7470,False
THNSL1,260,2.2751,0.2171,7471,False
C8orf33,1552,21.5522,0.217,7472,False
TRUB1,662,6.1789,0.2167,7473,False
CDIPT,896,10.6857,0.2167,7474,False
AC009133.12,504,4.8913,0.2165,7475,False
POLRMT,1721,21.939,0.2161,7476,False
CEACAM4,307,2.2169,0.2158,7477,False
ANKRD42,830,5.4871,0.2158,7478,False
TBC1D15,2748,32.7062,0.2157,7479,False
RP1-130H16.18,512,0.3216,0.2157,7480,False
NCF2,1392,21.8526,0.2156,7481,False
RP11-258C19.5,957,5.6595,0.2156,7482,False
RP11-126K1.6,196,1.5471,0.2155,7483,False
C11orf57,1008,11.4783,0.2154,7484,False
UMPS,988,12.1451,0.2153,7485,False
RPL21,15446,2027.3816,0.2153,7486,False
ZNF236,1753,13.9143,0.2152,7487,False
COX7CP1,350,2.3495,0.2151,7488,False
TAGLN,770,4.4333,0.2151,7489,False
E2F4,1968,27.8723,0.215,7490,False
RMND5B,1431,11.9846,0.2149,7491,False
RPS3AP43,430,0.1596,0.2149,7492,False
AC090425.1,236,1.47,0.2145,7493,False
PLA2G4B,1864,23.2745,0.2143,7494,False
B4GALNT3,199,0.9787,0.2143,7495,False
RP11-474I11.8,211,2.2654,0.2142,7496,False
RP11-110G21.2,671,8.7035,0.2139,7497,False
RP11-864J10.4,182,0.6543,0.2138,7498,False
RP1-317E23.6,161,0.2382,0.2136,7499,False
VARS,1228,11.0671,0.2135,7500,False
FCHO1,2159,20.791,0.2134,7501,False
RABL2A,2203,16.324,0.2133,7502,False
RP11-763B22.4,341,3.8584,0.2132,7503,False
EIF1AY,2061,40.634,0.213,7504,False
HUS1,2226,35.0261,0.213,7505,False
LGMNP1,495,0.1415,0.213,7506,False
ZNF185,329,1.7363,0.2127,7507,False
ZNF480,764,8.3003,0.2126,7508,False
AC016683.6,1243,15.5054,0.2125,7509,False
ARL2BP,1948,35.0903,0.2122,7510,False
PLA2G15,845,9.552,0.2122,7511,False
DNAJC4,3664,78.6295,0.2119,7512,False
MSANTD2,356,2.8709,0.2118,7513,False
NUDT15,1127,8.9133,0.2118,7514,False
ST6GALNAC4,2094,30.9835,0.2117,7515,False
PIP5K1A,2792,43.5951,0.2116,7516,False
SCMH1,1276,10.8062,0.2116,7517,False
AMY2B,1071,9.2071,0.2114,7518,False
CEP44,1104,8.9726,0.2113,7519,False
CHMP6,1590,26.6295,0.2113,7520,False
TBC1D12,191,0.3059,0.2112,7521,False
PDHB,3489,77.2315,0.2111,7522,False
ARL15,1441,16.7012,0.211,7523,False
GCC2,6107,117.7114,0.211,7524,False
AUH,1479,18.874,0.2108,7525,False
RP11-383J24.6,286,2.1773,0.2106,7526,False
SLFN11,2735,30.8536,0.2102,7527,False
RPL23AP7,938,6.356,0.21,7528,False
PPIAP21,315,0.2312,0.21,7529,False
LAMP5,257,2.0997,0.2099,7530,False
OSBPL7,1648,15.2452,0.2099,7531,False
TTC33,1002,11.0933,0.2098,7532,False
CCDC30,519,2.5324,0.2097,7533,False
TNFAIP8,5431,122.4584,0.2097,7534,False
SH3D19,405,1.0561,0.2095,7535,False
GSTO2,563,3.1156,0.2093,7536,False
MAPK13,1489,21.7223,0.2092,7537,False
HAGH,2362,43.6827,0.2092,7538,False
MOB3C,1132,14.8367,0.2092,7539,False
HSPD1P2,175,0.0249,0.2088,7540,False
LEPREL1,194,0.7901,0.2086,7541,False
LYPLA2P1,643,0.2848,0.2086,7542,False
NAPEPLD,837,8.9482,0.2081,7543,False
CCAR2,3506,62.8636,0.2079,7544,False
PRPF39,5775,58.964,0.2079,7545,False
TMEM38B,918,9.4266,0.2078,7546,False
NAAA,2381,42.2581,0.2077,7547,False
SCOC,1624,25.4952,0.2076,7548,False
CCDC146,987,7.4126,0.2076,7549,False
RPL5P5,2483,0.8035,0.2075,7550,False
MDM4,9828,135.2415,0.2074,7551,False
GOLGA2B,882,7.1127,0.2074,7552,False
SLC26A1,248,0.9653,0.2072,7553,False
MOAP1,1878,35.7503,0.2072,7554,False
NT5C3A,4129,81.599,0.2071,7555,False
DBR1,1258,14.4595,0.207,7556,False
ADD3,4723,78.8051,0.2069,7557,False
CHIC1,682,6.0649,0.2068,7558,False
ATG7,3981,55.4241,0.2068,7559,False
RP11-680A11.5,292,1.629,0.2067,7560,False
ZNF254,1303,9.869,0.2065,7561,False
GNL1,2235,29.1138,0.2064,7562,False
TPM3P9,1218,8.17,0.2064,7563,False
AMD1,6585,118.9246,0.2064,7564,False
RIC8A,3607,68.2922,0.2062,7565,False
RP11-179A18.1,968,0.2674,0.2062,7566,False
ZNF776,674,6.7478,0.2061,7567,False
RP11-216L13.19,191,0.5017,0.206,7568,False
RPLP0,15287,1729.8609,0.2059,7569,False
AC025335.1,336,2.2383,0.2059,7570,False
FAM3C,1829,23.4348,0.2059,7571,False
C10orf88,669,8.1975,0.2058,7572,False
SNHG12,6779,174.757,0.2058,7573,False
ZBTB37,1570,4.4537,0.2057,7574,False
CYP20A1,3160,37.8707,0.2055,7575,False
GTPBP8,1877,25.9848,0.2055,7576,False
RPS20P15,971,15.2213,0.2053,7577,False
CTD-2540B15.11,319,1.8227,0.2052,7578,False
ESD,3034,68.5011,0.2052,7579,False
MCM7,3123,65.2557,0.205,7580,False
RP11-1094M14.9,342,2.171,0.205,7581,False
TMEM185A,1274,12.1396,0.2049,7582,False
RABGAP1L-IT1,352,0.7924,0.2048,7583,False
SRXN1,322,2.0302,0.2047,7584,False
KATNB1,1480,20.8219,0.2047,7585,False
RP11-203J24.8,882,6.3324,0.2046,7586,False
PRKAG2,1978,17.121,0.2045,7587,False
CTD-2228K2.5,872,10.3663,0.2044,7588,False
GOLGA8R,169,0.4224,0.2043,7589,False
MED12L,291,0.4671,0.2043,7590,False
STAM,2904,37.1718,0.2042,7591,False
GUSBP2,1705,6.2246,0.2042,7592,False
MSL2,4236,34.8515,0.204,7593,False
PTPN2,4949,103.2318,0.204,7594,False
SLC22A15,163,0.5783,0.2039,7595,False
WWP1,2924,36.2888,0.2037,7596,False
ZNF862,776,5.4353,0.2036,7597,False
RP11-211N8.3,347,1.1199,0.2036,7598,False
CTD-3247F14.2,294,1.2353,0.2034,7599,False
HNRNPA1P40,624,0.7671,0.2033,7600,False
HIC1,221,0.3372,0.2031,7601,False
WDR92,731,6.8365,0.2031,7602,False
RP11-320A16.1,624,0.2197,0.2031,7603,False
CTB-186G2.1,290,0.3393,0.2031,7604,False
RP11-792A8.4,693,7.6757,0.2029,7605,False
ST3GAL4,573,6.1703,0.2028,7606,False
RTN4,2334,19.6652,0.2027,7607,False
SH3GL1P1,214,1.0312,0.2025,7608,False
TTC21A,1302,14.2152,0.2025,7609,False
NEK2,277,2.2141,0.2024,7610,False
NUPL2,2280,28.9659,0.2024,7611,False
POLR3H,1777,13.5351,0.2024,7612,False
ACBD6,1942,30.1663,0.2023,7613,False
MICAL2,2526,31.4368,0.202,7614,False
LIMS2,404,3.4677,0.2019,7615,False
RP4-539M6.19,218,0.6066,0.2019,7616,False
RP11-114H23.3,538,0.7947,0.2019,7617,False
RP11-152P23.2,193,0.3632,0.2016,7618,False
FBXO11,3282,22.6711,0.2016,7619,False
RP4-631H13.6,319,3.9562,0.2015,7620,False
ZNF324,757,8.701,0.2015,7621,False
CTB-131B5.5,275,1.0248,0.2013,7622,False
UBXN7,2637,23.6194,0.2012,7623,False
C2orf47,1061,14.7826,0.2009,7624,False
IPO7,2744,18.1279,0.2008,7625,False
RP1-59D14.1,190,0.2212,0.2008,7626,False
P2RX4,2195,31.6971,0.2007,7627,False
ZNF223,271,1.435,0.2005,7628,False
IL6ST,5720,84.4415,0.2003,7629,False
AP000525.9,206,0.3021,0.2003,7630,False
RP11-314N13.3,240,1.8977,0.1999,7631,False
CRTC3,3463,42.5156,0.1998,7632,False
C9orf91,579,2.7994,0.1997,7633,False
BMPR1A,344,0.8631,0.1996,7634,False
CCT5,5014,147.1074,0.1994,7635,False
RP3-508I15.22,579,5.6146,0.1994,7636,False
LPCAT4,1608,10.8346,0.1994,7637,False
SLBP,3451,74.4208,0.1993,7638,False
DPP4,961,11.7903,0.1992,7639,False
CCHCR1,779,9.511,0.1989,7640,False
MT-ATP6,15218,1208.8714,0.1987,7641,False
RP6-91H8.3,563,6.6104,0.1984,7642,False
DMAP1,2347,38.473,0.1983,7643,False
BAG1,1481,14.6654,0.1983,7644,False
CREB5,672,3.9438,0.1983,7645,False
U52111.12,300,0.4265,0.1983,7646,False
ZBTB11-AS1,646,4.7881,0.1982,7647,False
TOP3A,1604,16.9083,0.1981,7648,False
RP11-318K15.2,313,1.1474,0.1979,7649,False
MRGBP,249,2.129,0.1974,7650,False
SS18L1,628,3.4694,0.1973,7651,False
GNL2,2415,37.7979,0.1972,7652,False
CCDC15,292,1.2961,0.1972,7653,False
FAM87A,254,0.2807,0.1969,7654,False
APAF1,1574,13.8451,0.1968,7655,False
CTSW,6101,287.125,0.1967,7656,False
GCNT7,372,0.4646,0.1966,7657,False
SMARCA4,3136,22.6402,0.1965,7658,False
BRD9,1834,18.5345,0.1964,7659,False
LDHBP2,609,0.1485,0.1963,7660,False
ANAPC11,4508,135.4524,0.1962,7661,False
FASTKD5,1165,16.5871,0.196,7662,False
TMEM185B,388,2.7098,0.1958,7663,False
MYL12A,13164,1116.853,0.1957,7664,False
ZNF736,1221,9.7039,0.1957,7665,False
APPBP2,1876,16.4251,0.1957,7666,False
CLMN,829,3.4357,0.1956,7667,False
SMCHD1,8382,75.8897,0.1955,7668,False
APC2,198,0.1271,0.1955,7669,False
RAB4A,920,8.5221,0.1953,7670,False
PGS1,2760,41.225,0.1952,7671,False
CHD7,2790,24.1874,0.1952,7672,False
RCCD1,327,1.8098,0.1951,7673,False
RP11-274B21.3,1124,9.6073,0.195,7674,False
HEBP1,879,10.9907,0.1948,7675,False
CCDC144B,3141,44.8561,0.1945,7676,False
THAP11,711,9.0968,0.1945,7677,False
HCG25,1488,13.3209,0.1943,7678,False
MCM9,1957,11.9424,0.1943,7679,False
RRAS2,1055,13.7244,0.1943,7680,False
FUNDC2,3504,81.4512,0.1943,7681,False
TRPV2,3814,90.8164,0.1942,7682,False
STIM2,1977,18.1884,0.1938,7683,False
DCTD,2663,51.179,0.1937,7684,False
TTC39B,2611,25.7816,0.1937,7685,False
IFNAR2,4113,64.0142,0.1936,7686,False
GLCE,650,5.0842,0.1936,7687,False
USP9Y,2304,13.0623,0.1936,7688,False
IL1RAP,1027,9.1303,0.1936,7689,False
FLJ27365,311,0.915,0.1935,7690,False
RP11-331G2.6,229,0.0789,0.1935,7691,False
CD63,5627,253.0149,0.193,7692,False
CCZ1B,2029,19.6931,0.193,7693,False
SLC9A7P1,194,0.56,0.193,7694,False
MTHFD2L,717,6.1512,0.1929,7695,False
ASB3,286,1.6647,0.1926,7696,False
SPG7,4353,75.5411,0.1924,7697,False
SNHG8,5123,208.0554,0.1923,7698,False
BZW2,2200,35.3081,0.1923,7699,False
RAVER2,212,0.6848,0.1922,7700,False
CDC42EP2,254,2.4477,0.1922,7701,False
IMPDH1,2151,26.3185,0.1921,7702,False
OAT,3196,63.7733,0.1921,7703,False
ZNF274,1663,24.619,0.1919,7704,False
BBS10,411,2.2874,0.1918,7705,False
PDGFD,617,5.6914,0.1917,7706,False
NRIP2,297,1.1302,0.1916,7707,False
SFXN2,1095,10.6919,0.1908,7708,False
MCCC2,2670,38.7108,0.1908,7709,False
NDUFC2-KCTD14,370,0.416,0.1907,7710,False
MRPS24,3406,90.7491,0.1907,7711,False
NADK,1933,19.6921,0.1905,7712,False
SART1,1430,18.9396,0.1904,7713,False
PA2G4P2,695,0.1342,0.1904,7714,False
ZMIZ1-AS1,179,0.4412,0.1902,7715,False
SAMD8,2249,23.1182,0.1899,7716,False
SCARB2,1550,14.7864,0.1899,7717,False
GRAMD1A,2359,28.7382,0.1898,7718,False
DCBLD1,355,2.1796,0.1898,7719,False
ACAA1,4166,104.4112,0.1897,7720,False
HELQ,1678,21.2778,0.1896,7721,False
SIPA1L3,2139,10.7528,0.1895,7722,False
PDCD6,4808,128.0937,0.1894,7723,False
PPP1R21,2202,22.8472,0.1894,7724,False
GAB1,724,4.5428,0.1894,7725,False
SYNJ2BP,911,9.3178,0.1893,7726,False
NDUFS2,3679,80.7715,0.1892,7727,False
RP5-1021I20.5,296,0.7674,0.1892,7728,False
TPPP,249,0.6774,0.1891,7729,False
CLDND1,6314,218.0831,0.189,7730,False
MED19,1518,22.407,0.1889,7731,False
CHCHD10,666,3.0582,0.1888,7732,False
CXADR,237,0.6827,0.1888,7733,False
HAX1,3946,99.8083,0.1888,7734,False
RIPK2,2635,34.9929,0.1887,7735,False
TRIM61,201,0.6526,0.1887,7736,False
KIAA1191,4268,74.6483,0.1887,7737,False
RPL32P34,193,0.1728,0.1885,7738,False
PPT2-EGFL8,1116,2.4306,0.1882,7739,False
NIPAL4,184,0.9908,0.1878,7740,False
MFSD6,1809,16.8977,0.1878,7741,False
TOX2,1482,10.4129,0.1877,7742,False
CTD-2368P22.1,512,3.0495,0.1876,7743,False
L34079.4,231,0.3276,0.1875,7744,False
IGSF10,161,0.252,0.1875,7745,False
PPIL2,3303,46.1786,0.1874,7746,False
RP11-440L14.1,770,7.0925,0.1874,7747,False
C7orf49,2636,30.0506,0.1874,7748,False
CD200R1L,284,0.0973,0.1873,7749,False
COL24A1,216,0.4046,0.1873,7750,False
ABR,3200,36.4957,0.1871,7751,False
ZNF814,2993,25.319,0.187,7752,False
MRPL24,2498,35.7118,0.187,7753,False
AC093690.1,714,7.0598,0.1869,7754,False
LMNB1,1892,18.2135,0.1868,7755,False
MORF4,223,0.0784,0.1867,7756,False
KAT5,2812,47.3596,0.1867,7757,False
TPRA1,1088,12.0514,0.1866,7758,False
NDUFS1,2637,29.8771,0.1866,7759,False
RWDD2B,1074,14.0121,0.1865,7760,False
COX18,823,5.7822,0.1865,7761,False
JMJD1C,8298,148.0969,0.1864,7762,False
SLC25A10,193,0.4418,0.1864,7763,False
MRPS31,2380,38.8224,0.1863,7764,False
TMSB4XP2,775,6.8349,0.1863,7765,False
ACYP1,2061,31.9788,0.1862,7766,False
SLC25A1P5,212,0.7471,0.1862,7767,False
KIAA0319L,4218,53.6572,0.1862,7768,False
RP1-101K10.6,541,3.4224,0.1861,7769,False
CTC-429P9.3,1274,20.0225,0.1861,7770,False
C12orf65,2218,31.2807,0.1861,7771,False
BNIP2,5607,121.5888,0.1861,7772,False
RAPGEF2,1445,7.5056,0.1859,7773,False
HOMER2,268,1.0008,0.1858,7774,False
ARL5A,1689,15.7708,0.1857,7775,False
PSMC1P9,596,0.1157,0.1855,7776,False
BARX2,247,1.0414,0.1855,7777,False
ARAP3,273,0.3783,0.1853,7778,False
RP1-95L4.4,697,0.2223,0.1852,7779,False
ASPH,1759,22.1306,0.1852,7780,False
ZNF830,1285,20.2361,0.1852,7781,False
CCNA2,1503,14.4187,0.1849,7782,False
ZNF518B,1255,11.5508,0.1849,7783,False
ENPP2,652,5.7951,0.1848,7784,False
KIFC2,182,1.0613,0.1848,7785,False
HSD3B7,434,3.5965,0.1848,7786,False
RP11-313P13.5,331,2.4278,0.1848,7787,False
SUMF1,1774,21.4061,0.1846,7788,False
VPS11,2150,32.0685,0.1845,7789,False
MUC20,406,2.3673,0.1845,7790,False
COMMD10,2713,42.4361,0.1845,7791,False
AC067945.4,520,1.8979,0.1845,7792,False
OXER1,222,0.4572,0.1843,7793,False
LA16c-313D11.12,245,0.274,0.1843,7794,False
SLC26A11,916,7.7648,0.1841,7795,False
TMEM222,2245,37.6016,0.1841,7796,False
FDPSP7,492,3.814,0.184,7797,False
CTD-2583A14.10,543,3.1994,0.1836,7798,False
RPL22L1,3390,85.8797,0.1836,7799,False
STX12,2518,32.352,0.1833,7800,False
ZNF696,282,1.647,0.1833,7801,False
SNCA,397,3.6488,0.183,7802,False
JRKL,649,3.4207,0.1829,7803,False
INO80B,599,3.7127,0.1829,7804,False
EXOG,1232,9.9937,0.1828,7805,False
DBH-AS1,772,8.0938,0.1826,7806,False
GK-IT1,322,2.4413,0.1825,7807,False
MRPL34,3059,68.3538,0.1823,7808,False
METTL16,2460,28.2107,0.1821,7809,False
AC002398.9,199,1.0251,0.182,7810,False
ARMC8,4763,71.1118,0.1819,7811,False
FAM136A,2405,37.476,0.1818,7812,False
AC062029.1,454,3.7322,0.1818,7813,False
AC139100.2,358,3.1154,0.1817,7814,False
MPHOSPH6,2037,34.14,0.1816,7815,False
HSH2D,3002,48.0526,0.1816,7816,False
IQGAP2,4816,58.2736,0.1815,7817,False
RP11-156E8.1,211,0.2371,0.1814,7818,False
FBXO34,2177,29.2155,0.1806,7819,False
TMEM65,254,0.6299,0.1806,7820,False
TMCC3,472,3.2671,0.1805,7821,False
HLA-A,15998,2478.3911,0.1804,7822,False
C16orf58,1462,18.4112,0.1802,7823,False
PRR7,331,2.8284,0.1802,7824,False
STX2,697,4.6895,0.1801,7825,False
NRROS,791,4.8019,0.18,7826,False
MRS2,1375,15.7923,0.1799,7827,False
NIPA1,688,4.5256,0.1799,7828,False
MRAP,223,0.9328,0.1799,7829,False
RP11-421E14.2,201,0.837,0.1798,7830,False
SCN9A,237,0.5188,0.1797,7831,False
RRP12,1916,14.9594,0.1794,7832,False
POMK,946,10.6129,0.1792,7833,False
FLVCR1,841,5.3928,0.1791,7834,False
AC004878.8,290,2.5886,0.1788,7835,False
PPIP5K2,4579,54.9221,0.1788,7836,False
LIPE,516,3.868,0.1786,7837,False
METTL3,2655,44.9012,0.1785,7838,False
RP11-252K23.2,279,2.5422,0.1785,7839,False
DZIP3,2013,25.0299,0.1784,7840,False
MIR302B,603,3.4816,0.1784,7841,False
VAMP5,3703,102.8784,0.1783,7842,False
UBE2D3P2,2909,4.0826,0.1782,7843,False
FAM126A,1748,18.6951,0.1782,7844,False
UBE2SP1,184,0.2492,0.1779,7845,False
CDC16,1470,15.7132,0.1778,7846,False
CENPW,825,13.186,0.1777,7847,False
AC006547.13,434,2.008,0.1774,7848,False
ELP4,1626,19.3389,0.1773,7849,False
PFDN1,3486,76.7491,0.1771,7850,False
KLF7,1369,10.7387,0.1767,7851,False
COMMD3,3513,93.2863,0.1767,7852,False
CDKN2A,1506,22.8244,0.1767,7853,False
PHC3,7967,227.8067,0.1766,7854,False
RP6-206I17.2,907,3.726,0.1766,7855,False
CXorf40B,3417,55.518,0.1766,7856,False
NEMF,4822,101.0172,0.1764,7857,False
PTPRO,530,2.9262,0.1763,7858,False
AC016722.4,214,1.226,0.1759,7859,False
PITRM1,3092,36.3166,0.1758,7860,False
CERS5,4770,105.6207,0.1758,7861,False
BLOC1S2,3759,80.2713,0.1757,7862,False
ARHGEF11,326,0.9316,0.1756,7863,False
KPNA2,4206,95.205,0.1755,7864,False
AC093818.1,655,3.8652,0.1753,7865,False
SNX13,2806,25.1618,0.1752,7866,False
SETD1A,606,1.9658,0.1752,7867,False
RP4-669L17.1,244,1.2263,0.1752,7868,False
FKBP15,2457,21.5989,0.1751,7869,False
FAM35DP,369,0.2938,0.175,7870,False
FABP5P2,168,0.226,0.1749,7871,False
SEPT7P2,2379,22.981,0.1749,7872,False
RP11-423O2.5,384,1.0838,0.1749,7873,False
PSPH,871,3.5353,0.1748,7874,False
PAIP1,2314,36.6024,0.1748,7875,False
ADH5,2805,56.8038,0.1747,7876,False
LINC00528,387,3.9436,0.1747,7877,False
EIF5AP2,193,0.0753,0.1745,7878,False
PTGER4,6347,136.3502,0.1743,7879,False
TMEM206,1361,15.7901,0.1743,7880,False
COX11,1874,25.7551,0.1742,7881,False
RP11-12M9.4,1518,0.367,0.1742,7882,False
PSD3,450,2.2646,0.1741,7883,False
B3GALNT2,695,3.9555,0.1739,7884,False
TTC31,1951,29.9807,0.1739,7885,False
MKLN1,5695,98.6222,0.1737,7886,False
AC017116.11,391,2.4426,0.1736,7887,False
CYB561D2,3100,67.0146,0.1735,7888,False
AQP9,667,5.5682,0.173,7889,False
TYW1B,1187,6.8568,0.1729,7890,False
C11orf49,1894,31.2547,0.1729,7891,False
CHORDC1,5803,108.4993,0.1727,7892,False
RMI1,811,7.7077,0.1727,7893,False
HBS1L,4997,65.49,0.1725,7894,False
PPP1R3D,162,0.608,0.1724,7895,False
COPS5,3604,65.8384,0.1724,7896,False
OAZ2,2872,48.7383,0.1724,7897,False
TTC27,1152,12.7669,0.1722,7898,False
SPRYD4,560,5.0645,0.1721,7899,False
RPS16,14933,1795.5092,0.172,7900,False
C4orf21,729,5.8185,0.172,7901,False
SCML4,4760,68.5796,0.172,7902,False
FBXO28,1743,19.7496,0.1719,7903,False
DPCD,591,3.7159,0.1719,7904,False
RP5-1057J7.6,330,2.063,0.1717,7905,False
CTD-3092A11.1,560,1.3735,0.1714,7906,False
LINC00094,2087,10.7127,0.1714,7907,False
ZCCHC11,5317,78.0542,0.1714,7908,False
FOCAD,1616,11.1488,0.1713,7909,False
MYLIP,2319,25.3581,0.1713,7910,False
WDR91,1500,12.1539,0.1713,7911,False
DHODH,697,6.7848,0.1711,7912,False
RPP25,312,1.7588,0.1711,7913,False
ZNF79,1524,13.2053,0.1711,7914,False
PSEN1,4517,66.1663,0.171,7915,False
UGGT2,421,0.9578,0.171,7916,False
MYNN,2068,24.2736,0.1707,7917,False
HSPA14,2369,35.2267,0.1707,7918,False
AKR1B15,173,0.0302,0.1704,7919,False
TMEM156,1963,25.4186,0.1703,7920,False
THAP1,1151,14.5554,0.1703,7921,False
FBXO9,1827,20.0297,0.17,7922,False
GLIPR1L1,168,0.5267,0.17,7923,False
COG7,1570,17.4806,0.1699,7924,False
HIST2H2BE,850,6.5421,0.1698,7925,False
AC002310.7,162,0.6643,0.1697,7926,False
MCOLN2,3288,38.1665,0.1697,7927,False
RNF113A,2616,56.2584,0.1697,7928,False
TXLNB,192,0.6277,0.1696,7929,False
RP11-819C21.1,320,1.1092,0.1695,7930,False
RBMS1,3786,36.0934,0.1695,7931,False
AC010441.1,888,12.2572,0.169,7932,False
AP3S1,4482,98.0006,0.1686,7933,False
IFNGR1,4489,81.6555,0.1686,7934,False
TIAM2,1337,8.4523,0.1686,7935,False
PCDH12,268,0.6805,0.1685,7936,False
P2RY10,3467,81.8655,0.1684,7937,False
AKR7A2,2399,47.7549,0.1683,7938,False
THOC2,5518,76.3594,0.1683,7939,False
EEF1A1P16,3267,0.4956,0.1682,7940,False
PBX3,1157,12.312,0.1681,7941,False
PEBP1P2,809,0.5948,0.168,7942,False
HIP1,1236,7.783,0.1678,7943,False
SLC41A2,1667,11.0951,0.1677,7944,False
TCAIM,1027,11.6735,0.1677,7945,False
SLU7,5213,83.421,0.1677,7946,False
EPOR,821,9.9994,0.1676,7947,False
RP4-798A10.2,224,0.6761,0.1676,7948,False
PLCB2,4787,98.3617,0.1674,7949,False
SAMD11P1,266,1.6929,0.1674,7950,False
CRAT,803,9.6088,0.1673,7951,False
ARRDC1,3978,90.3985,0.1672,7952,False
POLE2,446,3.874,0.1672,7953,False
TIGD5,189,0.5951,0.1671,7954,False
MRPL10,3352,75.5599,0.1669,7955,False
WDSUB1,1149,13.1657,0.1669,7956,False
MRPL35,994,12.3073,0.1668,7957,False
CNOT2,8624,221.9085,0.1668,7958,False
MUS81,3822,53.3695,0.1667,7959,False
TOLLIP,2812,38.1879,0.1667,7960,False
TFB2M,1027,13.0475,0.1665,7961,False
CDC26,3479,77.2645,0.1664,7962,False
PCGF6,714,7.997,0.1664,7963,False
MREG,473,2.9019,0.1664,7964,False
AC012307.3,969,2.9614,0.1662,7965,False
SIMC1,1392,13.3006,0.1661,7966,False
STRIP2,434,1.0899,0.166,7967,False
GOT1,1531,20.1817,0.166,7968,False
RBM43,547,3.0327,0.1659,7969,False
CTC-365E16.1,674,8.5509,0.1657,7970,False
KLHL5,1135,6.5571,0.1656,7971,False
RP11-498D10.5,278,1.717,0.1655,7972,False
RP11-497H17.1,677,8.817,0.1655,7973,False
MLH1,2430,33.2699,0.1653,7974,False
NFKBIL1,806,9.8294,0.1653,7975,False
PDCD6IP,6417,116.6441,0.1653,7976,False
SHARPIN,2481,42.018,0.165,7977,False
SNHG16,4240,88.5421,0.165,7978,False
HK2P1,222,0.0341,0.1647,7979,False
NR4A1,6409,149.2758,0.1647,7980,False
RP11-393I23.2,367,0.975,0.1646,7981,False
SERTAD3,1325,21.1851,0.1646,7982,False
IQCE,518,2.0689,0.1645,7983,False
SH3BP1,1343,6.4741,0.1644,7984,False
ARAP1-AS1,2830,36.5488,0.164,7985,False
RP11-345J4.6,10467,469.5508,0.164,7986,False
AKAP9,7899,148.2235,0.1639,7987,False
ABHD5,1420,19.1645,0.1639,7988,False
RP11-156E6.1,456,4.1454,0.1634,7989,False
LZTS2,599,4.5088,0.1633,7990,False
KSR1,1545,8.6974,0.1631,7991,False
ANKRD46,928,9.5227,0.1631,7992,False
HMOX2,4772,121.0927,0.1629,7993,False
PAXIP1-AS2,939,8.5596,0.1628,7994,False
RP11-754B17.1,329,3.0913,0.1628,7995,False
ORAI3,466,3.386,0.1627,7996,False
SEC24D,1613,12.6159,0.1626,7997,False
CTB-31O20.4,205,0.9296,0.1625,7998,False
RNU6-11P,578,3.6251,0.1621,7999,False
AC008443.1,609,4.6926,0.1621,8000,False
SLC4A2,2011,31.39,0.1621,8001,False
WIBG,2381,43.0845,0.1621,8002,False
LPIN3,268,0.7441,0.1618,8003,False
HIST1H2AC,1573,24.6412,0.1616,8004,False
LAMB1,399,3.6422,0.1615,8005,False
CTD-2561J22.5,198,0.7656,0.1615,8006,False
RP11-490O6.2,263,0.3152,0.1613,8007,False
C19orf48,2047,37.6425,0.1613,8008,False
SDHA,6650,141.5917,0.1613,8009,False
ATP2C1,2663,22.7092,0.1608,8010,False
RTP4,911,13.7966,0.1607,8011,False
KCTD2,367,2.6448,0.1607,8012,False
GTF2A1,1411,10.6824,0.1607,8013,False
C12orf45,1191,15.8329,0.1605,8014,False
RNU6-37P,579,3.6305,0.1604,8015,False
LINC00665,994,3.2626,0.1602,8016,False
C17orf58,490,4.0753,0.1602,8017,False
ARHGAP12,1136,10.1994,0.1602,8018,False
ZNF414,491,3.5284,0.1599,8019,False
MSRB1,1358,21.5861,0.1596,8020,False
IGHMBP2,1557,17.2443,0.1594,8021,False
FAM111B,470,4.4017,0.1593,8022,False
NSDHL,835,10.1792,0.1591,8023,False
ACTBP8,628,0.1347,0.1591,8024,False
SERPIND1,257,1.1814,0.159,8025,False
NUDT22,3696,76.3086,0.159,8026,False
RP11-98I9.4,871,3.3684,0.159,8027,False
MED12,3687,30.3151,0.159,8028,False
ZNF71,435,3.1089,0.1589,8029,False
IFT27,2193,27.777,0.1589,8030,False
PBDC1,2295,44.7541,0.1588,8031,False
CNTROB,1204,12.1535,0.1586,8032,False
ATP8B5P,292,0.0635,0.1585,8033,False
DYNLT1,4635,178.6752,0.1585,8034,False
TIMM8BP2,187,0.4615,0.1582,8035,False
NDUFC1,3402,85.1951,0.1582,8036,False
DOK3,1320,15.8151,0.1582,8037,False
CUX1,2811,17.5151,0.1582,8038,False
EIF5,8706,366.0624,0.1577,8039,False
KIF20A,365,3.49,0.1577,8040,False
CFDP1,3238,46.4159,0.1576,8041,False
KIAA1328,1462,10.5006,0.1576,8042,False
LILRP1,777,0.4451,0.1575,8043,False
FAM109A,257,0.3997,0.1574,8044,False
FCGR2C,1237,11.1798,0.1573,8045,False
C15orf57,2682,46.4517,0.1572,8046,False
ZCCHC9,1633,16.3772,0.1571,8047,False
GBE1,1298,10.3466,0.1571,8048,False
MBLAC2,352,2.466,0.157,8049,False
MAPRE3,269,0.5485,0.157,8050,False
CTC-287O8.1,890,12.7632,0.157,8051,False
SNX4,2392,36.8229,0.1569,8052,False
CHIC2,4160,81.1077,0.1569,8053,False
ZNF827,1417,11.2866,0.1569,8054,False
TCTA,1811,27.8441,0.1569,8055,False
C8orf76,1941,28.8956,0.1565,8056,False
MPC1,3038,67.2131,0.1564,8057,False
PLCXD2,1114,10.9455,0.1563,8058,False
RP11-766H1.1,610,0.7433,0.156,8059,False
SIPA1L2,415,1.2242,0.156,8060,False
PRCP,2300,36.1827,0.1559,8061,False
EFTUD2,3814,71.6506,0.1559,8062,False
RP11-20B24.5,236,1.3172,0.1558,8063,False
CACYBP,6420,196.2259,0.1557,8064,False
GLI1,395,1.2243,0.1555,8065,False
TTN,6141,29.1101,0.1554,8066,False
C6orf1,2533,57.7451,0.1553,8067,False
C14orf2,4898,128.8752,0.1553,8068,False
OR2A1-AS1,557,3.531,0.1551,8069,False
SLC25A30,870,3.1233,0.155,8070,False
RP11-23J9.5,282,1.6875,0.1549,8071,False
AC005519.4,350,1.8303,0.1549,8072,False
C5orf28,990,10.8992,0.1548,8073,False
ZNF626,1071,9.4367,0.1547,8074,False
KIFAP3,1758,20.8251,0.1546,8075,False
TMOD1,357,2.7276,0.1543,8076,False
CTD-2547L24.3,840,8.5475,0.1542,8077,False
PREP,2573,25.9045,0.1542,8078,False
RP11-61N20.3,330,0.8744,0.1542,8079,False
VRK1,1833,29.1508,0.1542,8080,False
TBCC,3236,73.8057,0.154,8081,False
FAM179A,1640,12.3396,0.154,8082,False
ERVW-1,1276,0.4209,0.154,8083,False
ABHD8,270,1.1983,0.1537,8084,False
CARD6,415,2.5116,0.1535,8085,False
GSK3A,499,1.1852,0.1533,8086,False
RARRES3,7689,396.9799,0.1529,8087,False
ZNF622,2676,46.6683,0.1528,8088,False
DCDC2B,296,0.8152,0.1525,8089,False
PTOV1-AS1,408,2.5518,0.1525,8090,False
WDR6,3592,64.044,0.1524,8091,False
RNMT,2786,34.8192,0.152,8092,False
CCDC106,393,0.8956,0.1514,8093,False
AP000974.1,737,0.1769,0.1512,8094,False
ZFAND6,4531,107.1553,0.1512,8095,False
PLA2G4A,259,1.0364,0.1511,8096,False
ST3GAL6,618,5.3069,0.1509,8097,False
RP11-463J10.2,472,4.6926,0.1508,8098,False
PLCH2,563,3.8492,0.1507,8099,False
RP11-690G19.3,1122,15.7032,0.1502,8100,False
KIAA0100,3094,31.0528,0.1501,8101,False
BRIP1,439,1.3691,0.1501,8102,False
ORAI2,2730,24.6954,0.15,8103,False
RP11-706O15.3,497,1.9713,0.15,8104,False
RP11-186N15.3,385,2.3536,0.15,8105,False
GPAM,371,2.3022,0.1499,8106,False
RIOK1,2256,31.212,0.1499,8107,False
ANKRD36B,7702,79.57,0.1499,8108,False
ACVR2B,275,0.5764,0.1498,8109,False
SPG11,5570,83.9561,0.1498,8110,False
FARS2,1807,27.1535,0.1494,8111,False
RP11-1006G14.4,398,3.0853,0.1493,8112,False
PRKX-AS1,199,0.4851,0.1493,8113,False
REXO4,671,6.1482,0.1492,8114,False
ADRB1,191,1.0932,0.1492,8115,False
TMEM70,2560,45.1243,0.1491,8116,False
MAD2L1,1352,24.6181,0.1486,8117,False
MIPEPP3,232,1.2882,0.1486,8118,False
ABCD3,1178,10.1248,0.1484,8119,False
SEPHS2,1551,21.2972,0.1483,8120,False
ORMDL3,2139,38.643,0.1483,8121,False
RP11-313P13.4,1113,9.2184,0.1483,8122,False
EIF3M,6488,282.4046,0.1483,8123,False
SLIRP,2819,55.472,0.148,8124,False
GRIN2C,194,0.2417,0.1478,8125,False
RP11-343C2.12,266,1.2184,0.1477,8126,False
EXD2,482,4.0133,0.1476,8127,False
IRS1,231,0.1974,0.1474,8128,False
CLNK,837,7.3533,0.1474,8129,False
IGFBP4,622,6.6716,0.1472,8130,False
RCBTB2,1215,14.861,0.1468,8131,False
RP11-840I19.3,220,1.0645,0.1468,8132,False
ATP6V0E2,3115,72.2216,0.1462,8133,False
RPSA,14746,1617.4558,0.1462,8134,False
RPS15,15042,1779.3558,0.1462,8135,False
LRCH4,2606,26.0267,0.1461,8136,False
GTF2H2C,2001,19.1479,0.146,8137,False
FAM210A,1583,15.5716,0.1457,8138,False
ZGPAT,2666,52.1989,0.1457,8139,False
RAD54B,368,2.8335,0.1457,8140,False
SNX5,6215,140.8065,0.1456,8141,False
TBXAS1,1932,28.0994,0.1456,8142,False
RIBC2,202,0.8485,0.1455,8143,False
CCNH,6701,214.6213,0.1454,8144,False
PCYT1A,2563,31.3776,0.1454,8145,False
ZBTB39,362,1.3638,0.1452,8146,False
GCNT2,638,4.6701,0.1451,8147,False
RAPH1,614,2.1442,0.1451,8148,False
SEC23IP,2195,22.822,0.1451,8149,False
AIFM1,1650,22.4469,0.1449,8150,False
KIF20B,2272,27.2501,0.1448,8151,False
CORO1A,13697,1085.9579,0.1448,8152,False
SLC7A8,418,3.3819,0.1448,8153,False
TBX19,453,2.816,0.1447,8154,False
RPS8,15207,1727.3016,0.1447,8155,False
ATP6V0E2-AS1,227,1.1951,0.1445,8156,False
C5orf22,1563,20.1679,0.1444,8157,False
CD180,920,8.135,0.1444,8158,False
ZNF726,698,1.9249,0.1444,8159,False
RP11-391L3.5,864,8.9582,0.1443,8160,False
BTBD10,1925,23.0207,0.1438,8161,False
APLF,271,1.074,0.1438,8162,False
ALAS1,2213,34.4389,0.1437,8163,False
TNFRSF8,317,2.9561,0.1437,8164,False
SNX11,1799,23.6762,0.1436,8165,False
RP11-381K20.2,443,4.0266,0.1436,8166,False
ZDHHC8,809,2.7153,0.1434,8167,False
NDNL2,749,8.3712,0.1433,8168,False
SNAP23,5054,104.7739,0.1432,8169,False
FRAT2,251,1.5597,0.1432,8170,False
COL10A1,316,2.2686,0.1432,8171,False
SDHB,4188,117.7544,0.1431,8172,False
FAM211A,542,2.1302,0.1431,8173,False
MTM1,1702,18.221,0.1431,8174,False
TOMM5,3949,94.0024,0.143,8175,False
ANTXR2,2359,28.2542,0.1428,8176,False
AC131097.3,530,3.7032,0.1428,8177,False
KIAA0020,2336,27.1731,0.1427,8178,False
RP11-20I23.13,597,2.463,0.1427,8179,False
ATXN2,2848,35.2179,0.1424,8180,False
RP1-67K17.4,541,6.8734,0.1424,8181,False
SLC10A7,1183,13.0341,0.142,8182,False
AC092620.2,286,2.3243,0.1419,8183,False
MRPS9,1713,26.8378,0.1415,8184,False
INPP1,1288,17.4879,0.1414,8185,False
FAM47E-STBD1,223,0.6987,0.1414,8186,False
FN3KRP,1557,24.1555,0.1413,8187,False
LTA4H,3419,65.4122,0.1413,8188,False
PQLC3,2661,56.3155,0.1413,8189,False
DHFRL1,590,3.3616,0.1412,8190,False
CTD-2017D11.1,1143,4.6724,0.1411,8191,False
ZNF718,1215,10.9528,0.1409,8192,False
BLZF1,1449,17.4825,0.1409,8193,False
AC007383.3,353,3.178,0.1408,8194,False
RP11-337C18.8,340,2.3726,0.1407,8195,False
AP1G2,7672,286.5252,0.1407,8196,False
E2F1,311,1.35,0.1407,8197,False
AC006111.1,248,0.9192,0.1407,8198,False
HIST1H3G,556,2.7635,0.1406,8199,False
CNIH1,3898,95.0676,0.1406,8200,False
GPATCH3,906,12.0618,0.1404,8201,False
SCIMP,1468,14.9507,0.1403,8202,False
FAM162A,2252,41.0587,0.1402,8203,False
LDOC1,518,6.7305,0.1402,8204,False
ENO1,11877,651.8694,0.14,8205,False
RPL23AP53,541,3.0885,0.1399,8206,False
ZBED6CL,499,4.6427,0.1398,8207,False
ZNF296,829,10.9069,0.1398,8208,False
RP11-119B16.2,173,1.4932,0.1397,8209,False
SNX14,4537,70.5604,0.1397,8210,False
TOPBP1,1467,11.3444,0.1397,8211,False
DLEC1,1198,1.9691,0.1394,8212,False
C21orf59,2476,43.6573,0.1394,8213,False
RMND1,1055,11.7231,0.1391,8214,False
RP1-63M2.6,160,0.7657,0.139,8215,False
PHACTR1,1458,13.3838,0.1389,8216,False
NUDCD2,3310,47.8451,0.1388,8217,False
PEX16,2703,53.1893,0.1388,8218,False
RP11-701I24.1,219,0.1461,0.1387,8219,False
ANKS1B,713,5.2786,0.1386,8220,False
PTP4A2,6500,174.1466,0.1384,8221,False
PEAK1,1570,7.3313,0.1383,8222,False
KIAA1377,380,0.9959,0.1379,8223,False
RP11-96K19.4,208,0.6075,0.1378,8224,False
RHOT1,1308,11.917,0.1378,8225,False
SMC1A,3918,43.1323,0.1377,8226,False
PLSCR1,4006,90.9186,0.1375,8227,False
CTD-2012K14.4,933,10.1649,0.1375,8228,False
VANGL1,565,4.057,0.1374,8229,False
RPL11,15400,1934.698,0.137,8230,False
RP11-552F3.12,630,0.235,0.1369,8231,False
SNORA64,252,1.3095,0.1369,8232,False
RP11-123C21.2,962,11.6228,0.1368,8233,False
SMIM8,782,9.5743,0.1366,8234,False
MED13,5145,42.1873,0.1365,8235,False
MAP4K3,787,5.746,0.1365,8236,False
ZNF37A,2124,10.554,0.1364,8237,False
SLC37A2,716,5.7351,0.1364,8238,False
EEF1D,14142,1225.7175,0.1364,8239,False
LIG3,1350,12.8609,0.1363,8240,False
RP11-511H9.4,490,0.9703,0.1362,8241,False
MBTD1,815,5.4322,0.1361,8242,False
RP11-329J18.3,161,0.7666,0.1361,8243,False
ANXA4,2071,34.4058,0.1359,8244,False
TCP11L1,1117,10.1897,0.1357,8245,False
NPM1,14264,1128.6693,0.1354,8246,False
NAT6,617,7.3378,0.1352,8247,False
RPSAP14,291,0.2858,0.1352,8248,False
RP11-386G11.5,469,2.0882,0.1346,8249,False
NOP10,4622,140.3831,0.1346,8250,False
BDH2P1,374,0.2784,0.1346,8251,False
HBP1,4659,83.9879,0.134,8252,False
PCBD1,1810,26.3188,0.1339,8253,False
AC138783.12,731,4.7632,0.1339,8254,False
ZNF92,2517,23.0723,0.1339,8255,False
RP6-109B7.3,626,6.8226,0.1339,8256,False
HAVCR2,5387,175.7154,0.1339,8257,False
GCSH,688,7.0432,0.1339,8258,False
SLC30A6,1183,10.7707,0.1338,8259,False
A2M,3588,30.6044,0.1333,8260,False
SMC1B,297,0.2262,0.1333,8261,False
CTB-133G6.1,531,4.8726,0.1333,8262,False
ACTR3C,1005,9.0574,0.1333,8263,False
SPIDR,3803,65.9227,0.1331,8264,False
SLC27A2,1115,15.7522,0.1331,8265,False
CEP85L,3110,31.9282,0.1329,8266,False
RUSC1-AS1,1494,3.4782,0.1328,8267,False
LINC00926,1074,12.8917,0.1328,8268,False
MEF2B,260,0.4713,0.1327,8269,False
GGCX,1775,13.4374,0.1327,8270,False
YBX1P1,552,0.2821,0.1327,8271,False
HELZ2,2077,16.0193,0.1326,8272,False
CTDNEP1,1529,10.1897,0.1323,8273,False
ERMAP,419,2.4504,0.132,8274,False
PPWD1,3732,55.5167,0.1317,8275,False
SSR3,7388,147.592,0.1316,8276,False
TOMM6,4680,134.9179,0.1316,8277,False
CIRH1A,1931,25.1376,0.1316,8278,False
ZNF557,546,3.8614,0.1315,8279,False
BTN3A3,4736,69.7897,0.1315,8280,False
GART,3087,44.0206,0.1315,8281,False
AC091132.1,185,0.2222,0.1314,8282,False
CTD-2036P10.3,290,1.674,0.1313,8283,False
SSB,5562,133.1117,0.1311,8284,False
ME2,1946,17.6493,0.1311,8285,False
AC011899.9,240,1.1082,0.1311,8286,False
BAG6,4517,36.4466,0.131,8287,False
MED30,2597,51.537,0.131,8288,False
SF3A2,1437,7.49,0.1309,8289,False
FLYWCH2,1346,21.7862,0.1309,8290,False
ZNF605,505,3.7985,0.1309,8291,False
PKD1P6,1662,6.5717,0.1309,8292,False
CABLES2,346,2.1041,0.1308,8293,False
CTD-3232M19.2,1148,6.3776,0.1307,8294,False
MRPS26,2119,39.3819,0.1307,8295,False
GUSBP4,763,4.1107,0.1304,8296,False
NDEL1,4775,78.3742,0.1304,8297,False
RP11-434H14.1,245,1.2891,0.1302,8298,False
BCL7B,1972,32.5077,0.1302,8299,False
DIRC2,390,1.0384,0.1301,8300,False
HIST1H4I,578,1.3292,0.1301,8301,False
TBCE,1211,9.8636,0.13,8302,False
GDE1,2313,34.9773,0.13,8303,False
HIST1H1B,521,5.8747,0.1299,8304,False
PDE6D,1885,33.8352,0.1298,8305,False
GPD1L,888,8.4588,0.1298,8306,False
SRGAP1,275,0.481,0.1297,8307,False
C12orf44,2281,44.096,0.1296,8308,False
PRKAA1,3533,56.9997,0.1296,8309,False
RP11-493L12.5,570,5.7713,0.1295,8310,False
C1orf198,507,3.7951,0.1294,8311,False
MOSPD2,1095,11.4084,0.1292,8312,False
CCDC17,243,1.1847,0.1292,8313,False
GSPT2,492,4.9552,0.129,8314,False
SYS1,2902,51.6718,0.129,8315,False
PPIG,5599,124.1091,0.1289,8316,False
SCO1,1375,17.1755,0.1287,8317,False
IGFBP7,735,2.1613,0.1286,8318,False
ISOC1,1827,32.304,0.1285,8319,False
KYNU,1435,18.8073,0.1283,8320,False
UFC1,5018,133.709,0.1282,8321,False
SAMD9L,4358,64.852,0.1282,8322,False
RP11-134L10.1,536,1.8473,0.1281,8323,False
RFNG,564,4.2431,0.1281,8324,False
AC005785.2,215,0.1832,0.1279,8325,False
SLC35C1,972,7.3728,0.1278,8326,False
RECK,883,7.6337,0.1276,8327,False
NCALD,2143,30.3481,0.1275,8328,False
CTD-2647L4.4,3209,72.139,0.1275,8329,False
KIFC3,586,3.019,0.1275,8330,False
SIRT3,1223,14.3267,0.1273,8331,False
RP11-596D21.1,210,1.2506,0.1273,8332,False
MAPKBP1,1262,8.8904,0.1273,8333,False
PPP1R15A,11672,517.3323,0.1271,8334,False
NAP1L5,572,5.5667,0.127,8335,False
ORC2,2419,20.5283,0.127,8336,False
CNEP1R1,2151,29.422,0.127,8337,False
MTF1,1705,14.0814,0.1269,8338,False
LINC00537,958,9.4623,0.1266,8339,False
RP11-1198D22.3,173,0.0715,0.1265,8340,False
RP11-435B5.4,1418,5.7544,0.1264,8341,False
PEPD,2345,44.8957,0.1263,8342,False
WDR61,3210,61.2,0.1263,8343,False
BLMH,1767,26.5295,0.1258,8344,False
KCNE3,411,1.9216,0.1257,8345,False
RHBDD2,5204,117.5266,0.1256,8346,False
RICTOR,4757,45.3882,0.1254,8347,False
GTF2H1,2490,35.8327,0.1254,8348,False
TMEM14A,1582,29.5247,0.1254,8349,False
CTD-2083E4.4,253,0.4837,0.1253,8350,False
TRAPPC6B,1776,20.8538,0.1252,8351,False
THAP7,1930,34.2458,0.1251,8352,False
EIF4A3,5796,193.158,0.1251,8353,False
GRHPR,3168,47.233,0.125,8354,False
ZNF543,569,3.1611,0.1249,8355,False
PSMC2,3558,74.2914,0.1248,8356,False
AGGF1,2474,22.6712,0.1246,8357,False
YBX1P6,178,0.0471,0.1246,8358,False
TMUB2,2572,46.113,0.1243,8359,False
PRPF40A,5446,104.0431,0.1242,8360,False
ELMO1,7116,133.9581,0.1242,8361,False
RP11-360D2.2,810,2.7215,0.1242,8362,False
RNPEPL1,2854,43.8808,0.1241,8363,False
RP4-635E18.7,315,0.7182,0.1241,8364,False
AC068831.15,1613,23.4211,0.1241,8365,False
PNPLA8,3225,44.9451,0.124,8366,False
DONSON,1491,9.5242,0.124,8367,False
MANF,1587,24.5922,0.124,8368,False
SAR1B,5137,59.7193,0.1237,8369,False
RPL7P48,623,0.2132,0.1236,8370,False
DMXL1,2655,32.9448,0.1235,8371,False
DECR1,4366,111.4661,0.1232,8372,False
AQP11,317,1.6726,0.1229,8373,False
PPAPDC2,488,4.9972,0.1226,8374,False
ODF2L,3610,58.0083,0.1224,8375,False
RPL30,14791,1571.0826,0.1222,8376,False
PSRC1,310,2.7991,0.1222,8377,False
HS1BP3,974,10.6651,0.1222,8378,False
KRI1,2377,28.8845,0.1222,8379,False
EIF1,15553,1758.4369,0.1214,8380,False
RNF7,5106,137.5344,0.1213,8381,False
BARD1,2388,19.4552,0.1212,8382,False
RFTN2,259,0.7074,0.1211,8383,False
ZNF322P1,374,1.2855,0.121,8384,False
RP1-261D10.1,717,5.35,0.1208,8385,False
C4orf27,1875,31.5549,0.1207,8386,False
C22orf46,537,3.536,0.1207,8387,False
EXTL3,824,3.8015,0.1206,8388,False
RP11-96K19.2,236,0.7563,0.1205,8389,False
TFIP11,3137,49.2814,0.1199,8390,False
YIPF5,3026,49.9121,0.1197,8391,False
CHMP4A,5408,145.3477,0.1195,8392,False
USP48,4418,54.5992,0.1193,8393,False
RP11-69L16.4,192,0.8831,0.1192,8394,False
LRFN4,233,0.495,0.1192,8395,False
ATXN7L2,816,8.0433,0.1192,8396,False
IP6K2,4233,89.5807,0.1191,8397,False
ACTR5,1043,11.9844,0.119,8398,False
ZDHHC6,3107,51.4464,0.119,8399,False
AC092651.1,566,2.7664,0.1189,8400,False
FRMD5,396,2.8384,0.1189,8401,False
RP11-1186N24.5,1532,3.8559,0.1188,8402,False
NDUFA8,2064,39.7401,0.1188,8403,False
COPS7A,2253,37.5981,0.1186,8404,False
PPP2R2A,2938,17.1045,0.1184,8405,False
AIMP2,1284,18.7749,0.1175,8406,False
MATK,1369,17.9551,0.1172,8407,False
KANK2,194,0.6083,0.1171,8408,False
AFAP1L2,1668,18.0907,0.1167,8409,False
KCNK6,886,7.7303,0.1167,8410,False
TRMT5,1228,2.7823,0.1167,8411,False
SEL1L,3808,24.539,0.1165,8412,False
NMD3,2119,26.9378,0.1165,8413,False
C1orf159,961,9.0212,0.1164,8414,False
GBP1P1,696,3.0683,0.1164,8415,False
ANGPTL1,222,0.5771,0.1161,8416,False
TSSC1,2191,32.4004,0.1161,8417,False
ATP5G1,3380,88.7211,0.116,8418,False
OSGIN2,583,3.1279,0.1159,8419,False
IRAK1BP1,310,1.201,0.1158,8420,False
RP11-299L17.1,213,0.1688,0.1157,8421,False
CCDC71L,263,0.88,0.1157,8422,False
RP11-255B23.1,469,0.1532,0.1157,8423,False
GPRASP1,425,3.0012,0.1157,8424,False
LINC00984,271,1.5625,0.1156,8425,False
BIVM,743,6.9072,0.1156,8426,False
ZP3,436,2.817,0.1154,8427,False
PHF23,620,6.0096,0.1154,8428,False
IL9RP3,250,0.5245,0.1152,8429,False
MLLT4,542,1.8784,0.1152,8430,False
POLR2A,10324,133.0546,0.1151,8431,False
MARS2,568,6.241,0.115,8432,False
IKZF4,1156,10.7517,0.115,8433,False
RBBP7,4236,101.9351,0.115,8434,False
PRDX4,2119,43.0205,0.1149,8435,False
THEM6,1050,14.743,0.1148,8436,False
UBAC1,1101,10.8801,0.1148,8437,False
RP11-357H14.17,270,2.1271,0.1147,8438,False
TMEM179B,4246,112.9668,0.1145,8439,False
MLYCD,386,2.1303,0.1145,8440,False
BLOC1S5,1418,16.6032,0.1141,8441,False
SPSB2,1147,12.9149,0.1137,8442,False
FTO,2136,23.0972,0.1135,8443,False
KIAA1429,2083,23.4307,0.1135,8444,False
PSMA6P1,3147,2.8146,0.1134,8445,False
GCA,1683,23.3389,0.1133,8446,False
RP11-477D19.2,295,1.5784,0.1131,8447,False
WDR11,2649,28.5334,0.113,8448,False
AMZ1,438,1.6331,0.113,8449,False
RP11-495P10.2,685,8.0778,0.1128,8450,False
NOL8,2740,41.3898,0.1128,8451,False
MRPL3,3050,63.8236,0.1126,8452,False
ARHGAP22,501,1.5687,0.1126,8453,False
EDARADD,1761,9.5515,0.1124,8454,False
CD3EAP,813,3.9037,0.1123,8455,False
HACE1,663,5.2798,0.1121,8456,False
CLPX,2127,23.3687,0.1121,8457,False
PNPT1,2137,23.7224,0.1119,8458,False
DDRGK1,2161,40.4192,0.1119,8459,False
DDX6P1,1866,0.3137,0.1118,8460,False
ACVR1B,359,1.2418,0.1116,8461,False
RP11-277L2.5,824,6.3396,0.1114,8462,False
DCUN1D5,2383,37.3925,0.1113,8463,False
NBPF3,1360,4.0188,0.1111,8464,False
NPHP3,1164,8.5565,0.1111,8465,False
HDAC2,3194,54.7598,0.1111,8466,False
ITGA5,2006,24.6428,0.1109,8467,False
RP11-218M22.1,642,4.8754,0.1108,8468,False
SNRNP40,3548,76.6622,0.1105,8469,False
C12orf43,1187,12.1905,0.1102,8470,False
CTTN,788,8.3123,0.1101,8471,False
TOMM34,1397,18.8035,0.11,8472,False
KIAA1524,799,6.3698,0.11,8473,False
ACAP3,560,2.0357,0.1096,8474,False
SMIM5,234,2.0556,0.1093,8475,False
CD209,284,0.6953,0.1091,8476,False
RPS21,10640,679.0962,0.1089,8477,False
TRIM4,2848,41.4596,0.1088,8478,False
ZNF699,652,8.7361,0.1088,8479,False
MUL1,1302,17.6606,0.1086,8480,False
PSENEN,2648,48.7906,0.1084,8481,False
STOML2,3540,76.8742,0.1084,8482,False
DPP3,2339,37.1396,0.1083,8483,False
CDYL2,1387,7.127,0.1083,8484,False
NMT1,5190,86.2586,0.1083,8485,False
TMEM106A,1489,14.7026,0.1081,8486,False
AC009299.4,286,0.3184,0.1079,8487,False
NAA35,1216,10.6917,0.1077,8488,False
RRM1,2696,41.3386,0.1077,8489,False
KLHL26,482,3.3243,0.1077,8490,False
CARS,3149,45.1118,0.1077,8491,False
C10orf95,182,0.0896,0.1076,8492,False
LRCH3,4187,51.1263,0.1075,8493,False
RP11-582J16.4,376,1.4992,0.1075,8494,False
MEN1,506,2.7215,0.1074,8495,False
LONRF3,545,2.4057,0.1074,8496,False
ATP5H,4823,137.4528,0.1073,8497,False
CDYL,809,5.1822,0.1072,8498,False
RNF220,1879,10.661,0.107,8499,False
RBM7,3258,45.0101,0.1069,8500,False
AC007875.3,267,1.1548,0.1069,8501,False
EMC6,2460,55.0062,0.1068,8502,False
LRRC20,305,0.9275,0.1068,8503,False
HIST3H2A,1221,20.952,0.1068,8504,False
ASPHD2,354,1.3693,0.1067,8505,False
KLHL12,1611,19.6905,0.1064,8506,False
ZNF524,1241,15.7132,0.1064,8507,False
RP11-217O12.1,795,0.183,0.1062,8508,False
RNF138,4122,83.1418,0.1061,8509,False
ZNF398,459,2.7804,0.1061,8510,False
PSMG2,4141,104.4362,0.106,8511,False
SLC35B3,1028,12.1802,0.106,8512,False
RPLP1,15853,2714.6836,0.1059,8513,False
RP4-604K5.3,189,1.0181,0.1058,8514,False
RP11-774O3.3,294,1.1202,0.1058,8515,False
RP11-350N15.5,351,2.0349,0.1058,8516,False
CABP7,423,0.3219,0.1058,8517,False
RPL9P3,831,0.4837,0.1056,8518,False
PRKRA,2519,41.3259,0.1054,8519,False
SIGLEC16,279,0.4517,0.1054,8520,False
KCNN3,281,0.3582,0.1053,8521,False
NARF,4832,154.5776,0.1051,8522,False
TMCO4,1655,19.4333,0.105,8523,False
CTB-41I6.2,291,1.3846,0.105,8524,False
RP11-713H12.1,217,0.3064,0.1047,8525,False
SS18L2,3522,86.9925,0.1046,8526,False
RP11-274B21.4,478,4.0606,0.1045,8527,False
RP11-782C8.5,492,2.7387,0.1044,8528,False
MEF2BNB,2079,25.7053,0.1043,8529,False
TSEN34,1179,13.9167,0.1043,8530,False
SERAC1,636,3.7538,0.1043,8531,False
MSANTD4,1149,12.2501,0.1043,8532,False
DERA,1653,21.9851,0.1042,8533,False
CTB-134H23.3,322,1.1036,0.1038,8534,False
PPP2R3B,325,1.1358,0.1037,8535,False
AC008982.2,257,1.6851,0.1037,8536,False
HAGHL,1087,9.4513,0.1034,8537,False
NDUFA6-AS1,1294,11.6042,0.1033,8538,False
STARD3NL,2259,35.5093,0.1032,8539,False
CTA-351J1.1,2039,2.3903,0.103,8540,False
TTC13,2112,29.5576,0.1028,8541,False
EMC3,3883,70.1047,0.1028,8542,False
RETSAT,1569,14.0109,0.1028,8543,False
RMDN3,1669,21.7489,0.1028,8544,False
CD82,6090,211.1633,0.1026,8545,False
RP3-468B3.2,678,0.0738,0.1025,8546,False
RP11-109E24.1,282,2.8425,0.1023,8547,False
ATP8B3,907,2.981,0.1023,8548,False
ACOT4,370,3.4957,0.1022,8549,False
ARL1,2277,39.9535,0.102,8550,False
SKP2,1449,13.2231,0.1018,8551,False
DNM1L,2988,32.2329,0.1018,8552,False
TRIM21,2423,39.095,0.1017,8553,False
HN1L,875,5.9883,0.1016,8554,False
R3HCC1,1639,26.7519,0.1015,8555,False
TMEM219,4507,120.5295,0.1014,8556,False
RP11-338E21.3,207,0.9084,0.1013,8557,False
RP11-275I4.1,263,1.4864,0.1013,8558,False
COA1,4731,83.9075,0.1013,8559,False
LINC00158,373,3.1604,0.1012,8560,False
PANX1,580,4.4411,0.1012,8561,False
CDKN2AIP,1900,30.3058,0.1008,8562,False
ALOX5,2147,27.374,0.1006,8563,False
AC004878.5,392,0.3992,0.1006,8564,False
RP1-199J3.7,295,0.915,0.1006,8565,False
SULT1A2,545,0.625,0.1006,8566,False
MCF2L2,582,2.4494,0.1006,8567,False
PROSER1,3049,34.4864,0.1005,8568,False
RPSAP4,1283,0.461,0.1005,8569,False
CCDC109B,3083,50.0747,0.1003,8570,False
MLTK,985,4.192,0.1003,8571,False
RP3-330M21.5,357,2.772,0.1002,8572,False
FBXO4,1001,11.9129,0.1,8573,False
TMED3,2659,50.9601,0.0997,8574,False
SPATA20,2088,26.9813,0.0996,8575,False
C9orf37,1346,18.004,0.0995,8576,False
CSNK1G3,2629,36.8593,0.0993,8577,False
RPL21P134,1189,1.5046,0.0993,8578,False
CRCP,2075,25.0893,0.0993,8579,False
ZSCAN12,442,2.3208,0.0992,8580,False
FAM185BP,405,0.7971,0.0992,8581,False
FPGT,522,4.4758,0.099,8582,False
THEM4,2086,30.8726,0.099,8583,False
IL18R1,1634,20.0493,0.099,8584,False
RAB11FIP2,753,4.0764,0.099,8585,False
GSTCD,647,3.7958,0.0988,8586,False
CDKN2AIPNL,1705,21.9567,0.0986,8587,False
FIZ1,196,0.4178,0.0984,8588,False
KIAA1279,888,8.9093,0.0983,8589,False
UBA2,2138,16.2466,0.0983,8590,False
AC021188.4,721,10.5646,0.0983,8591,False
COPS4,2312,42.0251,0.0982,8592,False
HNRNPH1P3,224,0.0552,0.0982,8593,False
PAF1,4440,75.9666,0.098,8594,False
GOLT1B,2600,38.6105,0.098,8595,False
CIDEB,1315,7.5202,0.0977,8596,False
SCRN1,558,3.9014,0.0977,8597,False
NSMCE1,2928,60.8598,0.0976,8598,False
DOT1L,1634,5.8774,0.0972,8599,False
SPHK1,542,4.2708,0.0971,8600,False
TAF4B,639,3.3172,0.097,8601,False
EEF1B2,11762,773.8936,0.097,8602,False
CTD-2545M3.8,284,1.8977,0.0969,8603,False
PLD3,3641,70.9268,0.0967,8604,False
TUBGCP4,1631,16.8281,0.0966,8605,False
DMWD,633,3.8832,0.0964,8606,False
TDRD3,1808,8.5927,0.0963,8607,False
LINC00504,1483,0.2389,0.0962,8608,False
RP11-262H14.4,681,3.8725,0.0961,8609,False
RP11-203M5.7,301,2.258,0.0959,8610,False
SLC22A4,308,0.9923,0.0959,8611,False
ZXDA,252,1.1915,0.0958,8612,False
TSTD1,3719,148.7935,0.0957,8613,False
LRR1,1133,14.9889,0.0957,8614,False
CWC27,1691,23.6935,0.0957,8615,False
TTC16,559,5.3173,0.0955,8616,False
CLEC4D,264,1.3568,0.0952,8617,False
PKMYT1,1004,13.2941,0.0951,8618,False
FEZ2,586,3.9075,0.095,8619,False
ZNF304,467,3.7118,0.095,8620,False
PHC1,4755,17.6808,0.0948,8621,False
FAM159A,998,8.7893,0.0947,8622,False
AC144530.1,2637,4.3064,0.0945,8623,False
C11orf24,1731,20.9185,0.0944,8624,False
RP11-551L14.1,396,1.0832,0.0943,8625,False
PRMT10,4066,32.5927,0.0943,8626,False
RP11-474I11.7,183,1.4269,0.0942,8627,False
RPL21P131,627,0.6569,0.0941,8628,False
CLUHP3,1830,22.0697,0.094,8629,False
CDK6,4370,56.2549,0.094,8630,False
RPL3P12,364,0.0559,0.0939,8631,False
RP11-34P1.2,207,0.2391,0.0937,8632,False
BYSL,686,6.0733,0.0936,8633,False
ASH2L,2033,25.3528,0.0935,8634,False
CDC7,883,8.9752,0.0934,8635,False
LARS2,1517,15.8484,0.0933,8636,False
PDK1,2510,17.7473,0.0933,8637,False
CLASP1,4814,34.5266,0.0933,8638,False
RTKN2,1286,12.3899,0.0933,8639,False
NADSYN1,4441,80.9206,0.0933,8640,False
RP11-286N22.8,3206,65.9206,0.0933,8641,False
LINC00963,3110,33.0614,0.0933,8642,False
HCFC2,925,7.9437,0.0931,8643,False
OXA1L,5341,142.7284,0.093,8644,False
PQBP1,3579,86.5757,0.0929,8645,False
COMMD7,2741,54.8738,0.0927,8646,False
KRBA2,424,3.8766,0.0926,8647,False
ALKBH7,2856,62.4175,0.0926,8648,False
RP11-436I9.5,378,3.2545,0.0925,8649,False
CAAP1,2008,25.013,0.0925,8650,False
DOLPP1,707,7.8224,0.0924,8651,False
SAFB2,5032,70.0751,0.0923,8652,False
ZNF506,3000,36.5489,0.092,8653,False
MAPK7,982,4.4692,0.0919,8654,False
DNAH14,303,0.5092,0.0919,8655,False
GOLGA6L10,214,0.2444,0.0918,8656,False
RP11-426C22.4,433,2.3653,0.0918,8657,False
FBXW2,4885,48.64,0.0918,8658,False
RP11-512N4.2,424,4.4665,0.091,8659,False
HIBADH,1364,16.5342,0.091,8660,False
CCDC91,3246,44.1114,0.091,8661,False
NTNG2,496,0.6445,0.0908,8662,False
RP11-362A9.3,392,3.6601,0.0908,8663,False
JAKMIP2,780,6.9709,0.0908,8664,False
CHMP2B,2573,39.2766,0.0908,8665,False
RP11-434I12.2,384,1.2211,0.0908,8666,False
LUZP1,2850,44.5129,0.0907,8667,False
LINC00959,415,1.1119,0.0907,8668,False
RP13-131K19.2,180,0.7067,0.0907,8669,False
LRRC16A,1621,17.1623,0.0905,8670,False
C16orf62,2355,28.1287,0.0905,8671,False
THOC7,3235,66.6227,0.0902,8672,False
CTC-308K20.3,1469,0.5055,0.09,8673,False
RP11-172E10.1,193,0.7327,0.09,8674,False
GLI4,352,2.3857,0.09,8675,False
KIAA1984-AS1,312,1.2913,0.09,8676,False
IDH3G,3443,74.9277,0.0899,8677,False
C6orf211,1351,17.8271,0.0897,8678,False
ABHD17B,996,10.5126,0.0896,8679,False
LTV1,1891,26.8387,0.0895,8680,False
SPATA32,340,0.4476,0.0895,8681,False
C7orf60,1384,13.6139,0.0891,8682,False
RP11-227J5.3,307,0.1116,0.0891,8683,False
DST,795,3.1498,0.089,8684,False
CENPBD1,370,2.635,0.089,8685,False
SMG9,2510,20.531,0.0889,8686,False
APOBEC3G,8799,321.6332,0.0888,8687,False
TPRG1L,605,4.3818,0.0887,8688,False
REXO1L10P,485,0.2784,0.0886,8689,False
RPS2,13639,987.3607,0.0886,8690,False
RNF43,432,1.7185,0.0885,8691,False
ATP10D,1311,11.4806,0.0884,8692,False
PTRHD1,2131,39.8426,0.0883,8693,False
FAS,3624,66.1746,0.0881,8694,False
AC074286.1,540,2.7803,0.0881,8695,False
GLMN,1898,21.7764,0.088,8696,False
RP11-438J1.1,528,3.14,0.0879,8697,False
DUT,3200,71.4483,0.0879,8698,False
ARHGEF40,446,1.8704,0.0878,8699,False
YJEFN3,612,2.9114,0.0878,8700,False
RELL1,932,7.5503,0.0877,8701,False
MIR17HG,588,5.7117,0.0877,8702,False
TP53I3,343,2.4338,0.0876,8703,False
RUVBL1,2862,34.0196,0.0876,8704,False
MTG1,3948,72.6386,0.0875,8705,False
RP1-257A7.4,302,1.2437,0.0875,8706,False
TRMT44,535,3.6993,0.0874,8707,False
ZHX1,1145,10.6554,0.0874,8708,False
RP11-435B5.5,353,0.6922,0.0871,8709,False
UNC119B,322,1.7548,0.0869,8710,False
UBE2V2,3750,80.8349,0.0868,8711,False
MANBA,2893,27.6444,0.0868,8712,False
RP11-589M4.1,339,2.1546,0.0867,8713,False
SLC45A4,378,0.9661,0.0867,8714,False
RP11-936I5.1,165,0.5243,0.0864,8715,False
RP4-756G23.5,504,0.9116,0.0864,8716,False
VCPKMT,1795,24.6194,0.0864,8717,False
ZNF182,649,5.2066,0.0864,8718,False
MFN1,3150,15.8967,0.0863,8719,False
UBE2E3,1621,20.3977,0.0862,8720,False
AC097721.2,225,1.158,0.0861,8721,False
ZNF100,1641,10.7953,0.086,8722,False
RP11-401A10.2,263,1.9687,0.0859,8723,False
ORC3,2381,22.547,0.0857,8724,False
THAP9-AS1,2503,36.0532,0.0856,8725,False
MGST3,3171,83.1436,0.0856,8726,False
ABCC5,1204,11.127,0.0855,8727,False
CALM1P1,182,0.1122,0.0855,8728,False
RPF2,1654,20.6453,0.0855,8729,False
COA6,1850,31.4125,0.0853,8730,False
ZNF609,2045,8.1825,0.0853,8731,False
AC110781.3,352,1.8678,0.0852,8732,False
RPL12,14661,1539.0643,0.085,8733,False
CTB-25J19.9,1234,16.3388,0.0849,8734,False
RP11-16C1.2,429,1.9501,0.0848,8735,False
PTDSS1,4172,82.3338,0.0848,8736,False
SEPT7P7,966,0.1689,0.0846,8737,False
WDR47,1608,15.1131,0.0846,8738,False
CCDC12,4465,113.5347,0.0845,8739,False
RASA4CP,1401,5.5524,0.0844,8740,False
RP1-212G6.7,482,0.8812,0.0843,8741,False
ZNF410,4368,86.9563,0.0842,8742,False
SPG20,1117,12.2167,0.0842,8743,False
CACFD1,417,3.4974,0.0841,8744,False
AC090587.2,214,0.6376,0.0839,8745,False
RP11-212P7.2,303,0.1663,0.0837,8746,False
LTBP2,222,0.3688,0.0836,8747,False
SMIM18,693,9.9231,0.0835,8748,False
RP11-4F5.2,812,2.0176,0.0834,8749,False
C1orf170,181,0.7531,0.0834,8750,False
NPDC1,1290,17.5769,0.0833,8751,False
CTD-2139B15.2,385,0.1134,0.0832,8752,False
KPNA1,3756,36.6984,0.0832,8753,False
APOPT1,1972,31.6603,0.0832,8754,False
RER1,6167,143.07,0.0831,8755,False
RP11-261C10.7,300,0.1171,0.0831,8756,False
LINC00996,575,5.1152,0.0831,8757,False
PRR24,435,4.0062,0.083,8758,False
RP11-442A17.2,508,0.1154,0.0825,8759,False
ASTL,1106,7.8735,0.0824,8760,False
EBNA1BP2,2123,35.5102,0.0823,8761,False
SLA,9510,326.9664,0.0822,8762,False
SMG6,2826,19.8269,0.0821,8763,False
GSN-AS1,311,0.4335,0.082,8764,False
FIS1,4297,110.4632,0.0818,8765,False
DYNLT3,1654,24.7982,0.0818,8766,False
RAB24,2943,60.3831,0.0817,8767,False
PHF19,1890,20.7503,0.0817,8768,False
SNAPIN,3327,56.4561,0.0817,8769,False
NCSTN,3790,69.6421,0.0815,8770,False
HEATR3,769,4.0645,0.0814,8771,False
ZNF549,768,4.8655,0.0814,8772,False
RP11-548H18.2,967,0.2102,0.0814,8773,False
RPS25,15124,1543.2714,0.0814,8774,False
TMEM163,235,1.0419,0.0814,8775,False
RPS6KA4,1188,1.6151,0.0812,8776,False
GPR108,3672,85.9471,0.081,8777,False
VAMP1,2993,48.8325,0.081,8778,False
ANKHD1,6649,101.9209,0.0808,8779,False
COL4A3BP,2641,26.3311,0.0807,8780,False
GLIPR1,5936,123.5134,0.0807,8781,False
CTC-339F2.2,218,2.1205,0.0804,8782,False
KCNMA1,319,0.9392,0.0802,8783,False
USP32,1539,12.1565,0.0801,8784,False
IMPA1,1546,20.8899,0.0801,8785,False
SNORA76,687,7.2242,0.0797,8786,False
MYO5C,286,0.7187,0.0797,8787,False
XBP1,3238,59.6115,0.0795,8788,False
NHP2,4047,111.0029,0.0794,8789,False
ANLN,618,5.6192,0.0793,8790,False
TPRKBP2,212,1.5086,0.0792,8791,False
RP11-613M10.8,420,2.4606,0.0791,8792,False
ZADH2,1241,7.7935,0.0789,8793,False
PHF14,1984,12.982,0.0787,8794,False
DLGAP5,588,6.5475,0.0785,8795,False
SAT2,2602,42.4654,0.0785,8796,False
RSPH3,640,3.3472,0.0784,8797,False
PWWP2B,215,1.1551,0.0781,8798,False
SEMA6A,443,2.1504,0.0775,8799,False
CASC4,4311,83.1291,0.0774,8800,False
RNF187,1361,12.8967,0.0773,8801,False
P2RY6,657,6.7316,0.0772,8802,False
NICN1-AS1,677,7.7029,0.0771,8803,False
ALKBH4,769,7.5289,0.077,8804,False
ME1,285,1.8137,0.077,8805,False
RIMKLBP2,390,2.7559,0.0769,8806,False
AHSA1,5779,197.5975,0.0769,8807,False
FAM214A,3418,47.9754,0.0768,8808,False
CCDC39,278,0.3842,0.0768,8809,False
HEXB,4216,100.8265,0.0766,8810,False
PGBD3,662,2.8446,0.0766,8811,False
MXD1,4093,49.002,0.0765,8812,False
ZNF25,725,7.3987,0.0763,8813,False
SRSF9,2799,31.3743,0.0763,8814,False
UBE2E2,1350,13.1133,0.076,8815,False
RP11-295B17.6,1014,13.5919,0.0759,8816,False
AC008268.2,245,0.478,0.0757,8817,False
HCG11,350,1.0573,0.0755,8818,False
NPM1P40,1563,0.7465,0.0754,8819,False
RP11-685B14.1,277,0.1142,0.0752,8820,False
MBOAT7,2222,21.1282,0.0751,8821,False
GPR89A,3763,44.4932,0.0751,8822,False
WRNIP1,873,6.4103,0.075,8823,False
ZKSCAN3,793,6.6291,0.0749,8824,False
CDK5R1,367,3.0088,0.0748,8825,False
IMPACT,977,10.2812,0.0746,8826,False
CCT6P1,1472,7.5794,0.0744,8827,False
SNORA8,264,1.9193,0.0742,8828,False
BECN1,5079,110.6137,0.0741,8829,False
RP11-755F10.1,200,0.8447,0.074,8830,False
CDKN2C,739,8.8849,0.074,8831,False
PSME2,10063,581.5798,0.0739,8832,False
PDCD10,3673,72.3947,0.0738,8833,False
LEO1,1692,21.0889,0.0738,8834,False
FAM63A,416,2.5412,0.0737,8835,False
CAPN7,2537,21.9319,0.0737,8836,False
RP11-656D10.6,196,0.4551,0.0736,8837,False
UBE2J2,2424,42.5149,0.0736,8838,False
ALDH9A1,3033,60.1118,0.0735,8839,False
KDM5C,3897,38.4524,0.0735,8840,False
APBA3,1879,29.4491,0.0734,8841,False
ALDH16A1,2418,13.1805,0.0733,8842,False
MRPS18B,2538,47.1233,0.0733,8843,False
MYO1C,1264,9.8728,0.0732,8844,False
EDC3,1868,23.5895,0.0731,8845,False
NDUFB9,4786,135.8703,0.0731,8846,False
UBAP1L,426,1.6842,0.073,8847,False
NLK,951,4.3622,0.073,8848,False
CTC-471J1.2,285,2.1776,0.0726,8849,False
OAZ1,14686,1560.4485,0.0725,8850,False
CYSTM1,2016,28.9521,0.0724,8851,False
UBR3,1169,5.5356,0.0721,8852,False
FEM1B,1761,13.6235,0.072,8853,False
CTSZ,417,1.9343,0.0719,8854,False
YDJC,2361,40.8411,0.0718,8855,False
FES,976,9.7578,0.0715,8856,False
CXorf40A,2660,35.0306,0.0714,8857,False
TRMT10B,1802,14.8944,0.0714,8858,False
ZNF160,2054,24.4642,0.0707,8859,False
CC2D1A,1110,8.1799,0.0707,8860,False
PGAM5,886,2.0887,0.0707,8861,False
DBN1,576,7.0093,0.0699,8862,False
RP11-119D9.1,2145,1.6796,0.0698,8863,False
FAM73B,1686,20.2707,0.0697,8864,False
APOL1,1550,15.9527,0.0696,8865,False
ST13P3,659,0.1763,0.0696,8866,False
COL19A1,532,3.565,0.0696,8867,False
PRR5,1452,18.6545,0.0696,8868,False
TMEM248,2119,18.5016,0.0695,8869,False
TSPAN14,7448,133.9875,0.0695,8870,False
MX2,4316,64.5978,0.0693,8871,False
C18orf32,3941,95.9397,0.0692,8872,False
SDF2L1,2836,61.1351,0.0692,8873,False
FAM201B,179,0.0881,0.0691,8874,False
THEM5,206,0.247,0.0691,8875,False
ZNF395,1008,7.2118,0.0689,8876,False
ETFA,4425,105.7612,0.0688,8877,False
NUDT5,3949,90.4805,0.0688,8878,False
CD4,4567,112.3924,0.0686,8879,False
EPB41L2,1000,7.6535,0.0686,8880,False
VPS51,3048,57.7129,0.0684,8881,False
ITPR2,3641,32.9619,0.0683,8882,False
ZMAT1,972,6.3788,0.0683,8883,False
GPR75-ASB3,2575,24.6305,0.0681,8884,False
RP5-1050D4.4,433,3.9615,0.0678,8885,False
RP11-1017G21.4,283,1.5645,0.0678,8886,False
PSMC6,4938,115.8819,0.0677,8887,False
LPIN1,5554,69.1905,0.0677,8888,False
GP1BA,220,0.4267,0.0677,8889,False
HCG4B,2120,1.2263,0.0677,8890,False
RP5-867C24.4,216,1.2868,0.0676,8891,False
CMTM7,4131,78.0685,0.0676,8892,False
RP4-539M6.21,616,6.5784,0.0675,8893,False
CEMP1,635,6.6351,0.0674,8894,False
AF011889.2,859,3.5393,0.0673,8895,False
DENND4B,3828,44.2496,0.0672,8896,False
AC093110.3,201,0.5198,0.0672,8897,False
RP11-325K4.3,385,2.9183,0.0669,8898,False
SPON1,471,3.4775,0.0667,8899,False
LEMD2,1391,14.9854,0.0665,8900,False
SLTM,6352,145.4688,0.0665,8901,False
AC103801.2,513,5.2258,0.0664,8902,False
SLAMF1,3031,56.2223,0.0663,8903,False
GMPPB,1863,20.1549,0.0662,8904,False
ZNF497,351,1.425,0.0662,8905,False
CTTNBP2NL,1003,8.3285,0.0661,8906,False
NUP205,2110,22.1086,0.0661,8907,False
HARS,3359,57.7448,0.066,8908,False
ALG5,2922,56.0281,0.0658,8909,False
CTB-134H23.2,425,0.1651,0.0656,8910,False
CTD-2501B8.5,292,0.1719,0.0655,8911,False
A2MP1,510,0.5889,0.0654,8912,False
SGCB,899,8.7459,0.065,8913,False
RP3-437C15.1,759,5.2335,0.0649,8914,False
PAK1,1833,22.3871,0.0649,8915,False
SPAG4,785,4.7331,0.0649,8916,False
RP11-126O1.4,197,0.4484,0.0649,8917,False
C9orf38,940,10.9328,0.0647,8918,False
KNOP1,1026,8.7299,0.0647,8919,False
BRMS1,2924,61.8636,0.0645,8920,False
DHX40,1844,19.6542,0.0644,8921,False
COX5A,6085,287.5536,0.0644,8922,False
ABCC6,314,0.9071,0.0644,8923,False
SSH3,838,9.8482,0.0641,8924,False
RP11-74E22.5,188,0.4418,0.064,8925,False
BAZ2A,5823,49.8985,0.0639,8926,False
ATG16L2,3728,43.4123,0.0637,8927,False
RP1-273G13.1,460,0.1483,0.0636,8928,False
KIF5C,331,1.582,0.0635,8929,False
C7orf43,560,5.1541,0.0635,8930,False
PAK4,463,1.3721,0.0634,8931,False
NEK1,2795,25.7195,0.0633,8932,False
HIST1H3J,416,2.9342,0.0632,8933,False
POLR3GL,3155,66.5705,0.0632,8934,False
ZNF787,286,0.4954,0.0631,8935,False
RP4-728D4.3,172,0.7193,0.0631,8936,False
ZCCHC8,2253,23.8137,0.0631,8937,False
C19orf68,184,0.1869,0.0628,8938,False
RP1-151F17.2,471,1.7876,0.0626,8939,False
ZDHHC14,818,3.2197,0.0624,8940,False
NOL10,1530,16.8451,0.0623,8941,False
INVS,1191,11.2637,0.0621,8942,False
ROMO1,3652,86.8585,0.062,8943,False
NOTCH4,566,3.5171,0.0619,8944,False
IQCH-AS1,377,0.8585,0.0618,8945,False
DOCK2,8282,148.6711,0.0618,8946,False
SULT1C2,174,0.6023,0.0617,8947,False
SMYD5,757,7.4863,0.0617,8948,False
PNMA1,1569,22.0199,0.0616,8949,False
RNF181,3841,102.9156,0.0611,8950,False
FAM41C,299,0.403,0.0611,8951,False
MAMDC4,531,2.0065,0.0611,8952,False
DAP3,5151,117.5766,0.0609,8953,False
BAD,2212,41.7578,0.0607,8954,False
HGS,5385,105.8322,0.0607,8955,False
DGCR6L,3371,75.047,0.0607,8956,False
BASP1,408,1.3839,0.0606,8957,False
ZNF740,448,1.6645,0.0605,8958,False
SLC36A1,941,7.6448,0.0605,8959,False
CCR4,1289,15.5293,0.0604,8960,False
U2AF1L4,4048,72.9967,0.0604,8961,False
APEX1,3856,103.5253,0.0602,8962,False
SKA2,3721,53.1826,0.0602,8963,False
FOXJ3,4485,58.2143,0.06,8964,False
RAB33A,717,10.2268,0.06,8965,False
MAST4,1871,13.291,0.06,8966,False
RELB,2631,34.4855,0.06,8967,False
CHMP2A,4718,125.8456,0.0599,8968,False
EEF1G,14534,1236.2793,0.0599,8969,False
NBAS,2232,15.6822,0.0599,8970,False
PCED1B-AS1,7796,313.9501,0.0598,8971,False
ZNRF1,974,7.3795,0.0597,8972,False
RP11-326I11.3,261,1.1752,0.0596,8973,False
SCO2,2059,33.2785,0.0596,8974,False
RANBP6,1147,10.8914,0.0595,8975,False
EPB41,4673,58.0616,0.0594,8976,False
ENTPD1-AS1,1990,11.3338,0.0594,8977,False
C5AR1,1058,8.5836,0.0593,8978,False
ZNF703,200,0.1753,0.0593,8979,False
CASP7,1884,28.5057,0.0593,8980,False
BEND4,271,0.5686,0.0593,8981,False
SPNS1,1708,21.8925,0.0593,8982,False
AP001266.1,282,1.4203,0.059,8983,False
RP11-458F8.4,398,1.3355,0.0589,8984,False
ABHD3,3747,72.3058,0.0588,8985,False
TMEM50B,4497,95.8819,0.0587,8986,False
RP11-389O22.4,162,0.1169,0.0586,8987,False
ENOPH1,2543,45.3875,0.0585,8988,False
SHMT2,2810,56.2668,0.0585,8989,False
RP11-122K13.12,205,1.0242,0.0584,8990,False
RABL2B,2537,31.2136,0.0583,8991,False
RP11-734E19.1,312,0.1093,0.0583,8992,False
RP11-1114A5.4,207,0.5851,0.0583,8993,False
PIBF1,2204,23.6108,0.0582,8994,False
STARD3,4009,73.6283,0.0582,8995,False
CECR5,1670,23.6689,0.0581,8996,False
RP11-157P1.4,228,0.8443,0.0581,8997,False
KANK1,380,1.4638,0.058,8998,False
CARD8,5627,71.3597,0.0579,8999,False
SLC8B1,2254,30.9257,0.0576,9000,False
RP11-958N24.1,546,1.5879,0.0575,9001,False
LYPLA2,3673,78.1922,0.0575,9002,False
TRAPPC12-AS1,454,5.5039,0.0573,9003,False
PIGQ,2229,29.7785,0.0571,9004,False
CENPJ,733,3.8351,0.0569,9005,False
CTD-2521M24.6,301,1.3229,0.0567,9006,False
RPS4Y1,6405,297.3612,0.0565,9007,False
KRCC1,1918,28.5696,0.0564,9008,False
TEN1-CDK3,316,0.2902,0.0563,9009,False
EFCAB4B,2119,16.9819,0.0563,9010,False
DCAF11,3604,63.3744,0.0563,9011,False
SRRT,5489,108.2495,0.0562,9012,False
TMEM110,590,3.7891,0.0561,9013,False
DDX23,2707,41.3211,0.0556,9014,False
NACA,13765,1286.7275,0.0556,9015,False
GAPVD1,3266,35.8071,0.0556,9016,False
YAF2,3057,41.7814,0.0553,9017,False
C19orf44,755,1.755,0.0551,9018,False
FIBP,3480,84.1098,0.055,9019,False
SLC39A14,927,9.3988,0.0549,9020,False
AC116366.5,569,3.4185,0.0548,9021,False
PCED1A,1617,19.6049,0.0546,9022,False
TRIM37,1754,17.0323,0.0543,9023,False
HLA-B,16039,3116.5615,0.054,9024,False
PDHX,1673,16.1334,0.0539,9025,False
PMPCB,3709,81.4717,0.0535,9026,False
LARP1B,1403,8.0982,0.0535,9027,False
PANK2,1025,6.4577,0.0534,9028,False
PMEPA1,871,7.0956,0.0534,9029,False
RP11-84D1.1,336,1.6742,0.0533,9030,False
ATP8B4,1663,13.1002,0.0532,9031,False
VWA9,1992,30.909,0.0532,9032,False
KCNC4,208,0.7094,0.0532,9033,False
GNA15,1955,20.0823,0.0531,9034,False
SPATS2L,2441,25.9456,0.0531,9035,False
CCNC,3288,49.1574,0.0531,9036,False
RP11-196G11.1,296,1.3428,0.053,9037,False
AC005329.7,1006,1.0947,0.053,9038,False
RP11-409K20.7,256,2.284,0.053,9039,False
NUMBL,309,1.0041,0.053,9040,False
ASL,2220,30.8226,0.053,9041,False
KIAA1161,203,0.7603,0.053,9042,False
CALM2P2,1392,3.9478,0.0529,9043,False
TRIM24,1065,4.4066,0.0528,9044,False
KIF4A,464,2.4266,0.0527,9045,False
CD96,8003,296.0095,0.0527,9046,False
C18orf56,170,0.7319,0.0526,9047,False
PTPLAD1,1918,25.5869,0.0526,9048,False
ATP13A2,879,7.811,0.0526,9049,False
STAMBP,2916,47.0874,0.0526,9050,False
IPCEF1,3986,64.6204,0.0525,9051,False
RP11-538P18.2,255,0.089,0.0525,9052,False
TMEM191C,429,2.05,0.0523,9053,False
RNF123,2110,19.6935,0.0522,9054,False
FAM135A,990,8.0875,0.0521,9055,False
RPL13AP6,4296,12.6515,0.0521,9056,False
TSN,2799,45.389,0.0521,9057,False
USP32P2,763,1.3509,0.0521,9058,False
NUGGC,502,2.6141,0.0519,9059,False
MRPL28,3022,66.3924,0.0519,9060,False
MDS2,257,1.4078,0.0517,9061,False
SLC39A7,826,6.9891,0.0517,9062,False
ENOX2,986,7.4414,0.0516,9063,False
DFFB,736,7.4432,0.0515,9064,False
CEP164P1,274,0.62,0.0515,9065,False
RPL5P6,540,0.132,0.0515,9066,False
RP11-98J23.2,1124,8.9544,0.0514,9067,False
NCR3LG1,526,2.3171,0.0514,9068,False
VRK3,3392,52.453,0.0514,9069,False
AC136297.1,411,2.2495,0.0513,9070,False
MAEA,3386,59.5865,0.0511,9071,False
WDR77,1757,23.2327,0.051,9072,False
TESK2,690,5.5699,0.0509,9073,False
MOCS2,1445,20.4464,0.0508,9074,False
RPS17,10263,191.4091,0.0508,9075,False
RHOT2,5403,126.6756,0.0508,9076,False
TRPM4,488,1.8166,0.0507,9077,False
KIAA1737,791,6.4049,0.0507,9078,False
AP006222.2,624,1.5703,0.0505,9079,False
CHRAC1,2990,36.4551,0.0505,9080,False
RP11-153M7.3,238,0.2509,0.0503,9081,False
ZMYM4,1588,12.2899,0.0501,9082,False
CDK2AP1,608,4.3154,0.0501,9083,False
RBPJ,7462,223.698,0.05,9084,False
ZBTB20,3941,33.9124,0.05,9085,False
USB1,3592,60.1955,0.0495,9086,False
RP11-785H5.2,344,2.165,0.0495,9087,False
CCDC18,2402,15.2543,0.0493,9088,False
ZC3H8,2258,24.4039,0.0491,9089,False
STX11,2352,33.8944,0.0491,9090,False
TMOD2,682,3.6435,0.049,9091,False
ZNF493,2643,23.5625,0.0489,9092,False
IKZF3,6712,141.1802,0.0488,9093,False
FLII,6949,205.2867,0.0487,9094,False
PDCD1,5215,178.0438,0.0487,9095,False
RAB6C,1414,0.1882,0.0486,9096,False
CTD-3214H19.4,852,2.856,0.0486,9097,False
FXR2,633,6.7983,0.0483,9098,False
PALB2,775,6.1062,0.0483,9099,False
ZHX3,702,3.5655,0.0483,9100,False
RP11-295K3.1,293,1.227,0.0482,9101,False
GPD2,1602,9.8479,0.0481,9102,False
RP11-761E20.1,568,0.1209,0.0481,9103,False
TYW3,1130,12.784,0.048,9104,False
RP11-51L5.5,223,0.4836,0.048,9105,False
CTD-2501E16.2,287,2.7825,0.0479,9106,False
MED14,2742,30.6597,0.0479,9107,False
ACAA2,3062,59.4228,0.0477,9108,False
LIPA,2714,43.6068,0.0476,9109,False
PIAS3,2577,40.8536,0.0476,9110,False
UBE2S,1194,8.5151,0.0476,9111,False
RP3-465N24.5,381,2.4489,0.0476,9112,False
SLC25A42,772,7.8392,0.0475,9113,False
TCP1,6609,200.2769,0.0474,9114,False
GPALPP1,1527,15.5213,0.0474,9115,False
ALS2,973,7.9612,0.0474,9116,False
CDC45,576,7.2289,0.047,9117,False
SYNM,343,2.4592,0.0465,9118,False
FCGR3B,1312,5.4619,0.0463,9119,False
MCTS1,2213,40.3257,0.0463,9120,False
RP11-28G8.1,161,0.4245,0.0462,9121,False
TATDN2P2,814,5.2964,0.0462,9122,False
ZNF230,498,5.1337,0.0461,9123,False
RP11-10O17.1,852,1.6929,0.0459,9124,False
SMAD9,248,0.5313,0.0458,9125,False
C21orf91,2910,37.5564,0.0457,9126,False
SPAG5-AS1,861,3.6861,0.0457,9127,False
CDR2,1342,13.887,0.0456,9128,False
NUTM2F,347,0.4853,0.0453,9129,False
U6,200,1.6511,0.0453,9130,False
KIAA1958,280,0.6879,0.0453,9131,False
CETN2,760,7.904,0.0453,9132,False
CEND1,161,0.9032,0.0452,9133,False
C1orf134,186,1.2312,0.0451,9134,False
CEP350,3468,24.1709,0.0451,9135,False
RP11-304F15.3,232,1.4759,0.0445,9136,False
ARRDC2,1994,26.9216,0.0444,9137,False
TRIM5,1999,17.4674,0.0442,9138,False
PSMD9,3841,93.6538,0.0442,9139,False
DNMT1,5531,123.3039,0.044,9140,False
GTF2IRD2B,1320,8.5812,0.0436,9141,False
PHF5A,2294,36.7051,0.0434,9142,False
RBM34,5088,102.0407,0.0433,9143,False
C5orf56,4251,81.3759,0.0432,9144,False
SPIN1,2076,24.1106,0.0431,9145,False
STXBP5,840,3.2922,0.043,9146,False
PPIF,2860,36.5926,0.043,9147,False
FAM195A,770,8.0703,0.0429,9148,False
SLC46A3,1309,16.2223,0.0429,9149,False
PRKXP1,214,0.727,0.0427,9150,False
PIM1,5552,124.543,0.0425,9151,False
NSUN5P1,3510,37.8784,0.0423,9152,False
STX16-NPEPL1,983,4.5218,0.0423,9153,False
C19orf25,2361,42.8349,0.0422,9154,False
HIST2H2BD,619,4.769,0.0421,9155,False
TTYH2,606,4.1149,0.0421,9156,False
GIT1,1973,14.0627,0.042,9157,False
KLRC4-KLRK1,4586,51.3937,0.042,9158,False
SOD1,9844,415.3974,0.042,9159,False
LUC7L,4655,87.5685,0.0419,9160,False
RNVU1-16,283,2.6621,0.0419,9161,False
MS4A14,248,1.1619,0.0417,9162,False
SNHG5,8391,351.2893,0.0417,9163,False
FAM129C,1386,10.2723,0.0416,9164,False
RP11-379H18.1,303,1.5267,0.0415,9165,False
ZNF490,1400,15.7139,0.0414,9166,False
TAF8,2277,16.4843,0.0413,9167,False
IFNAR1,2789,36.557,0.0413,9168,False
AC009299.2,169,0.6715,0.0412,9169,False
AC122129.1,219,0.998,0.041,9170,False
CROCCP3,988,2.8598,0.0407,9171,False
HIST1H2AG,645,4.3933,0.0406,9172,False
MCM5,3800,76.9024,0.0406,9173,False
VPS37C,628,1.5008,0.0405,9174,False
ATP11B,3348,26.4763,0.0404,9175,False
TAF4,609,2.2927,0.0403,9176,False
RAB3B,163,0.0475,0.0402,9177,False
ZNF131,3663,54.4523,0.0402,9178,False
TRMT2B,1926,16.5995,0.0402,9179,False
RP11-347I19.8,163,0.8073,0.0401,9180,False
PSME1,14227,1191.1642,0.0399,9181,False
RPS15AP24,880,1.8359,0.0399,9182,False
SH3TC1,2497,30.6295,0.0399,9183,False
RP11-982M15.2,1225,14.2236,0.0397,9184,False
RP11-87H9.3,302,0.3601,0.0396,9185,False
KCTD11,384,3.2867,0.0395,9186,False
TRIM13,4103,47.7016,0.0394,9187,False
ATP6V0A2,1944,16.9365,0.0393,9188,False
RARG,408,3.0497,0.0391,9189,False
CCDC82,2428,35.7999,0.039,9190,False
ARMC7,937,11.4727,0.039,9191,False
NUP43,1605,11.8749,0.0388,9192,False
EGOT,293,1.6968,0.0387,9193,False
C16orf13,3963,94.3169,0.0386,9194,False
MTHFSD,810,7.0955,0.0383,9195,False
COX7A2,6734,316.5813,0.0381,9196,False
LARP7,3406,52.8025,0.038,9197,False
CLK1,12328,605.1,0.0379,9198,False
RPL28,15557,2058.4352,0.0379,9199,False
TRIM17,265,1.1907,0.0378,9200,False
CBFA2T2,1678,8.3599,0.0377,9201,False
ATP5G2P3,402,3.5981,0.0376,9202,False
ERMP1,795,4.5913,0.0376,9203,False
SNRNP25,2093,26.8577,0.0371,9204,False
MICB,1728,17.408,0.0371,9205,False
MICA,1162,13.258,0.037,9206,False
ESCO2,630,4.5114,0.037,9207,False
CLN5,1315,13.5776,0.0369,9208,False
RPS24,14680,1570.7423,0.0369,9209,False
CTNNA1,2618,35.1377,0.0368,9210,False
HMGCR,1999,20.6984,0.0364,9211,False
RP11-624L4.1,254,0.5761,0.0363,9212,False
TOM1L2,1794,12.5569,0.0362,9213,False
FBXL12,2022,33.7232,0.0362,9214,False
RP11-848P1.2,286,1.0982,0.0361,9215,False
AEN,1736,20.4711,0.0361,9216,False
QPCT,687,8.308,0.0357,9217,False
SEC23A,3314,42.7756,0.0357,9218,False
RP1-67K17.3,264,1.0272,0.0356,9219,False
SAPCD1-AS1,244,1.0039,0.0355,9220,False
AC000032.2,521,1.3692,0.0354,9221,False
TAGLN2,10714,538.2905,0.0354,9222,False
SAMD4A,453,1.8277,0.0352,9223,False
KLF11,486,3.1189,0.0352,9224,False
DOK1,1698,23.4479,0.0352,9225,False
FASTKD2,1563,16.5342,0.0351,9226,False
AFMID,1696,5.7498,0.0348,9227,False
NPC1,5349,71.125,0.0348,9228,False
FGD2,3494,33.237,0.0344,9229,False
RP11-67L2.2,253,0.8076,0.0344,9230,False
TSNARE1,971,8.4775,0.0342,9231,False
KIAA0232,1226,7.6613,0.0341,9232,False
YBX1P4,290,1.9565,0.0339,9233,False
MRFAP1L1,4026,80.0569,0.0338,9234,False
IER5L,204,0.2243,0.0337,9235,False
ITM2C,3073,57.9562,0.0337,9236,False
CTC-506B8.1,232,0.8667,0.0335,9237,False
METTL9,2359,32.5932,0.0335,9238,False
BX936347.1,224,1.3325,0.0335,9239,False
STARD13,297,0.814,0.0334,9240,False
EIF3J,3934,34.2097,0.0333,9241,False
FRMD4A,886,2.7374,0.0331,9242,False
STARD5,1660,15.1822,0.033,9243,False
TBC1D27,279,1.6773,0.0329,9244,False
RASA2-IT1,221,0.7987,0.0328,9245,False
TIPARP,3112,36.1273,0.0327,9246,False
TRIM39,1760,14.903,0.0326,9247,False
MYCBP2-AS1,1418,14.7901,0.0325,9248,False
NLRX1,429,2.7844,0.0325,9249,False
LBX2-AS1,369,1.3772,0.0325,9250,False
MIR4435-1HG,6050,111.4789,0.0324,9251,False
RAN,9513,531.1508,0.0323,9252,False
PRRC1,2328,20.1263,0.032,9253,False
USP39,4024,75.2589,0.0318,9254,False
DCTN4,3049,35.8798,0.0318,9255,False
UNG,1276,19.3523,0.0318,9256,False
RP11-932O9.9,244,1.435,0.0317,9257,False
MRPS12,2238,44.7738,0.0316,9258,False
DDX19B,2609,43.8811,0.0315,9259,False
BACH1,3067,33.1815,0.0315,9260,False
RSRC1,4229,34.9367,0.0314,9261,False
MRPS7,3465,75.0526,0.0313,9262,False
MAP3K3,1885,11.127,0.0312,9263,False
TMA16,1547,14.4779,0.0312,9264,False
TBC1D23,2626,27.1311,0.0311,9265,False
ADK,3036,33.733,0.0311,9266,False
TOR1AIP1,4390,62.1562,0.0304,9267,False
BOLA2B,3528,63.7039,0.0303,9268,False
ANAPC5,6089,138.0467,0.0303,9269,False
RBM48,1836,26.5967,0.0302,9270,False
ABCE1,2832,36.8516,0.0301,9271,False
RPL21P1,1055,1.1465,0.03,9272,False
CTC-510F12.6,693,4.3161,0.03,9273,False
OSER1,3446,65.1435,0.03,9274,False
DAPP1,2618,27.2217,0.0297,9275,False
NET1,882,5.9987,0.0296,9276,False
FAM92A1,498,3.7714,0.0296,9277,False
SULT1A3,4060,34.5722,0.0292,9278,False
DNAJC16,1923,21.4968,0.0292,9279,False
RP11-222K16.2,925,13.5471,0.0291,9280,False
PDCD1LG2,411,2.4647,0.0289,9281,False
FYN,10600,366.6792,0.0288,9282,False
SNHG6,4712,108.264,0.0288,9283,False
UBE2D4,1453,12.1834,0.0287,9284,False
ZNF761,1275,6.6428,0.0286,9285,False
TMOD3,3980,37.1186,0.0284,9286,False
LINC00877,378,2.5497,0.0283,9287,False
DDX28,663,6.2049,0.0283,9288,False
KIF4B,210,0.0226,0.0281,9289,False
RN7SL4P,254,0.9506,0.0279,9290,False
CHD4,5679,94.4127,0.0278,9291,False
FLYWCH1,1571,12.1062,0.0278,9292,False
KLC4,817,7.1083,0.0278,9293,False
ZBTB22,307,1.5434,0.0277,9294,False
SCAF1,704,1.3703,0.0277,9295,False
NKX3-1,339,3.1283,0.0276,9296,False
RP11-165F24.3,807,6.2139,0.0274,9297,False
OGG1,1861,19.6884,0.0273,9298,False
GALNT7,1091,9.1985,0.0273,9299,False
HNRNPH2,4211,80.4345,0.027,9300,False
AXIN2,160,0.984,0.0269,9301,False
ZBTB9,558,5.3148,0.0268,9302,False
CTSA,4816,121.4653,0.0268,9303,False
WDR20,2582,23.7785,0.0267,9304,False
FXYD7,328,2.9535,0.0266,9305,False
AP000344.3,223,0.1333,0.0266,9306,False
RP11-486B10.4,205,0.9932,0.0266,9307,False
C3orf62,1255,3.5702,0.0265,9308,False
CHURC1,5135,111.1372,0.0265,9309,False
AC104841.2,434,2.0723,0.0265,9310,False
SFI1,5661,100.0857,0.0264,9311,False
ARAP1-AS2,491,1.4819,0.0264,9312,False
FLNB,1708,11.2855,0.0263,9313,False
TMEM184A,225,0.0837,0.0262,9314,False
KB-1507C5.4,174,0.3643,0.0261,9315,False
RP11-331F9.4,344,1.4477,0.026,9316,False
IRF3,4225,94.1535,0.0259,9317,False
TBC1D25,1357,13.9665,0.0259,9318,False
NDUFA3,5338,130.9858,0.0258,9319,False
TIMM50,2538,42.9026,0.0258,9320,False
SF3B3,4600,91.569,0.0257,9321,False
RP11-1149O23.3,1148,14.3439,0.0256,9322,False
ESR1,527,2.2591,0.0256,9323,False
FAN1,859,5.8465,0.0256,9324,False
CTD-3099C6.9,410,3.0605,0.0255,9325,False
RRP9,1134,14.1884,0.0255,9326,False
YPEL2,1554,11.2857,0.0254,9327,False
TSR1,1693,13.7484,0.0253,9328,False
PHTF2,4100,60.5615,0.0252,9329,False
USP53,1346,5.8572,0.0252,9330,False
RP11-384K6.2,1190,3.5878,0.0251,9331,False
MKLN1-AS1,7991,142.9649,0.0251,9332,False
ATP8B2,1081,7.1859,0.0249,9333,False
ATP5F1,6075,271.7122,0.0249,9334,False
MAPK8IP3,2782,23.3975,0.0248,9335,False
C11orf48,4029,101.097,0.0248,9336,False
BRD7P3,329,2.7361,0.0248,9337,False
GPX3,648,7.4023,0.0247,9338,False
SLC17A5,1229,9.9152,0.0246,9339,False
ADD1,4208,68.1956,0.0245,9340,False
TIGIT,6390,234.0193,0.0243,9341,False
USP34,7261,102.9482,0.0242,9342,False
SPPL2B,2685,25.9371,0.0239,9343,False
SMCR5,957,4.3339,0.0237,9344,False
ZNF438,879,4.7713,0.0237,9345,False
RBAK,541,2.178,0.0237,9346,False
RP11-1049A21.2,458,2.3371,0.0235,9347,False
MMP24,782,0.2592,0.0234,9348,False
FAM60A,3293,55.0646,0.0234,9349,False
RP11-890B15.3,213,1.0114,0.0233,9350,False
ING1,946,7.799,0.0231,9351,False
NDC1,1316,12.5685,0.0231,9352,False
RP11-211G3.3,180,0.342,0.0231,9353,False
SLC7A7,1232,16.4155,0.0229,9354,False
ZMYM5,2623,39.0095,0.0227,9355,False
AP000295.9,455,2.7648,0.0223,9356,False
NXT1,2954,60.2117,0.0221,9357,False
AF131216.6,253,0.6331,0.0218,9358,False
MT-ND4,15993,1625.4261,0.0218,9359,False
RPS26P43,234,1.3683,0.0217,9360,False
GPX1P2,165,0.061,0.0216,9361,False
PAXIP1-AS1,526,5.0217,0.0214,9362,False
ST3GAL1,6558,108.482,0.0213,9363,False
TPGS1,365,1.7863,0.021,9364,False
DPY19L2P1,227,0.1391,0.021,9365,False
TVP23B,2653,42.4037,0.0209,9366,False
MAP2K5,1834,19.6955,0.0207,9367,False
RP11-148O21.4,176,0.7066,0.0206,9368,False
AC123768.4,343,1.8408,0.0206,9369,False
RP11-519G16.3,349,2.2187,0.0206,9370,False
ELP5,2370,44.7038,0.0205,9371,False
OSBPL9,3052,37.8351,0.0205,9372,False
PCBP4,708,5.8872,0.0204,9373,False
MYSM1,3605,35.9766,0.0203,9374,False
CCDC94,1606,22.9699,0.0203,9375,False
GTF2E2,1010,10.0749,0.02,9376,False
RP11-120M18.2,552,2.6697,0.0199,9377,False
C7orf41,564,1.3675,0.0197,9378,False
L3MBTL3,1768,13.5083,0.0194,9379,False
APLP2,4436,88.0375,0.0193,9380,False
GUCD1,2259,33.0958,0.0193,9381,False
FUK,856,8.7807,0.0191,9382,False
TXN2,3675,90.3428,0.0191,9383,False
HES1,324,0.55,0.019,9384,False
AMIGO2,912,9.012,0.0189,9385,False
TAF1,1665,11.6803,0.0189,9386,False
NKIRAS2,2059,24.5412,0.0188,9387,False
FBXO31,654,5.332,0.0185,9388,False
TUBB3,312,0.7371,0.0185,9389,False
ZNF574,1430,19.7305,0.0185,9390,False
CPSF3,2028,30.396,0.0185,9391,False
KIAA0430,3755,44.8156,0.0184,9392,False
S1PR1,2841,50.3731,0.0184,9393,False
GGH,844,11.3067,0.0177,9394,False
LIMA1,1560,19.2505,0.0176,9395,False
PHBP11,221,0.0711,0.0175,9396,False
UBAC2,5457,110.8183,0.017,9397,False
XPO7,1643,12.904,0.0168,9398,False
HIST1H1D,1654,24.467,0.0167,9399,False
RPL32P3,1529,19.4941,0.0167,9400,False
SLC9A5,377,0.6666,0.0165,9401,False
AREL1,2906,24.3837,0.0165,9402,False
ARRDC5,613,5.0594,0.0164,9403,False
COMMD5,2182,35.827,0.0161,9404,False
KDM5D,2440,30.7894,0.016,9405,False
CHMP4B,309,1.0266,0.0158,9406,False
DDX5,15697,1404.1745,0.0158,9407,False
GOLGA5,1579,18.9836,0.0157,9408,False
MIR24-2,7284,181.8077,0.0156,9409,False
RANGRF,2361,44.3742,0.0155,9410,False
WDR70,2680,34.3538,0.0153,9411,False
C14orf169,715,1.8711,0.015,9412,False
NUF2,744,9.1506,0.015,9413,False
ARHGEF5,414,1.8008,0.015,9414,False
RP11-529H20.5,554,2.5031,0.015,9415,False
FBXO43,206,0.6079,0.0149,9416,False
MAD2L2,2718,56.7377,0.0148,9417,False
LINC00342,1260,5.3746,0.0147,9418,False
PRPF31,2836,53.0453,0.0147,9419,False
SLC25A36,3073,44.781,0.0145,9420,False
RPSAP47,1257,0.4053,0.0145,9421,False
TEC,477,2.2057,0.0144,9422,False
CDC42EP4,302,1.7217,0.0142,9423,False
AP1G1,8465,64.8661,0.0141,9424,False
ANO10,664,5.1445,0.0141,9425,False
FUT4,267,0.5098,0.014,9426,False
LINC00278,543,5.3367,0.0138,9427,False
COTL1,11382,483.2747,0.0138,9428,False
SMARCA2,5426,69.4922,0.0136,9429,False
ARFGAP2,4196,76.6312,0.0134,9430,False
GS1-124K5.3,868,5.6413,0.0133,9431,False
DDX50,3363,35.4422,0.0133,9432,False
ILKAP,3498,62.4191,0.0132,9433,False
TRIM22,8936,310.66,0.0131,9434,False
CCNG2,959,6.3505,0.0131,9435,False
HCST,8053,366.3004,0.013,9436,False
ZNF177,402,1.569,0.013,9437,False
SLC35B1,3181,56.7639,0.013,9438,False
COMT,3290,76.6093,0.0129,9439,False
SPG21,2195,25.9585,0.0128,9440,False
EIF4EBP1,1905,35.5975,0.0124,9441,False
HLA-F-AS1,1875,8.9346,0.0124,9442,False
YIF1A,3058,65.5119,0.0123,9443,False
ATXN7L1,2621,28.45,0.012,9444,False
DDX31,840,6.1662,0.0119,9445,False
GATAD1,896,4.2279,0.0119,9446,False
SLC24A1,1068,6.3066,0.0119,9447,False
URGCP,907,9.3635,0.0118,9448,False
EXOC5,2360,27.9666,0.0118,9449,False
FAM126B,3084,28.7454,0.0114,9450,False
TVP23C,2824,19.7872,0.0114,9451,False
ARL5B-AS1,570,3.5625,0.0113,9452,False
ZFYVE1,1256,11.1957,0.0113,9453,False
TNIP2,1986,28.2059,0.0112,9454,False
GBA,2107,32.1194,0.0107,9455,False
KIAA1683,3776,28.8727,0.0106,9456,False
EPHB2,210,0.3516,0.0105,9457,False
CTD-2260A17.2,640,1.8808,0.0105,9458,False
THEMIS2,3199,60.385,0.0105,9459,False
LARS,4098,68.7235,0.0101,9460,False
CELSR1,454,1.2791,0.0099,9461,False
CLPP,3647,87.5009,0.0099,9462,False
NR3C2,351,2.3444,0.0098,9463,False
TNRC6C,2245,12.5185,0.0098,9464,False
TOR4A,232,0.2403,0.0096,9465,False
TUBG1,1698,21.874,0.0096,9466,False
PLA2G16,2514,45.3931,0.0095,9467,False
RP11-745A24.2,421,0.2892,0.0095,9468,False
RP11-265D17.2,658,4.7775,0.0092,9469,False
RP11-400K9.1,548,0.4267,0.0091,9470,False
ROCK2,1213,4.2978,0.009,9471,False
ADORA2A,3242,48.171,0.0088,9472,False
RP11-385F5.4,301,1.8409,0.0088,9473,False
INTS6,2065,17.8547,0.0088,9474,False
VSIG10,708,3.4604,0.0088,9475,False
CASP10,2122,13.9957,0.0085,9476,False
MTX1P1,171,0.1986,0.0085,9477,False
RP11-96K19.5,373,2.0531,0.0083,9478,False
GTF3C3,1779,18.8519,0.0083,9479,False
ECD,3565,40.1389,0.008,9480,False
TEX264,3450,83.9426,0.0079,9481,False
HNRNPCP5,237,0.0697,0.0074,9482,False
AF230666.2,356,2.0456,0.007,9483,False
PEX26,1666,6.2543,0.007,9484,False
RP11-692N5.2,345,0.5058,0.0068,9485,False
PARP11,1628,15.2413,0.0068,9486,False
IZUMO4,583,3.7217,0.0068,9487,False
PCK2,2037,27.5891,0.0068,9488,False
ALDH1B1,560,3.065,0.0068,9489,False
TMEM39B,1493,16.8789,0.0066,9490,False
AC096664.1,170,0.1259,0.0065,9491,False
UBL4A,1370,19.6815,0.0064,9492,False
LRRCC1,643,4.8479,0.0063,9493,False
B3GALT4,994,12.5366,0.0063,9494,False
RPS10P16,721,1.1043,0.0061,9495,False
NMUR1,471,3.4374,0.0059,9496,False
CPEB2,805,2.7028,0.0059,9497,False
ABHD14B,3693,79.8694,0.0058,9498,False
LPCAT3,2975,34.5751,0.0056,9499,False
AL035252.1,1236,12.2739,0.0055,9500,False
CAT,3355,58.3429,0.0055,9501,False
SUGT1,3824,52.6428,0.0053,9502,False
PDIK1L,630,4.4793,0.0051,9503,False
CDH1,290,1.7447,0.0049,9504,False
CDC25B,2637,23.0154,0.0047,9505,False
EIF4A1,11722,697.6758,0.0047,9506,False
RPL27,13456,1023.6909,0.0047,9507,False
SLC19A1,1192,9.3582,0.0047,9508,False
MFAP1,1891,24.7506,0.0047,9509,False
AGAP3,987,8.7325,0.0044,9510,False
AZI1,699,5.8895,0.0043,9511,False
LHPP,1641,9.9932,0.0043,9512,False
NDC80,1422,17.9576,0.0042,9513,False
RP11-597D13.9,233,0.6754,0.004,9514,False
FKSG52,183,0.2426,0.004,9515,False
DMXL2,1040,7.3628,0.0034,9516,False
CAMK2G,2346,33.4258,0.0034,9517,False
RP11-66N24.4,2994,23.1048,0.0034,9518,False
RP11-345P4.6,366,2.819,0.0034,9519,False
RP11-1277A3.1,435,1.8659,0.0032,9520,False
RP11-6N17.6,1028,10.1649,0.0032,9521,False
LEPROTL1,8306,299.1822,0.003,9522,False
MORF4L2,6759,123.1128,0.0029,9523,False
RNF125,3713,30.1675,0.0028,9524,False
ARHGDIB,14780,1453.6347,0.0025,9525,False
LACTB,600,4.1097,0.0025,9526,False
TSEN15,2411,41.6655,0.0024,9527,False
RPL32,14752,1255.5338,0.0024,9528,False
NHS,395,1.2116,0.0021,9529,False
AC084117.3,165,0.925,0.002,9530,False
ZNF43,1763,13.2822,0.0017,9531,False
RP11-353N4.6,6861,50.2541,0.0014,9532,False
UBE2H,2265,16.4078,0.0014,9533,False
SUCLA2,2463,28.0122,0.0009,9534,False
LUC7L3,7978,249.1284,0.0008,9535,False
GPATCH2L,3250,24.3167,0.0007,9536,False
ARPC1A,2962,58.1506,0.0006,9537,False
DDX19A,2758,33.2423,0.0006,9538,False
SMPDL3A,644,7.0033,0.0005,9539,False
RP11-324O2.3,224,0.9775,0.0004,9540,False
PRDM4,1009,7.1086,0.0003,9541,False
IRF9,7369,286.687,0.0002,9542,False
RP3-325F22.5,408,5.3222,0.0,9543,False
ZNF813,798,3.3795,0.0,9544,False
COG6,1480,14.2688,-0.0,9545,False
AP4E1,1252,5.055,-0.0001,9546,False
LRRC42,738,5.666,-0.0002,9547,False
SUMO1P3,2606,29.3597,-0.0004,9548,False
AC092798.2,742,5.8216,-0.0008,9549,False
C9orf64,996,9.3947,-0.001,9550,False
SLC44A2,5954,120.6576,-0.0011,9551,False
TRIM23,1154,5.8885,-0.0011,9552,False
DCAF10,1141,6.3016,-0.0012,9553,False
LDLRAD4-AS1,510,2.5696,-0.0013,9554,False
FDX1P1,438,0.4045,-0.0014,9555,False
ADARB2,755,3.734,-0.0014,9556,False
CEP57,3799,64.6836,-0.0015,9557,False
SUGP1,2527,35.2223,-0.0018,9558,False
ST6GAL1,6655,110.3964,-0.0018,9559,False
MEFV,312,0.7769,-0.002,9560,False
ORMDL1,6253,221.1434,-0.002,9561,False
MINOS1,4876,129.9663,-0.0023,9562,False
CHPT1,736,3.6531,-0.0025,9563,False
MED4,4707,76.6288,-0.0025,9564,False
RANBP1,4051,93.9069,-0.0025,9565,False
GCDH,2142,30.3233,-0.0026,9566,False
FZD1,180,0.2558,-0.0026,9567,False
ALDH5A1,597,4.906,-0.0027,9568,False
RP11-315I20.1,583,3.558,-0.0027,9569,False
TMEM41A,1675,15.9833,-0.0028,9570,False
RP11-384C4.7,290,0.9389,-0.0029,9571,False
SNX19P2,581,0.0689,-0.0029,9572,False
BCAT2,1144,12.601,-0.003,9573,False
PITHD1,3978,49.5881,-0.003,9574,False
HEATR2,476,2.7314,-0.0031,9575,False
AC018462.3,1310,1.2596,-0.0032,9576,False
LEMD3,1704,16.919,-0.0032,9577,False
SPOP,3335,55.9689,-0.0035,9578,False
RP11-286E11.1,194,0.1084,-0.0035,9579,False
MCTP2,3354,48.628,-0.0035,9580,False
H2AFV,4256,93.9258,-0.0037,9581,False
TOM1,3186,49.3029,-0.0038,9582,False
DYM,3575,55.5568,-0.0039,9583,False
C16orf45,1382,14.6125,-0.004,9584,False
PTAR1,2325,20.2943,-0.004,9585,False
CSGALNACT1,1149,11.1122,-0.0042,9586,False
IL17RC,364,2.8261,-0.0042,9587,False
XKR8,714,6.3915,-0.0043,9588,False
LSG1,2241,25.1746,-0.0043,9589,False
ATMIN,754,5.3411,-0.0043,9590,False
AP4B1-AS1,705,1.9356,-0.0046,9591,False
NDUFAB1,3616,89.902,-0.0048,9592,False
LYRM4,2264,28.4319,-0.0048,9593,False
C17orf53,337,2.1669,-0.0049,9594,False
ALG6,2153,32.5882,-0.0049,9595,False
CSTF3,1824,19.885,-0.0052,9596,False
ZFYVE27,2761,38.481,-0.0052,9597,False
ALDOAP1,161,0.0361,-0.0054,9598,False
MAP4K2,1561,19.3897,-0.0054,9599,False
PRDM15,990,6.3773,-0.0057,9600,False
RP11-356C4.5,395,1.8532,-0.0057,9601,False
ADAP1,1095,9.3041,-0.0061,9602,False
ANKRD20A4,285,0.5325,-0.0063,9603,False
CLCN3,1756,12.7983,-0.0067,9604,False
NCF4,2836,37.5832,-0.0069,9605,False
DNA2,626,3.5336,-0.007,9606,False
RGS18,509,3.6523,-0.0071,9607,False
STRADA,1876,17.42,-0.0072,9608,False
PHEX,600,3.8472,-0.0072,9609,False
ASB16-AS1,2186,18.7237,-0.0073,9610,False
RPS20,14452,1263.6197,-0.0074,9611,False
VPRBP,2723,31.2892,-0.0075,9612,False
ATP5LP3,209,0.2654,-0.0076,9613,False
PTPN6,7097,276.1086,-0.0077,9614,False
PRMT6,819,9.2277,-0.0077,9615,False
TFEC,837,5.3409,-0.0078,9616,False
C17orf59,1082,14.9817,-0.0079,9617,False
PWWP2A,1461,13.9271,-0.0082,9618,False
DENND6A,1433,8.0113,-0.0084,9619,False
USP6NL,943,3.8729,-0.0084,9620,False
STX4,3047,29.428,-0.0085,9621,False
TMEM173,5241,154.4396,-0.0087,9622,False
THUMPD2,1178,11.8816,-0.0088,9623,False
ANKRD13A,2086,16.0614,-0.0089,9624,False
RP11-215P8.3,233,1.3169,-0.009,9625,False
EFCAB10,368,1.2666,-0.0093,9626,False
DUSP8P5,210,0.8238,-0.0094,9627,False
RP11-474B12.1,263,1.776,-0.0094,9628,False
EIF2A,4960,109.9184,-0.0095,9629,False
GNB5,2721,40.7466,-0.0096,9630,False
RP11-860B13.1,209,0.8686,-0.0096,9631,False
HABP4,441,2.6673,-0.0097,9632,False
NPEPL1,1677,17.8156,-0.0097,9633,False
TNIP1,5422,33.0665,-0.0098,9634,False
FER1L4,334,1.0692,-0.0101,9635,False
SWAP70,1691,16.4171,-0.0102,9636,False
PDCD4,12202,397.965,-0.0103,9637,False
TRIM14,4224,57.7071,-0.0105,9638,False
NUS1P1,397,1.0961,-0.0105,9639,False
PARM1,454,1.2059,-0.0105,9640,False
COX10,1643,20.2205,-0.0105,9641,False
PKD2,895,4.1505,-0.0106,9642,False
RPL18,13690,1162.9037,-0.0107,9643,False
RPL23AP64,424,4.1026,-0.011,9644,False
LINC00938,1089,15.6389,-0.0111,9645,False
NR6A1,215,0.3783,-0.0112,9646,False
ZKSCAN8,1610,15.2728,-0.0119,9647,False
GALC,2120,23.556,-0.0121,9648,False
ZNF628,178,0.3697,-0.0122,9649,False
CTNS,1093,9.8313,-0.0124,9650,False
ERCC3,3268,37.8123,-0.0124,9651,False
POGK,1839,17.5226,-0.0124,9652,False
SSR4,8270,377.0214,-0.0125,9653,False
STK32C,702,4.5164,-0.0127,9654,False
TBC1D8,821,4.213,-0.0128,9655,False
SPSB1,555,2.9324,-0.0129,9656,False
RPS6KA5,1939,17.6374,-0.013,9657,False
C17orf62,8701,350.209,-0.0131,9658,False
EVL,10253,310.2344,-0.0131,9659,False
TERF1P5,461,0.1699,-0.0131,9660,False
FAM32A,4226,98.0172,-0.0132,9661,False
ZBTB43,2600,13.4556,-0.0132,9662,False
LOXL2,444,2.5517,-0.0133,9663,False
AKR1B1,3553,83.5242,-0.0133,9664,False
TMEM52B,523,2.5739,-0.0133,9665,False
HMMR,518,4.6779,-0.0134,9666,False
RP13-104F24.1,636,3.6771,-0.0136,9667,False
RP11-529K1.4,184,0.1774,-0.0137,9668,False
USP21,1499,10.0743,-0.0139,9669,False
TTC3,6056,74.1932,-0.0139,9670,False
PPHLN1,4743,76.7663,-0.014,9671,False
PLEKHA8,364,0.8611,-0.0143,9672,False
AGTPBP1,2280,19.1167,-0.0144,9673,False
ZNF367,301,1.0951,-0.0145,9674,False
ZCCHC4,958,7.5161,-0.0146,9675,False
TNFRSF1A,2990,46.2691,-0.015,9676,False
RP11-611L7.1,611,3.4947,-0.0151,9677,False
RFX5,3355,50.227,-0.0152,9678,False
RASSF1,4889,98.9742,-0.0154,9679,False
MGST2,1104,13.5604,-0.0154,9680,False
GSTP1,6693,298.9709,-0.0154,9681,False
RP11-723P16.3,266,0.2062,-0.0155,9682,False
PSMD6,4969,119.821,-0.0159,9683,False
FAM96A,3896,98.2407,-0.0159,9684,False
MERTK,465,2.5629,-0.0161,9685,False
ACAT2,2156,29.2631,-0.0161,9686,False
CD300LF,552,5.151,-0.0161,9687,False
ZDHHC7,1287,10.9107,-0.0162,9688,False
RNF157,659,4.1823,-0.0164,9689,False
MED20,800,7.7281,-0.0164,9690,False
WDR35,685,3.5654,-0.0165,9691,False
RP11-455F5.5,481,1.9315,-0.0166,9692,False
RFFL,3892,39.7462,-0.0166,9693,False
TRAPPC5,3595,83.977,-0.0168,9694,False
ADAM15,1467,16.4833,-0.0169,9695,False
NOP14-AS1,1445,14.9554,-0.0169,9696,False
PLK4,632,4.9332,-0.017,9697,False
HSD17B10,3163,69.997,-0.017,9698,False
U2SURP,5758,106.1843,-0.0171,9699,False
ARL13B,1372,10.2909,-0.0172,9700,False
FBXO46,940,3.8215,-0.0172,9701,False
DDTL,660,3.8921,-0.0174,9702,False
HDGFRP2,550,3.1502,-0.0174,9703,False
SH3PXD2B,333,0.6513,-0.0175,9704,False
AL358781.1,960,9.2138,-0.0177,9705,False
DARS,5856,128.4275,-0.0177,9706,False
ATP2B1,4319,61.3064,-0.0178,9707,False
PHF21A,4446,52.4512,-0.0179,9708,False
DCLRE1C,3039,35.4968,-0.018,9709,False
MAGED1,2028,26.9575,-0.0181,9710,False
CNOT8,4261,87.4298,-0.0184,9711,False
DDX47,3088,59.2374,-0.0184,9712,False
SMIM12,2977,54.3202,-0.0185,9713,False
TEX10,1904,14.8864,-0.0187,9714,False
SLC16A6,439,2.1817,-0.0187,9715,False
NOB1,1946,32.7777,-0.0189,9716,False
CCDC137,1651,16.9657,-0.019,9717,False
RP11-429G19.3,228,0.7503,-0.0193,9718,False
RPS6KB1,3014,41.3596,-0.0193,9719,False
PCTP,779,8.0034,-0.0194,9720,False
PCMTD1,3398,41.6937,-0.0197,9721,False
PITPNC1,2522,18.0333,-0.0197,9722,False
LINC01059,397,1.5018,-0.0197,9723,False
JRK,595,3.8093,-0.0199,9724,False
C11orf21,1362,14.7738,-0.02,9725,False
MAP7,251,0.7583,-0.0201,9726,False
LILRB2,1399,13.0821,-0.0202,9727,False
SLC17A9,1435,14.4304,-0.0202,9728,False
ZFAND3,1445,4.8503,-0.0202,9729,False
RNF166,6821,136.0041,-0.0203,9730,False
AC009961.2,520,0.1793,-0.0203,9731,False
TSEN15P1,365,0.2628,-0.0205,9732,False
BTF3L4P2,2424,22.9608,-0.0205,9733,False
AL356356.1,398,1.4884,-0.0207,9734,False
WDFY2,2353,17.9105,-0.0207,9735,False
BMP1,453,2.1705,-0.0208,9736,False
AC109828.1,653,1.5539,-0.0212,9737,False
HMGN2P46,736,0.756,-0.0213,9738,False
NPIPB7,386,0.1136,-0.0216,9739,False
PHKB,3452,41.6241,-0.0216,9740,False
SLC7A5P1,1185,15.1028,-0.0217,9741,False
HIST1H3B,417,2.7366,-0.0219,9742,False
NAALAD2,270,0.498,-0.022,9743,False
NSUN3,1612,14.4365,-0.022,9744,False
RP11-425I13.1,800,0.3859,-0.0221,9745,False
MAPK14,1648,12.6281,-0.0221,9746,False
CLK2,1010,7.6336,-0.0223,9747,False
GPKOW,2398,23.529,-0.0223,9748,False
GOLGA8J,180,0.1317,-0.0224,9749,False
FAM213A,587,5.0595,-0.0224,9750,False
AC015987.1,294,2.606,-0.0226,9751,False
MFF,4136,86.3872,-0.0227,9752,False
LINC00174,651,4.0688,-0.0228,9753,False
HECTD1,3459,39.8713,-0.0229,9754,False
C12orf23,2711,29.0782,-0.023,9755,False
BUB1,1011,11.2105,-0.0231,9756,False
HOOK3,3265,16.8213,-0.0232,9757,False
CTA-384D8.36,672,5.1757,-0.0233,9758,False
USP6,703,0.1711,-0.0234,9759,False
BRPF1,747,4.7339,-0.0235,9760,False
COX4I1,11833,832.362,-0.0235,9761,False
TIMM23,3559,59.1065,-0.0236,9762,False
CCDC22,1650,20.735,-0.0237,9763,False
TUBGCP2,3609,57.2727,-0.0237,9764,False
CWC15,2895,35.0716,-0.024,9765,False
RASGRP2,2249,19.6751,-0.0241,9766,False
HLTF,1748,18.4732,-0.0242,9767,False
PRR3,1016,9.3642,-0.0242,9768,False
RAB37,2650,48.5869,-0.0244,9769,False
RP3-428L16.2,247,0.1647,-0.0245,9770,False
SRSF10,5425,111.848,-0.0246,9771,False
ATF1,1747,19.1797,-0.0247,9772,False
DPY19L1,547,2.3589,-0.0248,9773,False
ZNF460,4397,95.0657,-0.0248,9774,False
FOXN3-AS2,281,1.5535,-0.0253,9775,False
RP11-56B16.4,429,1.071,-0.0253,9776,False
CALCOCO1,4176,67.1462,-0.0253,9777,False
AC016629.8,595,1.3152,-0.0254,9778,False
MKRN2,1736,21.2942,-0.0256,9779,False
CNOT1,8219,143.4601,-0.0256,9780,False
PAICSP4,555,0.115,-0.0258,9781,False
C1orf167,457,1.896,-0.026,9782,False
MINPP1,1048,10.8251,-0.0261,9783,False
SLC33A1,1954,20.5072,-0.0262,9784,False
RP11-168J18.6,1666,0.6344,-0.0264,9785,False
CTD-2647E9.3,649,6.4473,-0.0264,9786,False
RP11-438L7.3,1325,0.1441,-0.0265,9787,False
SLC29A1,1139,10.151,-0.0265,9788,False
PAXIP1,756,3.332,-0.0267,9789,False
AKT1,1840,15.6026,-0.0268,9790,False
AMMECR1,1123,9.6059,-0.0269,9791,False
USP8P1,254,0.0347,-0.0269,9792,False
DHX57,972,7.2582,-0.0269,9793,False
CDC20P1,282,0.1234,-0.027,9794,False
ZNF212,732,7.1413,-0.027,9795,False
AGO2,2924,25.2096,-0.0274,9796,False
SQLE,1487,13.9402,-0.0275,9797,False
NAA25,3139,29.1389,-0.0275,9798,False
IQCB1,2316,27.7234,-0.0277,9799,False
AC109826.1,336,1.8607,-0.0279,9800,False
AC006942.4,347,1.7235,-0.028,9801,False
TMEM14B,4541,110.5559,-0.028,9802,False
DHX16,2023,25.3889,-0.028,9803,False
NDE1,2703,29.0904,-0.0281,9804,False
ZNF865,210,0.156,-0.0282,9805,False
EIF1B,6984,117.3196,-0.0283,9806,False
VKORC1,3427,71.4192,-0.0284,9807,False
NME2,680,4.826,-0.0285,9808,False
BUD13,1431,17.0452,-0.0287,9809,False
FAM122C,1772,17.9986,-0.0292,9810,False
GABARAP,10186,563.6565,-0.0296,9811,False
SDCBP2-AS1,1099,8.6505,-0.0296,9812,False
UTP11L,2491,23.1903,-0.0299,9813,False
RNF10,6511,170.5918,-0.03,9814,False
TMEM86A,330,1.3732,-0.0301,9815,False
PYCR1,372,2.7739,-0.0301,9816,False
ACADM,2504,40.1473,-0.0301,9817,False
PHF11,5709,106.354,-0.0303,9818,False
INPPL1,2343,19.8323,-0.0307,9819,False
SAP130,2731,27.7645,-0.0309,9820,False
ASCC2,4273,83.4799,-0.0309,9821,False
SLC2A9,568,2.9968,-0.0309,9822,False
MIR181A1HG,1025,8.6977,-0.0311,9823,False
TSR3,1070,4.3614,-0.0312,9824,False
GPR89B,2915,27.3735,-0.0312,9825,False
GIPC1,766,5.3385,-0.0312,9826,False
SMIM7,4002,76.8087,-0.0313,9827,False
NPIPP1,3651,8.4651,-0.0313,9828,False
RP3-415N12.1,773,10.1989,-0.0313,9829,False
AP003068.6,423,1.0815,-0.0315,9830,False
SETD7,848,4.3097,-0.0317,9831,False
SNAPC3,1737,16.1047,-0.0318,9832,False
TMEM14C,2759,56.5099,-0.0318,9833,False
LLPH,2539,26.977,-0.0319,9834,False
MED22,1113,10.854,-0.0321,9835,False
PAFAH2,1019,9.5451,-0.0323,9836,False
RP5-1158E12.3,366,1.1784,-0.0325,9837,False
RBBP8,2070,17.6867,-0.0326,9838,False
RP11-1094M14.8,1629,21.6762,-0.0327,9839,False
PGD,2884,57.5674,-0.0328,9840,False
GLRX3,3651,73.5389,-0.033,9841,False
NONOP2,1069,11.2888,-0.033,9842,False
CD44,13511,596.1362,-0.0333,9843,False
PIAS4,1815,16.9453,-0.0335,9844,False
KCNJ2,504,1.7647,-0.0337,9845,False
RP3-352A20.1,617,0.2234,-0.034,9846,False
CICP13,342,0.0821,-0.0341,9847,False
FAM35BP,806,0.5537,-0.0342,9848,False
RPS27A,15311,1523.788,-0.0342,9849,False
AAR2,1856,27.1199,-0.0343,9850,False
ATG10,1689,12.6142,-0.0343,9851,False
CTSO,1107,11.2139,-0.0344,9852,False
CMTR2,1406,15.2371,-0.0346,9853,False
RP11-349N19.2,261,0.554,-0.0347,9854,False
FTCDNL1,243,0.7375,-0.0349,9855,False
HIF1AN,3528,43.4039,-0.035,9856,False
RP11-354P11.3,496,2.8729,-0.035,9857,False
ZNF394,3267,59.9365,-0.0352,9858,False
AP003774.1,543,4.6376,-0.0355,9859,False
RP3-323P24.3,228,0.8969,-0.0356,9860,False
AGAP6,1183,7.8881,-0.0356,9861,False
ZNF689,908,9.5037,-0.0357,9862,False
SNRPG,4999,124.193,-0.0357,9863,False
C11orf65,439,2.1048,-0.0358,9864,False
MEGF11,315,0.9865,-0.0359,9865,False
CAB39,3261,37.5087,-0.0359,9866,False
RP5-827C21.4,421,2.7915,-0.0361,9867,False
SLC25A12,1642,19.4393,-0.0362,9868,False
AP006222.1,597,1.6108,-0.0364,9869,False
LAMTOR2,3185,72.1974,-0.0365,9870,False
USMG5,4443,165.3183,-0.0367,9871,False
ATOX1,2410,40.9246,-0.0367,9872,False
COPG1,4179,58.2996,-0.0368,9873,False
C17orf96,168,0.3833,-0.0369,9874,False
UBE2B,6971,225.4257,-0.0372,9875,False
PCID2,3469,67.1199,-0.0373,9876,False
SUV39H1,798,6.8548,-0.0373,9877,False
IDSP1,407,0.8014,-0.0375,9878,False
RP11-598P20.3,429,3.8653,-0.0375,9879,False
LANCL2,1071,7.1382,-0.0377,9880,False
PIM2,10879,257.44,-0.0379,9881,False
TAB2,2965,29.9902,-0.038,9882,False
CDKL3,834,1.7753,-0.038,9883,False
MRPL16,2581,47.729,-0.0381,9884,False
CTC-250I14.1,355,0.2083,-0.0381,9885,False
RP11-456D7.1,464,2.6589,-0.0381,9886,False
TRIP10,523,3.7118,-0.0382,9887,False
EYS,382,0.4264,-0.0382,9888,False
UTP14A,1317,10.929,-0.0384,9889,False
PARP16,1390,13.6809,-0.0385,9890,False
PLEKHG1,809,5.8129,-0.0386,9891,False
C3orf38,1812,26.1467,-0.0387,9892,False
SH3BP5,1918,21.6058,-0.0388,9893,False
AC007192.6,1596,24.1279,-0.0388,9894,False
PRG4,404,0.2985,-0.0388,9895,False
ELOVL1,4103,91.7059,-0.0393,9896,False
PPP2R1B,1860,18.666,-0.0395,9897,False
KEAP1,2835,45.9266,-0.0395,9898,False
PPP1R7,3549,69.7727,-0.0397,9899,False
CTD-2023M8.1,424,2.4998,-0.0398,9900,False
DLG1,2999,16.1861,-0.0398,9901,False
AARS,2105,22.4625,-0.0398,9902,False
RRS1,1085,12.1778,-0.0398,9903,False
TDP2,2246,28.7518,-0.0398,9904,False
RHNO1,2075,30.8037,-0.0399,9905,False
CDC123,3777,85.4795,-0.0402,9906,False
PPP1R14B,881,8.6448,-0.0402,9907,False
SCAMP3,3988,87.3518,-0.0406,9908,False
EVC2,357,0.9197,-0.0407,9909,False
MTMR4,1496,11.7042,-0.0407,9910,False
SUV420H1,1269,11.2858,-0.0409,9911,False
HAT1,3123,51.7671,-0.0409,9912,False
FAU,14560,1352.8335,-0.0409,9913,False
LINC00667,1956,26.5845,-0.0411,9914,False
DENND5B,478,0.9708,-0.0411,9915,False
PBX2,1010,3.7522,-0.0411,9916,False
SS18,4997,70.1668,-0.0411,9917,False
DUOX1,905,4.4821,-0.0412,9918,False
OSBP,1311,6.5123,-0.0412,9919,False
AC084018.1,1567,16.3643,-0.0413,9920,False
RP11-498C9.15,497,3.0578,-0.0413,9921,False
P2RX1,757,5.4501,-0.0413,9922,False
POLK,2269,18.7503,-0.0413,9923,False
SNRNP27,3969,71.9671,-0.0414,9924,False
LDHB,10372,531.6922,-0.0415,9925,False
CRTC2,4471,56.2856,-0.0416,9926,False
AHCTF1,2475,14.1623,-0.0418,9927,False
KB-1572G7.2,972,5.6745,-0.0424,9928,False
MTMR1,1720,17.0198,-0.0425,9929,False
EIF4BP8,251,0.0389,-0.0427,9930,False
CREB3,2059,32.1988,-0.0427,9931,False
CDK11B,4648,53.8164,-0.0429,9932,False
EIF2AK1,1829,15.7596,-0.043,9933,False
RP11-197P3.5,254,0.8043,-0.0431,9934,False
FUNDC2P2,238,0.0919,-0.0432,9935,False
RP1-68D18.4,500,2.6862,-0.0432,9936,False
CTD-2035E11.3,342,1.2863,-0.0433,9937,False
WDR5B,345,2.2665,-0.0435,9938,False
SLC29A3,923,8.1482,-0.0435,9939,False
PRMT2,6542,139.3949,-0.0435,9940,False
RP11-111F5.4,971,5.1033,-0.0436,9941,False
SELK,7604,245.4757,-0.0436,9942,False
LDHAP1,176,0.0442,-0.0437,9943,False
MAP10,250,0.9043,-0.0438,9944,False
AC092171.4,211,0.6461,-0.0439,9945,False
HLA-DRB5,9811,176.9575,-0.044,9946,False
MRPS27,2757,39.4325,-0.044,9947,False
CLIP4,2406,23.7011,-0.044,9948,False
GTF2H2,1942,14.1236,-0.0446,9949,False
LAX1,2359,33.492,-0.0448,9950,False
RP3-475N16.1,425,1.6135,-0.0449,9951,False
HLA-DMA,6804,258.4441,-0.045,9952,False
AC093732.1,202,1.0502,-0.045,9953,False
CTIF,325,1.062,-0.0452,9954,False
RP11-288E14.2,1059,1.5297,-0.0452,9955,False
PTPN9,1008,6.6692,-0.0452,9956,False
DUSP11,2354,40.8842,-0.0453,9957,False
GMPSP1,660,1.0454,-0.0453,9958,False
RP3-340H11.2,347,2.5732,-0.0457,9959,False
RP11-517A5.4,797,1.3495,-0.0457,9960,False
RAC1,3608,55.5111,-0.0458,9961,False
TSTA3,3407,71.4976,-0.0458,9962,False
JTB,4061,78.0343,-0.0459,9963,False
GOLGA4,5048,72.2137,-0.0459,9964,False
MAK16,1329,11.0053,-0.046,9965,False
FKBP5,6606,109.0461,-0.0461,9966,False
GBAS,2773,38.8411,-0.0462,9967,False
C19orf54,961,3.4702,-0.0462,9968,False
ZCRB1,3059,56.8494,-0.0465,9969,False
RP13-735L24.1,169,0.0977,-0.0465,9970,False
FAM69A,1557,16.8694,-0.0465,9971,False
SSBP4,1143,9.1689,-0.0466,9972,False
COASY,2387,40.6447,-0.0467,9973,False
STRN4,1766,15.7164,-0.0467,9974,False
SKAP2,2638,30.0271,-0.0468,9975,False
AP001062.1,286,1.473,-0.0468,9976,False
RPL29,13937,1229.8796,-0.0472,9977,False
U51244.2,162,0.4984,-0.0472,9978,False
RPF1,2309,33.2734,-0.0474,9979,False
CCDC107,4831,96.5988,-0.0476,9980,False
CCDC120,320,1.0711,-0.0477,9981,False
MSC,885,8.585,-0.0481,9982,False
RFC1,3778,55.4179,-0.0482,9983,False
RP11-314A20.5,216,1.0787,-0.0482,9984,False
PPP6C,4649,88.7128,-0.0485,9985,False
RP11-162A23.5,456,0.931,-0.0486,9986,False
SOCS6,388,1.8522,-0.0486,9987,False
RP11-463D19.1,163,0.9945,-0.0487,9988,False
SIGLEC10,1019,10.3975,-0.049,9989,False
HADH,1887,22.1149,-0.0493,9990,False
BANP,3752,43.5323,-0.0494,9991,False
IL2RG,12412,730.7281,-0.0494,9992,False
MDC1-AS1,285,0.5376,-0.0495,9993,False
PRH2,186,0.754,-0.0495,9994,False
RP11-927P21.1,526,2.6285,-0.0497,9995,False
MAN1B1,2584,38.2928,-0.0497,9996,False
RP11-304M2.5,172,0.2571,-0.0498,9997,False
RAB2B,1675,19.3949,-0.05,9998,False
SEPSECS,1202,9.1006,-0.0502,9999,False
RP11-932O9.7,290,1.7979,-0.0502,10000,False
IL2RB,8122,202.3834,-0.0503,10001,False
SLC35C2,2887,43.9092,-0.0503,10002,False
CCT6A,5913,146.8699,-0.0504,10003,False
PEF1,3605,82.2957,-0.0505,10004,False
AC004837.5,406,3.1889,-0.0505,10005,False
TK2,2136,9.6648,-0.0507,10006,False
CCDC43,1247,13.9581,-0.0508,10007,False
MRPS25,3188,39.6702,-0.0511,10008,False
CTD-3110H11.1,270,1.8972,-0.0513,10009,False
BMS1P5,2375,2.4311,-0.0514,10010,False
GUK1,9587,438.8211,-0.0514,10011,False
AMICA1,4874,155.5325,-0.0514,10012,False
CASP4,7161,249.3615,-0.0515,10013,False
TTC1,3098,47.0854,-0.0516,10014,False
MRPS14,2201,33.4726,-0.0519,10015,False
CCDC170,220,0.5145,-0.0519,10016,False
AK4P1,313,1.3121,-0.0521,10017,False
RP11-203J24.9,2181,30.5545,-0.0521,10018,False
RTEL1,1537,11.686,-0.0521,10019,False
LANCL1,1699,17.6886,-0.0523,10020,False
RPL36A,12010,742.819,-0.0523,10021,False
NDUFS8,4841,127.3581,-0.0524,10022,False
PSMB9,9357,473.0919,-0.0528,10023,False
MCM3AP-AS1,1358,6.4176,-0.0531,10024,False
ACTBP1,281,0.0484,-0.0531,10025,False
GS1-251I9.4,1892,19.3049,-0.0532,10026,False
ITPA,3358,71.3709,-0.0532,10027,False
TUFM,5887,145.8511,-0.0533,10028,False
MTMR12,1851,14.6977,-0.0533,10029,False
ZHX1-C8ORF76,361,2.4331,-0.0534,10030,False
POLR3B,853,4.6312,-0.0535,10031,False
TCN2,619,5.2468,-0.0537,10032,False
RPL15,15624,2086.8568,-0.0538,10033,False
LSM7,4537,113.8767,-0.0539,10034,False
N4BP2L1,3514,56.7673,-0.0539,10035,False
BTG2,8835,264.5168,-0.054,10036,False
COG3,2516,16.5782,-0.0541,10037,False
PPARGC1B,636,1.5999,-0.0542,10038,False
FAM228B,1137,6.86,-0.0545,10039,False
AC007182.6,273,0.3952,-0.0545,10040,False
IGBP1,3697,70.8667,-0.0545,10041,False
GTF2F2,2466,32.0282,-0.0545,10042,False
HIST2H3C,205,0.25,-0.0545,10043,False
MRPL17,1656,22.7167,-0.0546,10044,False
RP1-170B16.1,217,0.0644,-0.0546,10045,False
SPATA1,358,1.2306,-0.0546,10046,False
NRP1,1064,11.1041,-0.0548,10047,False
ZNF286A,1535,12.0206,-0.0548,10048,False
NPLOC4,2640,21.1303,-0.0548,10049,False
MVK,741,6.1665,-0.0548,10050,False
RP11-106M7.4,287,0.1036,-0.0548,10051,False
RP11-231I16.1,292,1.067,-0.0548,10052,False
ALPK1,1112,8.379,-0.0549,10053,False
CWF19L1,2565,25.3118,-0.055,10054,False
GSK3B,1791,7.5651,-0.0553,10055,False
CDS2,6129,102.9117,-0.0553,10056,False
CFLAR-AS1,680,3.8233,-0.0553,10057,False
GALNS,1809,17.6474,-0.0558,10058,False
NFE2L2,5923,120.0308,-0.0558,10059,False
METTL10,1819,26.0064,-0.056,10060,False
DNTTIP2,4445,84.738,-0.056,10061,False
RPS11,14920,1439.4643,-0.0562,10062,False
BRAP,2023,18.7679,-0.0564,10063,False
ZFYVE28,2067,20.6536,-0.0565,10064,False
ZC3H15,4682,99.5459,-0.0566,10065,False
RBM5,7570,192.8037,-0.0568,10066,False
ERVK3-1,5160,84.437,-0.0569,10067,False
N4BP3,236,0.7769,-0.0569,10068,False
RP5-940J5.6,589,3.2243,-0.0569,10069,False
MRPL40,1818,26.8428,-0.057,10070,False
TAF11,2278,26.1178,-0.057,10071,False
ZBTB14,1008,7.65,-0.0571,10072,False
WDHD1,807,5.2418,-0.0574,10073,False
BLVRA,2679,56.6905,-0.0574,10074,False
NAB1,4154,60.3547,-0.0575,10075,False
NDUFB7,4209,107.6932,-0.0575,10076,False
APIP,1942,24.0955,-0.0576,10077,False
PVR,492,2.4811,-0.0578,10078,False
MAP3K9,652,1.7766,-0.0578,10079,False
GBGT1,652,5.0881,-0.058,10080,False
MOB4,3646,60.8891,-0.058,10081,False
OXR1,2254,24.5046,-0.0583,10082,False
RP11-507E23.1,881,0.8077,-0.0585,10083,False
PGP,418,1.9484,-0.0587,10084,False
TOB1-AS1,217,1.441,-0.0588,10085,False
PRIM2,1540,11.5,-0.0588,10086,False
POLR3D,1171,11.4857,-0.0588,10087,False
CTD-2619J13.8,275,0.4646,-0.0589,10088,False
DDX60L,2823,30.0431,-0.0589,10089,False
TC2N,4597,93.3484,-0.0594,10090,False
WSB1,9127,147.9884,-0.0598,10091,False
RP13-996F3.5,209,0.1353,-0.0598,10092,False
C12orf52,1147,15.1508,-0.0599,10093,False
PHYKPL,5886,80.6563,-0.0599,10094,False
KCNN4,2069,26.8616,-0.0599,10095,False
FRYL,6077,85.6639,-0.06,10096,False
KIF5A,231,0.5036,-0.0601,10097,False
AC104451.2,621,3.8649,-0.0601,10098,False
TAF5,336,1.6246,-0.0604,10099,False
IER2,10113,321.005,-0.0606,10100,False
AC083843.1,194,0.6034,-0.0606,10101,False
ANKRD36C,7052,73.3975,-0.0607,10102,False
FADS2,866,4.0225,-0.0609,10103,False
RP5-1142A6.2,361,0.4689,-0.0611,10104,False
SLC38A2,8491,155.6747,-0.0611,10105,False
CTB-54D4.1,4359,6.425,-0.0611,10106,False
AC069368.3,332,1.2348,-0.0612,10107,False
UBL7-AS1,945,9.7816,-0.0612,10108,False
SF3B5,4268,106.9725,-0.0612,10109,False
NDUFAF3,4125,94.3798,-0.0613,10110,False
GOLGA6L4,374,1.2378,-0.0614,10111,False
MORC2-AS1,1530,22.3712,-0.0614,10112,False
CYTH2,2126,29.1554,-0.0616,10113,False
FXR1,4361,63.5529,-0.0617,10114,False
SDHAP2,531,2.2022,-0.0618,10115,False
MRPL54,2589,51.1224,-0.0622,10116,False
SIGLEC7,660,6.0727,-0.0622,10117,False
LY6G5B,1289,11.2304,-0.0622,10118,False
IQSEC2,309,0.3144,-0.0623,10119,False
NUTM2G,351,0.5251,-0.0623,10120,False
DUSP18,1485,15.5473,-0.0626,10121,False
RP3-430N8.11,581,2.9572,-0.0628,10122,False
RP11-1018J11.1,331,0.1647,-0.0628,10123,False
SIPA1L1,4154,44.086,-0.0629,10124,False
CLUH,937,3.9706,-0.063,10125,False
AGO4,1166,4.9798,-0.0631,10126,False
PCCB,2357,22.8581,-0.0632,10127,False
AL358333.1,2247,22.6011,-0.0633,10128,False
RNF145,2291,15.2789,-0.0635,10129,False
NAPA-AS1,932,3.727,-0.0635,10130,False
WDFY3,528,1.1492,-0.0638,10131,False
HDHD2,2457,40.4078,-0.0639,10132,False
RP11-96H19.1,337,2.385,-0.0644,10133,False
TMEM108,208,0.6974,-0.0644,10134,False
AP000356.1,265,1.1394,-0.0645,10135,False
CTAGE11P,862,0.1221,-0.0645,10136,False
AGK,2822,36.0158,-0.0646,10137,False
SYNGR2,8110,274.6795,-0.0646,10138,False
SLC43A3,2419,39.4244,-0.0646,10139,False
ARRB1,907,6.2933,-0.0647,10140,False
NDUFV1,5767,197.3618,-0.065,10141,False
SIGMAR1,2498,44.6389,-0.0651,10142,False
TRIM11,1854,14.3037,-0.0653,10143,False
INO80D,4380,36.4626,-0.0657,10144,False
AHSA2,3204,20.6094,-0.0658,10145,False
RPL27A,14346,1226.9704,-0.0661,10146,False
AC009413.2,821,0.6567,-0.0661,10147,False
SNX12,699,6.4967,-0.0663,10148,False
SH3BP5-AS1,2161,10.4688,-0.0663,10149,False
AC004951.5,400,0.7528,-0.0663,10150,False
ZNF354B,683,3.5212,-0.0664,10151,False
C15orf52,349,1.9515,-0.0664,10152,False
MRPL11,2343,44.3854,-0.0665,10153,False
EIF3L,8520,381.997,-0.0667,10154,False
ZNF516,799,3.7432,-0.0667,10155,False
PAIP2B,351,1.2566,-0.067,10156,False
RP1-68D18.2,582,4.0364,-0.0672,10157,False
PKD1L3,436,0.1467,-0.0672,10158,False
BBIP1,4340,49.122,-0.0672,10159,False
ZNF90,972,2.375,-0.0672,10160,False
ZFPM1,243,0.3731,-0.0673,10161,False
CUL2,2694,29.2053,-0.0673,10162,False
EIF2AK3,1837,9.8023,-0.0674,10163,False
CLOCK,1716,8.9245,-0.0675,10164,False
ERCC5,3514,51.3366,-0.0677,10165,False
ECE2,453,3.2584,-0.0677,10166,False
GNAS,12032,372.8322,-0.0678,10167,False
SIL1,2165,27.5128,-0.0678,10168,False
AASDHPPT,2713,41.5644,-0.0678,10169,False
GADD45A,1094,9.7088,-0.0678,10170,False
ZFYVE16,1763,10.3722,-0.0679,10171,False
ARMC5,982,5.1324,-0.0679,10172,False
MLF1IP,1067,13.2677,-0.0681,10173,False
RP11-1035H13.2,340,0.9334,-0.0686,10174,False
MT-ATP8,13411,721.7397,-0.0686,10175,False
CPNE5,797,4.9097,-0.0688,10176,False
DOHH,825,9.4089,-0.0689,10177,False
TTC4,1221,15.5429,-0.069,10178,False
HSPA4L,412,0.2583,-0.0693,10179,False
MRPL38,3542,50.4679,-0.0693,10180,False
PCYOX1L,1160,13.2168,-0.0694,10181,False
RBFA,1692,17.9909,-0.0695,10182,False
DEXI,851,3.732,-0.0696,10183,False
EIF4A2,12190,603.5802,-0.0697,10184,False
AC007038.7,413,2.4253,-0.0698,10185,False
TRAPPC3,3341,65.4284,-0.0705,10186,False
XXbac-B476C20.9,460,2.7898,-0.0706,10187,False
ZDHHC20,2366,26.6717,-0.0707,10188,False
FAM111A,4003,50.2793,-0.0707,10189,False
SRBD1,1295,12.6046,-0.0707,10190,False
CTC-301O7.4,1192,2.9365,-0.0708,10191,False
VPS54,1802,11.6311,-0.0709,10192,False
ASMTL-AS1,383,1.96,-0.071,10193,False
HOXB2,750,6.1471,-0.0711,10194,False
RAB6A,5405,96.9345,-0.0711,10195,False
THTPA,1091,9.8239,-0.0714,10196,False
SRSF7,11031,461.9342,-0.0714,10197,False
ATPIF1,5595,195.7615,-0.0715,10198,False
CYBB,2680,30.8579,-0.0719,10199,False
CNDP2,4837,103.5834,-0.0724,10200,False
TMEM8B,315,2.1262,-0.0725,10201,False
RXRB,1755,14.7931,-0.0725,10202,False
DGCR14,1717,20.2161,-0.0725,10203,False
RP11-1112J20.2,160,0.0481,-0.0727,10204,False
CD97,10042,298.5727,-0.0728,10205,False
MMP24-AS1,1139,7.1778,-0.0728,10206,False
GALT,3664,44.9163,-0.073,10207,False
RARS2,2713,35.1481,-0.0731,10208,False
AAGAB,2775,41.0988,-0.0731,10209,False
NBR2,690,3.794,-0.0732,10210,False
MYBL1,755,4.0171,-0.0733,10211,False
MYO6,708,4.7571,-0.0734,10212,False
ERGIC1,2440,14.7699,-0.0735,10213,False
FAM117A,1759,14.6069,-0.0735,10214,False
ISCA1,2717,40.6042,-0.0735,10215,False
EPS8L2,878,12.554,-0.0736,10216,False
RP11-497H16.2,462,0.45,-0.0739,10217,False
HERC5,1572,14.3711,-0.0742,10218,False
HIST2H2AC,741,7.5205,-0.0743,10219,False
KLC1,4114,55.7598,-0.0745,10220,False
NRF1,2056,17.7982,-0.0745,10221,False
SMARCE1,4984,104.089,-0.0746,10222,False
RIOK3,4449,85.4285,-0.0748,10223,False
PPP1R2,9006,268.1285,-0.0748,10224,False
DPH1,3324,24.5609,-0.075,10225,False
NUBP2,3466,70.5118,-0.0751,10226,False
CHCHD1,1758,24.5915,-0.0751,10227,False
TAF2,2534,26.2635,-0.0751,10228,False
WBSCR22,4829,105.3977,-0.0755,10229,False
TNFSF9,3618,24.8863,-0.0755,10230,False
POLR2B,3974,51.8722,-0.0756,10231,False
SMG7,3250,29.048,-0.0758,10232,False
CXCR3,5061,128.6796,-0.0759,10233,False
FRMPD3,285,0.7549,-0.0759,10234,False
SNAI1,374,2.4872,-0.076,10235,False
ACTA1,408,0.1015,-0.0761,10236,False
GUSBP11,2179,19.4954,-0.0761,10237,False
MAP3K12,1448,9.6717,-0.0762,10238,False
GRASP,1148,6.1418,-0.0764,10239,False
MIS18A,809,7.6543,-0.0767,10240,False
CHST7,505,4.166,-0.0768,10241,False
FUZ,1028,6.4058,-0.0769,10242,False
DKFZP779J2370,620,1.2871,-0.0769,10243,False
AP3D1,2995,25.5424,-0.077,10244,False
PLEKHJ1,3723,86.3232,-0.077,10245,False
PARK7,8812,390.7863,-0.0771,10246,False
CCPG1,3072,40.0388,-0.0771,10247,False
RPS10,13215,962.8378,-0.0772,10248,False
KPNB1,6805,66.9685,-0.0772,10249,False
FZD6,574,4.3562,-0.0773,10250,False
ZSCAN29,845,5.8992,-0.0774,10251,False
S100PBP,4255,46.0781,-0.0774,10252,False
DGUOK,4494,110.3155,-0.0775,10253,False
C9orf3,1288,11.3308,-0.0776,10254,False
GLT1D1,218,0.4098,-0.0777,10255,False
WWTR1,5344,3.2557,-0.0777,10256,False
GTPBP4,2382,30.3719,-0.0778,10257,False
XYLT1,1970,7.7121,-0.0778,10258,False
AK3,2366,29.0702,-0.0778,10259,False
RP11-841C19.3,293,0.4726,-0.0778,10260,False
AP5M1,1887,24.6946,-0.0779,10261,False
FARSB,2119,23.3701,-0.078,10262,False
EXT2,1753,20.2602,-0.0783,10263,False
ABHD12,1627,15.2002,-0.0784,10264,False
CDKN2B-AS1,309,1.0803,-0.0785,10265,False
LARP4,2706,28.2583,-0.0788,10266,False
DAGLB,1803,19.0311,-0.0789,10267,False
AC017104.2,295,2.1591,-0.0792,10268,False
PIK3R2,366,0.2854,-0.0792,10269,False
AGPAT5,2023,16.8452,-0.0794,10270,False
IDUA,741,4.8487,-0.0795,10271,False
DTL,880,6.2344,-0.0797,10272,False
RP11-20O24.1,438,1.3569,-0.0798,10273,False
RASGRF2,540,3.1752,-0.0799,10274,False
CAMTA2,3017,22.0275,-0.08,10275,False
KIAA0513,1750,11.9769,-0.0801,10276,False
TMEM141,1396,18.7087,-0.0801,10277,False
RHOC,3989,91.9525,-0.0802,10278,False
AC097523.2,1600,0.532,-0.0803,10279,False
PSMB7,5418,137.6155,-0.0805,10280,False
RCN2,2073,29.2765,-0.0806,10281,False
CLDN15,819,5.9221,-0.0806,10282,False
ZFP64,689,4.3289,-0.0807,10283,False
GFM1,2385,29.3815,-0.0807,10284,False
ALG13-AS1,242,1.6087,-0.0808,10285,False
DOCK7,516,1.4543,-0.0809,10286,False
CD2,10302,504.7684,-0.0809,10287,False
AC139099.3,240,0.2657,-0.0809,10288,False
CAMSAP1,1005,5.8085,-0.081,10289,False
ESYT1,5498,106.3921,-0.081,10290,False
MXD3,2028,11.337,-0.0812,10291,False
ITPKB-IT1,991,2.0608,-0.0814,10292,False
CHPF,748,6.2619,-0.0816,10293,False
ATP5L,8526,421.9114,-0.0817,10294,False
PAPOLA,7157,183.1568,-0.0821,10295,False
CTD-2013N24.2,1305,7.1685,-0.0823,10296,False
FTSJ1,3094,36.6225,-0.0824,10297,False
RP11-348N5.7,680,7.258,-0.0825,10298,False
LINC00299,474,2.2063,-0.0825,10299,False
STK3,790,5.3918,-0.0827,10300,False
CTD-2537I9.12,456,1.8694,-0.0829,10301,False
CHD1,8078,91.7086,-0.0831,10302,False
HSPB11,3221,54.5776,-0.0832,10303,False
COQ4,2728,38.1803,-0.0832,10304,False
CLCN5,427,1.3708,-0.0834,10305,False
RP11-468E2.2,185,0.2684,-0.0834,10306,False
ANKRD18EP,308,2.0371,-0.0834,10307,False
SSFA2,1710,13.6378,-0.0835,10308,False
PNPO,1252,9.7439,-0.0839,10309,False
PRKRIR,1105,9.5277,-0.0839,10310,False
NFYC,4139,66.4123,-0.084,10311,False
LIN9,369,2.3415,-0.084,10312,False
MRPL49,2446,44.5374,-0.084,10313,False
GUSB,3834,55.1658,-0.084,10314,False
LIMS3,187,0.2649,-0.0841,10315,False
RP11-20I23.7,463,4.1868,-0.0844,10316,False
LINC00106,250,0.7722,-0.0845,10317,False
JDP2,536,1.3721,-0.0847,10318,False
DPM1,2558,43.5092,-0.0849,10319,False
NPHP4,774,2.845,-0.085,10320,False
ZBTB2,1499,16.3051,-0.085,10321,False
UNC13B,171,0.2571,-0.0851,10322,False
F2RL2,991,7.8598,-0.0852,10323,False
TRAF3,3358,29.797,-0.0852,10324,False
CBR4,1330,12.5049,-0.0852,10325,False
ETAA1,874,6.2347,-0.0854,10326,False
SLC27A4,495,3.9218,-0.0854,10327,False
PELI2,351,1.356,-0.0855,10328,False
STXBP3,4587,77.4877,-0.0856,10329,False
LYPLA1,3601,53.7766,-0.0858,10330,False
NAF1,2129,18.0323,-0.0859,10331,False
HSPD1P5,955,0.1409,-0.086,10332,False
ACOT11,1003,0.8291,-0.0861,10333,False
UCHL5,3464,58.6593,-0.0862,10334,False
RSC1A1,1123,10.682,-0.0866,10335,False
RHOQ,1239,8.1561,-0.0866,10336,False
OLA1,2974,48.7961,-0.087,10337,False
ZC3H7A,4898,84.9895,-0.0871,10338,False
POLE3,3049,55.5877,-0.0871,10339,False
MKRN1,1855,21.6336,-0.0872,10340,False
DENND3,3014,32.8838,-0.0872,10341,False
RCC1,1199,10.6989,-0.0873,10342,False
CLN6,893,5.8438,-0.0873,10343,False
DNM1P46,336,0.6853,-0.0873,10344,False
RP11-1149M10.1,234,0.7613,-0.0874,10345,False
MPG,3732,76.9878,-0.0877,10346,False
METAP2,3944,65.7346,-0.0878,10347,False
AK4,748,3.5423,-0.0879,10348,False
RBM39,14664,747.7916,-0.088,10349,False
SPAG9,2733,16.843,-0.0881,10350,False
KCTD17,737,3.1587,-0.0883,10351,False
SLC25A35,2004,7.8466,-0.0883,10352,False
BUD31,5373,184.2032,-0.0883,10353,False
CHCHD5,1919,28.3677,-0.0884,10354,False
CTD-2008A1.2,857,4.1343,-0.0884,10355,False
FBXL14,414,2.3775,-0.0884,10356,False
PISD,2954,33.1719,-0.0886,10357,False
RP11-480A16.1,499,0.8333,-0.0887,10358,False
UNC5B,196,0.1642,-0.0888,10359,False
SNAPC2,1224,14.9717,-0.0888,10360,False
RP11-378J18.8,559,1.0745,-0.089,10361,False
PSMC3,4435,101.4296,-0.089,10362,False
RP11-259K5.2,246,0.7255,-0.0891,10363,False
UQCRC1,5589,224.094,-0.0891,10364,False
ZBTB34,280,0.6955,-0.0893,10365,False
BCL2L2,276,0.7034,-0.0893,10366,False
TMEM2,9342,144.5384,-0.0894,10367,False
HK2,1609,6.6724,-0.0895,10368,False
HECTD3,1866,20.5232,-0.0897,10369,False
NEK6,1990,23.3524,-0.0897,10370,False
C11orf89,170,0.1579,-0.0897,10371,False
GLUD2,941,0.7392,-0.0899,10372,False
ZW10,985,8.9898,-0.0901,10373,False
USP42,2796,24.495,-0.0903,10374,False
SEC11A,5414,135.8217,-0.0904,10375,False
HDAC1,5925,134.257,-0.0906,10376,False
CTSC,6735,229.8173,-0.0908,10377,False
RP11-545I5.3,987,5.3761,-0.0908,10378,False
SLX4IP,659,3.1374,-0.091,10379,False
DMTN,209,1.1393,-0.0911,10380,False
POC1B-GALNT4,291,1.1324,-0.0911,10381,False
UEVLD,1325,11.0759,-0.0911,10382,False
POLM,2061,22.7154,-0.0912,10383,False
ZSCAN22,481,2.771,-0.0913,10384,False
ST6GALNAC6,4345,77.9953,-0.0913,10385,False
RP11-20I23.6,313,2.0363,-0.0914,10386,False
C11orf30,3259,38.9316,-0.0915,10387,False
ETV5,603,2.9103,-0.0918,10388,False
RP4-605O3.4,1019,8.4532,-0.0918,10389,False
AC104532.2,246,0.3524,-0.0918,10390,False
SLC9A1,1310,6.4313,-0.092,10391,False
BAZ1A,3849,42.3488,-0.0923,10392,False
INTS5,687,5.9539,-0.0925,10393,False
USP33,5054,83.6326,-0.0926,10394,False
FASTK,2565,42.8413,-0.0927,10395,False
GANAB,5716,74.1685,-0.0927,10396,False
VAMP4,1773,21.3471,-0.0927,10397,False
ANKRD13D,3007,42.354,-0.0928,10398,False
RP11-570L15.2,465,3.2574,-0.0929,10399,False
MGC2752,334,1.7882,-0.0931,10400,False
NR4A2,10885,289.7979,-0.0931,10401,False
TANC2,591,1.7618,-0.0933,10402,False
LAS1L,2171,26.9381,-0.0935,10403,False
IFI27L2,3201,64.73,-0.0936,10404,False
RP11-317G6.1,321,0.5553,-0.0936,10405,False
RP11-38L15.8,185,0.161,-0.0936,10406,False
ITPK1-AS1,440,2.2956,-0.0937,10407,False
ERAP1,5271,67.0576,-0.0937,10408,False
RP11-423H2.1,2587,31.0763,-0.0937,10409,False
SLC25A37,2772,29.7029,-0.0939,10410,False
ZDHHC12,2780,55.7181,-0.0939,10411,False
NSUN2,3697,42.7526,-0.0939,10412,False
MTMR2,2174,23.1202,-0.0941,10413,False
INTS7,1598,13.911,-0.0945,10414,False
SVILP1,482,0.7016,-0.0945,10415,False
PIK3R6,565,2.8148,-0.0946,10416,False
FAM213B,997,10.15,-0.0946,10417,False
RPS11P5,4285,6.5719,-0.0949,10418,False
DSN1,1097,10.8662,-0.0949,10419,False
RPL5P1,2628,0.993,-0.0949,10420,False
NLN,450,1.9936,-0.095,10421,False
TRIB2,2919,29.3214,-0.095,10422,False
RP11-276H1.3,164,0.5812,-0.0952,10423,False
RP11-253I19.3,770,8.8777,-0.0953,10424,False
RP11-626G11.3,735,4.4381,-0.0956,10425,False
KIF13A,344,0.6419,-0.0956,10426,False
GEMIN4,872,7.3176,-0.0957,10427,False
RP11-381O7.6,1001,3.9283,-0.096,10428,False
RP3-403L10.3,227,1.4266,-0.096,10429,False
TSPAN4,914,10.4421,-0.0961,10430,False
XRCC2,249,0.6765,-0.0961,10431,False
GOLGA7,4275,87.8817,-0.0964,10432,False
RP3-508I15.14,194,0.9899,-0.0965,10433,False
ATG16L1,2430,31.5549,-0.0967,10434,False
MAGOH,3257,63.691,-0.0968,10435,False
AC007308.7,330,1.673,-0.097,10436,False
NFATC2IP,2515,17.1283,-0.0971,10437,False
CREBRF,3222,17.7291,-0.0973,10438,False
MRPL13,2331,40.4538,-0.0973,10439,False
PPP1R12C,1456,5.9226,-0.0974,10440,False
ATP1B3,7183,207.6446,-0.0974,10441,False
XXbac-BPG181B23.6,249,0.1776,-0.0975,10442,False
AC002310.13,201,0.7684,-0.0976,10443,False
PDPN,289,2.0851,-0.0976,10444,False
DCTPP1,2126,40.928,-0.0979,10445,False
MCM8,362,1.1421,-0.0981,10446,False
RP11-804A23.4,366,0.8866,-0.0981,10447,False
SLC25A3,9946,528.8526,-0.0982,10448,False
ZBP1,3068,45.647,-0.0984,10449,False
ZDHHC20P4,757,0.3183,-0.0986,10450,False
LPAR5,1249,10.9069,-0.0988,10451,False
BBC3,462,1.6847,-0.0988,10452,False
MANEA-AS1,663,6.332,-0.0989,10453,False
PLBD1,952,9.8926,-0.0989,10454,False
PHPT1,3667,72.1246,-0.099,10455,False
RPL6,15254,1595.7194,-0.0992,10456,False
AC000068.9,319,1.9775,-0.0992,10457,False
PLCB3,574,0.5013,-0.0993,10458,False
SLC3A1,611,2.0937,-0.0995,10459,False
PPP1CC,3950,63.8745,-0.0996,10460,False
SFXN3,2655,26.2854,-0.0997,10461,False
C10orf11,493,2.3737,-0.0998,10462,False
SLC25A5P2,539,0.1202,-0.1001,10463,False
RP11-296O14.3,1012,7.9629,-0.1001,10464,False
RP1-40G4P.1,830,0.485,-0.1001,10465,False
TMEM164,987,4.4467,-0.1002,10466,False
AP000654.5,217,0.093,-0.1002,10467,False
YARS,4782,79.2748,-0.1003,10468,False
ARID5A,6207,140.136,-0.1003,10469,False
MSMO1,1669,22.8754,-0.1003,10470,False
DDX39A,6386,204.108,-0.1003,10471,False
TMEM64,813,5.8512,-0.1004,10472,False
WDR24,764,6.8246,-0.1005,10473,False
ASB6,1335,14.5686,-0.1005,10474,False
UIMC1,2586,27.8484,-0.1006,10475,False
COMMD8,2244,36.9491,-0.1007,10476,False
RHOG,5453,145.8812,-0.1009,10477,False
C2orf82,160,0.3085,-0.1011,10478,False
CD276,486,4.1864,-0.1012,10479,False
SH3BP4,186,0.6161,-0.1016,10480,False
LRRFIP2,2557,29.7221,-0.1017,10481,False
ARFIP1,1777,19.6516,-0.1018,10482,False
PIK3C2B,2215,18.1712,-0.1018,10483,False
FAM105B,2811,17.1965,-0.102,10484,False
CISD3,1434,18.3022,-0.1022,10485,False
SCAMP5,293,1.1889,-0.1023,10486,False
SLC39A6,1814,18.6469,-0.1025,10487,False
IMP3,3314,63.4604,-0.1026,10488,False
ACP1,4942,115.5088,-0.1026,10489,False
BLK,986,10.8344,-0.1028,10490,False
BNIP3L,3959,69.37,-0.1031,10491,False
NCBP2,3514,61.2105,-0.1032,10492,False
TM9SF3,3198,17.2816,-0.1033,10493,False
PDE5A,885,4.4569,-0.1034,10494,False
NR5A2,324,1.7788,-0.1034,10495,False
DRG1,3026,53.874,-0.1034,10496,False
VAMP3,2130,30.3332,-0.1035,10497,False
KLHL22,1161,10.8381,-0.104,10498,False
CTD-2260A17.1,515,3.0741,-0.1041,10499,False
AOAH,5728,124.9348,-0.1041,10500,False
FOXN3,4900,49.6152,-0.1042,10501,False
FPR3,783,7.7641,-0.1047,10502,False
LLNLR-246C6.1,178,0.3168,-0.1047,10503,False
KIAA0556,1143,9.2587,-0.1049,10504,False
RP11-16E23.3,785,4.0702,-0.1052,10505,False
ACSL1,2337,24.0817,-0.1054,10506,False
ZNF775,1399,13.9804,-0.1055,10507,False
RP11-523H24.3,223,1.5258,-0.1057,10508,False
DSTN,3872,69.4602,-0.1058,10509,False
RP11-618G20.1,913,5.4196,-0.1059,10510,False
RP11-206L10.5,2339,26.4163,-0.106,10511,False
AC069213.1,219,0.7038,-0.106,10512,False
FRY,516,1.3899,-0.106,10513,False
RP1-168P16.2,238,1.5282,-0.1061,10514,False
SULT1A1,1453,10.7077,-0.1062,10515,False
CICP8,183,0.032,-0.1062,10516,False
GHDC,894,3.6998,-0.1062,10517,False
DFFA,2031,20.4632,-0.1065,10518,False
MIEN1,3155,64.4017,-0.1066,10519,False
STAC3,209,0.6479,-0.1066,10520,False
CELF1,5756,74.4309,-0.1067,10521,False
IPO5,2275,20.4747,-0.1067,10522,False
CHST2,358,1.4113,-0.1068,10523,False
GFOD1,2282,12.0142,-0.1069,10524,False
TUG1,2141,19.6744,-0.1072,10525,False
IST1,7137,223.6328,-0.1073,10526,False
ATP5J,4773,119.2642,-0.1073,10527,False
DNAJC7,5320,110.501,-0.1073,10528,False
FTSJ3,2448,22.7254,-0.1076,10529,False
ZMYM3,1474,6.1463,-0.1077,10530,False
PPP2R3A,491,1.9039,-0.1077,10531,False
CTD-2562J15.4,201,0.8044,-0.1079,10532,False
RP11-75C10.7,671,6.5106,-0.1079,10533,False
NUDT4P1,372,1.3744,-0.108,10534,False
MLX,3707,57.5665,-0.1084,10535,False
DRG2,2948,47.7709,-0.1087,10536,False
PPT1,4264,103.5258,-0.1087,10537,False
HIST1H3I,548,4.3206,-0.1089,10538,False
UNC45A,2468,33.0683,-0.1092,10539,False
RPL7A,14835,1427.3303,-0.1093,10540,False
SKP1,11560,570.4815,-0.1093,10541,False
C17orf76-AS1,11064,476.3417,-0.1094,10542,False
VPS26B,1270,11.2929,-0.1094,10543,False
STX18,2384,29.1602,-0.1094,10544,False
SCML1,694,3.3948,-0.1095,10545,False
RP11-973D8.4,178,0.3827,-0.1099,10546,False
RP1-85F18.5,173,0.6551,-0.11,10547,False
AC091171.1,1132,10.0966,-0.1101,10548,False
SDCBP,6836,210.0299,-0.1103,10549,False
CEP68,1460,10.9404,-0.1104,10550,False
PXDC1,289,0.7259,-0.1104,10551,False
ZNF385A,932,8.7563,-0.1105,10552,False
RNPEP,1334,13.8385,-0.1105,10553,False
CLDND2,218,0.6596,-0.1106,10554,False
RPS26P47,1328,3.8427,-0.1107,10555,False
FGD5,206,0.2956,-0.1108,10556,False
CHMP7,3967,63.5679,-0.111,10557,False
CTD-2020K17.1,1107,7.9192,-0.1111,10558,False
TMEM144,422,1.6544,-0.1111,10559,False
SLC39A10,1658,17.9611,-0.1111,10560,False
RP11-93O14.2,302,1.0382,-0.1112,10561,False
GSG2,690,5.2435,-0.1112,10562,False
ZNF8,374,1.9501,-0.1114,10563,False
GRK5,1431,11.7131,-0.1114,10564,False
CD28,4851,81.2742,-0.1115,10565,False
RP11-450D21.1,218,0.3502,-0.1117,10566,False
ZNF76,2989,39.7976,-0.1119,10567,False
GET4,2542,28.5178,-0.1119,10568,False
SLC8A1-AS1,552,2.1608,-0.112,10569,False
LIG4,579,3.3239,-0.1121,10570,False
NUB1,4542,65.7083,-0.1121,10571,False
CWC25,2830,37.9481,-0.1123,10572,False
IKBIP,559,2.9023,-0.1123,10573,False
RP1-151F17.1,593,2.6495,-0.1126,10574,False
RAB31,1393,13.1354,-0.1128,10575,False
CBX1,1157,10.9906,-0.1128,10576,False
CCDC144A,2598,10.9985,-0.1129,10577,False
CCT2,4450,100.3627,-0.1129,10578,False
XPA,1904,23.7835,-0.113,10579,False
APOL3,3484,53.2396,-0.1131,10580,False
FGFR1OP,2307,19.8665,-0.1133,10581,False
AC012066.1,302,0.274,-0.1133,10582,False
NAA10,3765,88.0658,-0.1134,10583,False
CPNE1,9810,354.6737,-0.1134,10584,False
AC084219.4,590,0.9496,-0.1135,10585,False
HELZ,7223,92.3828,-0.1135,10586,False
URI1,1398,7.7363,-0.1137,10587,False
PTBP3,5721,65.0365,-0.114,10588,False
KDELC2,594,3.262,-0.1146,10589,False
RP11-108P20.1,402,1.377,-0.1147,10590,False
MIA3,3889,50.2826,-0.1148,10591,False
CTD-2145A24.3,333,1.2869,-0.1148,10592,False
MBD2,2450,16.8358,-0.1151,10593,False
COX7C,8734,399.6203,-0.1151,10594,False
RP11-1379J22.2,191,0.2922,-0.1151,10595,False
CDK17,3914,49.7758,-0.1154,10596,False
TRIM8,2031,17.4612,-0.1154,10597,False
PRPF4,2280,21.3644,-0.1155,10598,False
UBP1,1489,8.0137,-0.1156,10599,False
NOC4L,1608,20.9747,-0.1158,10600,False
PHF12,3699,40.9014,-0.1162,10601,False
RP11-488C13.5,967,6.0904,-0.1162,10602,False
ZNF121,3143,38.0502,-0.1166,10603,False
RP5-1085F17.3,2065,28.2173,-0.1168,10604,False
GAL3ST4,429,2.8071,-0.1168,10605,False
CTC-325H20.4,203,1.0817,-0.1169,10606,False
CTD-2544N14.3,1238,11.1318,-0.1171,10607,False
BRIX1,2044,26.4924,-0.1172,10608,False
MARCKSL1,976,8.6813,-0.1172,10609,False
PID1,479,2.7548,-0.1172,10610,False
PRPF18,2377,32.5634,-0.1173,10611,False
CKAP2L,665,6.0068,-0.1173,10612,False
PTK2B,8074,133.2626,-0.1174,10613,False
HDAC4,3109,25.6438,-0.1174,10614,False
SLC4A5,495,1.6122,-0.1175,10615,False
AL139819.1,392,1.3501,-0.1176,10616,False
RPL12P8,728,0.3911,-0.1177,10617,False
NIPSNAP3A,1376,16.3208,-0.1178,10618,False
PPIAP13,283,0.1532,-0.1178,10619,False
DENND2D,7347,235.6188,-0.1179,10620,False
ARHGEF39,1153,7.1411,-0.1179,10621,False
UBQLN4,938,2.8362,-0.118,10622,False
BCL2L13,1929,21.4919,-0.118,10623,False
GSTO1,4321,118.01,-0.1181,10624,False
H2BFS,425,0.6644,-0.1182,10625,False
PGM1,1705,18.631,-0.1182,10626,False
LIMD1-AS1,718,3.5796,-0.1182,10627,False
SYNJ1,1482,10.4981,-0.1183,10628,False
ZNF117,1442,1.9825,-0.1184,10629,False
RNF19A,10387,292.2583,-0.1187,10630,False
ACTN1,4267,14.2726,-0.1188,10631,False
PSMB4,7807,297.171,-0.1188,10632,False
RCAN3,3388,29.6765,-0.1188,10633,False
MELK,766,7.7996,-0.1193,10634,False
CNOT7,5545,109.0323,-0.1194,10635,False
ZNF518A,2039,18.1868,-0.1195,10636,False
TBP,2167,20.5205,-0.1197,10637,False
AP5S1,936,8.0553,-0.1199,10638,False
GRPEL2,1108,10.5112,-0.1202,10639,False
C11orf54,1438,13.8028,-0.1202,10640,False
MTHFD2,5546,151.9752,-0.1205,10641,False
LCOR,4230,42.3929,-0.1205,10642,False
RIMBP3C,189,0.2612,-0.1206,10643,False
SDSL,393,3.4105,-0.1207,10644,False
CSPP1,1498,11.0825,-0.1207,10645,False
RPS10P7,305,0.6791,-0.1208,10646,False
NEXN,334,1.4502,-0.1209,10647,False
ZFP91-CNTF,331,0.9845,-0.1211,10648,False
E2F7,459,1.8887,-0.1211,10649,False
RP1-59D14.5,252,0.6458,-0.1211,10650,False
KIAA0355,1897,11.0784,-0.1213,10651,False
HNRNPA1P26,689,0.1427,-0.1213,10652,False
MDN1,3137,16.1552,-0.1214,10653,False
DDX11,2526,22.3943,-0.1215,10654,False
SEC31A,5391,94.8248,-0.1215,10655,False
TMEM115,1518,19.5738,-0.1217,10656,False
BCL3,2612,14.9552,-0.122,10657,False
RP11-96D1.10,1279,10.4193,-0.122,10658,False
GLO1,2336,33.6491,-0.122,10659,False
RP11-691N7.6,191,0.4227,-0.1221,10660,False
BRF2,680,6.2157,-0.1222,10661,False
FRMD4B,2173,22.1254,-0.1224,10662,False
RNF214,1699,14.9814,-0.1225,10663,False
ADPGK,6044,115.999,-0.1226,10664,False
RBCK1,5885,131.3029,-0.1226,10665,False
DAZAP2,12199,607.8901,-0.123,10666,False
MYO1F,6385,111.507,-0.1231,10667,False
MAK,387,0.9066,-0.1231,10668,False
KBTBD7,459,2.8408,-0.1233,10669,False
NCOA5,1335,11.4442,-0.1233,10670,False
TMEM63A,2956,35.3214,-0.1233,10671,False
FAM114A1,340,1.1168,-0.1234,10672,False
RP11-723D22.3,165,0.3462,-0.1234,10673,False
C10orf68,336,1.5042,-0.1235,10674,False
SAPCD2,290,0.7798,-0.1235,10675,False
TTC21B,1492,10.6002,-0.1235,10676,False
TRAF4,1539,5.9235,-0.1236,10677,False
SGOL2,804,5.7711,-0.1237,10678,False
NELFE,3946,89.9702,-0.1237,10679,False
FBLN5,307,2.9577,-0.1239,10680,False
DLAT,1341,12.885,-0.124,10681,False
TAX1BP3,1405,15.2785,-0.1242,10682,False
NAMPT,6953,153.9542,-0.1245,10683,False
SGOL1,818,7.7337,-0.1246,10684,False
CMKLR1,623,4.4025,-0.1247,10685,False
NPM1P12,654,0.1689,-0.1248,10686,False
C9orf142,7405,282.7314,-0.125,10687,False
PMS1,2329,31.2673,-0.125,10688,False
HIST1H1C,2213,33.7713,-0.1251,10689,False
ZDHHC18,1984,12.3982,-0.1252,10690,False
CXCR5,2422,22.3547,-0.1253,10691,False
PCSK7,6681,88.8927,-0.1255,10692,False
DTX3,858,1.9546,-0.1256,10693,False
TLE4,2169,12.4223,-0.1256,10694,False
ADCK3,1522,16.3552,-0.1257,10695,False
RNF219,991,7.3853,-0.1257,10696,False
VPS16,2558,41.0111,-0.1257,10697,False
TFRC,7742,164.7817,-0.1258,10698,False
CLK4,3500,57.5423,-0.1259,10699,False
LPAR6,2296,25.9364,-0.126,10700,False
PARP10,3489,48.7207,-0.1262,10701,False
BBX,5283,83.8274,-0.1262,10702,False
CTB-91J4.3,259,0.8484,-0.1263,10703,False
CEP250,2352,21.6949,-0.1263,10704,False
GALM,5596,108.6829,-0.1264,10705,False
CHKA,1298,6.9052,-0.1265,10706,False
CTD-2583P5.1,261,1.1574,-0.1265,10707,False
MRPS35,2399,41.3389,-0.1267,10708,False
RP4-545K15.3,1533,13.6646,-0.1268,10709,False
NFE2L3,1523,9.152,-0.1269,10710,False
KANSL3,3559,38.3689,-0.1271,10711,False
ZRSR2,2297,20.1396,-0.1274,10712,False
ZNF75D,1195,10.2669,-0.1275,10713,False
FYTTD1,4725,75.275,-0.1276,10714,False
YES1,986,7.7071,-0.1277,10715,False
CBR1,1979,30.9471,-0.1278,10716,False
DNAJB2,1396,5.3899,-0.1278,10717,False
FBXO6,2075,30.9904,-0.128,10718,False
CCDC141,2530,26.1515,-0.1281,10719,False
UQCRQ,6507,215.4432,-0.1282,10720,False
AC022154.7,328,1.1993,-0.1282,10721,False
CSPG4P9,214,0.057,-0.1285,10722,False
ATF7,2788,31.6406,-0.1287,10723,False
GPBP1L1,5634,43.1588,-0.1289,10724,False
LACC1,625,3.226,-0.1291,10725,False
WDR34,995,12.0075,-0.1293,10726,False
OIP5,524,4.4465,-0.1293,10727,False
CSPG4P12,617,0.806,-0.1293,10728,False
BRWD3,1672,5.3186,-0.1293,10729,False
COL9A2,540,3.3601,-0.1294,10730,False
DGKD,2550,19.6105,-0.1294,10731,False
XRCC1,2094,28.5214,-0.1297,10732,False
IPPK,1270,8.3932,-0.1297,10733,False
RP11-303E16.2,378,1.7095,-0.1298,10734,False
GRIK1,236,0.1368,-0.1298,10735,False
GLRX,4043,80.0872,-0.13,10736,False
CHTOP,4472,80.6219,-0.13,10737,False
MAFG,907,3.3408,-0.13,10738,False
PLGRKT,2375,39.0797,-0.13,10739,False
ZKSCAN1,3145,27.2016,-0.1301,10740,False
LAG3,3762,49.6408,-0.1301,10741,False
ITPRIPL2,736,0.9818,-0.1301,10742,False
BRCA2,1225,8.1726,-0.1302,10743,False
RP1-228H13.1,2138,1.6823,-0.1303,10744,False
R3HCC1L,2346,18.6805,-0.1304,10745,False
AC069287.1,535,1.3837,-0.1305,10746,False
NRBF2,2639,38.5091,-0.1306,10747,False
MAP3K4,2105,18.8958,-0.1306,10748,False
HERC2,4052,24.3216,-0.1306,10749,False
C15orf38,347,1.0269,-0.1308,10750,False
RRAGA,2562,44.5769,-0.1311,10751,False
MSTO2P,1081,6.2549,-0.1311,10752,False
ECHDC1,3124,40.3424,-0.1311,10753,False
CLIC5,819,6.0732,-0.1314,10754,False
EHBP1L1,1441,8.5716,-0.1314,10755,False
LINC00894,902,6.5558,-0.1314,10756,False
PRPS1,2601,19.3314,-0.1315,10757,False
ZBTB46,463,0.8956,-0.1316,10758,False
UXT,4663,154.7729,-0.1319,10759,False
FAM89B,738,5.5659,-0.1321,10760,False
RP11-10N23.4,580,2.5145,-0.1321,10761,False
ZNF467,181,0.6149,-0.1321,10762,False
GMFG,7013,283.7176,-0.1322,10763,False
RTKN,266,1.4326,-0.1322,10764,False
EPS8,393,1.4966,-0.1323,10765,False
SSNA1,3323,63.0984,-0.1324,10766,False
CCDC57,2308,31.1039,-0.1328,10767,False
HOMEZ,428,2.3353,-0.1328,10768,False
ELK4,4492,25.5941,-0.1329,10769,False
RP11-468E2.9,596,0.3207,-0.133,10770,False
RPS19BP1,3791,76.5251,-0.133,10771,False
FRAT1,204,0.7629,-0.1332,10772,False
GLOD4,3444,63.9895,-0.1332,10773,False
ACPP,269,1.6537,-0.1333,10774,False
EZR,13429,463.328,-0.1333,10775,False
C10orf76,2363,20.0359,-0.1333,10776,False
TBKBP1,278,1.0627,-0.1333,10777,False
EIF2AK2,3916,47.1894,-0.1334,10778,False
TRIM56,1144,12.1171,-0.1335,10779,False
MVP,6893,145.5417,-0.1335,10780,False
USP37,2225,16.7047,-0.1335,10781,False
APMAP,6118,128.4941,-0.1336,10782,False
AC093668.2,818,1.5908,-0.1338,10783,False
SDR42E2,303,0.2206,-0.1338,10784,False
ABCB8,1578,15.716,-0.1339,10785,False
RAD17P2,523,4.4261,-0.1339,10786,False
SNORA1,292,2.4485,-0.1339,10787,False
CCDC41,1697,14.9667,-0.1343,10788,False
MICU2,3373,56.3449,-0.1343,10789,False
FH,1748,24.0283,-0.1343,10790,False
GSDMD,4765,152.3743,-0.1345,10791,False
REV3L,3219,21.0761,-0.1347,10792,False
WNT10A,292,1.0007,-0.1348,10793,False
ZNF529,1371,9.6324,-0.1349,10794,False
RP11-552F3.10,336,0.4658,-0.1349,10795,False
GTF3C6,3632,78.9622,-0.1351,10796,False
KLHL25,537,4.3178,-0.1353,10797,False
RP11-983P16.2,240,1.0809,-0.1358,10798,False
RP13-638C3.6,172,0.6554,-0.1359,10799,False
RAD54L,582,3.3879,-0.1359,10800,False
FNDC3B,2339,14.4969,-0.1362,10801,False
RPA2,4080,92.9859,-0.1362,10802,False
BIRC5,931,11.4051,-0.1363,10803,False
RP11-61L23.2,3904,53.7042,-0.1364,10804,False
YIF1B,2834,52.2304,-0.1367,10805,False
DUSP10,5537,70.1699,-0.1369,10806,False
AL590710.1,344,1.1845,-0.137,10807,False
SAMSN1,7992,191.9544,-0.1371,10808,False
HDLBP,5270,81.683,-0.1372,10809,False
ITFG1,3522,45.5492,-0.1375,10810,False
AC010095.5,168,0.3836,-0.1375,10811,False
C17orf80,810,6.9685,-0.1375,10812,False
CDC25C,291,1.6245,-0.1376,10813,False
SPINT1,614,5.1883,-0.1377,10814,False
PLG,287,0.4397,-0.1379,10815,False
NCOA2,4652,38.6196,-0.1379,10816,False
IFRD1,7860,194.4283,-0.1379,10817,False
FGFRL1,390,2.3093,-0.1382,10818,False
RP11-270C12.3,658,1.7762,-0.1382,10819,False
ERLIN1,1153,8.0958,-0.1382,10820,False
PPP2CA,6322,135.073,-0.1385,10821,False
ANKRD36BP2,1115,1.1608,-0.1385,10822,False
TIMM8A,512,3.8281,-0.1392,10823,False
TMUB1,2204,25.0115,-0.1393,10824,False
TJP2,292,0.7459,-0.1393,10825,False
SREBF1,1597,9.073,-0.1393,10826,False
SLC25A39,4061,92.9258,-0.1395,10827,False
COX6C,6419,243.5015,-0.1396,10828,False
MMD,1018,6.4528,-0.1397,10829,False
GADD45GIP1,2870,42.2226,-0.1397,10830,False
FUT7,378,1.928,-0.1397,10831,False
SLC35A2,1594,13.1789,-0.1398,10832,False
TRMT6,1368,14.1109,-0.14,10833,False
XXbac-BPG299F13.17,956,4.1787,-0.14,10834,False
VIMP,4085,84.802,-0.14,10835,False
FOXM1,581,3.9938,-0.1402,10836,False
CYSLTR1,1967,9.7198,-0.1402,10837,False
SVIL,1312,3.6889,-0.1404,10838,False
USP36,7677,107.0389,-0.1406,10839,False
SIK3,2649,20.1408,-0.1409,10840,False
RUVBL2,2598,42.6883,-0.141,10841,False
RP11-531F16.4,543,4.297,-0.1411,10842,False
MFSD1,3102,61.8832,-0.1412,10843,False
BRAF,3428,17.2643,-0.1413,10844,False
MYCL,211,1.0184,-0.1414,10845,False
APOL4,730,1.4154,-0.1415,10846,False
CTRL,1085,9.6218,-0.1416,10847,False
BRD7P2,627,0.2642,-0.142,10848,False
RP11-16E23.4,6489,178.9921,-0.1421,10849,False
FDFT1,4952,107.1083,-0.1424,10850,False
CICP26,407,0.4947,-0.1427,10851,False
SFT2D3,278,1.0068,-0.1427,10852,False
RP11-144L1.8,1434,0.1379,-0.1428,10853,False
SUGT1P3,363,1.0089,-0.1432,10854,False
TMEM123,6203,120.0741,-0.1432,10855,False
PSMB8,9344,453.7438,-0.1432,10856,False
ASF1B,1046,13.4241,-0.1435,10857,False
EP400NL,2081,7.5889,-0.1437,10858,False
CFB,289,1.4523,-0.1439,10859,False
MED10,3714,72.612,-0.1439,10860,False
FAM20B,932,4.1135,-0.1441,10861,False
LAMTOR5,4626,161.8254,-0.1442,10862,False
CDK5,983,10.9428,-0.1444,10863,False
KLHL8,837,4.6624,-0.1445,10864,False
PROSC,2762,41.8816,-0.1446,10865,False
CTC-228N24.3,1485,11.1137,-0.1446,10866,False
FAM72A,907,4.3599,-0.1448,10867,False
RP11-538I12.2,455,3.5633,-0.1448,10868,False
GPATCH11,1114,7.6311,-0.1448,10869,False
CDKN2B,309,2.0719,-0.1449,10870,False
HCP5,4541,100.4975,-0.145,10871,False
DTD1,2295,35.4797,-0.145,10872,False
ISG20L2,2661,22.0114,-0.1451,10873,False
LCK,9371,453.1257,-0.1453,10874,False
LINC00649,2541,22.3702,-0.1454,10875,False
PADI2,376,1.0049,-0.1457,10876,False
NCAPH,1149,12.466,-0.1458,10877,False
RPS17L,13471,813.1666,-0.1458,10878,False
DUSP22,2087,26.0704,-0.1458,10879,False
TMEM161B,2797,23.2388,-0.1458,10880,False
KIAA1467,625,4.0396,-0.1458,10881,False
ETF1P2,1030,2.986,-0.1462,10882,False
COL18A1,303,0.5139,-0.1464,10883,False
LILRB1,2137,18.74,-0.1465,10884,False
ACAD9,1982,21.9226,-0.1466,10885,False
LITAF,9539,328.0544,-0.1466,10886,False
POLR2J,4280,91.0812,-0.1468,10887,False
DIP2A-IT1,165,0.3807,-0.1469,10888,False
TMEM87B,2161,17.5853,-0.1469,10889,False
RP11-574K11.28,570,1.4994,-0.147,10890,False
RASGEF1A,1009,10.3815,-0.1471,10891,False
RP1-90L6.2,190,0.2737,-0.1472,10892,False
SF3B14,3989,91.5195,-0.1472,10893,False
KIAA0907,2518,16.5628,-0.1474,10894,False
RP11-244F12.2,195,0.2036,-0.1474,10895,False
DVL2,1633,12.931,-0.1475,10896,False
RP11-473O4.4,388,2.2242,-0.1475,10897,False
COQ2,1091,10.4624,-0.1477,10898,False
RIPK1,2021,11.8437,-0.1477,10899,False
SLC25A38,2769,48.9343,-0.1478,10900,False
RTCB,3399,62.8904,-0.1479,10901,False
C17orf85,2298,20.7138,-0.1479,10902,False
BAIAP2,1079,8.7911,-0.1485,10903,False
DYNLRB1,4879,117.1789,-0.1485,10904,False
S1PR4,1324,14.1256,-0.1486,10905,False
CALM2,12133,647.8667,-0.1487,10906,False
RNF38,3431,29.7491,-0.1489,10907,False
FAHD1,852,8.0913,-0.1491,10908,False
ITGB1,6967,129.0186,-0.1492,10909,False
CCP110,1352,10.7312,-0.1492,10910,False
RP11-894P9.1,2348,34.5,-0.1494,10911,False
PPP3CB,1434,8.2591,-0.1494,10912,False
GON4L,5634,81.6578,-0.1497,10913,False
TFG,3483,52.5782,-0.1498,10914,False
RP11-299J3.8,2279,25.0494,-0.1499,10915,False
RNF6,2510,31.3083,-0.1503,10916,False
S100A6,9282,334.9504,-0.1507,10917,False
MCOLN1,1261,12.3343,-0.1507,10918,False
TMEM9B,4087,77.7957,-0.1508,10919,False
SLC30A9,2925,30.0421,-0.1508,10920,False
TAF5L,600,1.6721,-0.1508,10921,False
GAS6,848,3.9892,-0.1509,10922,False
KPNA5,1648,11.5459,-0.1509,10923,False
BCKDHA,2823,49.8181,-0.151,10924,False
APOA1BP,2872,55.1581,-0.1514,10925,False
NDFIP2,2329,40.6648,-0.1515,10926,False
HTT,3421,19.5643,-0.1515,10927,False
CDCA8,698,7.5714,-0.1522,10928,False
CAPZA2,5822,139.3016,-0.1525,10929,False
COLEC12,293,0.5696,-0.1525,10930,False
ARIH2OS,601,3.8337,-0.1526,10931,False
KLF13,3046,30.8436,-0.1528,10932,False
CCDC86,943,10.5071,-0.1529,10933,False
SUCLG1,3561,64.3949,-0.1529,10934,False
RP11-325O24.2,394,2.9575,-0.1532,10935,False
AATF,3762,71.1394,-0.1533,10936,False
RPS6KA3,3313,19.6717,-0.1535,10937,False
KIF3A,1719,20.4181,-0.1535,10938,False
CTNNBIP1,473,1.1846,-0.1536,10939,False
RP11-764K9.1,271,0.2096,-0.1537,10940,False
RP11-356K23.1,378,1.5273,-0.1538,10941,False
CCDC92,690,5.3734,-0.1539,10942,False
DRAM1,1187,9.74,-0.1542,10943,False
NSFL1C,3299,58.2391,-0.1544,10944,False
B4GALT3,3389,59.7258,-0.1544,10945,False
CAMK1,1142,9.9777,-0.1545,10946,False
BACH1-IT1,309,0.9292,-0.1546,10947,False
PPP2R5C,13616,479.1676,-0.1547,10948,False
ANKLE2,2749,18.8051,-0.1549,10949,False
DAPK3,1654,20.0573,-0.1549,10950,False
FSCN1,822,0.8401,-0.1549,10951,False
AC008155.1,626,0.7115,-0.155,10952,False
SCYL3,1140,8.8011,-0.1552,10953,False
IAH1,6559,113.0236,-0.1553,10954,False
ARMC1,1990,18.1597,-0.1555,10955,False
DYNLL1,5742,192.0232,-0.1556,10956,False
GIMAP4,6715,244.8629,-0.1556,10957,False
TMEM175,3401,41.6438,-0.1556,10958,False
GNE,867,3.8506,-0.1558,10959,False
TAF12,2500,43.0402,-0.1559,10960,False
TXNDC16,883,3.353,-0.156,10961,False
NAA50,4858,68.9604,-0.1561,10962,False
RP11-702H23.4,217,0.39,-0.1561,10963,False
RPL29P33,751,0.8121,-0.1562,10964,False
TRAFD1,3945,66.2089,-0.1564,10965,False
PPA1,4871,153.1214,-0.1564,10966,False
NDUFB4,5005,120.8331,-0.1564,10967,False
SERF1B,1435,13.1272,-0.1567,10968,False
SNRPGP10,593,1.91,-0.1572,10969,False
NRDE2,1659,14.1908,-0.1575,10970,False
C2orf48,314,0.8483,-0.1576,10971,False
RPA3,2770,43.4138,-0.1578,10972,False
RPS4X,15593,1618.5702,-0.1581,10973,False
FAM222B,1808,14.6728,-0.1582,10974,False
RAD50,2793,29.7092,-0.1582,10975,False
PDPR,2350,15.2026,-0.1585,10976,False
EDEM2,2529,31.0264,-0.1586,10977,False
ITGAX,2854,28.2069,-0.1587,10978,False
CDCA5,737,9.1091,-0.1587,10979,False
FAM107B,5213,76.2726,-0.1588,10980,False
RP11-169K16.9,589,2.9658,-0.1589,10981,False
KLHDC10,655,2.7998,-0.159,10982,False
ZNF430,2867,31.1161,-0.1593,10983,False
KIAA1715,2407,16.4167,-0.1596,10984,False
SARS,5318,117.8883,-0.1596,10985,False
SERINC2,203,0.3663,-0.1598,10986,False
HNRNPA1P42,229,0.0548,-0.1601,10987,False
PLB1,471,2.9598,-0.1602,10988,False
ACAT1,2963,39.0231,-0.1603,10989,False
CASP8,5224,89.7941,-0.1604,10990,False
FAM85A,185,0.5792,-0.1604,10991,False
RPL35,12378,739.9978,-0.1606,10992,False
EHD3,535,3.9523,-0.1607,10993,False
NKTR,8034,111.127,-0.1607,10994,False
PDXK,2062,12.1208,-0.1609,10995,False
LRRC8A,1074,6.0141,-0.161,10996,False
ZNF12,813,3.784,-0.1611,10997,False
GAR1,1320,12.5786,-0.1611,10998,False
GINS1,409,1.7796,-0.1612,10999,False
FAM208B,2595,17.6184,-0.1615,11000,False
RSRC2,7643,131.5909,-0.1615,11001,False
GAS7,1144,4.5479,-0.1615,11002,False
AC009302.2,262,0.4833,-0.1616,11003,False
PPIAP31,1590,1.4382,-0.1616,11004,False
RP11-335O4.3,382,2.4461,-0.1618,11005,False
ZNF587B,1138,10.3907,-0.162,11006,False
TRAF3IP3,7398,254.1985,-0.1621,11007,False
RPAP3,2379,25.8129,-0.1623,11008,False
SYMPK,3945,36.0712,-0.1623,11009,False
RC3H2,3678,36.5049,-0.1626,11010,False
RTCA,3271,46.1994,-0.1626,11011,False
RPL3P10,252,0.0507,-0.1628,11012,False
CD48,7540,299.4996,-0.1628,11013,False
RP11-7D5.2,864,0.2779,-0.1629,11014,False
MAPK8IP1,325,0.1789,-0.163,11015,False
PCMT1,4669,107.2024,-0.163,11016,False
C15orf61,1057,10.007,-0.163,11017,False
C12orf57,5020,150.0982,-0.163,11018,False
AC068522.4,565,1.2652,-0.163,11019,False
AP000769.1,510,1.6053,-0.1631,11020,False
LIMS1,4652,68.3904,-0.1632,11021,False
FGD4,853,3.6212,-0.1633,11022,False
RPS6KC1,1389,7.8718,-0.1635,11023,False
RP11-192H23.5,1193,15.238,-0.1637,11024,False
TAF1D,8199,203.2963,-0.1638,11025,False
SKA3,495,4.0639,-0.1638,11026,False
DHX35,924,7.3702,-0.1639,11027,False
PPID,2834,40.0576,-0.1639,11028,False
POFUT1,1167,8.0782,-0.1641,11029,False
BTN3A2,8948,223.8981,-0.1641,11030,False
PTMAP3,187,0.1932,-0.1642,11031,False
FKRP,1414,15.3787,-0.1643,11032,False
SEC13,4693,99.617,-0.1645,11033,False
RNF11,1163,9.385,-0.1645,11034,False
PSMA3,7788,227.1286,-0.1645,11035,False
RP11-621K7.1,596,0.5155,-0.1647,11036,False
HIGD1A,3771,75.7618,-0.165,11037,False
TMBIM6,11130,463.1025,-0.1651,11038,False
RALGAPA1,3514,31.6365,-0.1651,11039,False
BX255923.1,565,3.1692,-0.1652,11040,False
CTC-457L16.2,227,0.7806,-0.1654,11041,False
PSME4,4204,31.1181,-0.1664,11042,False
MICE,353,1.0168,-0.1664,11043,False
SLC37A1,1831,15.5668,-0.1664,11044,False
FLOT1,4042,71.7259,-0.1666,11045,False
NFKBIZ,8675,221.1597,-0.1668,11046,False
MAST2,813,3.056,-0.1668,11047,False
C1orf21,1310,9.7412,-0.1669,11048,False
ZNF589,1545,15.9422,-0.167,11049,False
MRPL51,3842,85.7201,-0.1671,11050,False
ZFP3,452,2.3106,-0.1673,11051,False
GLRX5,608,4.0471,-0.1673,11052,False
C17orf66,741,4.5421,-0.1673,11053,False
AGAP5,652,2.3565,-0.1674,11054,False
KB-1208A12.3,4183,4.761,-0.1675,11055,False
RP11-575L7.8,807,3.9463,-0.1675,11056,False
STX10,2622,38.3609,-0.1675,11057,False
ACYP2,1578,13.0487,-0.1676,11058,False
RP11-762H8.4,1088,6.559,-0.1678,11059,False
LA16c-431H6.6,310,0.3702,-0.1679,11060,False
CICP14,956,9.265,-0.1679,11061,False
HP1BP3,6988,99.6345,-0.168,11062,False
BMS1P4,574,1.8003,-0.168,11063,False
CTB-96E2.3,256,0.2422,-0.168,11064,False
CHM,2012,17.2862,-0.1681,11065,False
CLEC6A,183,0.7559,-0.1681,11066,False
TBC1D10A,2066,28.743,-0.1682,11067,False
NME1,2894,59.5987,-0.1682,11068,False
CLCC1,2039,15.4119,-0.1683,11069,False
TBC1D13,1189,11.1858,-0.1685,11070,False
RP11-219G10.1,855,0.3003,-0.1685,11071,False
FBXW8,700,3.1307,-0.1685,11072,False
GINM1,1627,16.8954,-0.1685,11073,False
CLEC16A,3004,26.3847,-0.1686,11074,False
SBDS,5606,97.9588,-0.1688,11075,False
TRMT10C,1756,21.4422,-0.1689,11076,False
MPST,1499,19.2405,-0.1692,11077,False
STIM1,4972,59.7811,-0.1692,11078,False
KLRC4,3142,42.1245,-0.1692,11079,False
AC006011.4,1868,20.6724,-0.1694,11080,False
MRPS30,2505,37.8862,-0.1696,11081,False
AC006014.7,263,1.0134,-0.1697,11082,False
SLC39A3,1738,24.3906,-0.1697,11083,False
CTD-2514K5.4,352,2.2101,-0.1701,11084,False
CDC37L1,1862,20.4848,-0.1701,11085,False
SLC16A1,2646,14.4412,-0.1702,11086,False
MRPS5,3581,60.0416,-0.1702,11087,False
KCNQ1,274,0.6932,-0.1703,11088,False
FAM175B,962,8.5212,-0.1706,11089,False
SPRYD3,2282,29.5719,-0.1706,11090,False
CTNNBL1,4365,61.2926,-0.1706,11091,False
MIER2,789,4.0603,-0.1708,11092,False
NDRG3,2451,34.3947,-0.1709,11093,False
SPPL3,1288,9.2162,-0.171,11094,False
LINC00539,1060,8.5487,-0.171,11095,False
TRAF6,1508,13.5721,-0.1712,11096,False
RP11-343C2.11,480,1.6273,-0.1717,11097,False
KDM6A,3348,27.3225,-0.1718,11098,False
CEP85,1392,9.1045,-0.1719,11099,False
RORA,4427,55.4553,-0.1722,11100,False
CCNJ,874,2.5384,-0.1724,11101,False
SH2D1A,5918,187.9054,-0.1724,11102,False
GRAP,1574,20.5348,-0.1731,11103,False
UBE2Q2,1296,11.2726,-0.1731,11104,False
C2orf49,1596,13.0733,-0.1732,11105,False
RWDD4,1641,18.3446,-0.1735,11106,False
ANKFY1,2609,19.8197,-0.1736,11107,False
GNPAT,2565,31.2532,-0.1737,11108,False
PSMD12,4365,52.3483,-0.1738,11109,False
AC008132.13,235,0.0993,-0.1739,11110,False
RP11-968A15.2,288,1.5349,-0.174,11111,False
AKT3,1369,8.6281,-0.1742,11112,False
ORC6,1039,7.1521,-0.1743,11113,False
RAB1A,5313,113.0102,-0.1744,11114,False
CTB-96E2.7,448,1.6109,-0.1744,11115,False
ZNF664,2268,22.5926,-0.1747,11116,False
SERINC5,2205,24.5629,-0.1749,11117,False
CRY1,1836,20.1112,-0.175,11118,False
ST18,203,0.5959,-0.175,11119,False
ARPP19,5845,96.0556,-0.1753,11120,False
DBF4P1,824,0.5288,-0.1754,11121,False
GK-AS1,389,1.5087,-0.1755,11122,False
MYO18A,4292,38.6829,-0.1755,11123,False
KM-PA-2,677,3.9446,-0.1756,11124,False
ATP6V1C2,1448,1.3498,-0.1757,11125,False
AL591479.1,428,1.4682,-0.1757,11126,False
OTOF,318,1.6528,-0.1759,11127,False
USP3-AS1,1140,5.3495,-0.176,11128,False
MRE11A,2319,27.5788,-0.176,11129,False
NXF1,6569,167.5056,-0.1761,11130,False
AC009061.1,377,1.2323,-0.1763,11131,False
SPECC1L,2303,14.2832,-0.1765,11132,False
CCNL2,6890,146.9676,-0.1766,11133,False
C1orf63,7841,225.3401,-0.1767,11134,False
DCAF5,3576,43.0137,-0.1772,11135,False
RP11-198M15.1,366,0.1535,-0.1774,11136,False
TFCP2,1135,10.0934,-0.1774,11137,False
LAP3,5344,116.8326,-0.1774,11138,False
HNRNPA1P12,957,0.2908,-0.1776,11139,False
GARS,4023,62.9734,-0.1777,11140,False
TBCB,5802,201.8154,-0.1777,11141,False
HIST2H3A,204,0.2434,-0.1779,11142,False
ZNF33B,1593,7.9284,-0.1779,11143,False
SULF2,1453,11.9206,-0.178,11144,False
PITRM1-AS1,464,0.6382,-0.1781,11145,False
RP11-69M1.3,188,0.0374,-0.1782,11146,False
C19orf12,1441,15.2289,-0.1783,11147,False
GOLGA8B,5025,59.2018,-0.1784,11148,False
INADL,1730,12.4781,-0.1786,11149,False
CHKB-CPT1B,761,2.2287,-0.1786,11150,False
TCOF1,4276,37.5277,-0.1788,11151,False
GOLGA8M,287,0.2216,-0.1789,11152,False
SNX25,826,3.5822,-0.1791,11153,False
COG4,2757,43.0853,-0.1791,11154,False
DBH,443,0.6999,-0.1793,11155,False
USP20,3866,55.9199,-0.1794,11156,False
CSNK1E,1718,14.6018,-0.1794,11157,False
AHR,2926,18.4292,-0.1797,11158,False
RP13-452N2.1,302,0.9594,-0.1799,11159,False
PDE4B,7688,202.5267,-0.1801,11160,False
DLD,4362,69.853,-0.1804,11161,False
SLC35A3,1824,9.8719,-0.1805,11162,False
SDHAF2,3921,75.044,-0.1806,11163,False
SAYSD1,1408,12.9556,-0.1807,11164,False
TAGAP,8056,211.9516,-0.1807,11165,False
GTF2I,5877,58.9912,-0.1807,11166,False
ITCH,4935,44.5895,-0.1808,11167,False
ZCCHC24,230,0.5897,-0.1809,11168,False
RP11-395A13.2,829,6.882,-0.181,11169,False
EIF3B,2104,20.7399,-0.1811,11170,False
SLAIN2,2304,19.0812,-0.1813,11171,False
RP11-353H3.1,272,0.1432,-0.1813,11172,False
GLCCI1,2533,19.9088,-0.1816,11173,False
MYL6B,1872,21.6598,-0.1817,11174,False
GPS1,3875,84.7357,-0.1818,11175,False
ATP5F1P1,226,0.8203,-0.1818,11176,False
LPAR1,285,1.1075,-0.1819,11177,False
MTFR2,427,3.1239,-0.1819,11178,False
TP53BP1,2660,26.6959,-0.1819,11179,False
PRKX,2767,16.1101,-0.1819,11180,False
EEF1A1P4,5524,1.8695,-0.182,11181,False
SNX22,4447,5.6042,-0.1823,11182,False
AIM1,4962,42.2607,-0.1825,11183,False
LPCAT1,1768,15.8407,-0.1825,11184,False
PICALM,4063,35.1001,-0.1827,11185,False
RBM33,5074,55.2413,-0.183,11186,False
ZNF354C,502,0.9307,-0.183,11187,False
UBOX5-AS1,312,0.2574,-0.183,11188,False
EMC8,1572,17.6958,-0.1831,11189,False
SRD5A1,809,6.9097,-0.1831,11190,False
ANKRD26,920,4.8165,-0.1832,11191,False
TOX4,5871,76.7979,-0.1834,11192,False
ADAP2,778,6.3006,-0.1834,11193,False
RABEP2,1930,16.5701,-0.1835,11194,False
LAMTOR4,5550,196.3561,-0.1838,11195,False
B3GNT5,848,6.6331,-0.1839,11196,False
PAPD4,4651,62.5596,-0.184,11197,False
LAT,6515,241.1981,-0.184,11198,False
UBR4,5882,61.9358,-0.1841,11199,False
MRPS15,2724,47.3389,-0.1843,11200,False
RPS9P1,596,0.3487,-0.1848,11201,False
ATP6V1E1,3739,70.7224,-0.1849,11202,False
GORASP2,3983,66.025,-0.1849,11203,False
CTD-2152M20.2,422,3.2126,-0.1849,11204,False
AC012615.1,520,0.5681,-0.1849,11205,False
SQSTM1,8116,218.2051,-0.185,11206,False
PLEKHM3,921,6.5225,-0.1852,11207,False
C9orf78,6249,139.8116,-0.1852,11208,False
TM2D1,3513,49.6999,-0.1855,11209,False
GIMAP5,6004,149.0493,-0.1855,11210,False
TRIM33,2863,24.8377,-0.1859,11211,False
CLEC2D,10769,348.7457,-0.186,11212,False
MC1R,523,2.4793,-0.1861,11213,False
TLK2,1881,12.5386,-0.1861,11214,False
NANS,3799,48.1851,-0.1861,11215,False
OR7E38P,752,4.0194,-0.1862,11216,False
ACAP2,6384,87.6672,-0.1865,11217,False
POLR2D,2316,29.2526,-0.187,11218,False
CCDC134,1002,9.4581,-0.1871,11219,False
FAM208A,4714,34.0201,-0.1871,11220,False
RP11-981P6.1,476,2.4024,-0.1872,11221,False
TOP3BP1,430,1.299,-0.1875,11222,False
SAMD4B,1949,12.1368,-0.1875,11223,False
VAV3,1376,8.0484,-0.1876,11224,False
GNB4,1089,7.9945,-0.1876,11225,False
CDC6,548,4.2383,-0.1877,11226,False
CCNT2,2884,29.3356,-0.1878,11227,False
ZNF486,477,2.7379,-0.1883,11228,False
PPP1R3B,1031,6.664,-0.1884,11229,False
AC016773.1,468,1.7036,-0.1885,11230,False
NDUFS5,5728,203.9441,-0.1885,11231,False
TP53,4777,23.4849,-0.1887,11232,False
SLC44A1,1136,3.4072,-0.1887,11233,False
PARP15,5205,53.3328,-0.1887,11234,False
RP11-430B1.1,347,2.1538,-0.1887,11235,False
PSMD5,2352,26.5348,-0.1887,11236,False
PFKFB2,756,4.2402,-0.1888,11237,False
RP11-90P5.1,194,0.8299,-0.1891,11238,False
SLC35E3,1053,6.3251,-0.1892,11239,False
SUB1,10162,434.0786,-0.1893,11240,False
UTP3,969,10.0179,-0.1894,11241,False
RAB3GAP2,3587,25.8488,-0.1894,11242,False
MIEF1,1306,10.9188,-0.1895,11243,False
PIK3C2A,2292,16.0884,-0.1895,11244,False
RRN3P2,4032,30.9922,-0.1896,11245,False
LINC00263,450,1.6711,-0.1897,11246,False
RP11-1376P16.2,294,0.9551,-0.1899,11247,False
RPL35A,14266,981.1121,-0.1904,11248,False
TTC19,5520,99.9806,-0.1906,11249,False
IRAK4,3472,41.2944,-0.1907,11250,False
PDP1,2153,19.207,-0.1909,11251,False
TCIRG1,7309,230.0663,-0.1911,11252,False
PCNX,4331,33.8017,-0.1912,11253,False
LSM6,2864,52.9159,-0.1913,11254,False
RGS14,3138,56.502,-0.1913,11255,False
RP11-47I22.1,658,3.7716,-0.1913,11256,False
TAF9B,1569,15.3008,-0.1915,11257,False
TFPT,1903,23.6008,-0.1916,11258,False
DNAJC11,1867,20.7038,-0.1917,11259,False
INF2,1441,10.4535,-0.1918,11260,False
RAB7L1,4597,75.5431,-0.1921,11261,False
MRPS16,3959,60.9478,-0.1921,11262,False
NDUFS7,5685,137.0184,-0.1921,11263,False
PLEKHF2,1948,24.3229,-0.1925,11264,False
SLAMF6,3734,57.2732,-0.1927,11265,False
MACF1,9311,131.0087,-0.1928,11266,False
THOC6,2134,30.9339,-0.1929,11267,False
TUBB4B,6771,186.3442,-0.1929,11268,False
RNF185,1558,18.9275,-0.1931,11269,False
AMER1,444,1.382,-0.1932,11270,False
SPATA2L,1244,14.6813,-0.1932,11271,False
PAPSS1,2079,25.5739,-0.1934,11272,False
RASGEF1B,8168,112.4371,-0.1934,11273,False
ANKRD54,2222,28.6245,-0.1935,11274,False
RP11-503N18.5,632,6.5901,-0.1937,11275,False
TMSB4XP6,1072,19.2923,-0.1937,11276,False
DDX26B,2835,22.0027,-0.1937,11277,False
MFNG,4571,94.4021,-0.1938,11278,False
RP11-375N15.2,281,0.1595,-0.194,11279,False
LEKR1,312,1.7787,-0.1942,11280,False
NXPE3,1939,13.6856,-0.1946,11281,False
ATP6V1C1,2303,25.0567,-0.1947,11282,False
ZBTB6,471,3.2885,-0.1947,11283,False
SYCP3,597,2.072,-0.1947,11284,False
SPTLC1,2624,35.2589,-0.1947,11285,False
CDKN1A,4950,85.3156,-0.195,11286,False
TMLHE-AS1,197,0.8681,-0.1951,11287,False
CKAP2,3474,53.6438,-0.1952,11288,False
SQRDL,4423,96.6277,-0.1953,11289,False
HAUS3,2767,37.5706,-0.1954,11290,False
SMS,2951,43.99,-0.1955,11291,False
FAM20A,603,2.8948,-0.1955,11292,False
C11orf73,2923,50.1996,-0.1956,11293,False
RUNX1,4166,30.4496,-0.1958,11294,False
DNAJC14,1257,11.7572,-0.1963,11295,False
RP11-307L3.4,318,1.0312,-0.1963,11296,False
STIL,754,3.829,-0.1965,11297,False
RNU2-3P,189,0.8797,-0.1968,11298,False
GNPTG,3708,70.0376,-0.1972,11299,False
TROVE2,6712,79.8664,-0.1972,11300,False
NHSL1,475,0.6095,-0.1973,11301,False
SSBP1,5097,159.245,-0.1975,11302,False
AC073610.5,211,0.608,-0.1976,11303,False
PROS1,218,0.6924,-0.1978,11304,False
PABPN1,5270,21.4888,-0.1979,11305,False
YWHAH,2617,17.3592,-0.1979,11306,False
ARHGAP26-IT1,410,3.3018,-0.198,11307,False
TMEM165,3715,47.2832,-0.1982,11308,False
PSTPIP1,6214,201.2691,-0.1984,11309,False
RP11-138A9.2,8101,143.4807,-0.1984,11310,False
ACOX3,1608,14.9685,-0.1986,11311,False
FKBP6,201,0.0734,-0.1986,11312,False
DESI2,1020,6.8405,-0.1986,11313,False
NCAPD3,1729,13.8384,-0.1987,11314,False
AFG3L2,1863,13.3597,-0.1989,11315,False
AFF4,5783,85.7439,-0.1991,11316,False
ZYG11B,812,3.7991,-0.1991,11317,False
AF131217.1,907,2.068,-0.1991,11318,False
RHOH,10587,275.9323,-0.1992,11319,False
AP1AR,1433,14.1827,-0.1993,11320,False
TTBK2,1263,2.2003,-0.1995,11321,False
SH2D3C,3415,45.4704,-0.1996,11322,False
RP11-566K11.7,167,0.1483,-0.1996,11323,False
CDK2,1907,17.9592,-0.1998,11324,False
PPIAL4G,545,0.2775,-0.1998,11325,False
VDAC1P1,1868,0.7042,-0.1999,11326,False
CNOT11,1608,7.944,-0.1999,11327,False
VTA1,3693,60.9753,-0.2,11328,False
USPL1,2451,26.5076,-0.2001,11329,False
FAM196B,536,2.9364,-0.2001,11330,False
ANXA7,6254,134.9027,-0.2002,11331,False
HNRNPU-AS1,1298,4.4495,-0.2002,11332,False
C6orf120,1231,10.7346,-0.2004,11333,False
ATM,6243,60.6963,-0.2004,11334,False
FUT8,3899,40.3551,-0.2004,11335,False
PRDM8,657,2.2096,-0.2005,11336,False
STT3B,2598,20.2717,-0.2006,11337,False
METTL2B,2210,16.2129,-0.2007,11338,False
CD1D,745,6.9622,-0.2008,11339,False
CYP4V2,1396,8.49,-0.2008,11340,False
SLC39A8,1602,14.511,-0.2008,11341,False
RP3-486I3.5,356,2.4301,-0.2009,11342,False
STAT1,9680,257.9786,-0.2011,11343,False
TTC9,329,0.3762,-0.2013,11344,False
VARS2,1166,3.3645,-0.2013,11345,False
RABGEF1,2941,19.1762,-0.2015,11346,False
PWP2,1873,18.0144,-0.2018,11347,False
KANSL1,7026,48.9633,-0.2019,11348,False
UBA52,14178,1077.8576,-0.2019,11349,False
JHDM1D,1577,7.8178,-0.202,11350,False
CTC-436P18.1,333,0.2836,-0.202,11351,False
OAS3,3672,49.539,-0.2021,11352,False
MRPL37,3122,48.9825,-0.2021,11353,False
BCL7C,553,2.716,-0.2021,11354,False
AC000041.8,996,8.9745,-0.2022,11355,False
QKI,2121,8.9201,-0.2023,11356,False
IRF2BP1,258,0.9743,-0.2025,11357,False
UTRN,8141,115.4907,-0.2027,11358,False
CHRNE,517,1.1344,-0.2027,11359,False
RPS6KA1,3925,68.6959,-0.2027,11360,False
TMEM160,2834,38.4558,-0.2028,11361,False
DHX29,2565,30.8362,-0.2029,11362,False
RP11-485G4.2,511,1.6359,-0.203,11363,False
NLRC5,11609,429.7017,-0.2033,11364,False
CCDC117,3262,19.6267,-0.2034,11365,False
RP11-849H4.4,437,0.6403,-0.2034,11366,False
VDR,2087,15.92,-0.2036,11367,False
MRPL20,4027,82.3705,-0.2036,11368,False
CPT2,916,5.8429,-0.2041,11369,False
CYP2F1P,174,0.1019,-0.2045,11370,False
SP140,6164,110.2247,-0.2046,11371,False
AHCY,2010,26.8219,-0.2051,11372,False
RILPL2,4091,70.3158,-0.2053,11373,False
TIMM23B,2649,18.2987,-0.2059,11374,False
COL4A4,279,0.3623,-0.206,11375,False
PHF17,2402,23.4448,-0.2065,11376,False
POU3F1,182,0.3164,-0.2065,11377,False
SNORD3B-2,2882,18.2186,-0.2067,11378,False
OCIAD1,4751,93.6821,-0.207,11379,False
ARL2,2374,38.9962,-0.2071,11380,False
BABAM1,4346,99.4675,-0.2073,11381,False
ARL8B,4843,88.0553,-0.2074,11382,False
ANTXRL,166,0.1552,-0.2074,11383,False
MGAT5,1725,9.8714,-0.2075,11384,False
MARK3,4001,42.1681,-0.2076,11385,False
FAM207A,823,6.3834,-0.2076,11386,False
DNAJC9-AS1,493,2.2207,-0.2077,11387,False
IMPAD1,1153,4.2777,-0.2077,11388,False
DEPDC1B,608,4.716,-0.2077,11389,False
AC135776.1,198,0.669,-0.2078,11390,False
RAI1,870,5.2161,-0.2081,11391,False
HS3ST1,516,1.8342,-0.2082,11392,False
TRMT112,7287,263.7247,-0.2085,11393,False
ZNF318,968,4.059,-0.2085,11394,False
FAM98B,1119,7.7716,-0.2091,11395,False
ILF3,10090,242.7984,-0.2092,11396,False
CENPE,1040,6.4514,-0.2095,11397,False
AC005606.15,383,2.2467,-0.2095,11398,False
NELFCD,4634,96.8316,-0.2095,11399,False
FBXO45,486,2.1493,-0.2096,11400,False
GLYR1,4006,25.3722,-0.2097,11401,False
PTAFR,1164,11.4823,-0.2097,11402,False
NAPG,2537,28.011,-0.21,11403,False
CTC-329D1.2,206,1.0651,-0.2102,11404,False
IVNS1ABP,7702,162.2358,-0.2102,11405,False
SPEN,4412,26.4159,-0.2103,11406,False
ASB7,1309,10.5838,-0.2107,11407,False
SLC48A1,1164,9.3038,-0.2108,11408,False
TES,5456,76.5512,-0.2109,11409,False
NCAPG,768,6.6327,-0.2109,11410,False
MSH6,2648,20.5668,-0.2112,11411,False
ASF1A,2292,30.5103,-0.2112,11412,False
SLX4,819,2.5647,-0.2113,11413,False
ZNF146,3334,47.4388,-0.2115,11414,False
PIK3IP1,6995,212.912,-0.2117,11415,False
RP11-379K17.12,1558,18.1678,-0.2118,11416,False
ZBTB33,1388,11.1003,-0.212,11417,False
CEP192,2196,13.9807,-0.2121,11418,False
CTD-2555O16.4,402,1.5245,-0.2122,11419,False
MIR3916,2929,27.5618,-0.2125,11420,False
AZIN1,4816,62.0419,-0.2126,11421,False
ETFB,4191,72.8651,-0.2126,11422,False
CEP55,374,1.7583,-0.2127,11423,False
COX15,2191,19.8318,-0.2127,11424,False
CATSPER2P1,5644,3.7906,-0.2129,11425,False
RNF103,1196,9.2732,-0.213,11426,False
LILRA6,1276,10.9164,-0.2131,11427,False
ANKDD1A,1983,11.3744,-0.2131,11428,False
SEMA3C,276,1.15,-0.2132,11429,False
TRIM44,1023,8.0457,-0.2135,11430,False
GPANK1,1384,16.0254,-0.2135,11431,False
UQCRC2,5572,124.209,-0.2139,11432,False
HSPBP1,1527,18.1682,-0.214,11433,False
RALGDS,5697,74.2891,-0.2142,11434,False
CCNY,1619,6.3004,-0.2146,11435,False
XRN1,6694,96.1734,-0.2146,11436,False
TUSC2,2355,21.1719,-0.2148,11437,False
STAT4,7945,197.5121,-0.2149,11438,False
SEC61B,6136,212.3693,-0.2149,11439,False
SLC22A5,957,3.249,-0.2149,11440,False
SIT1,4865,122.6592,-0.2149,11441,False
POLR2M,2836,36.6082,-0.2154,11442,False
CDCA7,1438,19.6438,-0.2156,11443,False
RP3-449O17.1,1329,12.7224,-0.2156,11444,False
NDUFA6,5570,123.9636,-0.2156,11445,False
RLTPR,938,6.6611,-0.2159,11446,False
HIP1R,2434,25.0303,-0.216,11447,False
PGGT1B,3189,25.4022,-0.216,11448,False
RP11-867G23.3,1066,0.9765,-0.216,11449,False
RP11-367J7.3,363,0.9684,-0.2161,11450,False
SLFN13,4466,16.3836,-0.2163,11451,False
IFFO1,2336,25.4689,-0.2164,11452,False
RP11-220I1.1,3403,43.8037,-0.2164,11453,False
CTD-2292P10.2,254,0.7376,-0.2165,11454,False
MMP25,870,1.9599,-0.2165,11455,False
RP11-350N15.4,312,2.2077,-0.217,11456,False
ITK,7655,146.4334,-0.2172,11457,False
MAMSTR,318,0.7203,-0.2173,11458,False
GEMIN5,517,2.9268,-0.2173,11459,False
RBMS2,458,1.5296,-0.2178,11460,False
CDH23,772,1.8879,-0.2179,11461,False
PEX6,437,1.6057,-0.2179,11462,False
GGA3,4188,43.9393,-0.2183,11463,False
RNF26,1210,9.6905,-0.2184,11464,False
GNL3L,1321,7.9018,-0.2189,11465,False
NOP58,9708,248.6842,-0.219,11466,False
HNRNPA1P30,262,0.0649,-0.2191,11467,False
MAP1S,2142,23.3706,-0.2196,11468,False
FEN1,1393,19.5782,-0.2198,11469,False
FAM13A,1335,8.3886,-0.2199,11470,False
PPP1R18,6802,43.2823,-0.22,11471,False
CD27,6553,228.3707,-0.2202,11472,False
SELO,925,7.0634,-0.2203,11473,False
TMEM88,388,1.4755,-0.2205,11474,False
CHAF1A,918,4.7332,-0.2207,11475,False
CMC4,684,5.5608,-0.2208,11476,False
UGP2,4813,82.1312,-0.2208,11477,False
SARNP,4362,89.4857,-0.2208,11478,False
RAP1GDS1,5845,74.9705,-0.2209,11479,False
SRP68,2339,31.4383,-0.2209,11480,False
CALM3,8331,177.8401,-0.2212,11481,False
TRAK2,2009,17.9197,-0.2213,11482,False
PTOV1,3176,15.8063,-0.2214,11483,False
PBRM1,4049,27.4948,-0.2214,11484,False
ATE1,1893,19.1696,-0.2216,11485,False
ZNF580,737,4.3413,-0.2217,11486,False
PMPCA,3166,48.5592,-0.2218,11487,False
PCCA-AS1,205,0.2566,-0.2219,11488,False
TMEM131,2306,10.3094,-0.2219,11489,False
FRK,432,0.0419,-0.2223,11490,False
SH3BGRL2,438,2.8523,-0.2223,11491,False
PI4KA,4465,48.1731,-0.2225,11492,False
CHD8,3104,26.4657,-0.2225,11493,False
RP11-271K21.11,372,0.8364,-0.2225,11494,False
MAPKAP1,2296,20.4212,-0.2225,11495,False
RP11-875O11.1,517,3.7206,-0.2225,11496,False
RNF126,1964,22.8092,-0.2227,11497,False
DNAL4,639,6.801,-0.2227,11498,False
HNRNPA1,14980,1307.3428,-0.2227,11499,False
CENPF,1315,9.9794,-0.2228,11500,False
OSTC,4438,101.4185,-0.2229,11501,False
VIL1,295,0.7388,-0.2229,11502,False
MSH2,1791,15.3116,-0.223,11503,False
CHD2,8662,123.4253,-0.223,11504,False
GIMAP7,6355,208.9902,-0.2231,11505,False
RP11-127L20.3,506,1.0991,-0.2232,11506,False
EPN1,1170,2.1153,-0.2232,11507,False
ANAPC4,2600,34.0029,-0.2232,11508,False
DESI1,2994,37.3499,-0.2234,11509,False
SHKBP1,5471,129.2999,-0.2236,11510,False
MAT2A,7735,202.4901,-0.2237,11511,False
HTATSF1,1935,22.3225,-0.2238,11512,False
METAP1,3148,36.7672,-0.2238,11513,False
ABRACL,4736,114.8367,-0.2238,11514,False
HMGN1P35,469,0.1975,-0.2241,11515,False
AC013449.1,516,0.4147,-0.2242,11516,False
SMIM15,2267,34.103,-0.2244,11517,False
SORD,939,5.6505,-0.2244,11518,False
IL12RB1,3037,34.8253,-0.2244,11519,False
CXorf38,2092,21.2602,-0.2245,11520,False
ATP5I,4853,151.6822,-0.2249,11521,False
PDCD7,941,5.0029,-0.2252,11522,False
LIMD1,2274,10.4501,-0.2254,11523,False
OTUD7A,306,0.6305,-0.2255,11524,False
AC005786.7,532,2.7328,-0.2258,11525,False
LYSMD2,1862,27.0564,-0.226,11526,False
SCARNA20,174,0.8584,-0.2261,11527,False
RPAIN,3579,57.0965,-0.2261,11528,False
FAM156B,1481,14.4659,-0.2261,11529,False
RP11-158M2.2,932,1.9816,-0.2262,11530,False
AL021707.1,1620,15.2493,-0.2263,11531,False
KCNAB1,305,0.6214,-0.2269,11532,False
FAM203B,278,0.9855,-0.2269,11533,False
YY1,2811,20.2784,-0.227,11534,False
PPME1,2002,23.0831,-0.2272,11535,False
TSPO,6808,274.2603,-0.2273,11536,False
ZNF706,6466,217.0472,-0.2273,11537,False
C1QBP,4847,116.5896,-0.2273,11538,False
CYB5B,3926,73.648,-0.2274,11539,False
SNW1,4043,72.2885,-0.2275,11540,False
COPS6,5006,161.5404,-0.2276,11541,False
B3GALT6,454,2.083,-0.2276,11542,False
IDH2,5991,138.6445,-0.2278,11543,False
RP11-25C19.3,246,0.4415,-0.228,11544,False
RP5-1073O3.2,453,2.5392,-0.2282,11545,False
SUPT3H,1704,10.2731,-0.2283,11546,False
ABCB10,900,5.7192,-0.2284,11547,False
RP11-269F19.2,491,1.047,-0.2285,11548,False
EMR1,306,2.09,-0.2285,11549,False
SP100,11156,369.8862,-0.2287,11550,False
PLCG2,2459,23.348,-0.2287,11551,False
RASAL2,253,0.165,-0.2289,11552,False
M6PR,6895,198.089,-0.2292,11553,False
DSCC1,414,2.8072,-0.2292,11554,False
HSPE1-MOB4,2184,27.7428,-0.2293,11555,False
RP11-504P24.2,304,0.9521,-0.2294,11556,False
ACSL5,3981,54.8551,-0.2296,11557,False
RP11-277L2.4,1967,31.2926,-0.2296,11558,False
PYCARD,4301,104.1379,-0.2297,11559,False
AC011330.5,408,2.1319,-0.2298,11560,False
MKNK1,3354,43.7333,-0.2301,11561,False
TPST2,4153,83.827,-0.2302,11562,False
RIF1,4231,41.4248,-0.2302,11563,False
IARS,5148,82.6083,-0.2304,11564,False
DSCR3,3476,46.7821,-0.2305,11565,False
HNRNPRP1,598,2.3025,-0.2305,11566,False
RALB,1838,23.1796,-0.231,11567,False
PGAP3,1159,9.5382,-0.2312,11568,False
C5orf51,2024,18.031,-0.2313,11569,False
RNF130,1890,26.6368,-0.2316,11570,False
RP11-863P13.4,312,0.2969,-0.2317,11571,False
STIP1,6103,161.1009,-0.2318,11572,False
SLC7A6OS,2206,20.7374,-0.2319,11573,False
LINC00987,1455,3.3977,-0.2319,11574,False
NFIC,1820,9.2316,-0.2321,11575,False
STAG2,6038,46.9073,-0.2322,11576,False
PALLD,418,2.0197,-0.2326,11577,False
PXN-AS1,1229,9.4295,-0.2327,11578,False
C1orf43,5535,124.0544,-0.2328,11579,False
SUPT7L,2751,36.362,-0.2329,11580,False
BPTF,7156,57.8736,-0.2329,11581,False
CLTA,4843,122.8769,-0.233,11582,False
ACTR1B,2693,39.1229,-0.2333,11583,False
F8A1,594,2.0513,-0.2334,11584,False
LSM2,3428,71.734,-0.2337,11585,False
BIVM-ERCC5,448,1.3946,-0.2337,11586,False
SNX10,2202,24.0896,-0.2338,11587,False
CTA-363E6.7,501,2.5719,-0.234,11588,False
MYD88,4591,101.8433,-0.234,11589,False
PRCC,4064,31.0742,-0.2341,11590,False
AC009133.17,383,0.7473,-0.2343,11591,False
ZNF444,795,5.4429,-0.2345,11592,False
CAPN1,4912,87.2679,-0.2347,11593,False
MBD3,1129,8.5443,-0.2347,11594,False
SIN3A,4423,38.273,-0.2351,11595,False
AP000769.7,264,1.5281,-0.2354,11596,False
LNX1,396,0.4122,-0.2355,11597,False
GOT2,2479,35.8199,-0.2356,11598,False
TMCC1,918,5.2211,-0.2358,11599,False
DNHD1,2204,15.0219,-0.236,11600,False
CERS6-AS1,526,2.5161,-0.2361,11601,False
NIPA2,3666,62.6891,-0.2361,11602,False
EEA1,2068,16.3819,-0.2362,11603,False
EXO1,426,2.8312,-0.2362,11604,False
TUBB6,1445,13.4023,-0.2362,11605,False
PALM2-AKAP2,291,0.5697,-0.2362,11606,False
METTL15P1,1058,9.1227,-0.2364,11607,False
PUF60,5564,138.7428,-0.2366,11608,False
SCUBE3,409,0.7611,-0.2367,11609,False
CCR5,4073,68.3127,-0.2367,11610,False
ALG11,1501,12.6365,-0.2367,11611,False
GPX1,5156,149.0201,-0.2369,11612,False
GPR132,2920,38.4878,-0.237,11613,False
ZSCAN25,1630,17.1562,-0.2372,11614,False
RP11-95D17.1,256,0.776,-0.2374,11615,False
SEC61G,4430,107.2347,-0.2374,11616,False
RP11-29H23.5,290,0.4981,-0.2375,11617,False
RP11-102L12.2,644,4.5537,-0.2375,11618,False
AKAP13,11412,267.5617,-0.2375,11619,False
WNK1,9620,124.8041,-0.2376,11620,False
AGAP7,519,2.2052,-0.2377,11621,False
CR1,686,3.3619,-0.2379,11622,False
RPP14,1677,15.2079,-0.2379,11623,False
BCL2L11,5581,79.2857,-0.238,11624,False
CTD-3138B18.5,521,2.1945,-0.238,11625,False
RP11-705C15.2,4403,68.8466,-0.2381,11626,False
SRI,5366,181.3029,-0.2381,11627,False
ATXN2L,5438,47.8162,-0.2382,11628,False
CKS1B,2010,31.8906,-0.2382,11629,False
AC092299.7,497,2.5136,-0.2383,11630,False
PLIN3,2489,37.5438,-0.2386,11631,False
CIAO1,4376,75.8898,-0.2389,11632,False
CCNL1,8825,253.1583,-0.239,11633,False
ST3GAL2,1134,5.6727,-0.2391,11634,False
MAP4K4,2471,12.1726,-0.2394,11635,False
DOCK4,614,2.7575,-0.2397,11636,False
RPL5P22,1846,0.4699,-0.2398,11637,False
ILF2,5747,147.3334,-0.2399,11638,False
PPP2R5B,398,1.5378,-0.24,11639,False
SLC39A11,2917,29.5407,-0.2401,11640,False
ECT2,769,5.3789,-0.2403,11641,False
PTGS1,893,6.0718,-0.2404,11642,False
NUP188,4458,39.2478,-0.2405,11643,False
RP3-406P24.1,681,0.1698,-0.2406,11644,False
TANK,7400,195.8053,-0.2407,11645,False
WNT1,384,2.2091,-0.2407,11646,False
CCDC115,3103,59.8663,-0.2408,11647,False
KIAA1430,2229,25.0305,-0.241,11648,False
SLC19A2,977,4.9367,-0.241,11649,False
QPCTL,554,1.6842,-0.241,11650,False
DDB1,4988,67.518,-0.2411,11651,False
PRKAR1B,1125,7.8934,-0.2413,11652,False
TIMM8B,2265,23.1748,-0.2414,11653,False
G3BP2,6601,109.6869,-0.2414,11654,False
MRPL44,1777,21.3975,-0.2415,11655,False
CYP2S1,553,4.0195,-0.2419,11656,False
TMEM258,5001,118.7852,-0.2419,11657,False
PER3,730,3.4837,-0.2419,11658,False
PLAGL1,1252,8.5393,-0.242,11659,False
SORBS3,908,5.1548,-0.2421,11660,False
RPS26P8,692,2.0637,-0.2422,11661,False
RP11-468E2.5,496,3.7108,-0.2422,11662,False
MTRF1L,1522,12.0706,-0.2423,11663,False
RP5-859M6.1,217,0.0576,-0.2425,11664,False
PHF20L1,3042,25.6408,-0.2425,11665,False
RP1-313I6.12,1061,11.5619,-0.2425,11666,False
THOC3,2593,39.2919,-0.2426,11667,False
GNAQ,1441,3.4709,-0.2429,11668,False
SEMA6B,368,0.5005,-0.243,11669,False
SRP54,4208,69.2308,-0.243,11670,False
RAD52,2161,13.6944,-0.2431,11671,False
CKAP5,3220,28.2707,-0.2433,11672,False
JOSD2,2123,33.8243,-0.2434,11673,False
HNRNPH3,7234,164.0577,-0.2435,11674,False
MAN1A2,2673,22.813,-0.2436,11675,False
TOMM70A,1127,5.304,-0.2437,11676,False
CNN2P5,371,0.0954,-0.2439,11677,False
MST4,2224,27.668,-0.2439,11678,False
CD46,6520,114.4579,-0.2439,11679,False
ELF2,3356,34.72,-0.2439,11680,False
KLHL36,2218,16.3945,-0.244,11681,False
CTD-2369P2.10,462,0.237,-0.2442,11682,False
RPS3AP44,924,0.299,-0.2444,11683,False
SH3BGRL3,14592,980.1723,-0.2446,11684,False
RP1-102G20.2,501,0.9755,-0.2448,11685,False
NIPSNAP1,2254,33.6995,-0.2449,11686,False
TSR2,3004,49.7839,-0.245,11687,False
C17orf103,439,1.9602,-0.245,11688,False
ANKRD20A8P,457,0.1377,-0.2452,11689,False
RP11-371E8.4,596,3.602,-0.2453,11690,False
CD8BP,2510,6.0955,-0.2453,11691,False
DPF2,3822,66.9277,-0.2457,11692,False
RP11-398K22.12,903,2.6814,-0.2459,11693,False
PSMC4,3788,75.758,-0.2461,11694,False
FRG1B,4036,22.158,-0.2461,11695,False
DCAF16,3000,28.5202,-0.2461,11696,False
ARF4,4878,97.313,-0.2462,11697,False
LGALS9,4492,79.291,-0.2462,11698,False
PKD2L2,417,0.7022,-0.2462,11699,False
MED27,1837,21.0401,-0.2467,11700,False
NGRN,3906,72.0431,-0.2467,11701,False
PAPOLG,2489,24.4649,-0.2468,11702,False
C2CD2L,556,2.2421,-0.2469,11703,False
COX7A2L,5620,133.3635,-0.2469,11704,False
AGAP4,1747,8.7815,-0.247,11705,False
LRRC37A6P,700,0.1258,-0.2472,11706,False
TPH2,258,0.1025,-0.2472,11707,False
GIMAP6,4362,62.4536,-0.2472,11708,False
SLC35B2,2076,31.2687,-0.2472,11709,False
NEFH,209,0.6413,-0.2474,11710,False
C9orf69,720,3.4372,-0.2475,11711,False
TMEM167B,1634,14.5784,-0.2478,11712,False
TXNRD1,2703,34.0863,-0.2481,11713,False
DCTN5,2371,32.1957,-0.2483,11714,False
NAA30,592,3.2183,-0.2484,11715,False
AC159540.14,252,0.6376,-0.2486,11716,False
RNF34,3841,55.1053,-0.2488,11717,False
SLC25A46,2730,32.6709,-0.2489,11718,False
PSMD13,5789,168.0145,-0.2489,11719,False
KRAS,3053,28.408,-0.249,11720,False
BTF3P9,180,0.2333,-0.2492,11721,False
PHB,3899,88.9527,-0.2493,11722,False
CD247,6762,205.0723,-0.2496,11723,False
SPR,342,2.3615,-0.2496,11724,False
IRAK3,856,3.488,-0.2496,11725,False
RPL36AP26,340,0.4027,-0.2496,11726,False
MFSD12,1391,6.3994,-0.2496,11727,False
FBXL3,1366,8.2006,-0.2498,11728,False
CSNK2A1,3254,36.6502,-0.2499,11729,False
UPF3A,2837,41.6279,-0.2501,11730,False
BTF3P10,922,0.4863,-0.2501,11731,False
NNT,3188,31.5134,-0.2504,11732,False
SELT,7415,230.2757,-0.2505,11733,False
CD300LB,412,2.1564,-0.2506,11734,False
MRPL14,2352,42.1565,-0.2507,11735,False
OTUB2,390,1.5716,-0.2507,11736,False
SH3GLB1,4986,83.926,-0.2507,11737,False
SIAH1,1218,7.7469,-0.2508,11738,False
RPL13AP2,348,0.1644,-0.2508,11739,False
SMC6,2204,16.1099,-0.2508,11740,False
PLEKHG2,4236,50.597,-0.2509,11741,False
PCF11,4441,46.5269,-0.251,11742,False
ZNF280D,2417,25.5219,-0.251,11743,False
KLHL29,308,0.7587,-0.2512,11744,False
ZNRD1-AS1,1394,4.6861,-0.2514,11745,False
L3MBTL2,1762,18.005,-0.2514,11746,False
LINC00884,270,1.037,-0.2514,11747,False
RRP1,1531,15.9078,-0.2517,11748,False
FAF1,1456,7.8668,-0.2518,11749,False
AACS,1215,8.978,-0.2518,11750,False
TFDP1,1452,12.1501,-0.2518,11751,False
RBM12B-AS1,732,6.3778,-0.2519,11752,False
MCRS1,2987,41.6195,-0.252,11753,False
PMM2,2170,21.7153,-0.2522,11754,False
ZFHX3,979,0.743,-0.2523,11755,False
AC006160.5,483,0.9978,-0.2525,11756,False
RAE1,2459,34.8069,-0.2531,11757,False
SEMA4A,2898,37.1741,-0.2535,11758,False
MUM1,2315,23.286,-0.2536,11759,False
CTD-3222D19.5,271,1.4991,-0.2536,11760,False
CCNYL1,1045,5.467,-0.254,11761,False
PRKRIP1,1800,18.0804,-0.2541,11762,False
CTD-2371O3.2,196,1.0031,-0.2544,11763,False
BUB3,7703,232.5368,-0.2544,11764,False
KIAA0825,884,7.1548,-0.2546,11765,False
DTYMK,2039,27.7503,-0.255,11766,False
PSMA6,6770,264.2943,-0.2554,11767,False
HNRNPA1P35,2367,1.291,-0.2554,11768,False
TLR7,656,2.5233,-0.2558,11769,False
FAM20C,325,1.1574,-0.2558,11770,False
GID8,2365,25.9004,-0.2558,11771,False
ZNF644,4123,56.9377,-0.2558,11772,False
RP11-378G13.2,494,0.0967,-0.256,11773,False
FAM222A-AS1,241,1.3302,-0.2561,11774,False
GATS,546,1.3527,-0.2561,11775,False
SYF2,5220,100.2787,-0.2562,11776,False
RP11-762I7.5,703,1.7992,-0.2563,11777,False
ZCCHC3,362,0.1405,-0.2565,11778,False
RP11-311C24.1,1504,14.2651,-0.2566,11779,False
LOH12CR1,3535,39.7297,-0.2566,11780,False
DDX10,2060,19.1075,-0.2569,11781,False
IL18,826,8.8825,-0.257,11782,False
RP11-15J10.1,742,2.7015,-0.2572,11783,False
NSUN4,2501,21.4742,-0.2572,11784,False
JAGN1,1789,23.3763,-0.2573,11785,False
ATP6V1F,4876,161.5731,-0.2575,11786,False
EVI2A,5581,113.9506,-0.2576,11787,False
PHF10,1258,8.3026,-0.2577,11788,False
RNF20,1667,18.9984,-0.2582,11789,False
CRK,1389,11.0415,-0.2589,11790,False
C17orf49,5763,192.4301,-0.2598,11791,False
DEPDC1,307,1.5993,-0.2599,11792,False
LRRC56,230,0.7446,-0.26,11793,False
TALDO1,5207,139.7932,-0.26,11794,False
ALMS1,1368,5.7922,-0.2601,11795,False
YWHAZ,15435,1127.589,-0.2601,11796,False
PGM2,1896,20.2288,-0.2601,11797,False
UBL5,6649,226.6344,-0.2601,11798,False
N4BP2L2,9466,230.5799,-0.2602,11799,False
AP000620.1,388,0.2405,-0.2604,11800,False
TRIP12,4916,48.1296,-0.2605,11801,False
WI2-1896O14.1,311,1.2274,-0.2605,11802,False
RP11-98L4.1,552,0.1066,-0.2607,11803,False
TOR1B,1468,15.7709,-0.2608,11804,False
SLC9A6,944,4.7604,-0.261,11805,False
DNAAF1,803,2.5813,-0.261,11806,False
RPS27P29,307,0.831,-0.2612,11807,False
RP11-843P14.2,356,2.3823,-0.2612,11808,False
RGS12,613,2.9639,-0.2613,11809,False
CCDC152,746,4.5145,-0.2614,11810,False
RP11-161H23.5,2556,35.691,-0.2614,11811,False
NSMF,840,5.0998,-0.2617,11812,False
PITPNB,4367,71.224,-0.2618,11813,False
TMEM236,250,0.1727,-0.2619,11814,False
UBE3C,2253,12.3686,-0.2619,11815,False
UBE3B,2850,32.8735,-0.2621,11816,False
GPSM2,569,2.077,-0.2622,11817,False
TCEANC2,912,6.9166,-0.2623,11818,False
TXNDC11,2663,24.7261,-0.2624,11819,False
PHB2,5263,123.9825,-0.2625,11820,False
GHRL,628,3.0023,-0.2625,11821,False
NBEAL2,4977,18.7144,-0.2626,11822,False
FAM91A1,1783,9.924,-0.2627,11823,False
AMBRA1,2370,19.3137,-0.2628,11824,False
YPEL1,535,3.4425,-0.2629,11825,False
LRRC25,1100,12.5611,-0.263,11826,False
ZNF598,534,1.3603,-0.2631,11827,False
MCM3,2667,42.2041,-0.2631,11828,False
NIN,4319,33.3687,-0.2634,11829,False
TSACC,517,0.7855,-0.2636,11830,False
RP11-290C10.1,546,2.1669,-0.2636,11831,False
FLCN,5065,18.5053,-0.2637,11832,False
IGFLR1,5360,169.2522,-0.2638,11833,False
TMEM110-MUSTN1,738,3.047,-0.2638,11834,False
KSR2,250,0.426,-0.264,11835,False
ATP6V0E1,7662,296.8394,-0.264,11836,False
BAGE2,407,0.1715,-0.2641,11837,False
RP11-196G18.22,586,1.1767,-0.2642,11838,False
DDAH2,2157,30.9466,-0.2642,11839,False
CTC-435M10.3,251,1.1151,-0.2643,11840,False
CPSF7,4264,28.9723,-0.2643,11841,False
UQCRH,6061,217.2018,-0.2644,11842,False
ATG3,4690,93.201,-0.2645,11843,False
SLC39A1,2643,41.0946,-0.2647,11844,False
WDR83OS,5643,178.0465,-0.2648,11845,False
REEP4,1914,26.045,-0.2648,11846,False
RNH1,5067,122.5055,-0.2648,11847,False
MRPL47,2525,41.043,-0.265,11848,False
EMC7,4381,102.7963,-0.265,11849,False
GTF2H2B,1253,6.7351,-0.265,11850,False
NR1D2,1307,7.9491,-0.2651,11851,False
PTPRS,782,3.9279,-0.2654,11852,False
PAK1IP1,1199,10.7066,-0.2654,11853,False
KDM4A-AS1,751,3.1285,-0.2655,11854,False
DHX36,5477,56.7392,-0.2656,11855,False
FCHO2,580,2.4736,-0.2659,11856,False
RP11-1029M24.1,320,0.1469,-0.2659,11857,False
LAPTM5,14242,806.4255,-0.266,11858,False
NRD1,5998,106.8588,-0.266,11859,False
CKLF,5521,163.7983,-0.266,11860,False
SLC16A4,674,4.3926,-0.266,11861,False
C11orf31,5688,144.7294,-0.2661,11862,False
ZEB2-AS1,901,4.0459,-0.2666,11863,False
FBXO42,2626,20.7975,-0.2666,11864,False
DNAJC1,3587,55.7414,-0.2669,11865,False
ANKRD23,1083,6.4297,-0.2669,11866,False
SHC1,3960,39.309,-0.2672,11867,False
EIF2S2P3,544,0.1542,-0.2675,11868,False
NASP,6762,167.6976,-0.2675,11869,False
PDZD2,549,1.4804,-0.2677,11870,False
CTC-554D6.1,721,3.5554,-0.2677,11871,False
TTLL12,722,3.2616,-0.2678,11872,False
FBXL4,1815,8.2345,-0.268,11873,False
SLC2A6,1240,12.1919,-0.268,11874,False
ATP5B,9360,429.5403,-0.2681,11875,False
CCDC125,761,3.7516,-0.2681,11876,False
CTD-2651B20.1,388,2.3361,-0.2682,11877,False
RP11-705C15.3,1308,8.4486,-0.2683,11878,False
RBBP6,4261,29.0853,-0.2685,11879,False
ZNF384,2903,32.8056,-0.2686,11880,False
RP11-252E2.1,332,1.143,-0.2686,11881,False
PAPD7,1318,8.6892,-0.2687,11882,False
RDH10,1569,15.3614,-0.2687,11883,False
GABARAPL1,4920,83.4954,-0.2688,11884,False
COX8A,7130,283.1389,-0.269,11885,False
USP41,733,2.651,-0.2691,11886,False
CTC-559E9.5,747,6.6576,-0.2694,11887,False
EIF6,4022,91.8572,-0.2694,11888,False
CTDSP2,2569,19.5269,-0.2695,11889,False
FMNL1,4627,47.2742,-0.2695,11890,False
EIF3K,8899,371.8977,-0.2696,11891,False
TCEAL3,728,5.3962,-0.2696,11892,False
ARHGAP9,9953,284.6213,-0.2697,11893,False
GGT7,907,7.1594,-0.2701,11894,False
AC018638.1,162,0.6602,-0.2708,11895,False
MCM2,1330,14.4701,-0.2709,11896,False
AC016716.1,390,0.2039,-0.271,11897,False
TMEM230,5311,123.2136,-0.2711,11898,False
BRI3,1003,7.4804,-0.2713,11899,False
DNMT3A,2539,16.1243,-0.2714,11900,False
PYHIN1,6008,152.0603,-0.2716,11901,False
RP11-402J6.3,993,1.0148,-0.2717,11902,False
ATAD3A,683,3.335,-0.2718,11903,False
SRF,820,3.1436,-0.272,11904,False
SPATA5,1478,9.158,-0.2721,11905,False
ZMAT2,2337,33.9404,-0.2722,11906,False
GS1-358P8.4,354,1.554,-0.2723,11907,False
RP11-203M5.8,300,0.4722,-0.2726,11908,False
UFD1L,4606,82.9558,-0.2727,11909,False
ZCCHC14,524,1.5889,-0.2727,11910,False
RP11-574F21.2,862,1.8723,-0.2727,11911,False
POGLUT1,2904,33.9251,-0.2728,11912,False
CTD-2132N18.3,409,1.2269,-0.2728,11913,False
UHRF1BP1L,2080,15.8345,-0.2728,11914,False
CICP3,288,0.1724,-0.2728,11915,False
HPS3,2279,25.7885,-0.2728,11916,False
DIDO1,2964,29.773,-0.2731,11917,False
BLOC1S1,4559,109.977,-0.2732,11918,False
UBAP2,2439,19.3367,-0.2733,11919,False
FUBP3,1074,7.4834,-0.2735,11920,False
RAB43,1554,3.2182,-0.2735,11921,False
UBXN11,10414,37.1199,-0.2741,11922,False
C10orf54,5552,106.44,-0.2742,11923,False
ZNF197,701,5.1147,-0.2742,11924,False
PSMF1,6520,184.1415,-0.2742,11925,False
C7orf50,3461,61.7736,-0.2743,11926,False
CYP51P2,402,0.1,-0.2743,11927,False
TRIM27,3459,49.0368,-0.2745,11928,False
AC004771.1,419,2.7552,-0.2746,11929,False
GATC,1051,7.4749,-0.2746,11930,False
GLTPD1,303,1.1432,-0.2747,11931,False
HERC2P10,440,0.402,-0.2748,11932,False
TTL,2598,4.8216,-0.2749,11933,False
G6PC3,1520,11.8428,-0.2749,11934,False
KB-1592A4.15,233,0.1052,-0.2749,11935,False
ADAM10,5322,56.8208,-0.2749,11936,False
DYNC1LI1,2458,28.4562,-0.275,11937,False
USP49,516,1.3739,-0.2752,11938,False
RP11-785H5.1,3150,50.4957,-0.2752,11939,False
NTRK1,1443,6.9796,-0.2754,11940,False
CRIPAK,372,2.1195,-0.276,11941,False
LINC00641,1136,7.8548,-0.2766,11942,False
CTD-2303H24.2,921,3.5928,-0.2766,11943,False
PPP1R37,322,0.7243,-0.2768,11944,False
PGLS,3349,64.1401,-0.2769,11945,False
FAM50A,3506,38.5587,-0.277,11946,False
LTBR,1026,10.5191,-0.2771,11947,False
ADO,416,1.9368,-0.2771,11948,False
PVRIG,5190,107.7223,-0.2773,11949,False
THUMPD1,4496,61.642,-0.2773,11950,False
CNNM3,1131,6.4936,-0.2774,11951,False
STK39,1059,5.3412,-0.2775,11952,False
ACD,2505,40.4555,-0.2776,11953,False
ZBTB1,4808,62.7425,-0.2778,11954,False
COQ10B,5290,69.3364,-0.2779,11955,False
RP11-582J16.5,1078,2.103,-0.2782,11956,False
ZMYND11,1474,13.6874,-0.2782,11957,False
DLEU2,1619,11.9375,-0.2783,11958,False
SMTN,530,2.7597,-0.2788,11959,False
POC1A,428,3.289,-0.2788,11960,False
KIAA1731,1589,6.447,-0.279,11961,False
CSRP2BP,933,7.4764,-0.2794,11962,False
CROCCP2,2655,25.9122,-0.2799,11963,False
DAAM1,1354,8.5121,-0.28,11964,False
NOL6,1541,12.5868,-0.2801,11965,False
ADPRH,930,7.8319,-0.2801,11966,False
C6orf48,6703,197.4615,-0.2803,11967,False
AL353354.2,4192,78.6459,-0.2803,11968,False
DBT,1048,4.1584,-0.2808,11969,False
AC114546.1,760,5.4968,-0.281,11970,False
EPC2,1213,7.5823,-0.2811,11971,False
RN7SL199P,505,3.4717,-0.2812,11972,False
RN7SL656P,505,3.4717,-0.2812,11972,False
SECTM1,1312,6.1038,-0.2812,11974,False
RP11-252A24.3,391,0.9873,-0.2814,11975,False
PTPRCAP,12043,615.1656,-0.2817,11976,False
RP11-843P14.1,561,3.2061,-0.2819,11977,False
NOD1,1658,12.5068,-0.2822,11978,False
SHPRH,2055,15.0948,-0.2822,11979,False
KCTD7,2011,14.0434,-0.2823,11980,False
DNASE1L1,1069,7.731,-0.2824,11981,False
CAND1,3543,42.2269,-0.2825,11982,False
ARHGAP11A,1057,5.4679,-0.2828,11983,False
VGLL4,1582,11.5987,-0.2831,11984,False
ACBD5,1927,19.9453,-0.2832,11985,False
SPECC1L-ADORA2A,328,0.1748,-0.2832,11986,False
AC026150.8,386,1.5232,-0.2834,11987,False
UAP1L1,749,3.4178,-0.2834,11988,False
RPL31P63,590,0.5782,-0.2835,11989,False
GCLM,845,4.1774,-0.2841,11990,False
EFNB1,222,0.6666,-0.2841,11991,False
FAM65B,6108,90.0887,-0.2841,11992,False
PSTPIP2,1193,10.1232,-0.2842,11993,False
RPS11P7,326,0.1563,-0.2843,11994,False
NOC3L,1556,12.5699,-0.2844,11995,False
SRSF5,12997,593.6092,-0.2844,11996,False
IPO13,751,4.509,-0.2845,11997,False
CTD-2554C21.1,1462,0.8634,-0.2847,11998,False
FZD5,335,0.3657,-0.2848,11999,False
FARSA,3135,54.6441,-0.2848,12000,False
DPH3,1504,15.737,-0.2851,12001,False
C9orf41,1034,5.862,-0.2851,12002,False
RND1,705,5.1297,-0.2852,12003,False
GPATCH8,4604,41.3265,-0.2853,12004,False
RAET1G,210,0.1434,-0.2853,12005,False
ZNF48,294,0.606,-0.2856,12006,False
LAMA5,2031,2.8017,-0.2857,12007,False
AC009505.2,610,2.8512,-0.2859,12008,False
TCF7L2,672,1.7714,-0.2859,12009,False
RPUSD1,1177,12.8287,-0.286,12010,False
PNKP,2042,23.941,-0.2862,12011,False
AC005280.1,391,0.8817,-0.2862,12012,False
AC104699.1,244,0.5899,-0.2862,12013,False
SURF6,1365,12.1741,-0.2863,12014,False
SLC23A2,2402,15.1105,-0.2865,12015,False
NDUFC2,5400,166.3964,-0.2865,12016,False
VAPA,7524,193.1562,-0.2866,12017,False
DDX52,2098,18.0635,-0.2867,12018,False
C4orf46,952,6.7204,-0.2869,12019,False
IKZF5,2571,20.1278,-0.2872,12020,False
DNASE2,2460,39.7391,-0.2875,12021,False
HNRNPDL,11571,456.728,-0.2876,12022,False
MRPS31P4,251,0.7334,-0.2877,12023,False
AFAP1,905,4.6367,-0.2878,12024,False
TAF7,5869,123.5075,-0.288,12025,False
RPL17P26,401,0.1719,-0.2881,12026,False
MYADM,8288,167.4845,-0.2881,12027,False
KIAA1432,1786,8.4069,-0.2881,12028,False
SIRPG,5410,166.6217,-0.2884,12029,False
VPS28,6619,221.3616,-0.2884,12030,False
TSHZ2,1452,3.028,-0.2886,12031,False
RPSAP54,2371,1.0043,-0.2889,12032,False
GMFB,2349,24.411,-0.2891,12033,False
PCED1B,5307,52.9425,-0.2891,12034,False
SV2A,369,1.1842,-0.2893,12035,False
PRKCE,1123,5.0128,-0.2894,12036,False
RP1-239B22.5,243,0.6646,-0.2895,12037,False
CASP9,1814,17.8851,-0.2896,12038,False
FLT3,303,1.6509,-0.2897,12039,False
FAM160B1,2684,18.1027,-0.2897,12040,False
MAFF,2057,20.5503,-0.2898,12041,False
RP11-174G6.5,645,1.6359,-0.2899,12042,False
PUM1,5843,60.8641,-0.2903,12043,False
DDX58,3277,25.774,-0.2904,12044,False
RP5-1160K1.6,393,1.6471,-0.2905,12045,False
KRTCAP2,6432,200.1578,-0.2905,12046,False
GRPEL1,2793,46.0781,-0.2908,12047,False
AC007050.17,219,0.6616,-0.2908,12048,False
AP5Z1,3263,32.5583,-0.2909,12049,False
OTUD6B,1190,8.2207,-0.291,12050,False
ATP5G2,10900,551.5008,-0.291,12051,False
KIAA1586,1099,9.2387,-0.2913,12052,False
CSNK2A3,994,0.6845,-0.2914,12053,False
RBMX,9087,268.6268,-0.2916,12054,False
NADK2,1182,4.2162,-0.2917,12055,False
SPN,5514,79.9972,-0.2918,12056,False
LRRC7,640,0.7988,-0.2919,12057,False
SFPQ,7574,150.604,-0.292,12058,False
SRSF2,10720,386.9623,-0.292,12059,False
DHX8,4000,48.5209,-0.2925,12060,False
TOR1A,2845,42.3823,-0.2926,12061,False
FAM72B,546,3.0937,-0.2928,12062,False
NCAPD2,2084,20.2501,-0.2928,12063,False
RP11-293I14.2,316,0.7505,-0.293,12064,False
RP11-20I23.8,551,1.7534,-0.2932,12065,False
SAMD1,567,1.8268,-0.2933,12066,False
RP11-206L10.9,1723,6.4798,-0.2933,12067,False
DDX60,3232,37.9633,-0.2934,12068,False
ANKRD12,10183,207.2917,-0.2936,12069,False
SLC9A3R1,6821,136.9436,-0.2936,12070,False
ANGEL1,1221,10.9337,-0.294,12071,False
ERGIC3,5439,156.2268,-0.294,12072,False
DAXX,3746,61.406,-0.2943,12073,False
P4HA1,3156,31.1146,-0.2943,12074,False
WDR81,1075,7.1236,-0.2945,12075,False
RP11-644F5.10,397,2.2083,-0.2945,12076,False
NDST1,604,2.4345,-0.2948,12077,False
FOXN2,4371,35.5478,-0.2948,12078,False
RP11-52J3.2,572,2.9427,-0.2948,12079,False
RP11-34P13.7,398,0.8268,-0.295,12080,False
GRWD1,1914,19.5288,-0.2951,12081,False
RHOBTB2,860,2.5607,-0.2954,12082,False
EIF3F,9100,352.847,-0.2955,12083,False
C1orf35,1693,17.267,-0.2956,12084,False
NFRKB,1682,14.9745,-0.2956,12085,False
B3GAT3,3395,50.7767,-0.2959,12086,False
RP11-332O19.5,355,0.0493,-0.2961,12087,False
COX19,2032,15.8248,-0.2961,12088,False
UBA3,4324,75.5831,-0.2963,12089,False
SGPP1,708,3.6932,-0.2964,12090,False
CUL4B,1527,10.8707,-0.2966,12091,False
KDM1B,994,3.723,-0.2966,12092,False
CTD-2201E18.3,1130,4.46,-0.2968,12093,False
NUTM2A,274,0.4113,-0.2972,12094,False
CTC-244M17.1,416,2.5177,-0.2974,12095,False
NDUFV2,6951,213.2524,-0.2974,12096,False
DHX15,5131,78.7462,-0.2974,12097,False
DBNL,6593,139.1478,-0.2976,12098,False
DPF3,433,2.1221,-0.2977,12099,False
CD300C,833,6.9335,-0.2977,12100,False
TCF25,7426,185.8824,-0.2978,12101,False
WBSCR16,763,5.2153,-0.2979,12102,False
UBE2L6,8038,283.691,-0.298,12103,False
FAM72C,331,1.0398,-0.2982,12104,False
IKBKB,4142,38.5273,-0.2982,12105,False
IRAK2,945,6.005,-0.2983,12106,False
TMEM170B,308,0.3399,-0.2986,12107,False
RP11-384M15.3,499,2.2982,-0.2988,12108,False
BTG3,4579,82.6396,-0.2989,12109,False
LINC00324,1161,10.5896,-0.2989,12110,False
ABCF2,1836,21.1252,-0.299,12111,False
AP2B1,5972,72.5455,-0.299,12112,False
RP11-164J13.1,475,1.1639,-0.2991,12113,False
CLIC1,11514,636.7199,-0.2991,12114,False
FMN1,747,2.3996,-0.2993,12115,False
RP11-326K13.4,397,0.442,-0.2993,12116,False
EFCAB14,5928,71.2889,-0.2994,12117,False
YY1AP1,4375,55.1535,-0.2995,12118,False
MRPS6,5673,159.9438,-0.2995,12119,False
RNF111,3830,32.5904,-0.2999,12120,False
OSBPL10,752,2.9898,-0.2999,12121,False
PXK,2542,31.1612,-0.3003,12122,False
CSRNP2,1519,12.1322,-0.3005,12123,False
RABAC1,6278,204.9372,-0.3006,12124,False
RAC2,12873,679.3017,-0.3007,12125,False
MSL1,1964,11.7787,-0.3008,12126,False
UBE3A,4594,22.8035,-0.3008,12127,False
SUZ12P,1202,5.42,-0.3008,12128,False
FPGS,3824,57.1648,-0.301,12129,False
CCDC174,2694,32.8193,-0.301,12130,False
DKFZP761J1410,458,1.6779,-0.3014,12131,False
MND1,356,2.8078,-0.3016,12132,False
STRIP1,2914,34.3682,-0.3018,12133,False
AREGB,766,3.4931,-0.3018,12134,False
RNF115,2169,11.7239,-0.3021,12135,False
MLLT1,274,0.1739,-0.3024,12136,False
MAF1,3937,72.3884,-0.3025,12137,False
ZFAND5,6568,113.6312,-0.3025,12138,False
ZFY,1010,6.8813,-0.3029,12139,False
CTD-2267D19.2,294,0.3201,-0.3029,12140,False
TCERG1,6110,78.5587,-0.303,12141,False
MIF,9445,370.508,-0.3032,12142,False
SEC31B,2429,23.0606,-0.3032,12143,False
RP11-798G7.8,899,7.103,-0.3033,12144,False
TFAM,1884,18.0424,-0.3036,12145,False
RP11-543B16.1,208,0.2125,-0.3036,12146,False
AAMP,4710,88.7204,-0.3038,12147,False
GSTK1,9582,358.4308,-0.3039,12148,False
BIRC6,8341,86.4012,-0.304,12149,False
RRAGC,2215,5.5774,-0.3041,12150,False
SOX6,313,0.2458,-0.3044,12151,False
CYC1,4332,102.4749,-0.3044,12152,False
CTB-58E17.1,432,2.6749,-0.3046,12153,False
MBNL1-AS1,1584,3.4548,-0.3046,12154,False
KAT7,4335,67.5368,-0.3047,12155,False
FOXP4,579,0.5266,-0.3048,12156,False
TTC17,5694,69.9479,-0.305,12157,False
CTGLF11P,231,0.1203,-0.3051,12158,False
RP4-778K6.3,563,4.623,-0.3051,12159,False
EXOC1,2529,21.8096,-0.3056,12160,False
DOCK10,7576,112.7391,-0.3057,12161,False
KLHL42,1014,5.2168,-0.3058,12162,False
ABCC4,1006,4.1834,-0.3059,12163,False
ARHGAP15,8709,238.9282,-0.3061,12164,False
TMEM140,4448,44.6252,-0.3062,12165,False
GPR107,2052,7.8727,-0.3062,12166,False
KIAA0368,3201,20.7771,-0.3062,12167,False
RP11-667M19.2,497,0.292,-0.3065,12168,False
PARG,1249,8.9197,-0.3065,12169,False
KLF10,3156,37.5109,-0.3065,12170,False
VPS26A,4115,64.606,-0.3067,12171,False
RP11-19P22.8,871,4.9927,-0.3068,12172,False
CAMLG,4261,62.7725,-0.3072,12173,False
SPCS1,6980,253.277,-0.3073,12174,False
CCDC28A,2491,35.2019,-0.3073,12175,False
COX6A1,7097,262.9131,-0.3076,12176,False
ATP10A,1354,4.2451,-0.3077,12177,False
ARL6IP6,2979,45.0158,-0.3082,12178,False
FAIM3,7730,213.6056,-0.3082,12179,False
B3GALTL,768,3.5725,-0.3082,12180,False
RFC3,802,7.0961,-0.3083,12181,False
PNPLA6,2917,29.1987,-0.3085,12182,False
UBASH3B,2274,18.4158,-0.3087,12183,False
RP11-330L19.1,746,1.7141,-0.3088,12184,False
BTBD1,1404,10.5714,-0.3088,12185,False
HGSNAT,2579,15.6074,-0.3089,12186,False
MEPCE,1294,8.9169,-0.3091,12187,False
ACTA2-AS1,686,1.2743,-0.3092,12188,False
UVRAG,2884,29.4661,-0.3094,12189,False
ZNF267,3792,51.7985,-0.3096,12190,False
VMAC,513,3.2346,-0.3096,12191,False
B3GALT2,565,2.1183,-0.3096,12192,False
RP11-175I17.2,1484,7.2498,-0.3099,12193,False
MIB2,1107,9.1906,-0.31,12194,False
TPD52L2,3219,47.0428,-0.3101,12195,False
CTC-297N7.8,384,0.8342,-0.3105,12196,False
SRC,911,5.0417,-0.3107,12197,False
TSC1,2866,20.7096,-0.3108,12198,False
TRPM2,891,4.3359,-0.3109,12199,False
ATP6V0B,5373,183.0014,-0.3112,12200,False
STAT2,6484,73.8719,-0.3113,12201,False
TEX261,1154,8.7198,-0.3114,12202,False
BMP2K,1179,6.9774,-0.3118,12203,False
RAB8B,5354,83.4742,-0.3119,12204,False
USP14,3230,37.0004,-0.3125,12205,False
CYP2D6,651,2.0834,-0.3125,12206,False
ZNF655,6037,117.3766,-0.3126,12207,False
RBM19,4365,56.6155,-0.3126,12208,False
DHRS7,5281,151.0515,-0.3127,12209,False
SOS1,2979,21.1854,-0.3128,12210,False
BMS1P2,494,0.6137,-0.3128,12211,False
ATHL1,4520,56.9071,-0.313,12212,False
IPO8,1304,6.3691,-0.3131,12213,False
CPEB4,2457,9.3645,-0.3133,12214,False
ZNF280B,361,2.1883,-0.3135,12215,False
FBXO5,1017,9.6863,-0.3137,12216,False
SEMA4C,780,4.2121,-0.3138,12217,False
LRRC47,1374,9.1191,-0.3139,12218,False
PRDX1,8091,294.4409,-0.3141,12219,False
TMEM223,1674,20.643,-0.3141,12220,False
ERI3,1549,16.1655,-0.3141,12221,False
TRIP13,456,3.4017,-0.3147,12222,False
PSMB3,6841,258.6257,-0.3147,12223,False
ORC1,451,2.2487,-0.3148,12224,False
HERC2P9,4978,30.5597,-0.3148,12225,False
GAPDHP38,1414,0.2885,-0.315,12226,False
QSOX2,434,1.1064,-0.3151,12227,False
EXOC3,2066,19.5074,-0.3151,12228,False
RPL36,12457,646.7228,-0.3152,12229,False
KDM6B,6192,33.6033,-0.3152,12230,False
CIT,733,2.9974,-0.3153,12231,False
IL10RB,3631,54.8063,-0.3153,12232,False
CECR1,4652,72.8714,-0.3153,12233,False
HIF1A,8067,209.1607,-0.3154,12234,False
FKBP2,3370,62.5375,-0.3157,12235,False
RP11-961A15.1,696,4.3206,-0.3157,12236,False
MDC1,1677,11.7329,-0.3158,12237,False
DLGAP3,248,0.1243,-0.3159,12238,False
MASTL,1925,14.0088,-0.3159,12239,False
ANXA5,7014,245.7113,-0.316,12240,False
ZFAS1,7602,174.9116,-0.316,12241,False
NRARP,190,0.281,-0.3163,12242,False
TBC1D9,661,1.8756,-0.3164,12243,False
TONSL,430,1.4315,-0.3165,12244,False
HLX,344,1.474,-0.3165,12245,False
GBP2,8003,230.5086,-0.3166,12246,False
IL16,7230,125.2481,-0.3167,12247,False
PAQR8,488,2.8442,-0.3168,12248,False
TRIM6-TRIM34,564,3.1068,-0.3168,12249,False
AC068533.7,460,0.8305,-0.317,12250,False
RP11-192C21.1,182,0.0729,-0.3173,12251,False
LFNG,950,5.4239,-0.3174,12252,False
POU2F1,2339,14.9317,-0.3175,12253,False
KLF4,1263,12.0427,-0.3176,12254,False
RGP1,1090,6.8727,-0.3177,12255,False
NPRL3,1457,7.791,-0.3178,12256,False
ACE,486,0.8109,-0.3181,12257,False
B4GALT7,1313,10.8369,-0.3182,12258,False
RGPD5,9608,125.9648,-0.3183,12259,False
GAB3,2698,25.1711,-0.3185,12260,False
RAB39B,755,6.7948,-0.3186,12261,False
RP11-53B2.5,448,2.7176,-0.3186,12262,False
BCCIP,3602,54.3944,-0.3187,12263,False
ZNF445,1616,9.1592,-0.3187,12264,False
PPARD,2084,11.3294,-0.3187,12265,False
TIMM13,2812,47.9378,-0.3188,12266,False
PIK3CG,4020,24.7623,-0.3188,12267,False
AC119673.1,1704,13.9554,-0.3189,12268,False
NUP214,5665,67.9615,-0.3189,12269,False
PSPN,334,0.6886,-0.3189,12270,False
RP11-452L6.5,437,1.6767,-0.3189,12271,False
DISC1,889,3.4186,-0.3191,12272,False
GLTSCR1,508,1.318,-0.3192,12273,False
CTC-507E2.1,436,1.7518,-0.3193,12274,False
CMIP,1711,4.3587,-0.3193,12275,False
ICMT,1801,17.3463,-0.3194,12276,False
SEPN1,771,1.6017,-0.3197,12277,False
AMY2A,218,0.4545,-0.32,12278,False
GLE1,2310,24.3084,-0.32,12279,False
ZBTB5,717,3.6755,-0.3202,12280,False
PILRB,6250,84.6112,-0.3203,12281,False
LIN52,1354,11.6666,-0.3203,12282,False
SPOCK2,8266,163.9091,-0.3209,12283,False
LINC00672,392,1.5269,-0.3209,12284,False
CDK5RAP3,6828,149.3199,-0.3209,12285,False
MIIP,3173,56.9155,-0.3212,12286,False
DBI,5526,177.2694,-0.3213,12287,False
POLH,1645,13.0716,-0.3213,12288,False
LUC7L2,318,0.3479,-0.3216,12289,False
TICAM2,485,1.6162,-0.3216,12290,False
RP11-426C22.5,660,2.1402,-0.3221,12291,False
ANKRD33B,180,0.3213,-0.3221,12292,False
RP11-421F16.3,547,1.9733,-0.3222,12293,False
SNX17,5705,132.701,-0.3222,12294,False
REPIN1,637,3.9773,-0.3223,12295,False
CTD-2248H3.1,1432,2.8696,-0.3226,12296,False
SELPLG,8275,244.9998,-0.3227,12297,False
PGAM1,8439,315.7182,-0.3229,12298,False
KIAA0922,4303,48.9798,-0.3233,12299,False
CEP120,1790,11.28,-0.3236,12300,False
HJURP,571,4.9248,-0.3238,12301,False
RP11-256P1.1,1856,14.6011,-0.3238,12302,False
ARL6IP1,8959,229.0889,-0.3238,12303,False
RP11-488C13.7,610,3.4494,-0.3241,12304,False
PPP2R5D,3172,45.7931,-0.3242,12305,False
KIF2C,819,7.0976,-0.3243,12306,False
TMEM57,842,3.3685,-0.3244,12307,False
TCTN2,1238,3.7509,-0.3245,12308,False
RNF4,6884,127.496,-0.3245,12309,False
SPC25,594,4.4939,-0.3245,12310,False
GPI,8934,284.6954,-0.3247,12311,False
ARHGEF12,1288,4.4358,-0.3247,12312,False
FAM8A1,530,2.8996,-0.325,12313,False
ZNF319,682,4.1886,-0.325,12314,False
DDX1,2406,26.5775,-0.3252,12315,False
AGAP9,577,1.7563,-0.3254,12316,False
RP11-252A24.2,1907,10.7406,-0.3255,12317,False
PSMD1,3555,55.7051,-0.3257,12318,False
SF1,9003,160.3632,-0.3257,12319,False
XXbac-B461K10.4,584,3.9215,-0.3257,12320,False
SMPD4,3566,29.3006,-0.3259,12321,False
RP5-1092A3.4,426,2.381,-0.3263,12322,False
UBXN2A,1801,14.0803,-0.3268,12323,False
MLLT10,2311,14.9793,-0.3269,12324,False
SSR2,8996,354.5236,-0.3269,12325,False
SPNS3,794,6.3588,-0.3271,12326,False
PLGLB2,550,2.622,-0.3271,12327,False
RP11-112N19.2,400,0.2657,-0.3273,12328,False
ATF2,3298,37.6278,-0.3273,12329,False
B3GNT2,3273,47.2106,-0.3274,12330,False
RP11-83A24.2,1424,7.9707,-0.3278,12331,False
TYMP,4405,58.9944,-0.3282,12332,False
RP11-212P7.3,529,1.1182,-0.3282,12333,False
LINC00152,8350,218.4671,-0.3283,12334,False
STRBP,1449,8.643,-0.3284,12335,False
PLEKHM1,4691,33.8542,-0.3285,12336,False
ATP6AP2,5727,126.6259,-0.3289,12337,False
C18orf54,453,1.6347,-0.3289,12338,False
HOXC4,262,0.1433,-0.329,12339,False
ATP5C1,6742,236.3636,-0.3293,12340,False
PFN1,15367,1070.1312,-0.3296,12341,False
RP11-448G15.3,618,2.4962,-0.3297,12342,False
RPS9,14919,1241.8837,-0.3299,12343,False
TTC28,378,0.6786,-0.3302,12344,False
IBA57,976,3.9984,-0.3302,12345,False
NIPBL,6818,55.7838,-0.3305,12346,False
CTC-349C3.1,860,3.2249,-0.3305,12347,False
RPL14,14028,910.7371,-0.3306,12348,False
RP5-1180E21.5,2248,10.4152,-0.3307,12349,False
EOMES,2297,21.0261,-0.3308,12350,False
CTD-2517M22.16,233,0.3776,-0.3309,12351,False
EIF2B1,2986,47.836,-0.3309,12352,False
FMNL2,512,1.197,-0.331,12353,False
PRRT3,444,1.8464,-0.3312,12354,False
RP5-1042K10.10,340,1.0423,-0.3313,12355,False
EMP1,629,2.7338,-0.3319,12356,False
MTDH,4785,43.5411,-0.3319,12357,False
PCM1,6805,102.1452,-0.3322,12358,False
CTC-241F20.4,161,0.3284,-0.3323,12359,False
GRSF1,4372,66.2293,-0.3323,12360,False
CTR9,3047,32.0684,-0.3324,12361,False
SSR1,7705,120.6975,-0.3326,12362,False
AC090186.1,3361,46.8005,-0.3327,12363,False
NKAP,1966,22.5807,-0.3327,12364,False
NBN,3190,28.8083,-0.3328,12365,False
VPS4A,3438,48.1844,-0.3329,12366,False
CD53,11124,483.5613,-0.3333,12367,False
GPAA1,3788,66.8302,-0.3333,12368,False
RAF1,4794,68.7861,-0.3334,12369,False
ARHGAP25,6026,106.7831,-0.3334,12370,False
MAP4K1,8027,166.207,-0.3338,12371,False
VPS29,5578,163.3936,-0.334,12372,False
LATS2,329,0.6083,-0.3342,12373,False
COPB2,4030,54.9154,-0.3342,12374,False
EEFSEC,1553,14.1107,-0.3342,12375,False
MYO5A,3386,26.0705,-0.3343,12376,False
JUP,529,2.3847,-0.3346,12377,False
AP3S2,2069,18.2146,-0.3349,12378,False
RP11-138C9.1,3426,48.9547,-0.3349,12379,False
ELOF1,3545,59.6825,-0.335,12380,False
ODF2,2048,19.4414,-0.3353,12381,False
MAPK9,1065,4.8452,-0.3355,12382,False
PPP6R3,8136,88.0659,-0.3364,12383,False
HIGD2A,6473,212.5046,-0.3365,12384,False
GLTSCR2,5662,72.3474,-0.3366,12385,False
SCARF1,412,0.9327,-0.3367,12386,False
MDH1,5459,175.8939,-0.3368,12387,False
TTC22,644,3.3636,-0.3369,12388,False
REEP5,6455,191.7386,-0.3369,12389,False
TOR3A,2788,35.2999,-0.3369,12390,False
CCNF,1127,6.3294,-0.337,12391,False
CSNK2B-LY6G5B-1181,403,1.1356,-0.337,12392,False
NUFIP1,673,2.6898,-0.3373,12393,False
NME1-NME2,6344,232.1211,-0.3374,12394,False
FAM129B,615,0.5847,-0.3374,12395,False
FLVCR2,789,5.2225,-0.3376,12396,False
AC005786.3,778,6.6862,-0.3376,12397,False
PLEKHO1,2464,16.8129,-0.338,12398,False
PPP4C,3145,49.6892,-0.3381,12399,False
DSE,1034,3.0613,-0.3382,12400,False
CDCA2,577,4.4078,-0.3382,12401,False
TARDBP,5566,91.159,-0.3385,12402,False
DNMBP,571,1.9893,-0.3387,12403,False
SLC27A1,1159,4.0099,-0.3388,12404,False
SLFNL1,312,1.4452,-0.3393,12405,False
AC005488.11,290,0.501,-0.3393,12406,False
BIRC2,4106,57.0149,-0.3394,12407,False
CCT4,6102,133.7095,-0.3396,12408,False
SCAMP2,6296,111.7986,-0.3398,12409,False
ERCC6-PGBD3,552,0.9212,-0.3399,12410,False
RABIF,1624,13.5744,-0.34,12411,False
GIT2,5768,102.4279,-0.3402,12412,False
KCMF1,1719,7.8481,-0.3402,12413,False
KIF13B,2584,13.1493,-0.3403,12414,False
COIL,1604,11.9151,-0.3408,12415,False
RP4-724E16.2,219,0.2519,-0.3408,12416,False
NAA40,2061,17.7427,-0.3411,12417,False
SPSB3,4943,102.7487,-0.3411,12418,False
KIF14,472,0.8741,-0.3411,12419,False
ARFRP1,2840,46.098,-0.3412,12420,False
HIF1A-AS2,288,0.7484,-0.3412,12421,False
OST4,8818,348.6689,-0.3412,12422,False
BCKDK,2194,33.2815,-0.3414,12423,False
EYA3,3845,29.1042,-0.3417,12424,False
LIN54,1975,13.7603,-0.3417,12425,False
ZNF341,593,2.6029,-0.342,12426,False
COPZ1,5322,154.8372,-0.3422,12427,False
GUF1,1277,10.6454,-0.3422,12428,False
SAE1,3608,64.0179,-0.3422,12429,False
STOM,6587,136.6363,-0.3425,12430,False
LSS,1667,14.053,-0.3425,12431,False
UBIAD1,1894,21.2972,-0.3427,12432,False
HMGN4,5034,110.2392,-0.3429,12433,False
GGTA1P,325,2.0604,-0.3429,12434,False
LINC00265,3200,11.6304,-0.3431,12435,False
ITGAM,1601,16.632,-0.3431,12436,False
GPR82,861,4.3978,-0.3432,12437,False
PSMB1,7988,287.065,-0.3433,12438,False
CCSAP,1078,4.0228,-0.3434,12439,False
MTA1,1075,2.1893,-0.3434,12440,False
SCARB1,947,5.9583,-0.3436,12441,False
AL139385.1,1380,13.222,-0.3437,12442,False
SARDH,1588,16.2794,-0.3437,12443,False
FXYD5,10709,405.0854,-0.3438,12444,False
VDAC1P2,974,0.2329,-0.3439,12445,False
SUCO,2528,19.3181,-0.344,12446,False
OVCA2,3324,59.4813,-0.344,12447,False
CNST,3619,34.877,-0.3441,12448,False
CDC34,1435,8.4208,-0.3442,12449,False
PPIC,205,1.0169,-0.3442,12450,False
PRR14,2507,17.6924,-0.3443,12451,False
MSH5-SAPCD1,603,2.4962,-0.3444,12452,False
MPZL3,3762,46.2247,-0.3445,12453,False
AP3B1,3969,34.5484,-0.3447,12454,False
NRBP1,6238,136.0567,-0.3449,12455,False
ZNF738,903,7.0424,-0.345,12456,False
PCSK5,3439,1.0087,-0.3451,12457,False
GDF11,496,2.2706,-0.3453,12458,False
SLC7A5P2,1151,10.0848,-0.3453,12459,False
TMEM109,4990,107.5905,-0.3455,12460,False
XXbac-BPG252P9.9,1501,8.1796,-0.3455,12461,False
H2AFZP3,1288,1.8455,-0.3455,12462,False
PSMC5,6691,222.9987,-0.3462,12463,False
DCLRE1A,708,4.3475,-0.3463,12464,False
SFT2D2,6882,57.2568,-0.3465,12465,False
VPS33A,2485,25.6687,-0.3466,12466,False
PHF13,536,3.0032,-0.3467,12467,False
RP11-464O2.2,491,2.7154,-0.347,12468,False
CTD-2192J16.24,378,1.441,-0.3471,12469,False
RP11-334E6.10,484,1.2032,-0.3474,12470,False
RP11-362K14.5,587,3.0742,-0.3474,12471,False
WWP2,3547,43.5785,-0.3475,12472,False
MRPS34,4217,95.7972,-0.3476,12473,False
RP11-21M24.3,303,2.0989,-0.3477,12474,False
AARS2,924,5.264,-0.3478,12475,False
PRSS53,395,1.7843,-0.3478,12476,False
PRMT3,1550,12.7381,-0.348,12477,False
SP140L,4465,55.5712,-0.3481,12478,False
CCDC9,959,8.187,-0.3481,12479,False
DHX40P1,226,0.1607,-0.3482,12480,False
PER1,7591,83.0765,-0.3483,12481,False
ATXN1L,2083,8.3845,-0.3484,12482,False
PSMA7,10665,453.4992,-0.3484,12483,False
SREK1,4712,50.8885,-0.3485,12484,False
CNIH4,3662,54.0186,-0.3487,12485,False
CCDC47,3273,42.4176,-0.349,12486,False
RAD51L3-RFFL,408,1.3948,-0.349,12487,False
ADAT2,2105,20.3327,-0.349,12488,False
PIGT,4845,82.8778,-0.3492,12489,False
RNPS1,6355,131.6361,-0.3493,12490,False
TGFBR3,2129,16.4726,-0.3494,12491,False
AC009501.4,306,1.1305,-0.3494,12492,False
RP11-351I24.3,546,3.234,-0.3495,12493,False
KLF3,1388,8.8406,-0.3497,12494,False
SIN3B,1715,9.6243,-0.3497,12495,False
MPC2,3683,66.3558,-0.3498,12496,False
AC004878.2,338,1.7133,-0.3505,12497,False
HLA-F,15657,453.9874,-0.3507,12498,False
CTD-3137H5.1,235,0.4224,-0.3508,12499,False
RNF141,1883,18.7687,-0.3508,12500,False
ZCCHC2,2067,9.2804,-0.3508,12501,False
H2AFY2,442,2.3995,-0.3509,12502,False
EGR3,755,5.0385,-0.3509,12503,False
DHRS4,2090,26.5279,-0.3509,12504,False
MPDU1,3095,42.3062,-0.3511,12505,False
EIF3I,5474,126.8267,-0.3512,12506,False
HSPA13,1852,18.5795,-0.3513,12507,False
C19orf53,5530,161.9098,-0.3514,12508,False
RBMX2,2267,29.3009,-0.3514,12509,False
SPOPL,952,4.0934,-0.3515,12510,False
RP11-126K1.8,1256,7.2034,-0.3516,12511,False
RABEP1,4042,37.1236,-0.3518,12512,False
RPL21P3,881,0.6031,-0.3519,12513,False
SRSF4,5019,79.8737,-0.3519,12514,False
NEIL3,439,2.7284,-0.3519,12515,False
MTMR9,1225,7.2204,-0.3521,12516,False
CFL1,15384,1288.5811,-0.3521,12517,False
RP11-449P15.2,289,0.3898,-0.3523,12518,False
FIP1L1,4253,69.6786,-0.3528,12519,False
RP1-50O24.6,204,0.6206,-0.3529,12520,False
RP3-329A5.8,333,1.5436,-0.3531,12521,False
C9orf72,3433,44.9104,-0.3532,12522,False
PRPF38A,3222,43.3507,-0.3535,12523,False
UTP20,1585,4.434,-0.3538,12524,False
LRRC48,514,3.4799,-0.354,12525,False
EGLN2,4606,95.5088,-0.3541,12526,False
LRIF1,2203,21.7777,-0.3543,12527,False
GBP5,7690,160.8767,-0.3546,12528,False
CD37,11775,367.6378,-0.3546,12529,False
MGAT1,5689,101.8823,-0.355,12530,False
MGMT,2046,21.7734,-0.3551,12531,False
LINC00271,788,2.6149,-0.3553,12532,False
RAB5A,3127,43.5714,-0.3553,12533,False
AGO3,4784,33.0282,-0.3554,12534,False
AC000089.3,2682,1.1057,-0.3556,12535,False
CMTR1,3955,24.2153,-0.3558,12536,False
SIAH2,1090,7.2689,-0.3561,12537,False
PFDN4,1663,18.7488,-0.3562,12538,False
APOBEC2,382,2.068,-0.3564,12539,False
CALU,2777,29.5435,-0.3564,12540,False
MTND5P11,1555,0.2353,-0.3566,12541,False
NSFP1,1626,12.4678,-0.3566,12542,False
AL353898.2,584,2.2656,-0.3567,12543,False
PIK3CA,1318,4.4733,-0.3568,12544,False
PAIP1P1,836,7.812,-0.3569,12545,False
VDAC2,6081,146.6391,-0.357,12546,False
RP11-158I9.5,370,2.3835,-0.3571,12547,False
CCSER2,4371,56.795,-0.3571,12548,False
LTB4R,1275,9.2209,-0.3573,12549,False
STRN,764,2.452,-0.3574,12550,False
CHCHD3,7370,51.8631,-0.3575,12551,False
SAMM50,3176,39.5039,-0.3578,12552,False
HSD17B11,3186,55.3703,-0.3579,12553,False
HLA-E,16010,1275.1418,-0.3579,12554,False
TMEM86B,2303,6.4518,-0.358,12555,False
RP11-318A15.7,183,0.3862,-0.358,12556,False
NCEH1,980,5.8684,-0.3582,12557,False
POLD4,6537,168.4684,-0.3582,12558,False
ZNF496,1128,8.1477,-0.3583,12559,False
FBXL5,4969,72.6273,-0.3586,12560,False
CTD-2073O6.1,1155,0.3877,-0.3589,12561,False
PDGFA,708,3.0774,-0.3593,12562,False
SCP2,5344,151.4952,-0.3593,12563,False
CLEC2B,6482,106.7632,-0.3594,12564,False
ZNF207,8249,202.439,-0.3595,12565,False
LPPR3,166,0.1268,-0.3598,12566,False
AC002044.4,254,1.6395,-0.3598,12567,False
CACNA1I,189,0.2716,-0.3599,12568,False
XKR6,718,3.9686,-0.3599,12569,False
PSKH1,1083,10.149,-0.36,12570,False
SNX30,1116,4.0426,-0.3603,12571,False
CTD-2240E14.4,510,0.7149,-0.3604,12572,False
ZFR,5117,70.8967,-0.3604,12573,False
MGEA5,8661,145.124,-0.3606,12574,False
PDCL3,3575,56.9096,-0.3608,12575,False
PNKD,2978,49.9206,-0.361,12576,False
RBM25,6995,103.2294,-0.3618,12577,False
CTD-2358C21.4,209,1.0058,-0.3618,12578,False
LA16c-358B7.3,979,4.0933,-0.3619,12579,False
BTF3,12346,665.2805,-0.362,12580,False
CUL4A,3705,48.2696,-0.3621,12581,False
CTD-2313F11.1,3193,4.5173,-0.3623,12582,False
RP11-432B6.3,335,0.6698,-0.3627,12583,False
MRPL4,3116,39.5654,-0.363,12584,False
HIST2H2BC,304,1.4515,-0.363,12585,False
AC005523.2,1596,11.52,-0.3631,12586,False
RALBP1,1870,14.3001,-0.3632,12587,False
UPF3AP2,414,0.2276,-0.3635,12588,False
LRP2BP,688,3.2022,-0.3636,12589,False
AC139452.2,713,0.4438,-0.3637,12590,False
CCR1,1444,14.4817,-0.364,12591,False
RP11-630I5.1,921,0.3871,-0.3641,12592,False
HIST2H4A,2896,23.7889,-0.3641,12593,False
SRP14,11239,520.5575,-0.3641,12594,False
SLC25A5,10028,361.9736,-0.3642,12595,False
MIR1302-2,513,1.0216,-0.3642,12596,False
HMGCS1,3917,16.3799,-0.3642,12597,False
PITPNM1,2699,24.4257,-0.3644,12598,False
RP13-143G15.4,259,0.2468,-0.3645,12599,False
IL17RA,2234,10.0064,-0.3646,12600,False
RP11-212I21.2,169,0.3144,-0.3648,12601,False
SYNRG,4914,59.1963,-0.365,12602,False
SNORA33,461,5.1729,-0.365,12603,False
PTPRE,4200,52.1657,-0.3652,12604,False
RNASEL,1110,9.8725,-0.3654,12605,False
ATP6V1B2,3962,66.7901,-0.3654,12606,False
DNAJC8,5867,122.8077,-0.3656,12607,False
PHLPP2,628,2.2774,-0.366,12608,False
NUAK2,991,8.4726,-0.366,12609,False
CC2D1B,2546,20.5083,-0.3661,12610,False
RP11-495P10.1,294,0.4012,-0.3662,12611,False
CDC40,2712,28.2701,-0.3666,12612,False
SMTNL1,291,1.1982,-0.3669,12613,False
ARMCX3-AS1,214,0.3888,-0.3669,12614,False
ZNF259,2085,24.6993,-0.367,12615,False
RPS27L,4292,82.8334,-0.367,12616,False
CALML4,1010,5.2,-0.3674,12617,False
PSMB6,6459,212.3166,-0.3676,12618,False
LIME1,5264,151.6631,-0.3676,12619,False
RPF2P1,470,0.1372,-0.3677,12620,False
PELI1,4300,56.4749,-0.3679,12621,False
KLC2,1012,5.6937,-0.368,12622,False
PSMA4,5548,172.2133,-0.3681,12623,False
VRK2,3064,30.8167,-0.3684,12624,False
RP11-702H23.6,229,0.6415,-0.369,12625,False
CNBP,12179,599.3184,-0.3692,12626,False
MKLN1-AS2,1268,3.1881,-0.3694,12627,False
KLHL6-AS1,1472,14.2884,-0.3698,12628,False
TPX2,1089,10.9644,-0.3699,12629,False
KIAA1551,9552,248.4464,-0.3699,12630,False
FAM179B,1617,12.7574,-0.3701,12631,False
CSF1,1710,16.1037,-0.3704,12632,False
DNAJC10,3635,33.8771,-0.3707,12633,False
RP4-791M13.3,405,1.8509,-0.371,12634,False
ENTPD7,612,2.4049,-0.3712,12635,False
TERF2IP,4121,63.85,-0.3713,12636,False
MRPS10,2375,25.9851,-0.3716,12637,False
AC055764.1,401,2.4654,-0.3722,12638,False
FAM13A-AS1,956,4.6062,-0.3724,12639,False
ELL,3250,23.6309,-0.3724,12640,False
METTL14,2193,16.5277,-0.3725,12641,False
INPP5D,8760,204.8737,-0.3725,12642,False
NIPAL3,3769,35.4482,-0.3725,12643,False
USP4,4883,72.1248,-0.3726,12644,False
AC006547.8,687,2.5968,-0.3727,12645,False
XPO1,4653,44.7193,-0.3728,12646,False
RP11-96D1.11,888,6.4201,-0.3729,12647,False
ETS2,1880,17.4627,-0.373,12648,False
SNX19,2923,26.9952,-0.373,12649,False
GTSE1,679,3.0401,-0.373,12650,False
TJAP1,1545,14.0685,-0.3731,12651,False
BHLHE40,6295,110.2645,-0.3731,12652,False
NPTXR,229,0.3504,-0.3731,12653,False
RP4-734G22.3,297,0.2451,-0.3732,12654,False
AC012314.8,1080,0.3165,-0.3733,12655,False
CCAR1,5122,81.6601,-0.3739,12656,False
TLK2P1,467,0.1473,-0.3741,12657,False
WAC,6524,89.5789,-0.3743,12658,False
BLCAP,3098,44.8133,-0.3744,12659,False
TKT,4699,96.6856,-0.3744,12660,False
BCAT1,1482,12.299,-0.3745,12661,False
FAM160A2,1279,7.0563,-0.3746,12662,False
RBM3,9372,349.1064,-0.3747,12663,False
RP11-77C3.3,737,5.0409,-0.3749,12664,False
PIAS1,5073,73.0394,-0.3749,12665,False
MZF1,1652,14.8808,-0.3752,12666,False
RP11-47I22.2,482,0.9271,-0.3752,12667,False
AC022201.5,231,0.8413,-0.3752,12668,False
CLINT1,4793,54.1112,-0.3754,12669,False
LOXL3,673,1.6884,-0.3755,12670,False
USP15,7367,153.8819,-0.3755,12671,False
PLEKHM1P,4787,51.0365,-0.3756,12672,False
RHBDF2,5033,33.373,-0.3757,12673,False
C2CD5,2368,20.0374,-0.3758,12674,False
SLC25A11,3484,60.4505,-0.3758,12675,False
RP11-148K1.12,603,0.6841,-0.3759,12676,False
POLR1A,2140,10.7547,-0.376,12677,False
TICRR,293,0.4161,-0.3763,12678,False
ACVRL1,248,1.0736,-0.3766,12679,False
ATP5LP2,436,0.5304,-0.3767,12680,False
MOB1B,1702,10.3259,-0.3767,12681,False
PLCL2,1700,6.7703,-0.3769,12682,False
DDX11-AS1,359,1.0186,-0.3769,12683,False
ARHGAP27,3789,47.0644,-0.377,12684,False
ADSL,3495,57.6249,-0.377,12685,False
PI4KAP1,1621,9.9112,-0.377,12686,False
PAXBP1-AS1,284,0.9778,-0.377,12687,False
RP11-498C9.13,359,1.3636,-0.377,12688,False
ZKSCAN5,901,4.5005,-0.3771,12689,False
UBE2N,5965,127.1069,-0.3772,12690,False
METTL7A,1675,8.8522,-0.3774,12691,False
RP11-380M21.2,239,0.5586,-0.3775,12692,False
PHF8,2367,18.6635,-0.3775,12693,False
SLC20A1,7561,152.8321,-0.3777,12694,False
SYNE1,7559,92.5075,-0.3778,12695,False
P4HA3,175,0.3275,-0.378,12696,False
RP4-536B24.2,303,1.181,-0.3781,12697,False
TP53INP2,995,4.7682,-0.3781,12698,False
PSMD11,6207,99.5651,-0.3781,12699,False
BCRP2,389,0.8957,-0.3781,12700,False
CIZ1,2209,22.8398,-0.3782,12701,False
DHX9,5130,73.9202,-0.3783,12702,False
ZBED5,2560,27.7914,-0.3785,12703,False
NDUFB2,5226,154.9607,-0.3787,12704,False
PCGF7P,385,0.2975,-0.379,12705,False
BICD1,1376,7.928,-0.3791,12706,False
AC009950.2,3739,18.1654,-0.3791,12707,False
RP3-370M22.8,1001,8.803,-0.3791,12708,False
SNORA7,468,4.0693,-0.3792,12709,False
RP5-1071N3.1,462,2.3073,-0.3793,12710,False
CTDP1,962,4.1318,-0.3793,12711,False
RUNDC1,823,4.4079,-0.3793,12712,False
PTPLB,885,4.3858,-0.3798,12713,False
AHCYL1,1375,8.8792,-0.3799,12714,False
PRPS2,3045,39.6608,-0.3801,12715,False
TMEM194A,1669,12.8439,-0.3801,12716,False
AC034193.5,582,2.7722,-0.3802,12717,False
RP11-182L21.5,644,2.7598,-0.3802,12718,False
SIRPB2,558,2.667,-0.3804,12719,False
FUT11,1818,14.8427,-0.3804,12720,False
PSMD4,5405,167.9355,-0.3805,12721,False
MAP2K1,1704,11.4928,-0.3805,12722,False
ZC3H18,1965,15.0746,-0.3807,12723,False
RAD23B,1391,5.5149,-0.3807,12724,False
HMBOX1,3104,23.7299,-0.3808,12725,False
SON,13525,550.7668,-0.3809,12726,False
TSPAN17,1819,20.3707,-0.381,12727,False
GALNT1,2762,10.9185,-0.3811,12728,False
KRR1,4548,61.1369,-0.3811,12729,False
CMTM1,463,1.1644,-0.3813,12730,False
AL390877.1,265,0.2867,-0.3816,12731,False
RAB11FIP3,1077,5.1725,-0.3817,12732,False
TNKS,2882,19.1749,-0.3819,12733,False
RNPC3,2628,25.662,-0.3822,12734,False
ARID4A,4747,53.3488,-0.3823,12735,False
SF3B1,11153,320.1257,-0.3823,12736,False
HCG4P7,4043,4.0402,-0.3823,12737,False
PYGL,675,4.0017,-0.3826,12738,False
C16orf87,1720,17.5108,-0.3829,12739,False
CTBS,2515,27.331,-0.3829,12740,False
LYPLA1P3,791,0.415,-0.383,12741,False
RP11-318C24.1,322,2.6246,-0.3831,12742,False
ZNF469,177,0.1029,-0.3833,12743,False
ATG4B,4435,66.4488,-0.3834,12744,False
NANOS1,592,0.6557,-0.3838,12745,False
MT-ND5,15604,960.5871,-0.3839,12746,False
LYSMD3,1685,14.6049,-0.3841,12747,False
SKAP1,6611,170.7272,-0.3843,12748,False
KRT222,692,0.1879,-0.3844,12749,False
GAK,6132,87.6961,-0.3845,12750,False
WDFY1,3051,34.9689,-0.3847,12751,False
CHMP5,3833,70.7406,-0.3849,12752,False
CCNDBP1,7199,201.2958,-0.3854,12753,False
RBM12B,1849,11.8288,-0.3855,12754,False
EIF3G,8607,298.9585,-0.386,12755,False
CDCA4,1566,19.3141,-0.3863,12756,False
CBX8,330,1.2307,-0.3865,12757,False
RAB11FIP4,1777,15.7906,-0.3867,12758,False
MBD6,3130,25.7787,-0.3869,12759,False
GOLGA1,1662,11.4005,-0.387,12760,False
GAS2L3,336,1.0268,-0.387,12761,False
ERH,4594,81.5184,-0.3871,12762,False
TRAF2,2354,31.3653,-0.3873,12763,False
IMMT,3585,50.1933,-0.3873,12764,False
KIAA1468,2954,23.8963,-0.3873,12765,False
RP11-283I3.6,2163,10.1424,-0.3877,12766,False
LAGE3,1115,10.7439,-0.3877,12767,False
LLGL1,560,2.7307,-0.3877,12768,False
CDK13,2224,9.8285,-0.3878,12769,False
DCUN1D1,4890,34.0446,-0.3881,12770,False
TMEM242,1460,7.5837,-0.3882,12771,False
CYB5R4,3231,38.2399,-0.3883,12772,False
RLIMP1,1263,6.6633,-0.3886,12773,False
EEF1A1P38,1235,0.169,-0.3888,12774,False
POLR2K,4065,81.7961,-0.389,12775,False
HLA-C,16032,1801.8021,-0.3892,12776,False
YKT6,1672,13.1748,-0.3895,12777,False
SWSAP1,613,5.0227,-0.3896,12778,False
DNAJB9,3801,63.1701,-0.3902,12779,False
USP19,1394,10.677,-0.3904,12780,False
C6orf47,1509,15.184,-0.3905,12781,False
ATAD3B,1245,6.121,-0.3905,12782,False
TMEM259,2683,26.1921,-0.3907,12783,False
RP11-196I18.3,754,0.5208,-0.391,12784,False
ODF3B,2423,13.7659,-0.3912,12785,False
DAPK1,1087,6.0231,-0.3912,12786,False
CNNM2,662,1.5188,-0.3912,12787,False
NUP98,8065,118.8038,-0.3913,12788,False
TNFRSF14,7398,183.9901,-0.3914,12789,False
CORO7,5917,90.2072,-0.3914,12790,False
PYURF,4167,82.8149,-0.3921,12791,False
C7orf73,3837,61.903,-0.3921,12792,False
RP11-73M18.10,780,3.3009,-0.3922,12793,False
CUTA,6425,197.1196,-0.3925,12794,False
NOMO3,3294,24.5855,-0.3926,12795,False
RP11-611O2.3,3141,44.5233,-0.3926,12796,False
TMEM104,1388,9.4322,-0.3926,12797,False
XXyac-YX155B6.2,325,0.1537,-0.3927,12798,False
RP11-782C8.2,749,1.2628,-0.3927,12799,False
SERF1A,871,4.5138,-0.3927,12800,False
SVIP,2648,20.9392,-0.3928,12801,False
RP11-242C19.2,500,2.2859,-0.3931,12802,False
SAP18,7366,232.9077,-0.3935,12803,False
DEGS1,5233,59.9989,-0.3935,12804,False
STS,299,0.6846,-0.3936,12805,False
ALDH18A1,1780,19.2927,-0.3936,12806,False
CACNB2,397,1.5293,-0.394,12807,False
RPL21P2,584,0.3551,-0.3941,12808,False
RRN3,3370,22.8974,-0.3942,12809,False
CTDSPL2,3223,32.5127,-0.3942,12810,False
AC007390.5,2976,24.5121,-0.3944,12811,False
MBNL1,13655,416.7838,-0.3945,12812,False
DEDD,3873,45.7953,-0.3947,12813,False
ANKRD19P,535,0.5276,-0.3948,12814,False
GTF3A,7110,223.1008,-0.3948,12815,False
EPG5,2227,10.7099,-0.3948,12816,False
IKBKGP1,705,0.8875,-0.3952,12817,False
ZNF562,2398,15.1268,-0.3953,12818,False
TBC1D2,1099,7.9799,-0.3955,12819,False
ACTG1P11,1436,0.1301,-0.3956,12820,False
HTRA2,2779,24.6661,-0.3956,12821,False
PHC2,826,4.5408,-0.3958,12822,False
TSNAX,3296,38.5961,-0.396,12823,False
TBX21,1180,7.8675,-0.396,12824,False
CACTIN,404,1.8648,-0.3961,12825,False
RP1-89D4.1,1026,0.9646,-0.3962,12826,False
HPS5,1903,11.9597,-0.3966,12827,False
ZFP41,580,1.2764,-0.3969,12828,False
MTOR,2906,14.1522,-0.397,12829,False
RP13-36G14.4,338,1.7296,-0.3971,12830,False
FBXW5,4147,61.973,-0.3973,12831,False
VCL,1644,10.5399,-0.3976,12832,False
RP11-166B2.5,461,2.494,-0.3976,12833,False
VPS39,3407,38.8485,-0.3977,12834,False
ZNF800,3643,48.6865,-0.3978,12835,False
CTC-232P5.4,266,0.2261,-0.3978,12836,False
PHF15,2211,15.2302,-0.3978,12837,False
CSRP1,3366,55.4713,-0.398,12838,False
RBMS1P1,1208,3.7626,-0.3983,12839,False
C3orf58,2477,25.3982,-0.3984,12840,False
LAMTOR1,4218,86.2616,-0.3986,12841,False
ELMO3,316,0.32,-0.3987,12842,False
RP11-1149O23.4,584,3.9214,-0.3988,12843,False
BOP1,430,2.3599,-0.3989,12844,False
CEP135,2384,13.238,-0.3989,12845,False
RPL12P33,507,0.2816,-0.3989,12846,False
CRAMP1L,935,3.3862,-0.3993,12847,False
APOBEC3F,3536,26.2562,-0.3993,12848,False
DIAPH1,5210,54.822,-0.3994,12849,False
SERPINE3,397,1.0998,-0.3995,12850,False
HSP90B1,9037,231.1214,-0.3995,12851,False
FAM120C,1110,5.7945,-0.3996,12852,False
SLC5A10,378,0.2566,-0.3997,12853,False
TAB1,1564,6.9329,-0.3998,12854,False
ABCF1,3867,48.8154,-0.4,12855,False
NAA38,4230,62.4454,-0.4001,12856,False
AC005562.1,1011,3.6067,-0.4002,12857,False
CTD-2302E22.2,344,1.2226,-0.4003,12858,False
NUMB,4342,59.9086,-0.4005,12859,False
SSRP1,2330,8.9971,-0.4005,12860,False
CTB-52I2.4,2269,0.766,-0.4011,12861,False
GABARAPL2,5576,166.4733,-0.4011,12862,False
COG2,2368,22.6143,-0.4012,12863,False
FAM115D,521,0.964,-0.4012,12864,False
RAP1GAP2,933,3.938,-0.4016,12865,False
BTN3A1,6993,94.753,-0.4017,12866,False
FAM87B,298,1.5949,-0.4018,12867,False
DOK2,6092,156.7895,-0.4018,12868,False
ALG9,1127,7.7294,-0.402,12869,False
PAPLN,585,1.6314,-0.4021,12870,False
PAICS,2027,21.113,-0.4023,12871,False
ACBD3,1254,5.0642,-0.4024,12872,False
C6orf57,534,3.0243,-0.4025,12873,False
RP11-777J24.1,301,0.3256,-0.4025,12874,False
U2AF2,2473,9.3422,-0.4026,12875,False
SESN2,1880,16.7621,-0.4027,12876,False
CTD-2659N19.10,426,1.5385,-0.4028,12877,False
OMD,417,2.1816,-0.4028,12878,False
SDC3,377,0.5708,-0.4029,12879,False
KIAA0947,1237,4.8334,-0.403,12880,False
TAF6,2422,20.7076,-0.4035,12881,False
RP11-159D12.5,717,4.0705,-0.4037,12882,False
BCL2L2-PABPN1,364,1.3626,-0.4037,12883,False
DDI2,2322,15.245,-0.4039,12884,False
BTF3L4,3923,50.3728,-0.404,12885,False
MCC,1031,2.1977,-0.4041,12886,False
RPL23AP79,1996,15.9079,-0.4041,12887,False
CTD-3126B10.1,634,2.3958,-0.4041,12888,False
CASP3,3624,49.4087,-0.4043,12889,False
C19orf24,3493,61.182,-0.4043,12890,False
ESPL1,556,2.7623,-0.4044,12891,False
FAM199X,1141,7.4952,-0.4044,12892,False
HMGN3,4803,93.4369,-0.4045,12893,False
ABCC3,516,2.8377,-0.4047,12894,False
SUPT20H,3290,41.8507,-0.4047,12895,False
GCSHP5,498,2.6572,-0.4049,12896,False
CSTB,5654,56.5025,-0.405,12897,False
JOSD1,3041,26.5725,-0.4051,12898,False
RP11-770J1.5,2476,24.4495,-0.4051,12899,False
APRT,7745,271.8548,-0.4053,12900,False
SIRT1,1553,10.8232,-0.4054,12901,False
CD47,9943,236.2252,-0.406,12902,False
LRRC8B,1241,5.4386,-0.4065,12903,False
ERAP2,4790,55.3209,-0.4066,12904,False
MFSD10,4701,90.0439,-0.4067,12905,False
UBN2,1377,2.917,-0.4068,12906,False
VPS18,1134,9.42,-0.4068,12907,False
RP11-54D18.4,512,0.2,-0.407,12908,False
MYOF,941,4.0769,-0.407,12909,False
BCYRN1,329,0.0236,-0.4082,12910,False
HPCAL1,2442,31.0611,-0.4083,12911,False
KIF2A,4424,51.2396,-0.4083,12912,False
RPRD1B,2171,16.7808,-0.4089,12913,False
SMCR8,915,5.1784,-0.409,12914,False
KB-1107E3.1,294,1.1618,-0.4091,12915,False
STAG3L3,5194,67.2839,-0.4091,12916,False
STK10,8408,128.7119,-0.4091,12917,False
RP11-138I1.3,230,1.0602,-0.4092,12918,False
URB2,613,2.4091,-0.4094,12919,False
RPS10-NUDT3,391,1.1959,-0.4095,12920,False
HNMT,754,8.9821,-0.4102,12921,False
DENND1B,2020,15.1502,-0.4102,12922,False
CTD-2007L18.5,279,1.5158,-0.4102,12923,False
AGFG2,1508,10.5182,-0.4102,12924,False
RRM2B,1431,9.1278,-0.4104,12925,False
TBK1,3613,35.6596,-0.4106,12926,False
AC097658.1,251,0.2862,-0.4108,12927,False
NAT10,1896,17.7652,-0.4108,12928,False
TXNDC5,1033,7.7356,-0.4109,12929,False
ERV3-1,1650,17.2487,-0.411,12930,False
PLEKHM2,1417,9.1248,-0.4111,12931,False
SURF4,7403,147.0943,-0.4115,12932,False
TMEM245,2053,10.305,-0.4115,12933,False
RP11-638I2.8,403,0.3952,-0.4116,12934,False
AC018766.5,1185,5.9314,-0.4117,12935,False
ILF3-AS1,1617,17.3298,-0.4117,12936,False
RP3-425P12.4,397,0.1027,-0.4119,12937,False
CCZ1,2118,17.2595,-0.4124,12938,False
SPDYA,938,3.5752,-0.4124,12939,False
MAP1LC3A,1692,20.3976,-0.4126,12940,False
RPL19P12,2657,1.4657,-0.4127,12941,False
AMPD3,1320,7.9128,-0.4128,12942,False
RP11-356I2.4,5537,38.6672,-0.4129,12943,False
CDCP1,595,1.9428,-0.4131,12944,False
CCT3,6238,166.9463,-0.4134,12945,False
ARPC5L,4653,66.1221,-0.4135,12946,False
RGS10,5210,114.3248,-0.4138,12947,False
FNBP4,7002,97.2789,-0.414,12948,False
ITGB8,560,1.6675,-0.414,12949,False
NNT-AS1,2282,6.9774,-0.4143,12950,False
SFT2D1,4768,95.4812,-0.4143,12951,False
DPP7,6673,173.3152,-0.4145,12952,False
NEK5,1925,0.2294,-0.4146,12953,False
KIAA0040,2464,25.7519,-0.4147,12954,False
RCN1,1401,12.0562,-0.4147,12955,False
TMEM168,2308,16.4246,-0.415,12956,False
IL21R-AS1,594,1.9563,-0.415,12957,False
SNRPA,3487,48.6169,-0.4154,12958,False
YTHDC2,2474,17.9082,-0.4162,12959,False
HERC2P3,3081,16.9257,-0.4165,12960,False
TBC1D4,3340,33.2018,-0.4168,12961,False
WDR36,2798,21.2762,-0.4169,12962,False
RP11-33B1.4,966,2.2446,-0.417,12963,False
ATG2B,2005,6.4028,-0.4172,12964,False
RP13-39P12.2,245,0.0385,-0.4175,12965,False
SUFU,1087,2.5397,-0.4176,12966,False
AC009065.1,370,0.5063,-0.4176,12967,False
BNIP3P1,908,0.6239,-0.4179,12968,False
LL22NC03-2H8.5,780,1.4258,-0.418,12969,False
MAN2B1,4855,80.3833,-0.4181,12970,False
NKRF,1394,9.1539,-0.4182,12971,False
SARM1,988,6.9132,-0.4184,12972,False
NOD2,1850,13.8355,-0.4185,12973,False
ATF7IP,9350,212.324,-0.4186,12974,False
MRPL19,2154,20.6048,-0.4186,12975,False
RP3-393E18.1,1302,0.9896,-0.4188,12976,False
AC019221.4,556,2.3881,-0.4191,12977,False
RPS6KA2,773,2.7938,-0.4193,12978,False
RP11-40C6.2,3754,56.6568,-0.4193,12979,False
SNORA57,500,2.4515,-0.4194,12980,False
ZC3H12B,296,0.9908,-0.4199,12981,False
NDUFA5,4875,76.5812,-0.42,12982,False
BRPF3,1002,7.1543,-0.42,12983,False
GSR,2467,14.8991,-0.42,12984,False
FANCF,824,6.1201,-0.4201,12985,False
CHST12,4127,69.4184,-0.4203,12986,False
ARL6IP4,6491,196.7335,-0.4206,12987,False
ZNF451,4942,42.7623,-0.4206,12988,False
CTD-3074O7.12,506,3.04,-0.421,12989,False
RAP1B,8185,208.7886,-0.4213,12990,False
STRAP,6123,152.3802,-0.4213,12991,False
RP11-64B16.2,438,0.2623,-0.4214,12992,False
RRN3P3,1799,8.4513,-0.4216,12993,False
STT3A,5983,83.4392,-0.4218,12994,False
RP11-509J21.1,489,1.8703,-0.4219,12995,False
SETD3,2346,23.5398,-0.4219,12996,False
SLC12A9,952,3.7049,-0.422,12997,False
SNTB2,1592,4.2224,-0.422,12998,False
LSM1,2892,47.3738,-0.4221,12999,False
RNF144B,1413,9.6358,-0.4221,13000,False
ZNF578,914,1.1706,-0.4221,13001,False
RWDD1,4286,70.0161,-0.4221,13002,False
MRPL12,2117,27.5496,-0.4223,13003,False
SCYL1,3085,37.722,-0.4223,13004,False
CYB561D1,683,3.4024,-0.4225,13005,False
AIP,5707,159.2725,-0.4226,13006,False
HEBP2,806,4.2773,-0.4227,13007,False
MEA1,3919,63.5606,-0.4229,13008,False
FAM149B1,1702,7.8263,-0.4232,13009,False
RNGTT,2607,23.1372,-0.4233,13010,False
ACTN4,6980,104.6509,-0.4234,13011,False
RNASEK,9749,403.7588,-0.4234,13012,False
SENP1,1910,12.9987,-0.4235,13013,False
PTPRC,15730,700.3337,-0.4236,13014,False
CTC-505O3.3,823,7.1627,-0.4236,13015,False
AL133458.1,468,0.7214,-0.4237,13016,False
AC008865.1,1556,12.8828,-0.4237,13017,False
PBK,366,2.301,-0.4237,13018,False
BLOC1S6,3536,23.6171,-0.4238,13019,False
EIF3E,9252,305.4192,-0.4239,13020,False
SECISBP2L,3755,41.4938,-0.4241,13021,False
STAM2,2575,20.175,-0.4241,13022,False
NSA2,3786,57.1739,-0.4243,13023,False
MRRFP1,482,0.1294,-0.4244,13024,False
UBXN1,7829,260.0426,-0.4244,13025,False
RTFDC1,5374,114.116,-0.4245,13026,False
VBP1,2554,39.7141,-0.4246,13027,False
FBXO7,5453,109.6648,-0.4246,13028,False
DHRS4-AS1,776,5.1345,-0.4247,13029,False
PRKACB,6103,97.1902,-0.425,13030,False
USP10,5212,89.8076,-0.4252,13031,False
MVB12B,1675,12.431,-0.4252,13032,False
NCK2,2182,20.6489,-0.4254,13033,False
PCMTD2,2927,29.3833,-0.4257,13034,False
ATP5G3,6789,235.6136,-0.4257,13035,False
EIF4E2,3568,54.8951,-0.4259,13036,False
NDUFA2,3726,62.2983,-0.426,13037,False
ANKRD10,11109,295.1845,-0.4261,13038,False
BST2,6102,173.3256,-0.4262,13039,False
ZC3H13,4863,55.5648,-0.4264,13040,False
MBD4,3455,45.7491,-0.4266,13041,False
MED29,4226,62.0304,-0.4271,13042,False
RPL23,13434,673.1288,-0.4273,13043,False
SNX6P1,195,0.0361,-0.4274,13044,False
RP11-338I21.1,339,1.6001,-0.4275,13045,False
MARK4,842,2.0051,-0.4276,13046,False
BAG5,1869,14.7408,-0.4277,13047,False
RASEF,252,0.0483,-0.4278,13048,False
TNK2,2360,9.1416,-0.4279,13049,False
FOXD2,199,0.2696,-0.428,13050,False
HELB,2286,15.7452,-0.4281,13051,False
AF131215.3,700,2.0779,-0.4282,13052,False
RP11-329A14.1,445,0.3046,-0.4283,13053,False
E2F2,544,1.3175,-0.4285,13054,False
BRE,4698,60.5094,-0.4286,13055,False
TBRG1,5355,67.9756,-0.4287,13056,False
ANKRD44,9678,160.2291,-0.4291,13057,False
SDHC,3864,70.5818,-0.4292,13058,False
FUBP1,8249,107.705,-0.4293,13059,False
RP11-407G23.3,285,0.6326,-0.4294,13060,False
GPR68,1503,13.396,-0.4296,13061,False
ZBTB45,759,1.3127,-0.4299,13062,False
INSR,1083,1.3937,-0.43,13063,False
HCG18,4763,52.7424,-0.43,13064,False
PPIE,5304,83.9155,-0.4302,13065,False
LRPPRC,3742,33.78,-0.4306,13066,False
RP11-259P6.3,791,0.3112,-0.4314,13067,False
EMILIN2,1126,5.8737,-0.4315,13068,False
ATP8A1,4129,23.6551,-0.4316,13069,False
AKIRIN1,4781,73.6139,-0.4317,13070,False
OSTCP1,239,0.0748,-0.4318,13071,False
UNC93B1,707,4.0777,-0.4322,13072,False
CSGALNACT2,2348,18.5194,-0.4323,13073,False
BAG4,2966,20.9197,-0.4323,13074,False
R3HDM4,2975,31.3844,-0.4327,13075,False
OXNAD1,5106,72.914,-0.4329,13076,False
TMED10,7043,175.6831,-0.4332,13077,False
CHMP4BP1,168,0.1099,-0.4332,13078,False
KMT2E,13226,308.8521,-0.4333,13079,False
TERF2,1505,9.9175,-0.4333,13080,False
PI4KB,3546,43.3373,-0.4335,13081,False
ZXDC,751,3.9633,-0.4336,13082,False
FBXO48,440,0.7316,-0.4339,13083,False
RP11-498P14.3,450,2.3461,-0.4341,13084,False
CTGLF12P,550,0.948,-0.4342,13085,False
MYL12B,10946,453.3397,-0.4343,13086,False
GSPT1,5131,45.1971,-0.4344,13087,False
NHP2L1,7059,195.6503,-0.4347,13088,False
PSMD5-AS1,2903,28.3686,-0.4349,13089,False
CCND3,8019,231.2749,-0.4351,13090,False
YTHDF2,4406,64.4656,-0.4354,13091,False
PCBD2,1121,5.8156,-0.4355,13092,False
NUP155,2408,11.7246,-0.4359,13093,False
CCDC85B,1160,10.3721,-0.4361,13094,False
C19orf70,2798,44.0118,-0.4361,13095,False
STX7,3095,29.484,-0.4363,13096,False
ANKRD52,2996,14.1789,-0.4363,13097,False
CTB-131B5.2,1274,11.5848,-0.4364,13098,False
RP11-206L10.8,517,2.1238,-0.4365,13099,False
EML3,2663,25.5024,-0.4365,13100,False
MMADHC,4474,87.151,-0.4367,13101,False
C11orf71,904,7.032,-0.4368,13102,False
DIMT1,2932,29.2632,-0.4369,13103,False
LRSAM1,2264,17.3102,-0.4369,13104,False
CTD-2017C7.1,1044,8.9649,-0.4372,13105,False
VDAC1,5784,128.7508,-0.4373,13106,False
RP11-715J22.1,997,0.7634,-0.4373,13107,False
AC115618.1,444,0.849,-0.4373,13108,False
RP11-350F4.2,337,1.496,-0.4375,13109,False
CTD-3222D19.11,344,1.6394,-0.4376,13110,False
CASS4,1788,11.6465,-0.4379,13111,False
HIST1H1E,2735,39.9623,-0.4384,13112,False
RPRD2,3667,28.2164,-0.4384,13113,False
C14orf182,1118,6.4623,-0.4384,13114,False
AC006129.1,766,4.2978,-0.4385,13115,False
DERL1,5313,86.6214,-0.4387,13116,False
RP11-747H7.3,826,6.6742,-0.4388,13117,False
RP11-317N8.5,272,0.0482,-0.439,13118,False
IFITM10,355,0.8637,-0.439,13119,False
SDC4,2743,20.2139,-0.439,13120,False
COX20,3830,50.5381,-0.4391,13121,False
CTD-2022H16.3,1224,0.4469,-0.4392,13122,False
DHFR,1273,7.645,-0.4393,13123,False
MAP7D3,1194,6.905,-0.4393,13124,False
HADHB,5543,101.7799,-0.4394,13125,False
AC139100.3,272,0.3304,-0.4395,13126,False
SCYL2,2859,25.3717,-0.4396,13127,False
RABGAP1L,7845,121.6043,-0.4398,13128,False
RP11-159D12.2,1312,6.3031,-0.4399,13129,False
MIR3654,583,0.809,-0.4401,13130,False
PTPN7,7176,178.6114,-0.4402,13131,False
ARHGEF18,1867,11.8443,-0.4403,13132,False
TNRC6B,11015,83.3958,-0.4406,13133,False
RP11-23P13.4,229,0.673,-0.4409,13134,False
G6PD,2521,18.833,-0.441,13135,False
SLC3A2,6354,177.4923,-0.4414,13136,False
GPR174,3746,65.261,-0.4415,13137,False
STK24,2172,16.9808,-0.4416,13138,False
FNIP2,896,2.5536,-0.4416,13139,False
ZNF213,372,1.5112,-0.4422,13140,False
TGFBRAP1,795,3.4417,-0.4422,13141,False
NLRC4,413,1.2583,-0.4423,13142,False
TCEB3,2243,21.2543,-0.4424,13143,False
FAM73A,1610,8.3535,-0.4425,13144,False
ATAD1,3323,41.6138,-0.4427,13145,False
CAMKK1,433,1.2841,-0.4427,13146,False
ACAP1,8567,254.1617,-0.4429,13147,False
MT2P1,283,1.5743,-0.4433,13148,False
RP11-256K7.1,346,0.1505,-0.4435,13149,False
BACE1,562,1.0019,-0.4436,13150,False
EMB,8892,182.5748,-0.4436,13151,False
GPR137,943,3.4995,-0.4442,13152,False
MIAT,5431,57.4966,-0.4442,13153,False
AC009469.1,283,1.0336,-0.4446,13154,False
SLC7A11,336,0.6802,-0.445,13155,False
PMF1,5012,82.7459,-0.4452,13156,False
CHD1L,2566,30.937,-0.4455,13157,False
CTB-37A13.1,299,1.66,-0.4455,13158,False
MKI67,1284,9.326,-0.4457,13159,False
RP11-1035H13.3,1525,17.0895,-0.4457,13160,False
MBTPS1,3898,43.3227,-0.4459,13161,False
GABPB2,3145,12.9366,-0.4459,13162,False
TRIM69,3763,45.5062,-0.4463,13163,False
SORT1,616,1.3915,-0.4463,13164,False
RP11-1094M14.11,714,6.5877,-0.4465,13165,False
LHX4,437,0.9089,-0.4466,13166,False
TBC1D10C,8087,194.6317,-0.4466,13167,False
NR1H2,4234,73.5125,-0.4474,13168,False
AK2,4833,79.7567,-0.4474,13169,False
SOAT1,4167,44.3397,-0.4474,13170,False
ATP5D,6758,142.9374,-0.4475,13171,False
CDC37,9139,277.3425,-0.4478,13172,False
SPC24,890,7.9785,-0.4478,13173,False
RP11-403I13.7,799,4.8878,-0.4478,13174,False
RNASEH1,1940,19.4483,-0.4478,13175,False
SERPINB1,5742,115.7834,-0.4478,13176,False
FAM127A,2815,29.926,-0.4479,13177,False
GPR137B,2054,11.5637,-0.4479,13178,False
DDHD1,4178,51.8043,-0.448,13179,False
MAP3K15,182,0.0359,-0.448,13180,False
CTB-5E10.3,922,5.9596,-0.448,13181,False
SRPRB,3431,41.5393,-0.4481,13182,False
PLGLB1,1588,9.4681,-0.4482,13183,False
PTPN22,7574,105.008,-0.4482,13184,False
RP11-144G6.12,2369,22.6217,-0.4485,13185,False
GFI1,938,6.7331,-0.4486,13186,False
PRAF2,2076,26.2445,-0.4489,13187,False
KDM4C,5308,58.5251,-0.449,13188,False
RP1-20B21.4,1985,22.0275,-0.4491,13189,False
LL22NC03-2H8.4,971,7.7034,-0.4495,13190,False
RCBTB1,1468,12.3757,-0.4495,13191,False
PHLDB3,1501,9.9667,-0.4495,13192,False
NABP2,2113,23.3505,-0.4496,13193,False
TTF1,1650,10.1152,-0.4497,13194,False
BCR,1774,11.3772,-0.4502,13195,False
RP11-1021N1.1,233,0.4347,-0.4502,13196,False
TECR,6831,173.2512,-0.4503,13197,False
RP11-417J8.3,527,0.929,-0.4504,13198,False
C19orf60,5988,165.7526,-0.4505,13199,False
HNRNPR,6683,132.4002,-0.4507,13200,False
RPS20P35,577,0.6208,-0.4508,13201,False
FBXL18,707,2.6389,-0.4509,13202,False
CFLAR,11753,254.7055,-0.4511,13203,False
FAM103A2P,1245,8.2257,-0.4512,13204,False
PSPC1,4993,73.8753,-0.4513,13205,False
SLC38A10,3658,42.8937,-0.4514,13206,False
SERINC3,6136,103.1666,-0.4517,13207,False
XPOT,2748,20.4102,-0.452,13208,False
HNRNPA1L2,6745,12.4219,-0.4521,13209,False
NCKAP1L,5096,57.1266,-0.4521,13210,False
FLOT2,4690,70.2655,-0.4521,13211,False
TP53RK,1637,15.6949,-0.4522,13212,False
MCM3AP,3814,37.5539,-0.4522,13213,False
TBC1D3G,993,3.5429,-0.4524,13214,False
TULP2,445,1.2013,-0.4524,13215,False
CTB-31O20.6,291,1.097,-0.4525,13216,False
UBE4B,2300,12.0516,-0.4526,13217,False
QRSL1,1559,12.2734,-0.4527,13218,False
TRIM35,1977,15.1971,-0.4528,13219,False
INSL6,232,0.4134,-0.453,13220,False
RP1-29C18.8,895,6.3976,-0.4531,13221,False
RRP7B,3301,21.1755,-0.4532,13222,False
ABI3,4222,64.8061,-0.4533,13223,False
LINC00623,4102,31.2504,-0.4534,13224,False
TMPPE,994,6.9406,-0.4535,13225,False
ANAPC1,4538,18.0662,-0.4536,13226,False
GNAQP1,163,0.1098,-0.4539,13227,False
ATXN10,4341,66.1835,-0.4541,13228,False
RTN1,316,1.0723,-0.4542,13229,False
JAG1,286,0.3066,-0.4546,13230,False
UBAP2L,5839,83.3999,-0.4547,13231,False
METTL2A,1446,8.7894,-0.4547,13232,False
PMS2CL,1020,3.0783,-0.4548,13233,False
ZNF672,1970,18.5756,-0.4548,13234,False
HS6ST1,728,4.3999,-0.4549,13235,False
FRG1,5070,50.7113,-0.4554,13236,False
CARM1,1255,0.9532,-0.4555,13237,False
SYTL1,3907,57.0159,-0.4556,13238,False
BTN2A1,2624,31.4813,-0.4556,13239,False
SLC4A7,4457,31.4579,-0.4559,13240,False
TRADD,2936,36.8169,-0.456,13241,False
GLIPR2,4570,82.0202,-0.4561,13242,False
KCTD5,1068,8.2837,-0.4561,13243,False
ACTG1P2,1505,0.1449,-0.4562,13244,False
NAP1L4,7940,168.95,-0.4563,13245,False
CYTH4,5130,67.0501,-0.4563,13246,False
OFD1,4856,64.9197,-0.4564,13247,False
CTD-2545M3.6,250,0.1509,-0.4565,13248,False
USP3,6580,107.3812,-0.4566,13249,False
CLIC2,447,2.8661,-0.4566,13250,False
ASXL1,3530,27.5345,-0.4566,13251,False
GCC1,1250,10.8515,-0.4567,13252,False
NOP14,1096,5.5998,-0.4568,13253,False
FAM207BP,298,0.3824,-0.457,13254,False
LNX2,407,1.5581,-0.457,13255,False
MYO9B,4669,30.9519,-0.457,13256,False
ST14,492,1.9478,-0.4572,13257,False
CLCN6,1428,9.5231,-0.4572,13258,False
TIMELESS,1168,7.7675,-0.4572,13259,False
PPRC1,1846,11.4915,-0.4572,13260,False
RP11-449M6.2,341,0.5535,-0.4578,13261,False
F2R,3474,44.9902,-0.4581,13262,False
RP11-278C7.1,2653,4.7872,-0.4583,13263,False
PRDX2,5929,171.7269,-0.4584,13264,False
RP11-307N16.6,413,0.134,-0.4586,13265,False
RP11-353N4.8,212,0.1695,-0.4589,13266,False
TRAF7,2760,14.6438,-0.4592,13267,False
PLCXD1,671,2.3581,-0.4592,13268,False
RBM8A,8386,247.5141,-0.4593,13269,False
APEX2,1343,11.4031,-0.4593,13270,False
ST13,6920,131.1383,-0.4595,13271,False
TYSND1,1044,9.5165,-0.4595,13272,False
RP11-667K14.3,507,1.8574,-0.4596,13273,False
C19orf66,4985,71.9753,-0.4598,13274,False
LA16c-60G3.8,283,0.0398,-0.4602,13275,False
VMP1,10665,237.2791,-0.4605,13276,False
MIS18BP1,5288,58.427,-0.4605,13277,False
HECTD2,933,4.9742,-0.4611,13278,False
RGS19,4143,73.6926,-0.4612,13279,False
AURKAIP1,4623,98.2923,-0.4612,13280,False
GYS1,2155,16.163,-0.4612,13281,False
RBM4,6231,149.2937,-0.4616,13282,False
TMED7,2765,28.6102,-0.4616,13283,False
AP001007.1,845,2.8225,-0.4617,13284,False
RPL7P26,459,0.1526,-0.4618,13285,False
PTGES3P1,3363,6.558,-0.4619,13286,False
GLB1L3,480,2.7235,-0.462,13287,False
SLMAP,2609,22.1336,-0.4621,13288,False
RP11-175O19.4,315,0.6711,-0.4621,13289,False
MAPK1IP1L,10712,218.6107,-0.4622,13290,False
ARHGAP26,3725,28.8585,-0.4622,13291,False
ARHGEF9,1410,8.2888,-0.4623,13292,False
INTS4L1,325,0.449,-0.4626,13293,False
SSH1,2077,11.4568,-0.4627,13294,False
RP11-463D19.2,636,1.7145,-0.4629,13295,False
H2AFZP1,313,1.442,-0.4629,13296,False
AC005037.3,592,2.8938,-0.463,13297,False
OSTM1,2953,33.0799,-0.463,13298,False
RP11-264B17.5,4025,65.9747,-0.4631,13299,False
APH1A,3062,30.3719,-0.4635,13300,False
VAMP8,6004,191.0049,-0.4635,13301,False
CAST,6983,97.812,-0.4636,13302,False
CTC-241F20.3,850,7.1179,-0.4637,13303,False
PINK1-AS,695,1.1213,-0.464,13304,False
FAM104A,3421,50.5642,-0.464,13305,False
BRAT1,2787,28.2946,-0.464,13306,False
CPED1,765,1.9141,-0.4642,13307,False
U47924.31,1236,5.9609,-0.4647,13308,False
WBP1,2729,32.4534,-0.4649,13309,False
MED13L,2840,12.5434,-0.465,13310,False
SMYD3-IT1,496,2.2737,-0.465,13311,False
STARD7,6677,67.3586,-0.4653,13312,False
NBPF15,6033,18.8367,-0.4656,13313,False
RP11-504P24.3,274,0.3775,-0.4659,13314,False
RP11-123K3.4,248,0.6494,-0.4659,13315,False
RPL30P14,421,0.4327,-0.4659,13316,False
GGA2,5975,82.404,-0.4659,13317,False
HMGB1,12751,443.8015,-0.4661,13318,False
POU2AF1,1746,15.1919,-0.4661,13319,False
TSPAN5,1405,10.2807,-0.4663,13320,False
ARPC2,13968,827.8319,-0.4668,13321,False
UBASH3A,3166,38.8968,-0.4669,13322,False
NDUFA9,3890,65.2877,-0.4669,13323,False
PSMB10,8379,271.1685,-0.4672,13324,False
UBE2D3,12151,383.474,-0.4672,13325,False
RP11-506M13.3,702,1.3625,-0.4673,13326,False
WHSC1L1,6729,90.4074,-0.4674,13327,False
MPHOSPH10,1984,21.2241,-0.4677,13328,False
PLCB2-AS1,204,0.6054,-0.4679,13329,False
CWC22,2976,24.7255,-0.4683,13330,False
DAD1,6284,181.9663,-0.4683,13331,False
MBD1,2949,34.6139,-0.4684,13332,False
RP11-79E3.1,214,0.1977,-0.4684,13333,False
TRGC1,3572,22.6471,-0.4685,13334,False
GPBP1,8549,137.06,-0.4685,13335,False
RP4-816N1.7,438,1.2904,-0.4686,13336,False
FAM83G,669,2.9812,-0.4687,13337,False
WDR76,1864,11.7407,-0.4689,13338,False
C4orf29,2635,20.8872,-0.4689,13339,False
TMEM209,2936,26.2391,-0.4689,13340,False
EDF1,9451,342.4486,-0.469,13341,False
MSNP1,1846,0.2248,-0.469,13342,False
CS,6914,118.7704,-0.4691,13343,False
RP4-714D9.5,434,1.2902,-0.4691,13344,False
AGMAT,457,2.3832,-0.4692,13345,False
IPO9,3202,23.5834,-0.4699,13346,False
GMEB2,915,5.0587,-0.47,13347,False
IFNLR1,774,5.1495,-0.4701,13348,False
RP11-390K5.6,447,1.7205,-0.4701,13349,False
RP11-321N4.5,531,1.0772,-0.4703,13350,False
OXCT1,3358,29.6425,-0.4707,13351,False
HMGB1P3,1355,9.1043,-0.4709,13352,False
ZFYVE26,2152,13.1187,-0.4709,13353,False
TRA2B,8360,177.8303,-0.471,13354,False
PLXNC1,1397,6.4253,-0.4711,13355,False
AP3M1,2530,31.1324,-0.4712,13356,False
MEX3C,1246,8.9341,-0.4713,13357,False
FAM217B,1882,14.0496,-0.4714,13358,False
SPTY2D1-AS1,1032,6.956,-0.4714,13359,False
TRIM73,744,2.5419,-0.4714,13360,False
TP73,712,3.34,-0.4714,13361,False
RPS2P4,1008,0.3057,-0.4714,13362,False
ELOVL5,7424,130.2877,-0.4716,13363,False
PIK3R5,5097,63.5337,-0.4716,13364,False
C19orf10,4748,92.2945,-0.4716,13365,False
NLRP6,539,2.3362,-0.4719,13366,False
ERO1LB,2375,15.7263,-0.4719,13367,False
RP11-513G19.1,203,0.1667,-0.4719,13368,False
MAFB,800,4.2759,-0.4719,13369,False
TBC1D3C,600,1.3279,-0.4723,13370,False
DIAPH2,829,2.5991,-0.4724,13371,False
NACC2,501,1.1741,-0.4728,13372,False
CDC42EP3,3413,35.5502,-0.473,13373,False
NDUFA11,6290,170.9665,-0.473,13374,False
RP11-791G16.4,168,0.0355,-0.4731,13375,False
KIAA1109,4785,37.0898,-0.4733,13376,False
RP11-927P21.5,879,5.0166,-0.4734,13377,False
MROH1,2142,12.546,-0.4736,13378,False
FGD3,6175,80.9758,-0.4738,13379,False
FGL2,1875,17.5311,-0.4741,13380,False
PRAM1,606,2.9315,-0.4744,13381,False
TNRC18,1781,4.664,-0.4745,13382,False
ABHD15,732,4.9681,-0.4747,13383,False
MAP7D1,1624,10.4541,-0.4747,13384,False
RP11-104G3.2,520,2.9742,-0.4747,13385,False
SEH1L,2322,22.4404,-0.4748,13386,False
PSMD7,4900,91.6979,-0.4749,13387,False
TIPRL,2763,34.7016,-0.475,13388,False
PPM1B,2694,20.1894,-0.475,13389,False
HINT3,1208,8.7092,-0.4752,13390,False
ARPC3,11429,553.3544,-0.4752,13391,False
TLR4,713,2.8043,-0.4755,13392,False
TRIP6,670,2.3465,-0.4758,13393,False
FLJ00104,567,0.4759,-0.476,13394,False
AC010335.1,992,4.608,-0.4763,13395,False
SECISBP2,4463,35.7098,-0.4763,13396,False
ITSN2,6900,100.7745,-0.4764,13397,False
C14orf166,5729,161.6953,-0.4765,13398,False
OTUD5,3396,26.5412,-0.4766,13399,False
EXOC7,4592,54.1392,-0.4769,13400,False
ZXDB,420,1.5821,-0.4771,13401,False
CNN2,10157,323.6936,-0.4772,13402,False
ANKRD36BP1,5045,71.7218,-0.4776,13403,False
UNC13D,4493,56.2827,-0.4781,13404,False
MTMR3,2586,18.0568,-0.4782,13405,False
NAB2,767,3.468,-0.4783,13406,False
MKKS,1784,18.93,-0.4784,13407,False
NEDD9,6069,79.5977,-0.4792,13408,False
ATP5O,5877,175.1613,-0.4792,13409,False
SEPW1,6168,168.9717,-0.4795,13410,False
RP11-471B22.2,895,8.987,-0.4801,13411,False
MIB1,924,2.7293,-0.4803,13412,False
DPP9,3834,42.8781,-0.4804,13413,False
RNF19B,1393,3.6225,-0.4806,13414,False
SLC8A1,1118,3.5485,-0.4809,13415,False
NAP1L1,11102,349.7489,-0.4815,13416,False
RP11-446E9.1,2194,1.2847,-0.4815,13417,False
RARA,1511,9.2096,-0.4818,13418,False
RP4-622L5.2,821,1.6306,-0.482,13419,False
RP11-742N3.1,14077,534.7076,-0.482,13420,False
SDC1,289,0.9026,-0.4821,13421,False
TOPORS,2369,24.2898,-0.4822,13422,False
AC010547.9,218,0.6032,-0.4823,13423,False
ZFX,5109,26.6604,-0.4824,13424,False
LTN1,2521,14.5178,-0.483,13425,False
BMP8A,259,0.1788,-0.483,13426,False
SOS2,1776,5.3755,-0.4831,13427,False
TMEM201,560,2.0879,-0.4832,13428,False
RNASEH2C,3627,49.7884,-0.4833,13429,False
UHMK1,2970,20.7458,-0.4834,13430,False
FCHSD2,2861,19.4888,-0.4834,13431,False
OTUD3,547,2.2433,-0.4835,13432,False
CTC-260F20.3,1078,0.4292,-0.4837,13433,False
DENND4A,5178,41.5206,-0.4838,13434,False
CYLD,5904,75.3999,-0.4838,13435,False
RP11-802E16.3,4055,19.354,-0.4839,13436,False
CRIP1,9229,242.9848,-0.4842,13437,False
DDT,3335,55.2753,-0.4843,13438,False
VAT1,1775,19.8281,-0.4844,13439,False
VHL,1725,11.0423,-0.4846,13440,False
POM121L10P,591,0.1187,-0.4846,13441,False
FBXO44,2647,20.2614,-0.4847,13442,False
ZNF507,1818,10.3795,-0.4847,13443,False
HS3ST3A1,563,2.1085,-0.4848,13444,False
LINC00937,656,1.1795,-0.4849,13445,False
HUWE1,9043,78.1096,-0.4853,13446,False
CTB-12A17.3,1951,5.3167,-0.4855,13447,False
CREBBP,5102,35.1121,-0.4857,13448,False
PSMD6-AS2,2607,28.89,-0.486,13449,False
RP11-346D14.1,810,0.1122,-0.4863,13450,False
ANKRD10-IT1,873,3.509,-0.4866,13451,False
TYW5,1162,6.1249,-0.4866,13452,False
ISCU,7046,198.0819,-0.487,13453,False
IL10RA,9061,195.7902,-0.4871,13454,False
BMS1P6,276,0.179,-0.4872,13455,False
RP11-517H2.6,362,0.3595,-0.4872,13456,False
FAM35A,1662,11.6394,-0.4872,13457,False
DNAJB11,6066,106.4815,-0.4873,13458,False
HNRNPLL,6808,83.4891,-0.4876,13459,False
EPT1,1909,12.6437,-0.4877,13460,False
FBXO21,2802,28.3229,-0.4877,13461,False
POLDIP2,2689,31.7928,-0.4879,13462,False
AC019050.1,217,0.1111,-0.4879,13463,False
AC002117.1,1654,8.4013,-0.488,13464,False
ARHGAP17,5167,45.1862,-0.488,13465,False
AL645728.2,1504,13.4962,-0.4882,13466,False
PDE7B,1571,6.295,-0.4882,13467,False
MIR29B1,4858,27.3216,-0.4882,13468,False
KANSL1L,721,1.4791,-0.4883,13469,False
FAM156A,2259,13.5129,-0.4884,13470,False
FRMD8,3504,26.6043,-0.4884,13471,False
NUTM2A-AS1,5411,57.2402,-0.4886,13472,False
SCAMP4,1513,5.2076,-0.4886,13473,False
SSH2,6175,52.7388,-0.4887,13474,False
GCH1,2045,16.0145,-0.4887,13475,False
CTD-2021A8.2,357,0.385,-0.4888,13476,False
BZRAP1-AS1,1446,8.7307,-0.4888,13477,False
NEDD8,5859,172.2152,-0.4888,13478,False
AC009951.1,1502,8.2008,-0.4891,13479,False
PCNP,5956,111.3643,-0.4895,13480,False
NGLY1,5406,73.007,-0.4895,13481,False
RP11-138I1.4,12679,290.3309,-0.4896,13482,False
CLASP2,4386,38.4096,-0.4897,13483,False
AP003419.11,4131,58.6828,-0.4897,13484,False
MYH11,1694,2.5226,-0.4897,13485,False
C21orf33,5258,71.5612,-0.4898,13486,False
IKZF2,2164,17.0241,-0.4899,13487,False
CPSF2,2359,17.8567,-0.49,13488,False
AVL9,4314,55.8285,-0.49,13489,False
CASC5,1008,7.4653,-0.4901,13490,False
SAFB,6075,88.4272,-0.4901,13491,False
ZCCHC7,3853,41.4566,-0.4902,13492,False
GXYLT1,1011,5.3988,-0.4902,13493,False
CARNS1,404,2.7501,-0.4903,13494,False
UBE2A,4462,71.5201,-0.4903,13495,False
PDXDC1,6155,70.341,-0.4906,13496,False
TOMM40,938,3.5262,-0.4908,13497,False
EHMT1,4494,49.2015,-0.4908,13498,False
CSNK2B,6977,207.4215,-0.4908,13499,False
PTPRA,2241,12.7634,-0.4909,13500,False
EGLN1,843,3.1033,-0.4909,13501,False
EEF1A1P24,2077,0.3097,-0.491,13502,False
GPATCH2,1272,7.6934,-0.4911,13503,False
COMMD6,6691,188.4656,-0.4911,13504,False
EIF2AK4,1862,13.3397,-0.4913,13505,False
KCTD9,1638,8.1688,-0.4913,13506,False
LPXN,7619,181.682,-0.4915,13507,False
BLOC1S3,1815,19.2953,-0.4916,13508,False
TMED5,5583,72.2985,-0.4916,13509,False
CCT7,6061,170.1852,-0.4918,13510,False
AUP1,7335,178.7306,-0.4918,13511,False
SRP9,7606,222.1576,-0.4919,13512,False
CCT8,6323,170.1857,-0.4919,13513,False
RP11-464F9.1,1190,5.5125,-0.4922,13514,False
RAB28,1759,13.1567,-0.4922,13515,False
ATP1B3-AS1,544,3.8281,-0.4923,13516,False
TRMT61A,753,5.4406,-0.4924,13517,False
FLNA,10234,227.7134,-0.4924,13518,False
EPSTI1,5272,74.3486,-0.4925,13519,False
CTD-2235H24.2,537,3.2514,-0.4925,13520,False
DCLRE1B,811,4.1175,-0.4929,13521,False
RP11-750H9.5,654,2.9883,-0.4929,13522,False
JAKMIP1,2971,36.0337,-0.493,13523,False
RP11-166B2.3,2018,23.6032,-0.4935,13524,False
FAM49B,8013,224.9542,-0.4935,13525,False
EIF3D,7145,200.2107,-0.4937,13526,False
RP4-530I15.9,699,1.3088,-0.4937,13527,False
RP11-77K12.1,420,0.9845,-0.494,13528,False
EPRS,3579,38.4738,-0.494,13529,False
KCNK5,1426,13.0806,-0.4942,13530,False
POU5F2,588,3.06,-0.4942,13531,False
TBL1X,1172,5.4525,-0.4943,13532,False
SLA2,4967,71.2537,-0.4944,13533,False
GPR155,2308,12.1794,-0.4945,13534,False
TNFRSF1B,8205,141.0962,-0.4946,13535,False
WAS,2790,8.3457,-0.4947,13536,False
PDPK1,3292,23.1599,-0.4951,13537,False
NCLN,2902,30.9546,-0.4951,13538,False
PDE4DIP,5832,65.3651,-0.4953,13539,False
KAT6B,3455,25.8782,-0.4953,13540,False
TCF19,1196,11.2931,-0.4954,13541,False
FAM3A,1724,16.998,-0.496,13542,False
SLC15A4,1688,11.902,-0.4961,13543,False
FCGBP,627,1.7649,-0.4962,13544,False
RP11-91K8.4,394,1.4434,-0.4964,13545,False
SHCBP1,693,5.0986,-0.4965,13546,False
RP11-457M11.2,407,2.1556,-0.4965,13547,False
FICD,936,6.5187,-0.4966,13548,False
SLC2A1,2964,37.1004,-0.4966,13549,False
PSMA5,6970,193.609,-0.4972,13550,False
ACTR3,10052,321.2265,-0.4976,13551,False
RP11-269F20.1,420,2.5861,-0.4977,13552,False
IMPDH1P10,2004,11.8229,-0.4982,13553,False
FYCO1,2798,23.0879,-0.4985,13554,False
HMGB3,893,7.159,-0.4987,13555,False
GPR114,2127,18.33,-0.4989,13556,False
LRIG2,2276,12.0108,-0.499,13557,False
SPRYD7,609,2.6108,-0.499,13558,False
CD2AP,1359,6.0337,-0.4991,13559,False
AIDA,1861,10.8608,-0.4992,13560,False
SNRPA1,6575,156.5428,-0.4994,13561,False
IMMTP1,240,0.0244,-0.4995,13562,False
LPCAT2,804,4.1782,-0.4996,13563,False
ARPC4-TTLL3,5146,24.7027,-0.4997,13564,False
PIGY,2233,23.0713,-0.4999,13565,False
ARRDC3,5829,83.1411,-0.4999,13566,False
RP11-473I1.9,3577,28.1859,-0.4999,13567,False
ABAT,1165,7.2779,-0.5,13568,False
AL627309.1,1219,2.275,-0.5004,13569,False
PLXDC2,1281,12.0591,-0.5007,13570,False
DHCR24,851,5.0065,-0.5007,13571,False
FOXK2,2150,11.3469,-0.5008,13572,False
FOXP1-AS1,256,0.2054,-0.5008,13573,False
SNORA81,854,4.2835,-0.501,13574,False
CELSR3,627,1.4973,-0.501,13575,False
MICU1,2159,20.8776,-0.5011,13576,False
PALD1,499,1.8814,-0.5011,13577,False
BAHD1,759,1.7704,-0.5015,13578,False
ENO1P1,2345,2.8881,-0.5016,13579,False
KIF1C,1001,1.3276,-0.5017,13580,False
NDUFA13,7677,247.3466,-0.5018,13581,False
KXD1,4460,72.4716,-0.5018,13582,False
ARPC1B,11134,482.537,-0.5018,13583,False
ATF6B,5335,85.9033,-0.5021,13584,False
ERBB2IP,4880,42.1927,-0.5021,13585,False
ATP13A3,2243,13.6155,-0.5026,13586,False
DVL1,313,1.0812,-0.5026,13587,False
RP11-12J10.3,474,0.5361,-0.5027,13588,False
POMC,783,7.0779,-0.503,13589,False
RBMXL1,3693,7.2495,-0.503,13590,False
LA16c-390E6.5,1392,9.3161,-0.5032,13591,False
HINT1,9108,307.0281,-0.5037,13592,False
PA2G4,6297,104.6779,-0.5038,13593,False
PHTF1,3126,28.4607,-0.5041,13594,False
AC004980.7,895,1.6466,-0.5041,13595,False
ATF4,6742,172.4383,-0.505,13596,False
FAM96B,5530,151.0915,-0.5052,13597,False
RP11-157F20.1,368,0.1422,-0.5052,13598,False
DOK6,354,0.7105,-0.5054,13599,False
TACC3,3114,45.0467,-0.5056,13600,False
FOXD2-AS1,435,1.5603,-0.5057,13601,False
RP11-88I18.2,418,1.1735,-0.5058,13602,False
MICAL3,1951,11.8219,-0.5059,13603,False
CTD-2562J17.7,682,5.22,-0.5061,13604,False
ILK,4513,87.7385,-0.5065,13605,False
CHAF1B,650,2.99,-0.5065,13606,False
ETV3,2921,25.0345,-0.5065,13607,False
UBR1,3917,37.1918,-0.5066,13608,False
NRIP1,848,1.9623,-0.5067,13609,False
RPS7,14492,892.1392,-0.5068,13610,False
VWA8,1688,8.633,-0.5069,13611,False
DYNC1I2,4094,40.726,-0.507,13612,False
VAPB,2261,16.1375,-0.5072,13613,False
DDX54,2814,33.6847,-0.5073,13614,False
SBK1,314,0.77,-0.5076,13615,False
MAP2K3,5424,91.8983,-0.508,13616,False
MYO7A,2741,23.7004,-0.508,13617,False
AC024592.12,4331,2.1177,-0.5082,13618,False
AC009542.2,411,1.3591,-0.5082,13619,False
RP11-77H9.5,576,2.3272,-0.5083,13620,False
CKLF-CMTM1,773,2.6511,-0.5084,13621,False
MED16,2413,27.2425,-0.5086,13622,False
PFAS,1283,5.75,-0.5086,13623,False
RSL1D1,6628,155.4587,-0.5089,13624,False
H3F3AP4,12005,432.4529,-0.5093,13625,False
ADAR,7077,73.4026,-0.5095,13626,False
ATP5G2P1,207,0.1203,-0.5098,13627,False
CYFIP2,7683,155.1135,-0.5102,13628,False
RP11-726G1.1,404,0.275,-0.5108,13629,False
ATP6V0D1,5344,100.023,-0.5113,13630,False
ERLEC1,3979,47.3416,-0.5116,13631,False
RPIA,1050,9.5607,-0.5116,13632,False
ZNHIT6,1501,11.3048,-0.512,13633,False
RAB10,5495,91.6049,-0.5121,13634,False
TIAM1,3013,18.0947,-0.5121,13635,False
ECH1,6931,199.1386,-0.5121,13636,False
SERTAD1,4353,72.6151,-0.5122,13637,False
PDCD4-AS1,550,2.8939,-0.5124,13638,False
MRFAP1,6782,179.5643,-0.5125,13639,False
NRP2,556,2.4005,-0.5126,13640,False
BIN2,6587,157.2825,-0.513,13641,False
TCHP,2541,19.4581,-0.5131,13642,False
DUSP3,1317,8.9697,-0.5134,13643,False
FUCA2,1878,17.7122,-0.5135,13644,False
RSU1,4345,66.6957,-0.5135,13645,False
HIC2,485,0.8145,-0.5136,13646,False
RP11-26F2.1,395,0.1892,-0.5136,13647,False
KLRC3,1691,13.3556,-0.5142,13648,False
ATP5A1,8240,265.4027,-0.5145,13649,False
MLF2,5755,152.9617,-0.5146,13650,False
CDK11A,6075,54.1759,-0.5147,13651,False
ENG,1956,20.7157,-0.515,13652,False
RP3-430N8.10,531,3.3878,-0.515,13653,False
GAA,1808,16.6031,-0.5151,13654,False
ZC3H12D,3510,35.4965,-0.5152,13655,False
BRD7,3894,23.5485,-0.5153,13656,False
FAM161B,1290,6.1941,-0.5156,13657,False
PNO1,1853,16.5599,-0.5158,13658,False
OAS2,4637,65.1019,-0.5158,13659,False
WAC-AS1,1612,5.634,-0.5159,13660,False
SLC30A1,622,2.5932,-0.516,13661,False
RBM12,5938,96.3979,-0.5164,13662,False
PRDM1,9319,163.4519,-0.5164,13663,False
RP11-974F13.5,950,2.9372,-0.5165,13664,False
SSU72,4188,65.0936,-0.5166,13665,False
FAM13B,3781,36.5185,-0.5171,13666,False
RP11-793H13.10,1301,5.052,-0.5174,13667,False
PSPC1P1,332,0.3182,-0.5182,13668,False
CTD-2369P2.8,790,0.5139,-0.5191,13669,False
CTD-3148I10.9,402,1.8458,-0.5191,13670,False
RHEB,3868,62.0971,-0.5191,13671,False
PLOD1,1215,10.8165,-0.5192,13672,False
RP11-180C16.1,675,2.9537,-0.5192,13673,False
PFDN2,3368,55.5557,-0.5195,13674,False
EHD1,6001,90.9839,-0.5195,13675,False
HPS1,5155,85.5952,-0.5197,13676,False
MILR1,633,3.3125,-0.5197,13677,False
CHST15,895,3.2973,-0.5198,13678,False
CBWD5,6625,64.8091,-0.52,13679,False
GCN1L1,3031,18.7957,-0.52,13680,False
AC093609.1,226,0.7445,-0.5201,13681,False
MEAF6,4565,88.4352,-0.5204,13682,False
NSUN6,2403,10.2974,-0.5204,13683,False
CDT1,526,1.3113,-0.5206,13684,False
RANBP2,9374,70.9738,-0.5206,13685,False
RASGRP4,458,1.1475,-0.5208,13686,False
PSMC1P5,2162,25.4838,-0.5208,13687,False
RP11-372E1.1,1511,0.5452,-0.5211,13688,False
TADA2B,1061,4.484,-0.5212,13689,False
C17orf70,2299,22.4928,-0.5214,13690,False
PACS2,1226,6.4804,-0.5216,13691,False
SNTB1,827,3.2497,-0.5224,13692,False
AC007347.1,1072,5.3789,-0.5224,13693,False
STAG3L5P,2901,19.297,-0.5227,13694,False
RPL24,12482,581.6584,-0.5228,13695,False
ZNF280C,1491,7.7138,-0.5228,13696,False
RP1-111C20.4,1984,8.2641,-0.5229,13697,False
RP11-106M3.1,251,0.1444,-0.5232,13698,False
TMEM14D,294,0.3404,-0.5234,13699,False
CTD-2207O23.3,659,1.8468,-0.5235,13700,False
RGPD2,3054,13.5319,-0.5242,13701,False
MICAL1,5325,61.4831,-0.5243,13702,False
BRD2,11821,180.9606,-0.5243,13703,False
MSRA,1155,4.2439,-0.5245,13704,False
POM121C,4480,24.5899,-0.5246,13705,False
SMAP2,5942,71.4142,-0.5247,13706,False
WAPAL,4290,24.922,-0.5247,13707,False
ITPRIP,3673,32.3479,-0.5249,13708,False
AC010894.5,541,2.1208,-0.5253,13709,False
EIF3H,9079,263.3248,-0.5253,13710,False
CNOT6LP1,1067,0.3396,-0.5256,13711,False
ZNF22,2027,22.6714,-0.5257,13712,False
RP11-798G7.6,1057,7.0659,-0.5258,13713,False
RAD9A,2491,3.1111,-0.5259,13714,False
CLPTM1,2853,29.8483,-0.526,13715,False
SUMO1P4,411,0.9865,-0.5266,13716,False
ATP6V1A,3121,30.9068,-0.5267,13717,False
RP11-1100L3.7,2058,20.3467,-0.5267,13718,False
UQCRB,7303,191.2751,-0.5268,13719,False
UBN1,1910,10.2806,-0.5275,13720,False
SPIN4,518,2.533,-0.5283,13721,False
PCGF3,3154,26.0818,-0.5285,13722,False
KIFC1,820,6.7275,-0.5286,13723,False
SUGP2,3886,33.1938,-0.5287,13724,False
PDS5B,4291,28.1894,-0.529,13725,False
AC144449.1,308,1.1319,-0.529,13726,False
KARS,4699,87.2913,-0.5291,13727,False
Z83001.1,294,0.7955,-0.5293,13728,False
HLA-DRB9,250,0.2299,-0.5296,13729,False
TAOK1,3514,12.529,-0.5299,13730,False
AC007956.1,605,1.5527,-0.5302,13731,False
KHSRP,2624,5.4309,-0.5303,13732,False
PKM,11030,205.3826,-0.5303,13733,False
VASH1,956,2.8971,-0.5305,13734,False
HEG1,1454,8.5956,-0.5305,13735,False
DNM1P47,332,0.1537,-0.5307,13736,False
SDK2,546,1.1503,-0.531,13737,False
MCPH1,2357,19.211,-0.5312,13738,False
GZMAP1,192,0.1596,-0.5312,13739,False
RNASEH2B,3383,48.3169,-0.5313,13740,False
ITM2B,11895,462.1191,-0.5314,13741,False
GRINA,2341,9.1415,-0.5314,13742,False
TRPS1,3632,24.5001,-0.5314,13743,False
ZC3H12A,4759,65.8227,-0.5316,13744,False
DEK,6541,120.0935,-0.5318,13745,False
GPX4,7104,208.7416,-0.5321,13746,False
COPB1,6377,95.5996,-0.5322,13747,False
CCDC69,3317,34.6313,-0.5326,13748,False
DCTN1,4332,63.4473,-0.5327,13749,False
UTY,4100,38.1999,-0.5329,13750,False
AC116366.6,3073,22.3952,-0.5329,13751,False
GNA12,1106,5.4734,-0.5333,13752,False
ZC3H6,1802,5.5711,-0.5335,13753,False
TNFRSF21,615,2.8076,-0.5336,13754,False
ENGASE,944,5.2152,-0.5336,13755,False
ECM1,386,1.9069,-0.5336,13756,False
DLGAP4,2508,16.5986,-0.5336,13757,False
CTD-2647L4.5,1001,4.3635,-0.5341,13758,False
ASGR1,381,2.0142,-0.5342,13759,False
BTBD2,1071,4.5164,-0.5343,13760,False
ESR2,812,3.6881,-0.5344,13761,False
RP11-466F5.9,537,0.3547,-0.5345,13762,False
HDAC5,2511,20.4888,-0.5347,13763,False
FAM122A,642,3.3789,-0.5354,13764,False
CPPED1,1571,12.0669,-0.5356,13765,False
PTMA,15683,1300.6325,-0.5356,13766,False
RP11-296A16.1,210,0.0718,-0.5357,13767,False
PRELID1,7042,216.0197,-0.5361,13768,False
C5orf24,1629,11.8856,-0.5363,13769,False
DNAJC30,807,4.0635,-0.5364,13770,False
SNRPD1,4340,86.0149,-0.5368,13771,False
RP11-75L1.2,8135,177.0033,-0.5369,13772,False
STAT5B,4129,38.4317,-0.537,13773,False
MAPKAPK3,3248,45.107,-0.5373,13774,False
ARL11,666,2.5418,-0.5379,13775,False
GLRXP3,367,0.4551,-0.538,13776,False
ZZEF1,3924,22.1788,-0.5381,13777,False
PARVG,7038,119.4576,-0.5384,13778,False
RBBP4,7172,134.2276,-0.5386,13779,False
PARP8,8789,150.6151,-0.5391,13780,False
DEF6,7666,157.4966,-0.5392,13781,False
RECQL,3388,39.9739,-0.5392,13782,False
IARS2,2416,23.5497,-0.5393,13783,False
AL590762.1,7537,193.3498,-0.5394,13784,False
FAM21D,1868,11.3841,-0.5394,13785,False
RP11-109P14.10,1978,19.2331,-0.5396,13786,False
AC079742.4,672,3.1554,-0.5398,13787,False
FAM115A,1244,7.7491,-0.5399,13788,False
MYBL2,695,3.9796,-0.54,13789,False
GLS,5487,41.289,-0.54,13790,False
NPM1P9,526,0.1308,-0.5402,13791,False
FAM43A,347,0.9024,-0.5402,13792,False
CTC-451P13.1,6357,11.4385,-0.5402,13793,False
CELF2-AS1,1074,6.1829,-0.5404,13794,False
RP11-603J24.5,534,2.1083,-0.5406,13795,False
INPP5E,529,2.7482,-0.5406,13796,False
VKORC1L1,668,2.5798,-0.5408,13797,False
RP11-344H11.4,443,0.2374,-0.541,13798,False
SIGLEC5,852,1.41,-0.5411,13799,False
CHSY1,1630,7.9667,-0.5411,13800,False
CTCF,1638,13.0126,-0.5413,13801,False
IRF1,8714,174.955,-0.5415,13802,False
TAP1,10248,285.9633,-0.5416,13803,False
SNORA27,353,1.5983,-0.5417,13804,False
IRF2,5485,93.4031,-0.5423,13805,False
XRCC6P5,273,0.0338,-0.5426,13806,False
BTAF1,5275,35.022,-0.5426,13807,False
CDC14A,3290,28.6596,-0.5429,13808,False
COL6A3,611,2.8359,-0.5431,13809,False
SERF2,12892,687.7553,-0.5441,13810,False
STAG3L2,4731,39.3916,-0.5445,13811,False
AL034548.1,2103,4.0465,-0.5445,13812,False
TPM3,12769,585.0325,-0.5448,13813,False
RPS10P3,507,0.3342,-0.5449,13814,False
HNRNPH1,16025,1057.4963,-0.545,13815,False
AC006460.2,1397,3.5995,-0.5452,13816,False
ATXN7L3B,2876,28.7529,-0.5453,13817,False
CBWD1,5382,39.1502,-0.546,13818,False
ARNT,3963,32.269,-0.5461,13819,False
PRKDC,6286,55.6227,-0.5463,13820,False
AGAP11,355,0.0936,-0.5472,13821,False
APOBEC3C,12591,269.1639,-0.5472,13822,False
SPHK2,1387,9.6472,-0.5475,13823,False
TWF2,5443,117.9122,-0.5476,13824,False
POLR3K,2193,27.7163,-0.5476,13825,False
OPA3,1731,7.8515,-0.5479,13826,False
PIN1,4569,90.1733,-0.548,13827,False
BCORL1,872,2.1205,-0.5482,13828,False
PCIF1,4737,64.1435,-0.5484,13829,False
TNFRSF10A,1755,8.8495,-0.5494,13830,False
UBE2D1,1937,19.3261,-0.5495,13831,False
SNX6,5744,108.8641,-0.5496,13832,False
RP11-798G7.5,511,2.6304,-0.5498,13833,False
CSF2RB,1421,8.465,-0.5499,13834,False
STX6,1159,5.9679,-0.5502,13835,False
EIF4E,5558,69.054,-0.5503,13836,False
LRRC41,2754,29.5121,-0.5506,13837,False
PIK3AP1,2762,20.7481,-0.5506,13838,False
TACC1,5979,37.6234,-0.5507,13839,False
TBC1D2B,3257,27.466,-0.5508,13840,False
RPL7L1,3811,37.3883,-0.5511,13841,False
NUMA1,5537,66.4,-0.5512,13842,False
ATRN,988,2.6753,-0.5516,13843,False
DTX2,3968,39.8577,-0.5519,13844,False
HAUS5,2267,19.9526,-0.5519,13845,False
ADH5P4,700,0.1776,-0.5521,13846,False
ADRM1,5591,118.1906,-0.5523,13847,False
RP11-1000B6.3,917,5.8133,-0.5525,13848,False
CYTIP,11357,313.1499,-0.5525,13849,False
GOLGA2,2194,11.5165,-0.5527,13850,False
BCL2L12,1035,8.2714,-0.5527,13851,False
GNB2,2997,20.3188,-0.5527,13852,False
PAIP2,9062,279.464,-0.553,13853,False
PSMD14,3769,54.7268,-0.5531,13854,False
RP11-440L14.4,616,2.2381,-0.5531,13855,False
ZNF148,2654,20.32,-0.5534,13856,False
AC132872.2,1244,8.4117,-0.5536,13857,False
PRNP,5489,100.9804,-0.5536,13858,False
SNAP29,2627,23.3847,-0.5538,13859,False
RP11-350G8.3,1520,0.5082,-0.5541,13860,False
WIPI2,2205,16.004,-0.5542,13861,False
SACM1L,4640,54.6232,-0.5543,13862,False
RALGAPA2,1489,5.918,-0.5545,13863,False
RP5-1142A6.9,507,0.9758,-0.5548,13864,False
VEGFA,668,1.094,-0.5548,13865,False
CTB-39G8.3,507,2.4365,-0.555,13866,False
UGDH-AS1,1120,0.2984,-0.5553,13867,False
CDK2AP2,6302,154.037,-0.5555,13868,False
RP11-361D15.2,409,1.0865,-0.5555,13869,False
XAB2,2576,9.5559,-0.5555,13870,False
SP3,4319,30.5988,-0.5557,13871,False
SKA1,544,2.6217,-0.5557,13872,False
FERMT3,6375,164.6863,-0.556,13873,False
CDC42SE1,6011,113.7971,-0.5561,13874,False
PEBP1,6355,137.9154,-0.5563,13875,False
CD3G,11078,420.5095,-0.5566,13876,False
GOLGA8I,670,0.4238,-0.5572,13877,False
Z82188.1,6135,72.623,-0.5575,13878,False
IDI2-AS1,504,1.2547,-0.5576,13879,False
AP000692.9,347,1.393,-0.5576,13880,False
MAPRE2,7285,107.5406,-0.5578,13881,False
CPSF6,5227,58.1743,-0.558,13882,False
TMPO,4706,67.3142,-0.5582,13883,False
PATZ1,937,5.8212,-0.5583,13884,False
TARSL2,2052,12.874,-0.5588,13885,False
NEK7,1879,12.4778,-0.5591,13886,False
ADNP2,819,3.8448,-0.5594,13887,False
SUMF2,8256,83.9046,-0.5596,13888,False
SRPK2,4535,59.3826,-0.5599,13889,False
DIAPH3,478,1.4081,-0.56,13890,False
RP11-521B24.5,513,1.3048,-0.5602,13891,False
VPS4B,3354,43.4081,-0.5603,13892,False
SIGLEC9,898,8.0766,-0.5604,13893,False
RPTOR,2281,12.1167,-0.5604,13894,False
CTA-445C9.15,889,4.9229,-0.5604,13895,False
SNRNP48,948,4.4564,-0.5605,13896,False
LMF2,4343,53.1627,-0.5606,13897,False
RP11-142L4.3,508,0.2272,-0.5607,13898,False
SREK1IP1,2397,22.6702,-0.5607,13899,False
BANF1,5362,108.6904,-0.5609,13900,False
ATAD2B,3411,24.4146,-0.5613,13901,False
CNOT6L,7722,71.1288,-0.5614,13902,False
RP11-345J4.5,6241,62.774,-0.5618,13903,False
ZNF587,1984,9.9152,-0.562,13904,False
LYG2,360,2.0809,-0.562,13905,False
WDR44,2291,15.2068,-0.5624,13906,False
CSTA,732,5.8498,-0.5624,13907,False
SMC2,1668,13.8298,-0.5625,13908,False
LSM4,4363,82.0128,-0.5631,13909,False
HIGD1B,262,1.1323,-0.5633,13910,False
YWHAB,11537,359.5728,-0.5637,13911,False
NDUFV3,3302,16.2507,-0.5637,13912,False
RP11-145M9.4,557,2.2425,-0.5643,13913,False
AC020595.1,243,0.7592,-0.5644,13914,False
SLC25A44,2836,32.1509,-0.5645,13915,False
TET2,4259,38.3953,-0.5646,13916,False
RAB13,780,6.9155,-0.5646,13917,False
TUBB2B,640,1.0463,-0.5646,13918,False
GPM6B,1111,8.749,-0.5647,13919,False
ACTR1A,4528,64.8134,-0.5648,13920,False
CD99P1,893,5.422,-0.5648,13921,False
SCAP,2882,27.6492,-0.5649,13922,False
RP11-147L13.2,1240,8.695,-0.565,13923,False
DDB2,3560,46.5315,-0.5654,13924,False
TMC8,6545,69.548,-0.5655,13925,False
MATR3,11290,270.2898,-0.5656,13926,False
AC022210.2,1394,0.5746,-0.5657,13927,False
SULT1A4,2603,12.3525,-0.5659,13928,False
SLC25A45,4299,43.3661,-0.566,13929,False
PCNXL4,3944,44.0201,-0.5663,13930,False
COX20P1,614,1.4559,-0.5666,13931,False
IFIH1,2141,17.7088,-0.5672,13932,False
YTHDC1,6213,88.5481,-0.5673,13933,False
MTRNR2L11,400,0.0516,-0.5677,13934,False
PPP2R5A,1644,10.2619,-0.568,13935,False
OSTF1,6293,110.557,-0.5682,13936,False
RP11-710M11.1,442,1.1837,-0.5683,13937,False
RP11-63M22.2,1025,4.2091,-0.5688,13938,False
ARFGAP1,2986,32.096,-0.5696,13939,False
ULK1,1396,5.3671,-0.5703,13940,False
TMEM229B,1017,6.6912,-0.5703,13941,False
ZBTB44,2345,12.1409,-0.5704,13942,False
TXNL1,4093,59.6695,-0.5707,13943,False
LINC00863,1061,1.9527,-0.5708,13944,False
C2orf15,946,4.0772,-0.5709,13945,False
ELL2,3872,27.2779,-0.571,13946,False
RP11-84G21.1,733,0.3553,-0.5712,13947,False
PRPF4B,6603,29.3037,-0.5715,13948,False
TSSC2,1393,0.3368,-0.5716,13949,False
UPF1,2033,8.6214,-0.5718,13950,False
PLP2,6283,157.2053,-0.5723,13951,False
LMAN2,7161,182.5112,-0.5723,13952,False
SLC18A2,849,2.0538,-0.5723,13953,False
NR4A3,4806,35.6142,-0.5723,13954,False
ARHGEF38,246,0.2553,-0.5724,13955,False
VTI1A,3313,36.6629,-0.5726,13956,False
MITF,542,2.6794,-0.5728,13957,False
SH3BP2,4024,24.0055,-0.573,13958,False
OTUD1,1034,4.0914,-0.5731,13959,False
RP11-889L3.4,756,0.2134,-0.5732,13960,False
MBTPS2,845,4.6354,-0.5733,13961,False
COX6B1,6438,178.1288,-0.5733,13962,False
Z95704.5,873,1.6381,-0.5734,13963,False
REL,7682,61.7629,-0.5735,13964,False
PRDX3,5036,104.723,-0.5737,13965,False
RP11-544A12.4,766,2.7243,-0.574,13966,False
NUDT16,1283,6.162,-0.5741,13967,False
PKD1P1,844,0.5004,-0.5741,13968,False
EID2,470,0.9941,-0.5741,13969,False
AL590867.1,855,0.2618,-0.5743,13970,False
ADARB1,946,4.5171,-0.5746,13971,False
GGNBP2,5245,83.3952,-0.5747,13972,False
FLT3LG,3019,34.2877,-0.5749,13973,False
RAP1A,3629,48.3324,-0.5754,13974,False
RP11-148O21.2,347,1.7788,-0.5754,13975,False
CHERP,3004,12.7461,-0.5755,13976,False
RP11-33B1.3,1077,8.8074,-0.5755,13977,False
KLHL9,1950,14.5513,-0.5757,13978,False
KHNYN,2350,10.2821,-0.5757,13979,False
RPL21P7,287,0.1666,-0.5759,13980,False
SNN,1478,8.7578,-0.5759,13981,False
GOLGA6L9,470,0.6073,-0.5759,13982,False
CTD-3092A11.2,775,2.8902,-0.576,13983,False
FAM103A1,2623,33.0881,-0.576,13984,False
IKBKE,3352,40.5759,-0.5762,13985,False
ACOT2,1699,16.3005,-0.5764,13986,False
RP1-102E24.1,761,0.6614,-0.5764,13987,False
RP11-661A12.9,161,0.0248,-0.5766,13988,False
ITPR1,4721,37.5098,-0.5767,13989,False
AC006014.8,449,0.8725,-0.5767,13990,False
AC093323.3,1201,2.2765,-0.577,13991,False
CLTC,5292,53.2029,-0.5772,13992,False
RP5-956O18.3,230,0.2465,-0.5774,13993,False
RP11-274B21.2,1645,7.5497,-0.578,13994,False
TRIB1,1591,6.9329,-0.5781,13995,False
NELFA,3011,30.2935,-0.5786,13996,False
CTB-118N6.1,536,0.4803,-0.5786,13997,False
TNIK,3262,24.416,-0.5788,13998,False
TPP1,8306,214.5483,-0.5788,13999,False
AC090602.2,402,1.1009,-0.579,14000,False
P2RX5-TAX1BP3,845,0.5898,-0.5791,14001,False
PELO,2148,17.2845,-0.5793,14002,False
VPS36,3377,36.1102,-0.5793,14003,False
LENG9,1375,0.5059,-0.5795,14004,False
RP11-680G24.5,1240,8.0138,-0.5798,14005,False
BCOR,2846,25.0698,-0.5802,14006,False
TBC1D9B,4084,46.2159,-0.5802,14007,False
SRA1,3734,56.4182,-0.5803,14008,False
ARL17B,4315,36.4492,-0.5803,14009,False
P4HB,7248,198.6657,-0.5805,14010,False
IRF5,1904,17.8022,-0.5805,14011,False
PRDX5,6221,173.2026,-0.581,14012,False
AC002116.8,1195,9.4698,-0.5811,14013,False
DNAJB14,8014,57.0314,-0.5813,14014,False
ZC3H12C,729,2.332,-0.5814,14015,False
AP1M1,4553,81.3585,-0.5815,14016,False
COMMD1,8135,45.0083,-0.5818,14017,False
EID1,7343,199.4324,-0.5818,14018,False
ORAI1,1799,12.9415,-0.5822,14019,False
UBXN4,8614,182.4449,-0.5824,14020,False
ADAM8,3827,54.7985,-0.5824,14021,False
RP11-1280N14.3,763,2.6499,-0.5825,14022,False
FAM115B,659,2.7252,-0.5825,14023,False
SEC61A1,7396,131.4608,-0.5829,14024,False
MRPS36,2354,27.3249,-0.5829,14025,False
ABCD1,779,2.7346,-0.583,14026,False
EIF4G1,6663,83.6717,-0.5831,14027,False
FAM133DP,1325,3.3779,-0.5833,14028,False
C17orf107,673,3.1456,-0.5838,14029,False
AGAP2,1695,7.6269,-0.5839,14030,False
UFM1,5893,66.7666,-0.5842,14031,False
MTND4P24,268,0.2335,-0.5843,14032,False
ITGB2,12185,416.2484,-0.5844,14033,False
EXOSC10,4915,65.6683,-0.5844,14034,False
JAZF1,1674,8.0942,-0.5845,14035,False
HIRA,1259,4.5637,-0.5847,14036,False
ZNF783,1091,5.341,-0.5849,14037,False
SPTSSA,921,4.602,-0.585,14038,False
AC003104.1,3645,20.6573,-0.5851,14039,False
RP11-84C10.4,519,0.3674,-0.5856,14040,False
PSME3,3543,45.5221,-0.5857,14041,False
PPIB,10443,393.0327,-0.5863,14042,False
YOD1,489,2.0515,-0.5877,14043,False
BRD4,5696,12.8017,-0.5878,14044,False
C18orf25,3214,32.7353,-0.5878,14045,False
AC132872.1,817,1.2084,-0.5878,14046,False
ARHGEF2,3685,33.8069,-0.5879,14047,False
UBA6,5448,27.8243,-0.5879,14048,False
RP11-359M6.3,241,0.2097,-0.588,14049,False
PMFBP1,764,2.894,-0.5882,14050,False
RP11-219B17.1,1199,4.928,-0.5883,14051,False
ABCC11,725,0.1149,-0.5884,14052,False
RP11-1212A22.1,2240,11.0929,-0.5887,14053,False
SMN2,3883,43.512,-0.5889,14054,False
RP3-368A4.6,832,4.369,-0.5889,14055,False
TMEM30A,4884,57.1737,-0.589,14056,False
PNN,5719,93.8109,-0.5893,14057,False
TMEM50A,6869,165.0556,-0.5894,14058,False
ABCG1,3484,27.5268,-0.5895,14059,False
TTK,406,2.16,-0.5896,14060,False
MARK2,2560,10.8591,-0.5897,14061,False
COG8,2081,15.5743,-0.5901,14062,False
SPCS2,6483,161.7624,-0.5901,14063,False
DGCR8,2315,10.0275,-0.5901,14064,False
SYK,2202,19.3243,-0.5902,14065,False
WRN,1206,3.6836,-0.5903,14066,False
MPV17L,6173,0.5749,-0.5906,14067,False
SRRM1,9287,184.1445,-0.5906,14068,False
AC007283.5,1108,5.2616,-0.5907,14069,False
TGIF2,2448,21.5631,-0.591,14070,False
CD99L2,1259,8.1817,-0.5912,14071,False
RPL5P18,1491,0.4022,-0.5914,14072,False
RP11-345P4.10,549,1.6392,-0.5914,14073,False
SCAF11,7020,84.7395,-0.5915,14074,False
RP11-573D15.2,852,0.2004,-0.592,14075,False
OSBPL3,5308,57.3265,-0.5921,14076,False
NCL,10895,315.4669,-0.5925,14077,False
TRIM26,3750,39.4472,-0.5927,14078,False
SRSF11,9630,209.7252,-0.5928,14079,False
GABBR1,1019,3.836,-0.593,14080,False
YWHAQ,7330,178.8142,-0.5932,14081,False
SNRPB,8182,232.2832,-0.5933,14082,False
MB21D1,2058,15.3666,-0.5933,14083,False
AC137932.5,437,1.393,-0.5934,14084,False
CAPRIN1,4973,68.3685,-0.5934,14085,False
TIFAB,204,0.3221,-0.5936,14086,False
ZMPSTE24,2087,18.2067,-0.5937,14087,False
PDIA3,9716,295.9822,-0.5937,14088,False
RAP2A,1322,3.1452,-0.5939,14089,False
TMEM51,479,1.7589,-0.5939,14090,False
RP11-473I1.5,3162,41.4748,-0.594,14091,False
LIMK2,2634,19.6715,-0.5946,14092,False
ZNF652,2460,15.3721,-0.5946,14093,False
TOP2B,4590,33.7282,-0.5954,14094,False
TM9SF1,1943,16.9935,-0.5954,14095,False
RP11-1094M14.5,1234,10.712,-0.5956,14096,False
SCAND1,5252,95.4799,-0.5957,14097,False
RP11-423P10.2,891,2.3746,-0.5957,14098,False
HIATL1,2514,8.4615,-0.5958,14099,False
CNP,4081,50.4384,-0.596,14100,False
C6orf89,3215,29.5583,-0.5961,14101,False
POTEKP,1525,0.1032,-0.5966,14102,False
CYCS,7137,170.1321,-0.5966,14103,False
PEBP1P3,1692,14.4083,-0.5968,14104,False
AC008440.5,663,4.1134,-0.5968,14105,False
PPM1F,1442,7.0186,-0.597,14106,False
RP11-1212A22.4,2970,13.3439,-0.5971,14107,False
SH2D2A,7697,108.3909,-0.598,14108,False
STMN3,1194,3.8219,-0.5985,14109,False
MMP14,411,0.828,-0.5987,14110,False
RP11-166P13.4,412,1.6591,-0.5988,14111,False
XXbac-BPG300A18.13,286,0.3185,-0.5992,14112,False
SDHAP3,2535,11.1572,-0.5993,14113,False
AK1,2529,26.4109,-0.5995,14114,False
PURA,946,5.4829,-0.5996,14115,False
TNPO3,2644,14.7809,-0.5996,14116,False
STK4,10568,171.0668,-0.6002,14117,False
AFF1,5637,39.7114,-0.6003,14118,False
MAPK6,2082,16.3842,-0.6005,14119,False
USP1,2460,25.6668,-0.6005,14120,False
MESDC1,566,0.5704,-0.6006,14121,False
ENPP4,1033,6.0976,-0.6009,14122,False
SHISA5,8093,211.5803,-0.6014,14123,False
RP11-572P18.1,14026,478.0935,-0.6014,14124,False
PZP,1831,2.824,-0.6015,14125,False
NUTM2D,411,0.6026,-0.6016,14126,False
API5,3967,50.834,-0.6018,14127,False
HIST1H3PS1,594,0.5328,-0.6019,14128,False
RP11-488L18.1,1290,0.1347,-0.6019,14129,False
RP11-393I2.4,418,0.8223,-0.602,14130,False
NAV1,812,1.8093,-0.6021,14131,False
HNRNPF,8435,233.5886,-0.6022,14132,False
STX16,4857,50.8875,-0.6024,14133,False
RPL23AP4,542,1.3471,-0.6025,14134,False
CRLF3,4790,58.8027,-0.6026,14135,False
FAM178A,2546,17.7096,-0.6027,14136,False
SNORA51,298,1.2665,-0.6028,14137,False
SYNE2,9558,160.2664,-0.6038,14138,False
AIFM2,902,4.5906,-0.604,14139,False
ANO9,2883,25.1032,-0.6043,14140,False
NUTF2,4692,76.5783,-0.6043,14141,False
AP2S1,4480,99.0513,-0.6044,14142,False
STK40,1562,9.7043,-0.6048,14143,False
RP11-343C2.9,773,6.5312,-0.6049,14144,False
PHF6,1797,14.8402,-0.6054,14145,False
KIAA2026,3801,23.8885,-0.6056,14146,False
IK,6625,152.0907,-0.6057,14147,False
GLTP,3069,30.2126,-0.6057,14148,False
NEURL,282,0.5866,-0.6061,14149,False
RP11-284N8.3,785,4.3371,-0.6061,14150,False
SNAPC1,1215,5.9671,-0.6061,14151,False
CARD9,644,4.1343,-0.6062,14152,False
RPL3P3,1071,0.16,-0.6065,14153,False
BRWD1,5331,41.8758,-0.6066,14154,False
GTPBP1,6175,59.5075,-0.6067,14155,False
BZW1,7270,162.98,-0.6068,14156,False
RP4-641G12.4,555,0.0724,-0.6069,14157,False
RP11-434D12.1,691,2.6772,-0.6072,14158,False
RP11-94I2.1,619,1.2149,-0.6074,14159,False
HS3ST3B1,2545,26.0904,-0.6078,14160,False
CHML,576,1.2907,-0.608,14161,False
ARSB,1733,6.2012,-0.6083,14162,False
RP11-413H22.2,303,1.5694,-0.6085,14163,False
CNOT7P1,500,0.1424,-0.6086,14164,False
RP11-492M23.2,911,0.9377,-0.6087,14165,False
ZNF716,168,0.0146,-0.6091,14166,False
ZBTB41,795,3.1296,-0.6096,14167,False
GNG2,8357,180.2579,-0.6097,14168,False
GGA1,3716,39.6718,-0.6099,14169,False
SORL1,4361,41.6963,-0.6103,14170,False
GALNT10,1624,8.0413,-0.6103,14171,False
HIVEP1,2920,18.5059,-0.6115,14172,False
SCAF4,3970,37.1402,-0.6118,14173,False
SLC35A4,3146,42.948,-0.6121,14174,False
ZNF575,370,1.2974,-0.6121,14175,False
RPL24P7,264,0.1439,-0.6122,14176,False
BET1L,3667,35.9752,-0.6124,14177,False
LRIG1,1884,12.3936,-0.6125,14178,False
LAMP2,4742,61.3139,-0.6126,14179,False
EWSR1,9351,225.6729,-0.6127,14180,False
SETP14,522,0.1744,-0.6131,14181,False
TMEM33,4644,36.1412,-0.6132,14182,False
SEC23B,3800,46.148,-0.6134,14183,False
CANX,7776,132.8114,-0.6134,14184,False
LMBRD1,3844,41.813,-0.6136,14185,False
PTBP1,7408,112.0497,-0.6138,14186,False
GLDCP1,258,0.0695,-0.6139,14187,False
RP11-203F10.6,1037,1.358,-0.614,14188,False
RGPD6,6643,24.1457,-0.6141,14189,False
DDX6,9751,228.8728,-0.6145,14190,False
NAGA,2823,36.4173,-0.6145,14191,False
SERPINF2,270,0.4655,-0.6146,14192,False
AGPAT3,1878,6.459,-0.615,14193,False
IL13RA1,700,2.378,-0.6151,14194,False
CCDC64,3340,35.681,-0.6155,14195,False
VPS13A,4350,23.8749,-0.6155,14196,False
HCLS1,10908,351.5439,-0.6159,14197,False
RP11-737O24.1,410,1.8988,-0.6159,14198,False
ZNF281,2029,16.7437,-0.6162,14199,False
ALCAM,1527,9.7647,-0.6162,14200,False
RP11-622K12.1,3953,52.5458,-0.6162,14201,False
CPEB3,742,1.6543,-0.6166,14202,False
RPL21P4,707,0.4551,-0.6166,14203,False
EEF2K,1608,9.29,-0.6172,14204,False
LLfos-48D6.1,632,1.2563,-0.6174,14205,False
EFR3A,2858,20.1202,-0.6174,14206,False
TMEM189,2292,20.6918,-0.6175,14207,False
C10orf32,2028,17.191,-0.6182,14208,False
RP11-493K19.3,988,5.7486,-0.6182,14209,False
CYTH1,7694,119.3372,-0.6185,14210,False
PES1,1593,9.7217,-0.6188,14211,False
NPIPA2,631,0.6739,-0.6189,14212,False
LBH,8020,176.6872,-0.6189,14213,False
SCCPDH,1491,13.7984,-0.6189,14214,False
TMEM59,8763,235.4925,-0.619,14215,False
GNS,3109,29.3457,-0.6193,14216,False
RP11-34P13.15,976,4.8077,-0.6195,14217,False
C4orf32,1388,0.4891,-0.6195,14218,False
NUDT4,4088,19.5444,-0.6197,14219,False
NPIPA7,7107,34.8959,-0.6197,14220,False
EPC1,4726,40.2381,-0.6199,14221,False
ATP6V1G1,7460,202.5552,-0.6199,14222,False
TMC6,8719,195.0084,-0.62,14223,False
TNS3,2365,17.8083,-0.6204,14224,False
CXorf56,2020,8.5901,-0.6205,14225,False
SIGLEC1,588,2.2499,-0.6206,14226,False
RPL36AL,9739,312.5238,-0.6207,14227,False
GOLGA8S,512,0.1259,-0.6209,14228,False
SEMA4D,7864,78.8088,-0.6214,14229,False
ALG12,2208,20.4831,-0.6219,14230,False
BTBD7,1394,5.341,-0.6222,14231,False
EXOC6,2031,14.1964,-0.6227,14232,False
CTBP1,10579,63.6134,-0.6227,14233,False
PFKP,4835,71.1851,-0.6231,14234,False
RP11-2J18.1,693,4.9259,-0.6237,14235,False
BRK1,7319,218.8975,-0.6243,14236,False
LIMK1,2061,12.8711,-0.6243,14237,False
AC011247.3,276,1.5143,-0.6244,14238,False
SMAD3,2021,12.5126,-0.6245,14239,False
CREBL2,1167,5.8844,-0.6246,14240,False
ELK1,1397,10.8253,-0.6246,14241,False
FAM72D,435,1.4747,-0.6249,14242,False
GRAMD1B,849,3.0993,-0.6249,14243,False
ECE1,2839,24.0024,-0.6251,14244,False
COPA,6666,89.5597,-0.6251,14245,False
RP11-82O18.2,217,0.0535,-0.6252,14246,False
RP11-719K4.6,217,0.0535,-0.6252,14246,False
CYBA,6134,106.108,-0.6267,14248,False
ACO1,1200,4.8195,-0.6271,14249,False
RASA1,3165,10.662,-0.6271,14250,False
ZNF710,1081,4.6802,-0.6271,14251,False
RSU1P1,176,0.1317,-0.6273,14252,False
NOC2L,3311,42.8427,-0.6273,14253,False
CTD-2012K14.3,330,0.5438,-0.6275,14254,False
ZNF284,770,4.4621,-0.6276,14255,False
CDK5RAP2,3752,31.8522,-0.6278,14256,False
C9orf117,573,0.5989,-0.628,14257,False
TUBA1C,6203,39.1268,-0.6281,14258,False
ALKBH5,2734,25.6384,-0.6281,14259,False
RP5-966M1.6,523,0.731,-0.6285,14260,False
RPS26P13,256,0.3192,-0.6289,14261,False
RP11-367J11.2,855,2.595,-0.6291,14262,False
ADORA2A-AS1,393,0.4799,-0.6293,14263,False
PRDX6,6091,148.7361,-0.6295,14264,False
FOXP3,1118,7.2391,-0.6298,14265,False
RP5-1009N12.1,170,0.3044,-0.6299,14266,False
NISCH,3678,30.1363,-0.63,14267,False
UTP14C,624,2.067,-0.63,14268,False
FAM194B,458,2.311,-0.63,14269,False
WDR62,748,2.7791,-0.6302,14270,False
OSBPL8,5486,64.0462,-0.6303,14271,False
FAM134C,4043,50.4368,-0.6306,14272,False
GPR89C,1643,8.9063,-0.6308,14273,False
STARD9,1681,8.415,-0.631,14274,False
RP11-77H9.2,918,2.5438,-0.631,14275,False
ADIPOR1,5170,86.3203,-0.6312,14276,False
AC093698.2,268,0.1536,-0.6317,14277,False
USP16,4102,52.1301,-0.6317,14278,False
B3GAT1,666,2.8368,-0.6323,14279,False
AIMP1,3440,43.3529,-0.6323,14280,False
PNISR,8218,160.439,-0.6326,14281,False
MAVS,2844,24.6344,-0.6331,14282,False
CHCHD2,10180,382.9405,-0.6334,14283,False
SHOC2,3459,33.3748,-0.6335,14284,False
BCLAF1,9030,174.8458,-0.6337,14285,False
ADIPOR2,2171,15.1902,-0.6344,14286,False
IFI16,9824,248.069,-0.6352,14287,False
RB1CC1,4044,34.4498,-0.6354,14288,False
SLC35F2,2336,21.3682,-0.6355,14289,False
NR1D1,556,1.3691,-0.6357,14290,False
SLC4A1AP,2322,22.3914,-0.6358,14291,False
FGFR1OP2,5092,64.3861,-0.637,14292,False
POU5F1,294,0.5946,-0.6375,14293,False
PNRC2,7104,168.1425,-0.6377,14294,False
PRKACA,1314,2.1909,-0.638,14295,False
AC004985.12,200,0.0981,-0.638,14296,False
PSMC1,4730,85.2574,-0.6382,14297,False
CREBZF,3555,35.9677,-0.6383,14298,False
ARHGEF3,5103,61.2038,-0.6384,14299,False
MRPL3P1,722,0.1584,-0.6385,14300,False
FEM1A,810,4.9544,-0.6387,14301,False
SUCLG2,3772,46.1692,-0.6387,14302,False
EIF4G3,5058,29.0383,-0.6394,14303,False
RPS20P10,204,0.384,-0.6394,14304,False
NONO,10138,271.6822,-0.6394,14305,False
ZNF709,656,1.5086,-0.6397,14306,False
H3F3AP6,636,1.5497,-0.6397,14307,False
AC092299.8,1625,3.1116,-0.6397,14308,False
KLHDC3,3112,46.5246,-0.64,14309,False
HM13,6439,122.0864,-0.6403,14310,False
P2RY11,2492,10.0504,-0.6407,14311,False
ATL3,3133,19.8012,-0.641,14312,False
RP11-958N24.2,709,0.1692,-0.6412,14313,False
N4BP2,2155,13.592,-0.6413,14314,False
ARF1,10897,410.609,-0.6415,14315,False
AP000347.2,1847,8.5437,-0.6416,14316,False
PREPL,2369,12.8093,-0.6423,14317,False
SLC23A1,574,1.1347,-0.6424,14318,False
AP1S2,3439,44.4612,-0.6427,14319,False
PI4K2B,1980,7.897,-0.6432,14320,False
TBC1D10B,1428,8.3315,-0.6433,14321,False
SUPT16H,4558,62.6045,-0.6433,14322,False
DCAF12,2289,19.8565,-0.6447,14323,False
ENO1-IT1,248,0.677,-0.6448,14324,False
UBE2G2,4521,48.9302,-0.6449,14325,False
ANAPC16,7985,185.959,-0.6451,14326,False
GHITM,6831,147.4971,-0.6454,14327,False
ZBTB7B,1151,2.3794,-0.6457,14328,False
FKBP1A,8817,235.504,-0.6458,14329,False
SLC31A1,1320,9.4786,-0.6464,14330,False
H1F0,616,1.8724,-0.6467,14331,False
PBXIP1,7691,92.9737,-0.6468,14332,False
ACSS1,1634,9.0042,-0.6469,14333,False
RNF213,13928,255.0147,-0.6472,14334,False
HNRNPKP2,3514,0.6243,-0.6473,14335,False
SYNJ2,1178,4.3589,-0.6476,14336,False
SMURF2,2978,9.5126,-0.6478,14337,False
STAT5A,3796,40.1679,-0.6478,14338,False
F11R,1969,9.8777,-0.6479,14339,False
TYW1,3754,28.643,-0.6485,14340,False
IL27RA,3915,49.728,-0.6485,14341,False
UQCR10,5312,101.0564,-0.6486,14342,False
MOB3A,5932,75.0594,-0.6488,14343,False
FAM195B,3867,60.749,-0.6489,14344,False
PIP4K2B,1394,7.1778,-0.649,14345,False
UBE2O,1075,5.2737,-0.6493,14346,False
HNRNPM,8397,194.77,-0.6496,14347,False
DENND1A,1568,5.3555,-0.6497,14348,False
ATP1B1,1891,6.5369,-0.6504,14349,False
HNRNPK,13644,573.6409,-0.6505,14350,False
KIF16B,841,3.0735,-0.6506,14351,False
HNRNPA3P5,1245,2.8386,-0.6509,14352,False
PARP1,5506,83.3476,-0.6521,14353,False
OSBPL11,1503,4.62,-0.6522,14354,False
C1orf174,3497,33.0848,-0.6526,14355,False
RABL6,1233,4.5477,-0.6527,14356,False
MCM10,445,2.2655,-0.6531,14357,False
RNF169,931,2.734,-0.6531,14358,False
PHF2,1087,4.9134,-0.6534,14359,False
LRRC40,2152,12.4634,-0.6535,14360,False
RP11-35G9.3,1438,9.0187,-0.6539,14361,False
RALGAPB,2763,13.7147,-0.6539,14362,False
CASC4P1,1830,0.547,-0.6546,14363,False
YTHDF1,1277,6.214,-0.6555,14364,False
CHURC1-FNTB,2369,22.8425,-0.6555,14365,False
NOMO1,2119,10.0494,-0.6556,14366,False
LYST,9456,139.0442,-0.6558,14367,False
MTA2,5036,11.6013,-0.6562,14368,False
ZNF512B,388,0.7267,-0.6563,14369,False
TIMM17A,3140,43.6252,-0.6568,14370,False
KCNMB1,466,0.8477,-0.6569,14371,False
TBC1D3,1154,3.5991,-0.6574,14372,False
IER5,1404,9.3363,-0.6577,14373,False
C6orf106,2050,12.6701,-0.6577,14374,False
RBL2,7865,73.5815,-0.6577,14375,False
PRR11,887,4.0667,-0.6578,14376,False
KIDINS220,2398,14.8884,-0.658,14377,False
AC027612.3,247,0.1045,-0.6583,14378,False
PPM1D,2215,14.6451,-0.6583,14379,False
TWSG1,1070,4.8625,-0.6585,14380,False
COX5B,6985,181.5031,-0.6587,14381,False
HNRNPC,14261,615.0223,-0.6588,14382,False
RP11-264B17.2,715,2.7468,-0.6588,14383,False
TUBGCP3,2465,18.2417,-0.659,14384,False
RP11-536C5.7,415,1.2989,-0.6593,14385,False
GNG5,6921,184.6406,-0.6593,14386,False
RALA,3595,47.3396,-0.6595,14387,False
PIN4,1756,12.0545,-0.6596,14388,False
DENND4C,3216,20.2516,-0.6596,14389,False
UVSSA,1238,6.9962,-0.6599,14390,False
IRGQ,1675,7.7789,-0.6599,14391,False
WHSC1,2704,14.6905,-0.6599,14392,False
ARHGEF34P,372,0.6423,-0.66,14393,False
IGSF8,2081,18.9315,-0.6602,14394,False
HIAT1,4692,55.756,-0.6609,14395,False
DCAF6,3632,14.6366,-0.6612,14396,False
NCOR1,10855,260.0674,-0.6612,14397,False
SP110,8591,162.041,-0.6614,14398,False
PPP1CA,8934,278.6217,-0.6614,14399,False
MGA,3710,19.9313,-0.6618,14400,False
TEX2,939,4.1273,-0.6623,14401,False
RP11-297C4.2,528,0.4632,-0.6627,14402,False
RGL1,548,2.2255,-0.663,14403,False
TPTEP1,706,1.1764,-0.663,14404,False
POLDIP3,3715,50.8318,-0.6633,14405,False
TRIOBP,1818,5.5939,-0.6634,14406,False
AC018766.4,451,1.5473,-0.6636,14407,False
ETF1,6805,66.7066,-0.6637,14408,False
CLCN7,1590,7.7547,-0.6637,14409,False
MAN2A1,4523,21.264,-0.6638,14410,False
RERE,3533,15.2547,-0.6642,14411,False
PRPF6,5079,44.9005,-0.6643,14412,False
RP11-433M22.1,272,1.0718,-0.6648,14413,False
DENND1C,5043,70.9758,-0.6651,14414,False
ITGAL,9501,197.3031,-0.6652,14415,False
NCAPG2,1361,8.4027,-0.6653,14416,False
CNR2,863,5.1153,-0.6654,14417,False
ICOSLG,1074,2.5559,-0.6657,14418,False
ZNF282,1417,9.7644,-0.6661,14419,False
AFTPH,3833,28.4917,-0.6661,14420,False
STAT6,6659,81.9358,-0.6669,14421,False
ARID3A,1798,2.9562,-0.667,14422,False
ATP6AP1,4612,87.9286,-0.667,14423,False
VEZF1,3214,34.2795,-0.6671,14424,False
RP11-313P13.3,2249,6.943,-0.6671,14425,False
AKAP8,2999,26.0338,-0.6675,14426,False
EPB41L3,850,3.266,-0.6676,14427,False
RP4-575N6.2,241,0.2631,-0.668,14428,False
HNRNPA2B1,13378,459.5013,-0.6681,14429,False
RBM38,3163,28.2929,-0.6681,14430,False
HMGN1,9650,287.379,-0.6681,14431,False
RP11-192P3.5,624,1.2592,-0.6685,14432,False
DIS3,2442,19.3022,-0.6688,14433,False
CSDE1,9128,186.2262,-0.6689,14434,False
RP3-337O18.9,734,0.5055,-0.669,14435,False
SCRG1,360,0.6226,-0.669,14436,False
ZNF526,574,1.9791,-0.669,14437,False
RPL21P11,1193,1.0703,-0.6691,14438,False
EVI2B,8551,177.5174,-0.6692,14439,False
RPL37,12182,452.5042,-0.6695,14440,False
LCP1,13515,524.2133,-0.6696,14441,False
MIR497HG,1518,0.3444,-0.6697,14442,False
C9orf16,5762,114.4202,-0.6705,14443,False
BMS1P15,305,0.1619,-0.6706,14444,False
DAP,3100,40.1548,-0.671,14445,False
LRPAP1,5098,84.4257,-0.6711,14446,False
AP001062.7,549,0.9171,-0.6715,14447,False
PIGUP1,452,0.367,-0.6715,14448,False
EIF3C,7832,189.37,-0.6716,14449,False
RP11-90P5.2,1223,3.7835,-0.6717,14450,False
WDR55,3401,29.8369,-0.672,14451,False
CCDC88A,1733,9.6053,-0.6722,14452,False
LHFPL2,797,3.3957,-0.6724,14453,False
SUB1P3,165,0.1592,-0.6724,14454,False
RP11-746M1.1,3945,53.8355,-0.6725,14455,False
SBNO2,1456,3.9732,-0.6727,14456,False
CDC42EP1,284,0.2861,-0.6727,14457,False
RP11-504P24.8,2425,3.6919,-0.673,14458,False
PLEKHB2,4790,60.6169,-0.6731,14459,False
XRCC3,1367,5.0706,-0.6734,14460,False
ABT1,2500,34.0102,-0.6734,14461,False
DHFRP1,591,3.8072,-0.6734,14462,False
SOCS1,1474,11.0808,-0.6735,14463,False
HAUS6,1555,7.8697,-0.674,14464,False
ICK,698,2.2965,-0.6741,14465,False
SYNCRIP,4659,47.8642,-0.6743,14466,False
RP11-380G5.2,831,4.4491,-0.6748,14467,False
HNRNPA3P3,291,0.2605,-0.6749,14468,False
RRN3P1,3281,19.8472,-0.675,14469,False
CHMP1A,4151,59.9036,-0.6753,14470,False
CUL1,3567,26.9756,-0.6761,14471,False
PPM1G,5274,91.7287,-0.6761,14472,False
SRSF3,13815,345.7426,-0.6764,14473,False
RP11-531F16.3,283,0.9816,-0.6766,14474,False
RBBP4P5,1238,0.1976,-0.6771,14475,False
TTI1,1661,11.4819,-0.6773,14476,False
EEF1A1P19,7075,1.9572,-0.6773,14477,False
RP11-497H16.7,1151,5.9323,-0.6774,14478,False
POU2F2,3450,16.6153,-0.6776,14479,False
SNORD3B-1,3528,20.7108,-0.6778,14480,False
SRGAP2B,3690,36.6893,-0.678,14481,False
RP11-902B17.1,2084,8.7016,-0.6781,14482,False
CTC-432M15.3,788,2.7173,-0.6782,14483,False
MRTO4,1136,7.8886,-0.6784,14484,False
RP11-52J3.3,367,1.4766,-0.6784,14485,False
MBNL2,3200,22.5102,-0.6785,14486,False
RP3-452M16.1,356,0.0791,-0.6786,14487,False
CENPT,3228,45.4157,-0.6786,14488,False
TCEB1,4200,62.1913,-0.6787,14489,False
7SK,1187,0.4926,-0.6788,14490,False
DGCR2,2808,26.1168,-0.6789,14491,False
RP11-529G21.3,261,0.1854,-0.679,14492,False
PARVB,2139,3.9805,-0.679,14493,False
ARL10,573,1.5665,-0.6791,14494,False
CHMP1B,5368,61.0447,-0.6792,14495,False
RELL2,1128,5.4767,-0.6795,14496,False
DDX24,7692,162.8793,-0.6796,14497,False
ZAP70,8622,212.432,-0.6798,14498,False
KIAA2013,1315,7.5675,-0.6798,14499,False
RP11-861A13.4,543,2.0613,-0.6802,14500,False
NSD1,5025,41.0854,-0.6803,14501,False
PPIAP11,1355,1.2839,-0.6804,14502,False
AP5B1,612,1.6814,-0.6805,14503,False
MAP1A,448,1.0929,-0.6808,14504,False
ARFGAP3,3512,42.2706,-0.6815,14505,False
SH3PXD2A,1026,2.4081,-0.6815,14506,False
SLX1A,5766,84.2461,-0.6815,14507,False
DCAF7,4824,50.0145,-0.6821,14508,False
KDM4B,1611,4.415,-0.6821,14509,False
DNAH1,2101,8.8572,-0.6824,14510,False
TMA7,10616,314.7617,-0.6825,14511,False
RP5-882C2.2,1270,6.9694,-0.6825,14512,False
CTC-268N12.3,500,2.4291,-0.6826,14513,False
CNNM4,849,4.3768,-0.6828,14514,False
RXRA,1323,4.4485,-0.6831,14515,False
SSBP3,1264,7.0991,-0.6833,14516,False
ABCC1,3914,19.7272,-0.6837,14517,False
AC092669.3,429,0.0751,-0.6838,14518,False
ZNF668,758,4.5435,-0.6838,14519,False
TATDN2,1239,6.7055,-0.6839,14520,False
MED4-AS1,685,1.3769,-0.684,14521,False
RP11-618K13.2,273,0.5758,-0.6842,14522,False
TIMP2,672,1.6469,-0.6845,14523,False
CLIP1,3712,30.5377,-0.6847,14524,False
PRKAR1A,8201,170.5374,-0.685,14525,False
CTD-2561B21.7,1253,7.5508,-0.6857,14526,False
TRIM64EP,889,0.1231,-0.686,14527,False
MUT,1187,8.1593,-0.6862,14528,False
NPM1P35,440,0.1018,-0.6863,14529,False
CD5,5252,79.8313,-0.6866,14530,False
HNRNPUL1,8505,48.4495,-0.6869,14531,False
RP11-458D21.1,324,0.7361,-0.6872,14532,False
RP11-426L16.3,513,1.1161,-0.6874,14533,False
SUMO2,10655,347.5016,-0.6874,14534,False
VAV1,4282,43.7576,-0.6875,14535,False
BAX,2443,21.9043,-0.6875,14536,False
TFEB,1031,7.4013,-0.6878,14537,False
WDR37,1962,10.86,-0.6878,14538,False
RP11-1023L17.2,1028,2.6846,-0.6883,14539,False
CYFIP1,1424,10.4251,-0.6883,14540,False
RP11-492I21.1,296,1.0478,-0.6883,14541,False
MAT2B,8478,195.0136,-0.6889,14542,False
RP11-262H14.1,655,2.0516,-0.6895,14543,False
RPN2,7394,186.2206,-0.6902,14544,False
FAM215B,3693,44.2,-0.6905,14545,False
XRCC5,7605,156.7111,-0.6905,14546,False
SLC30A4,875,4.733,-0.6906,14547,False
RBM6,11263,281.1609,-0.6907,14548,False
BTF3P5,850,0.493,-0.6909,14549,False
AC015849.19,335,0.7555,-0.6915,14550,False
PVRL2,677,2.163,-0.6917,14551,False
SLFN5,6333,67.3808,-0.6918,14552,False
HMGXB3,2959,15.747,-0.692,14553,False
PNPLA7,532,1.6337,-0.692,14554,False
ADAM9,1233,7.9523,-0.6928,14555,False
CRNKL1,2357,15.8624,-0.6929,14556,False
DHX30,3871,38.4351,-0.6929,14557,False
INO80E,2723,6.4318,-0.693,14558,False
SNHG3,4480,54.1588,-0.6931,14559,False
RGL2,2188,15.0085,-0.6931,14560,False
KCTD20,3913,28.6526,-0.6936,14561,False
SLC26A2,993,4.4837,-0.6939,14562,False
MZT1,1783,16.4714,-0.6947,14563,False
HERC4,3767,27.9187,-0.6948,14564,False
PTPN23,2198,5.0986,-0.695,14565,False
RP11-6B6.3,370,0.444,-0.6951,14566,False
KDM5A,7161,77.9253,-0.6952,14567,False
ZBTB11,2018,13.9443,-0.6955,14568,False
RP11-298I3.5,1098,5.1564,-0.6956,14569,False
AC017002.2,1983,8.1453,-0.6959,14570,False
TLR2,1114,8.286,-0.6961,14571,False
FOXP1,7729,72.7572,-0.6962,14572,False
TOMM22,5484,64.4807,-0.6963,14573,False
CSNK1G1,2681,12.9602,-0.6967,14574,False
RALY,5841,96.87,-0.6969,14575,False
USF2,2653,19.4243,-0.6972,14576,False
C6orf62,14678,524.7169,-0.6974,14577,False
PPM1A,3516,30.8789,-0.6974,14578,False
RP11-34P13.14,526,1.3002,-0.6976,14579,False
MT-ND6,10785,166.0419,-0.6979,14580,False
TPM4,8209,177.9109,-0.6979,14581,False
ACO2,3618,47.2213,-0.6981,14582,False
KDM4A,2089,12.9027,-0.6982,14583,False
TAX1BP1,7743,136.8288,-0.6987,14584,False
TBC1D17,2612,10.5838,-0.6991,14585,False
CTC-366B18.2,564,1.1212,-0.6993,14586,False
RP11-307C12.12,578,1.2197,-0.6995,14587,False
LRRK2,896,2.4781,-0.6997,14588,False
ANKS1A,797,2.5448,-0.7001,14589,False
MGRN1,4084,26.0678,-0.7005,14590,False
RP11-400F19.6,741,4.1015,-0.7008,14591,False
C1D,2732,31.5419,-0.7012,14592,False
RNU6-3P,629,3.5721,-0.7012,14594,False
RNU6-1,629,3.5721,-0.7012,14594,False
RNU6-5P,629,3.5721,-0.7012,14594,False
RPL21P28,3733,12.2824,-0.7016,14596,False
AC112229.7,163,0.0817,-0.7018,14597,False
XRCC6,8990,251.5579,-0.7018,14598,False
ZNF286B,1098,2.1551,-0.7022,14599,False
RNU6-2,630,3.5775,-0.7024,14601,False
RNU6-9,630,3.5775,-0.7024,14601,False
RNU6-6P,630,3.5775,-0.7024,14601,False
RNU6-4P,630,3.5775,-0.7024,14601,False
SRFBP1,1376,7.2875,-0.7024,14604,False
CTC-503J8.6,1026,5.4686,-0.7025,14605,False
KDM3B,2325,13.4331,-0.7029,14606,False
MVB12A,1928,15.3641,-0.7031,14607,False
SLC16A3,3287,26.5628,-0.7041,14608,False
NAIP,2614,11.7917,-0.7043,14609,False
HMG20B,2917,32.6977,-0.7044,14610,False
FAM21C,3473,22.4747,-0.7044,14611,False
DUSP4,7423,113.7422,-0.7045,14612,False
UBQLN2,3066,30.1068,-0.7048,14613,False
MORF4L1,10065,161.5429,-0.7051,14614,False
NHLRC2,2291,10.2875,-0.7054,14615,False
SLC25A33,497,0.823,-0.7055,14616,False
C19orf43,3648,48.9118,-0.7056,14617,False
NDRG1,3118,20.8649,-0.7056,14618,False
PPP3R1,1497,7.023,-0.7058,14619,False
PTGES3,9111,219.0465,-0.706,14620,False
FAM214B,926,4.3968,-0.7065,14621,False
DPM2,3054,42.3395,-0.7068,14622,False
SENP6,3743,32.304,-0.707,14623,False
GIMAP8,1284,9.1867,-0.7072,14624,False
DARS2,1306,7.2074,-0.7075,14625,False
TAB3,1054,3.646,-0.7075,14626,False
HELLS,3453,30.6775,-0.7076,14627,False
RPS17P2,241,0.1344,-0.7077,14628,False
RP11-436I24.1,1544,3.664,-0.7078,14629,False
SNRPD3,4874,78.0299,-0.7081,14630,False
CTD-2184D3.1,614,0.4104,-0.7083,14631,False
TBC1D3F,1228,4.9431,-0.7084,14632,False
LARP1,4792,25.7558,-0.7088,14633,False
AMMECR1L,1009,5.5676,-0.7091,14634,False
KMT2B,1579,4.1699,-0.7094,14635,False
QSOX1,3047,24.4827,-0.7095,14636,False
HNRNPA3,8101,133.3457,-0.7096,14637,False
OTUB1,7085,129.8693,-0.7098,14638,False
FAM65C,916,3.2447,-0.7099,14639,False
CASC3,5311,60.0868,-0.7099,14640,False
LEPROT,2664,21.0755,-0.7099,14641,False
RBBP4P1,3509,1.6097,-0.7101,14642,False
RP4-594I10.3,1155,4.2598,-0.711,14643,False
ARSA,3418,43.5477,-0.7112,14644,False
EMP3,8127,200.8513,-0.7116,14645,False
SLC1A5,3511,34.4635,-0.7121,14646,False
RP13-297E16.4,1037,7.3764,-0.7121,14647,False
RP4-583P15.14,4901,75.8297,-0.7122,14648,False
GALNT4,949,3.2354,-0.7125,14649,False
NDUFB6,4263,56.1481,-0.713,14650,False
VPS13D,3919,23.883,-0.713,14651,False
KLF9,1123,4.1641,-0.7131,14652,False
KLF12,5253,42.4001,-0.7136,14653,False
PPP1R12A,7801,92.9415,-0.7137,14654,False
RP1-283E3.4,2284,7.3801,-0.714,14655,False
PRKCB,5901,26.1976,-0.714,14656,False
LRRK1,637,1.7195,-0.7143,14657,False
EMC10,1213,2.8553,-0.7151,14658,False
RP11-799D4.4,786,5.2652,-0.7152,14659,False
CTB-33G10.1,2520,1.2738,-0.716,14660,False
CCNI,9088,134.5656,-0.716,14661,False
PTTG1IP,3741,52.4023,-0.716,14662,False
UBE2I,7225,134.4286,-0.7162,14663,False
HMHA1,9910,221.2109,-0.7163,14664,False
PPP2R1A,6477,117.9034,-0.7164,14665,False
UPK3B,777,0.4388,-0.7167,14666,False
RP11-1148O4.1,835,0.289,-0.7168,14667,False
KLHL21,2226,17.99,-0.7169,14668,False
C14orf37,529,0.6335,-0.7172,14669,False
HAUS6P1,540,0.4934,-0.7172,14670,False
PARP9,6139,93.9652,-0.7173,14671,False
UBE2G1,4372,54.4728,-0.7174,14672,False
AMIGO3,1553,4.9129,-0.7184,14673,False
CENPP,932,2.2821,-0.7187,14674,False
HSPA9,8620,186.2548,-0.7193,14675,False
AC013470.6,366,0.0628,-0.7195,14676,False
HNRNPA3P1,800,0.0959,-0.7196,14677,False
LCP2,10224,157.6691,-0.7196,14678,False
SGK223,518,1.2185,-0.7197,14679,False
BMS1P8,551,0.6593,-0.7197,14680,False
ODC1,2298,19.6746,-0.7197,14681,False
NECAP2,5369,95.2789,-0.72,14682,False
SYNJ2-IT1,341,0.8774,-0.7201,14683,False
SGPP2,647,2.1529,-0.7202,14684,False
ALDH3B1,719,3.5983,-0.7205,14685,False
CAPN15,1935,5.2961,-0.7214,14686,False
EIF4E3,1905,9.6434,-0.7217,14687,False
PAXBP1,2686,17.3116,-0.7217,14688,False
NCOA4,5076,74.0501,-0.7217,14689,False
SLC6A6,3844,22.3123,-0.7217,14690,False
TRAF5,5851,90.5426,-0.722,14691,False
MAPK1,2404,11.536,-0.7224,14692,False
PACSIN2,2707,11.9844,-0.7224,14693,False
GDI2,7887,166.4858,-0.7228,14694,False
ITGA4,8775,149.1551,-0.7229,14695,False
RP11-277P12.20,1000,3.8177,-0.723,14696,False
ADCY7,4059,33.864,-0.7231,14697,False
HS2ST1,819,2.8228,-0.7232,14698,False
PRICKLE4,2053,0.9065,-0.7235,14699,False
RP11-413E6.1,321,0.1757,-0.7235,14700,False
EIF5A,12562,206.4353,-0.7235,14701,False
LYRM7,2021,12.2613,-0.7237,14702,False
RP11-145E5.5,340,0.3819,-0.7238,14703,False
PMVK,2785,33.0498,-0.7244,14704,False
FKSG63,246,0.2691,-0.7245,14705,False
C15orf38-AP3S2,1488,11.7118,-0.7246,14706,False
RP11-403I13.8,1480,8.3002,-0.7253,14707,False
CNOT6,1329,5.8126,-0.7254,14708,False
VAV2,600,1.5706,-0.7254,14709,False
RP11-63E5.6,416,0.901,-0.7264,14710,False
CEBPZ,4718,42.6879,-0.7266,14711,False
FTH1P16,3081,3.8825,-0.7267,14712,False
UBALD1,715,0.7133,-0.727,14713,False
IQGAP1,9894,130.8895,-0.7274,14714,False
TTC24,1634,12.5506,-0.7279,14715,False
PRKCSH,6239,34.4004,-0.7282,14716,False
TRAPPC2,4680,50.3795,-0.7283,14717,False
TXLNG,1763,10.6484,-0.7284,14718,False
ANKRD17,4085,22.5182,-0.7285,14719,False
FURIN,2038,11.0517,-0.7285,14720,False
IPMK,871,1.3247,-0.7285,14721,False
PPP4R2,3221,17.7877,-0.7292,14722,False
GIPR,1288,9.5847,-0.7292,14723,False
ZBTB10,1282,3.9648,-0.7294,14724,False
RBM10,3357,26.8151,-0.7298,14725,False
TMTC3,1888,6.7362,-0.7299,14726,False
RP11-617F23.1,624,2.2059,-0.7301,14727,False
DYRK1A,3128,15.7731,-0.7303,14728,False
VOPP1,5083,69.2153,-0.7309,14729,False
MDFIC,1941,9.8933,-0.7311,14730,False
HDAC7,3281,20.1545,-0.7311,14731,False
RAB4B-EGLN2,877,1.325,-0.7312,14732,False
ACSL4,3006,21.2803,-0.7312,14733,False
UBE2V1,8083,152.8684,-0.7316,14734,False
MEF2A,2957,18.0473,-0.7321,14735,False
MALT1,2601,13.4694,-0.7326,14736,False
CGGBP1,3845,42.0329,-0.7326,14737,False
PPP6R2,5107,28.8256,-0.7326,14738,False
RP1-168P16.3,2014,19.7461,-0.7327,14739,False
HSPA5,9492,196.3094,-0.7329,14740,False
RP11-9L18.2,3135,0.5276,-0.7332,14741,False
RNF122,2651,4.0068,-0.7332,14742,False
SASS6,866,3.0537,-0.7335,14743,False
LYAR,3011,40.8838,-0.7336,14744,False
RP13-270P17.2,391,1.571,-0.7338,14745,False
RP11-656D10.5,238,0.377,-0.7341,14746,False
ARF3,3684,22.7777,-0.7344,14747,False
RP11-649E7.5,1646,10.1514,-0.7345,14748,False
RP11-259P15.4,538,0.0966,-0.7349,14749,False
MTND1P23,5818,53.2949,-0.735,14750,False
KIAA1919,764,2.325,-0.7353,14751,False
MANEA,1203,7.2768,-0.7353,14752,False
CSNK1D,5350,56.8529,-0.7354,14753,False
TRAPPC10,3939,24.135,-0.736,14754,False
ARHGAP10,1671,9.9046,-0.736,14755,False
NOL7,4222,59.9079,-0.7364,14756,False
KDM5B,2580,20.7547,-0.7368,14757,False
CWF19L2,3805,16.965,-0.7369,14758,False
RP11-727A23.4,824,2.9317,-0.7375,14759,False
CTD-2116N17.1,797,2.4273,-0.7375,14760,False
VPS13A-AS1,872,2.6727,-0.7379,14761,False
RP11-290L1.3,4096,48.622,-0.7379,14762,False
GRB2,9392,153.7101,-0.738,14763,False
FBXW11,4199,32.4744,-0.7381,14764,False
NDUFA1,6163,117.8572,-0.7381,14765,False
STAT3,9680,159.4746,-0.7381,14766,False
RNU6-36P,455,2.3379,-0.7383,14767,False
ARHGEF1,11897,282.3401,-0.7384,14768,False
PLXNB2,1545,11.1735,-0.7389,14769,False
CASZ1,1342,5.1631,-0.7394,14770,False
HNRNPU,9202,124.9601,-0.7396,14771,False
TCF7,4623,48.4117,-0.7396,14772,False
RP11-350G24.2,411,0.0651,-0.7399,14773,False
UBE2Z,2423,16.9148,-0.7401,14774,False
DHX33,866,1.9585,-0.7403,14775,False
AC002306.1,1710,15.9215,-0.7403,14776,False
NPEPPS,7618,60.3014,-0.7408,14777,False
DNAJB6,8570,156.1783,-0.7418,14778,False
AP006621.8,465,0.4341,-0.7421,14779,False
MSI2,4766,32.7758,-0.7426,14780,False
RNU6-33P,425,2.1731,-0.7428,14781,False
PAPSS2,568,2.3806,-0.7428,14782,False
SETDB2,2768,15.6982,-0.7435,14783,False
RANBP10,1580,8.7616,-0.7435,14784,False
TNFSF12,1101,7.2147,-0.7435,14785,False
HNRNPA1P57,218,0.0489,-0.7437,14786,False
TGS1,2202,11.2759,-0.744,14787,False
ZBED6,2658,15.1797,-0.744,14788,False
RP11-500C11.3,893,3.8765,-0.7444,14789,False
RFTN1,5577,57.4678,-0.7445,14790,False
HNRNPA1P34,753,2.42,-0.7449,14791,False
RP11-876N24.2,785,1.4751,-0.7454,14792,False
MYCBP2,6451,52.3584,-0.7458,14793,False
LINC00957,703,1.1994,-0.7463,14794,False
LATS1,4213,41.0783,-0.7466,14795,False
YTHDF3,4820,45.5353,-0.7468,14796,False
ZNF217,3579,27.0272,-0.7469,14797,False
C7orf26,847,3.279,-0.7472,14798,False
ERICH1,4569,53.7288,-0.7478,14799,False
TBC1D3B,337,0.8314,-0.7481,14800,False
CTB-47B11.3,831,4.0019,-0.7484,14801,False
SERPINB9,11712,195.7521,-0.7485,14802,False
CYP51A1,4082,23.6941,-0.7488,14803,False
DTHD1,3377,25.6799,-0.7493,14804,False
CISD2,3341,39.2271,-0.7497,14805,False
ERP29,6726,135.1758,-0.7503,14806,False
PSMD8,6975,174.2031,-0.751,14807,False
NMI,3629,51.7177,-0.7511,14808,False
AC004453.8,8288,25.1536,-0.7512,14809,False
OSCAR,782,3.3237,-0.7514,14810,False
RP11-302M6.4,585,0.8882,-0.7514,14811,False
AP2M1,6330,114.0762,-0.7516,14812,False
SLC43A2,1564,5.0694,-0.7516,14813,False
CD6,6538,70.3511,-0.7517,14814,False
EIF5B,6050,21.2013,-0.7524,14815,False
ATP1A1,6092,71.0255,-0.7526,14816,False
AC013717.3,213,0.1109,-0.7527,14817,False
SYNE3,1977,10.4562,-0.7531,14818,False
MAU2,3896,34.1862,-0.7533,14819,False
SH2B3,1990,12.7502,-0.7534,14820,False
PRKY,2140,11.9935,-0.7535,14821,False
GFPT1,2475,14.076,-0.7542,14822,False
SKI,1886,2.8362,-0.7542,14823,False
STXBP2,5415,80.6918,-0.7546,14824,False
GTF2F1,3792,44.0186,-0.7548,14825,False
FAF2,2460,20.0394,-0.7552,14826,False
NUS1,1075,3.7991,-0.7553,14827,False
CTB-152G17.6,1325,7.9217,-0.7553,14828,False
KIAA0391,1747,12.0695,-0.7553,14829,False
RP11-486O12.2,1204,0.59,-0.7556,14830,False
CCT6P3,2441,11.4564,-0.7561,14831,False
MMGT1,2080,14.5809,-0.7566,14832,False
ASH1L,5561,47.5734,-0.7571,14833,False
BRF1,2297,8.1037,-0.7574,14834,False
C11orf58,9212,237.061,-0.7578,14835,False
LSM14B,576,1.2228,-0.7579,14836,False
WSB2,2903,15.7739,-0.7579,14837,False
FAM110A,2239,20.8837,-0.7585,14838,False
ITPK1,2266,12.3413,-0.7585,14839,False
CNPY3,5857,101.3899,-0.7587,14840,False
KCNAB2,7551,87.1169,-0.759,14841,False
RP11-143J12.3,1023,8.8277,-0.7591,14842,False
TSC22D2,5749,38.9433,-0.7593,14843,False
TXNDC12,3593,49.5236,-0.7596,14844,False
RP11-403P17.3,2046,18.9667,-0.76,14845,False
HERPUD2,5063,39.0609,-0.7601,14846,False
LRBA,5009,39.1664,-0.7602,14847,False
AL365202.1,292,0.9849,-0.7603,14848,False
LMNB2,1331,6.5769,-0.7606,14849,False
FAM102A,4893,52.497,-0.761,14850,False
FAM219A,329,0.6445,-0.7614,14851,False
ADAM17,3048,16.3512,-0.762,14852,False
RBM47,1290,7.042,-0.762,14853,False
KIF18B,649,2.9126,-0.7627,14854,False
NAP1L1P3,628,0.1475,-0.7628,14855,False
ANP32A,6125,23.7688,-0.7631,14856,False
DDX39B,8907,166.9656,-0.7633,14857,False
RP11-101E13.5,3582,48.0633,-0.7637,14858,False
UBE2M,1005,2.2383,-0.7638,14859,False
GMCL1,2155,16.617,-0.764,14860,False
AC011933.1,7372,121.1946,-0.7642,14861,False
RP11-353N4.1,371,1.0698,-0.7645,14862,False
TPCN2,1945,12.1101,-0.7651,14863,False
MCMBP,2352,7.6935,-0.7653,14864,False
TCEB2,7357,174.257,-0.7654,14865,False
MORC3,3492,30.4121,-0.7655,14866,False
SENP5,5777,43.8624,-0.7657,14867,False
CTNNB1,11614,102.912,-0.7657,14868,False
KCNA3,2098,18.8444,-0.7661,14869,False
EZH2,5041,34.6506,-0.7662,14870,False
RP11-589F5.3,1289,1.5693,-0.7664,14871,False
ANXA2R,1909,20.4341,-0.7665,14872,False
PANK3,2013,9.078,-0.7667,14873,False
CRYBG3,954,1.2766,-0.7667,14874,False
C21orf58,577,2.2968,-0.7668,14875,False
RBM14-RBM4,1808,9.1358,-0.7668,14876,False
ANP32E,7278,138.1435,-0.7669,14877,False
CSTF2T,1822,15.8442,-0.7674,14878,False
ARPC5,8314,221.3496,-0.7677,14879,False
POLR2E,6203,118.0337,-0.768,14880,False
CPNE8,1602,11.667,-0.7684,14881,False
CHFR,4255,48.0755,-0.7685,14882,False
NUPL1,4546,20.5817,-0.7687,14883,False
DVL3,1556,5.1219,-0.7687,14884,False
UGGT1,4351,21.4014,-0.7691,14885,False
SEC62,7983,159.1278,-0.7692,14886,False
KLHL15,867,2.8558,-0.7695,14887,False
RPL21P122,168,0.0959,-0.7695,14888,False
LAPTM4A,4947,86.2008,-0.7695,14889,False
OIP5-AS1,3933,33.2054,-0.7697,14890,False
ARHGAP4,8846,148.9925,-0.77,14891,False
RNU6-8,622,3.4858,-0.77,14892,False
PDLIM7,2189,24.1459,-0.7702,14893,False
SMARCC1,2960,16.609,-0.7708,14894,False
ELK3,2839,20.5821,-0.771,14895,False
RNU6-7,623,3.4913,-0.7712,14896,False
RP11-713N11.4,307,0.6483,-0.7722,14897,False
ARL6IP5,9212,238.4177,-0.7728,14898,False
CENPCP1,1944,0.4462,-0.7731,14899,False
DDOST,7805,197.2656,-0.7734,14900,False
RP11-192H23.6,1152,3.7868,-0.7738,14901,False
SLC1A4,1971,10.4246,-0.7738,14902,False
E2F3,2119,4.434,-0.774,14903,False
PRRG4,536,1.1179,-0.774,14904,False
H1FX,1065,3.1222,-0.7743,14905,False
ZMIZ2,3543,18.2587,-0.7745,14906,False
SUPT6H,4150,22.4246,-0.7748,14907,False
SGTB,1607,10.053,-0.775,14908,False
RP11-435F17.1,232,0.1325,-0.7751,14909,False
LENG8,7282,90.0223,-0.7754,14910,False
MOB3B,777,2.593,-0.7761,14911,False
PLBD2,1162,4.5056,-0.7762,14912,False
TUBB2BP1,370,0.3227,-0.7762,14913,False
GPCPD1,7138,66.526,-0.7766,14914,False
SNORA4,456,1.6811,-0.777,14915,False
DCUN1D3,1549,4.1499,-0.7772,14916,False
CCDC34,614,1.8795,-0.7779,14917,False
ARAP2,5441,42.1912,-0.778,14918,False
LMO4,1623,8.6236,-0.7789,14919,False
COMMD3-BMI1,3129,36.9587,-0.7789,14920,False
TDG,3274,34.8187,-0.7789,14921,False
PRR13,9260,249.6727,-0.779,14922,False
STK35,893,3.4137,-0.7795,14923,False
SNRNP70,2936,9.0514,-0.7795,14924,False
INTS2,1348,4.7669,-0.7801,14925,False
CAPZB,11053,244.7542,-0.7804,14926,False
GS1-21A4.1,213,0.1406,-0.7808,14927,False
CIR1,3712,37.8069,-0.7811,14928,False
AC068580.6,1843,0.5898,-0.7811,14929,False
ATG5,3337,32.9819,-0.7816,14930,False
TBC1D20,1258,6.3418,-0.7818,14931,False
FNDC3A,3939,26.2557,-0.7819,14932,False
CNOT4,4125,31.8241,-0.7823,14933,False
VPS35,4404,49.4221,-0.7824,14934,False
PRPF38B,7604,79.1674,-0.7825,14935,False
ATP9A,736,2.8119,-0.7827,14936,False
NFATC3,5243,52.0279,-0.7827,14937,False
RCSD1,5203,61.6581,-0.7831,14938,False
SPI1,1241,3.7043,-0.7832,14939,False
CABIN1,3932,25.2855,-0.7832,14940,False
FGD5-AS1,3145,21.8393,-0.7834,14941,False
DGKQ,1112,7.3234,-0.7837,14942,False
NSUN5P2,3207,14.1116,-0.7848,14943,False
CTD-2192J16.20,442,1.3122,-0.7848,14944,False
AC138969.4,4430,26.9242,-0.785,14945,False
NPIPB5,15032,343.464,-0.7851,14946,False
SEC24A,2077,9.8381,-0.7852,14947,False
OCLN,584,1.6818,-0.7854,14948,False
SIK2,1799,3.079,-0.7857,14949,False
WIZ,682,1.3464,-0.7861,14950,False
NOLC1,3786,50.3258,-0.7861,14951,False
IGF2R,3376,12.0503,-0.7866,14952,False
CNPPD1,4208,49.1765,-0.7866,14953,False
RP11-815J21.2,980,2.998,-0.7867,14954,False
PPIL4,3924,44.9198,-0.7867,14955,False
KBTBD4,1314,10.2802,-0.7874,14956,False
ARID4B,9253,163.5559,-0.7875,14957,False
ZDHHC5,2638,18.8705,-0.7876,14958,False
CHST11,2831,18.13,-0.7896,14959,False
KPNA3,2104,11.1312,-0.7898,14960,False
ASPM,915,3.3292,-0.79,14961,False
CSE1L,3256,24.0091,-0.7901,14962,False
CORO1B,3769,36.2224,-0.7902,14963,False
UBLCP1,2671,28.6995,-0.7902,14964,False
RANP6,667,0.2221,-0.7905,14965,False
RP11-96D1.5,580,3.0687,-0.7905,14966,False
SRPR,5963,87.3565,-0.7908,14967,False
DNAAF2,1208,7.5435,-0.7911,14968,False
RP11-56B16.5,203,0.2555,-0.7914,14969,False
CAMKK2,1271,6.7675,-0.7919,14970,False
CAPN2,6458,93.8427,-0.792,14971,False
KIAA0754,547,1.1581,-0.7921,14972,False
NUFIP1P,204,0.0594,-0.7927,14973,False
ZC3H11A,5360,44.9483,-0.7928,14974,False
RPL41P1,15216,401.6988,-0.7929,14975,False
PM20D2,923,2.92,-0.7929,14976,False
ARHGAP31,1272,4.1244,-0.793,14977,False
NPIPB8,896,0.7465,-0.7933,14978,False
ZNF407,1476,6.2937,-0.7934,14979,False
GS1-124K5.12,1930,14.8454,-0.7941,14980,False
RP11-793H13.3,906,3.2253,-0.7942,14981,False
ZBTB18,481,0.7007,-0.7942,14982,False
SLC38A1,9990,180.1888,-0.7948,14983,False
TCP1P1,1602,0.223,-0.7949,14984,False
NLRC3,4052,29.7881,-0.7958,14985,False
ABL1,1234,4.5683,-0.796,14986,False
SH3BGRL,7055,158.7785,-0.7963,14987,False
VCP,7660,131.902,-0.7963,14988,False
PDE7A,4324,33.9906,-0.7972,14989,False
CCDC124,2945,38.2981,-0.7977,14990,False
SPTY2D1,3644,20.6761,-0.7981,14991,False
AC005253.2,859,1.8552,-0.7982,14992,False
CAMK1D,1575,5.7547,-0.7982,14993,False
CNOT3,1601,2.7166,-0.7982,14994,False
AC005255.3,1557,10.7277,-0.7984,14995,False
ZNF275,1049,4.5128,-0.7985,14996,False
CORO2A,889,3.4623,-0.7989,14997,False
VPS9D1,781,1.8415,-0.799,14998,False
ZNF746,1673,2.5858,-0.7991,14999,False
AC107081.5,770,2.9688,-0.7992,15000,False
NCDN,2540,11.2498,-0.7993,15001,False
FKSG48,344,0.3954,-0.7995,15002,False
CBFB,4811,40.0741,-0.7996,15003,False
TPP2,6124,36.4117,-0.7998,15004,False
CD2BP2,5382,79.7218,-0.7999,15005,False
TBC1D3H,619,1.589,-0.8,15006,False
CTBP2,913,2.0868,-0.8001,15007,False
KIF1B,1953,5.4863,-0.8006,15008,False
BAK1,4050,56.819,-0.8009,15009,False
NPIPB15,834,2.8482,-0.8011,15010,False
CBWD2,4726,34.329,-0.8012,15011,False
SUPT5H,6756,82.4702,-0.8015,15012,False
STK38,4202,37.5919,-0.8018,15013,False
IREB2,3032,16.8617,-0.8019,15014,False
RP11-330M2.4,781,2.2337,-0.8021,15015,False
AC137932.1,984,2.4281,-0.8025,15016,False
CAMK2D,3762,29.1006,-0.8031,15017,False
CTC-444N24.11,1246,6.2152,-0.8033,15018,False
SLC39A9,3452,20.964,-0.8033,15019,False
HEATR5B,3520,21.7192,-0.8041,15020,False
RP11-513I15.6,1028,4.1435,-0.8042,15021,False
ZBTB21,2153,14.3391,-0.8042,15022,False
EPS15L1,3180,21.5734,-0.8044,15023,False
ZNF326,2016,11.3694,-0.8048,15024,False
RP11-53B2.3,523,1.5476,-0.8048,15025,False
ADSS,4627,50.2947,-0.806,15026,False
hsa-mir-6080,1567,1.9848,-0.8063,15027,False
CBLB,9851,177.9246,-0.8064,15028,False
RP11-302F12.10,435,1.6876,-0.8065,15029,False
RP1-203P18.1,270,0.2778,-0.8067,15030,False
CTC-458I2.2,386,0.8247,-0.807,15031,False
ZDHHC24,2435,23.8515,-0.8071,15032,False
MED26,648,1.6462,-0.8071,15033,False
TRAPPC9,2757,14.2929,-0.8072,15034,False
PRKCH,9650,204.9664,-0.8076,15035,False
BIN1,5051,72.2483,-0.8079,15036,False
RP1-3J17.3,1741,10.0712,-0.8088,15037,False
ARHGAP19,1205,7.3083,-0.8095,15038,False
AP003068.18,1032,0.2985,-0.81,15039,False
VPS53,5528,29.5715,-0.81,15040,False
PYGB,2453,17.7809,-0.8101,15041,False
FOSL2,8017,63.5529,-0.8107,15042,False
ACIN1,5766,40.1048,-0.8117,15043,False
AC021593.1,1632,8.0511,-0.8121,15044,False
LINC00685,731,2.5495,-0.8121,15045,False
CNTRL,5871,54.1015,-0.8122,15046,False
RP13-1032I1.7,2142,5.8193,-0.8125,15047,False
FAM76A,3110,26.2535,-0.8127,15048,False
USP5,2291,18.049,-0.8129,15049,False
NT5DC3,909,3.8649,-0.813,15050,False
RP11-656E20.5,502,1.4495,-0.8134,15051,False
SLMO2,6321,80.2734,-0.8135,15052,False
BCAP31,6752,152.4587,-0.8139,15053,False
RAD21,5659,28.8351,-0.8141,15054,False
INPP5B,3529,22.5221,-0.8142,15055,False
SUB1P1,259,0.1764,-0.8142,15056,False
PRRC2C,14304,237.2516,-0.8145,15057,False
RP11-563J2.2,564,1.6708,-0.8147,15058,False
RP11-703G6.1,226,0.0975,-0.8152,15059,False
MTMR14,3691,44.9971,-0.8155,15060,False
ANKH,2296,9.4836,-0.8156,15061,False
SH3KBP1,8605,152.303,-0.8158,15062,False
C2orf69,2081,12.3586,-0.8161,15063,False
PLGLA,561,1.6308,-0.8163,15064,False
ENDOD1,1482,9.3896,-0.8177,15065,False
RP3-368A4.5,1243,4.2788,-0.8182,15066,False
RPA1,4055,48.2101,-0.8184,15067,False
ZHX2,2569,15.0339,-0.8184,15068,False
AKAP5,1345,5.9783,-0.8185,15069,False
DDX18,6078,36.1328,-0.819,15070,False
ARF5,6530,153.4181,-0.8194,15071,False
SNX20,4040,53.4613,-0.8194,15072,False
TPR,6540,92.2213,-0.8197,15073,False
SNORA74,474,1.4109,-0.8198,15074,False
SIGLEC14,1567,9.39,-0.8199,15075,False
TMEM261,2430,26.4266,-0.8208,15076,False
AP003068.9,1689,7.6498,-0.8208,15077,False
CSK,6016,87.2599,-0.8209,15078,False
ZFP36L2,11359,155.2992,-0.821,15079,False
IBTK,1989,11.5311,-0.8211,15080,False
SLC5A2,1206,4.1515,-0.8214,15081,False
AP000275.65,776,2.9798,-0.8217,15082,False
CORO7-PAM16,1199,4.6492,-0.822,15083,False
SNORA75,410,2.1134,-0.8228,15084,False
LRP10,3648,27.1906,-0.8229,15085,False
DHX34,1056,4.0555,-0.8229,15086,False
ATP2A2,2685,7.9387,-0.823,15087,False
SUMO1,7199,122.3349,-0.8238,15088,False
HIST2H4B,2814,19.5799,-0.8241,15089,False
XXbac-BPG252P9.10,1154,6.5195,-0.8242,15090,False
DNAJA2,5205,70.5638,-0.8247,15091,False
CLIC4,1272,7.7002,-0.8248,15092,False
WDR26,3940,24.8821,-0.8255,15093,False
PPP2R5E,2221,8.3635,-0.8265,15094,False
CSF2RA,1298,8.02,-0.8265,15095,False
NOA1,1919,16.8418,-0.8267,15096,False
NUP50,5844,46.3399,-0.8268,15097,False
SASH3,8141,160.3754,-0.8271,15098,False
ADI1,2770,25.3436,-0.8272,15099,False
IKBKAP,2970,14.5908,-0.8276,15100,False
STARD8,639,0.7652,-0.8278,15101,False
RSL24D1,5206,81.5889,-0.8279,15102,False
ABTB1,3001,32.6333,-0.8281,15103,False
GSE1,2692,10.805,-0.8281,15104,False
NELFB,969,3.2825,-0.8285,15105,False
RP11-989E6.10,824,0.283,-0.8287,15106,False
RP11-708H21.4,634,0.1838,-0.8288,15107,False
RHOA,12586,461.0802,-0.8289,15108,False
HYPK,3648,27.19,-0.8294,15109,False
UBAP1,3438,36.8141,-0.8296,15110,False
SCLT1,2627,16.9203,-0.83,15111,False
SESN3,2077,8.8307,-0.8302,15112,False
G3BP1,6823,94.905,-0.8304,15113,False
RP11-420K8.2,279,0.4129,-0.8305,15114,False
EHD4,2766,22.1293,-0.8306,15115,False
MTPAP,3977,42.6301,-0.8309,15116,False
RP11-473N11.2,1298,0.1436,-0.8311,15117,False
ACOT13,3977,16.3597,-0.8312,15118,False
SLC2A14,2380,1.3384,-0.8314,15119,False
ZNF764,1251,8.9279,-0.8315,15120,False
ANXA6,9258,220.4559,-0.832,15121,False
SNORA73,413,2.0817,-0.8324,15122,False
RAVER1,1593,6.6782,-0.8325,15123,False
HDGF,2032,12.3191,-0.8333,15124,False
AP001046.5,444,1.0277,-0.8334,15125,False
UBQLN1,4124,40.0446,-0.8334,15126,False
VMA21,3033,24.1743,-0.834,15127,False
MTR,4694,22.9944,-0.8342,15128,False
RNF114,4695,55.8482,-0.8346,15129,False
PDCL3P3,285,0.0872,-0.8346,15130,False
SH3GLB2,1110,3.3391,-0.8355,15131,False
ECHS1,3534,54.1314,-0.8355,15132,False
GBP4,5185,51.6746,-0.8358,15133,False
RP11-448A19.1,588,1.1624,-0.8362,15134,False
SCAF8,2589,8.9579,-0.8363,15135,False
C22orf34,1739,14.4402,-0.8369,15136,False
GRIPAP1,4076,39.6925,-0.8371,15137,False
HSD17B12,2173,16.2399,-0.8373,15138,False
MAPRE1,5878,78.8783,-0.8374,15139,False
ICAM3,7192,139.1972,-0.8383,15140,False
CTD-2373J19.1,361,0.0147,-0.8384,15141,False
SIK3-IT1,2054,13.5253,-0.8385,15142,False
COX16,2992,31.1411,-0.8387,15143,False
RP11-727F15.9,2070,4.9225,-0.8392,15144,False
OSBPL2,2191,14.08,-0.8396,15145,False
HNRNPD,7312,80.6351,-0.8397,15146,False
RP11-452L6.1,785,4.6705,-0.8401,15147,False
PCBP2,10810,156.5669,-0.8409,15148,False
RP11-1407O15.2,3862,10.9074,-0.8409,15149,False
DIP2A,5276,46.3173,-0.8411,15150,False
LINC01004,1179,4.4472,-0.8414,15151,False
ANXA11,6366,97.2637,-0.8415,15152,False
RELA,3781,25.8617,-0.8417,15153,False
NDUFA9P1,1248,0.2486,-0.842,15154,False
BCL2L1,3052,23.608,-0.8421,15155,False
TMEM256-PLSCR3,3517,26.7618,-0.8426,15156,False
RCOR1,1284,3.2822,-0.8433,15157,False
AC107982.4,1592,11.2714,-0.8437,15158,False
CPT1A,4379,18.1484,-0.844,15159,False
PTCD1,2098,8.2114,-0.8441,15160,False
ZNF654,1041,4.327,-0.845,15161,False
CSNK1A1,10105,157.8057,-0.8451,15162,False
ZMYND8,3536,21.3234,-0.8452,15163,False
HSPA4,5247,46.4719,-0.8453,15164,False
SMARCAD1,2080,12.0323,-0.8455,15165,False
SPCS3,7454,79.0567,-0.8457,15166,False
MRC1L1,743,4.8508,-0.8463,15167,False
PPP5C,3339,33.342,-0.8463,15168,False
C4orf48,3081,41.7335,-0.8465,15169,False
MAP3K5,1991,6.8522,-0.8467,15170,False
ZER1,1667,8.8156,-0.8471,15171,False
FCF1,2217,7.9877,-0.8471,15172,False
EDEM3,3533,17.7317,-0.8477,15173,False
CIB1,7916,175.9072,-0.8478,15174,False
KIF15,588,2.7527,-0.8479,15175,False
RP11-187O7.1,864,0.27,-0.8488,15176,False
CD164,8692,190.3877,-0.8488,15177,False
NOP9,1096,3.0101,-0.849,15178,False
C6orf47-AS1,907,2.6582,-0.8494,15179,False
AC004967.7,540,1.0422,-0.8494,15180,False
TTC7A,3176,15.625,-0.8495,15181,False
RPS7P14,659,0.2744,-0.8496,15182,False
AC034102.1,2148,7.2373,-0.85,15183,False
RP11-815J21.3,460,1.1451,-0.8501,15184,False
LTB4R2,580,0.8766,-0.8502,15185,False
ARHGEF26,857,3.6032,-0.8502,15186,False
AGPAT1,2520,22.0198,-0.8506,15187,False
MAP1LC3B,7548,152.2024,-0.8516,15188,False
RP11-946L20.4,206,0.1209,-0.8516,15189,False
STEAP3,470,2.4062,-0.852,15190,False
LYN,1939,10.172,-0.8521,15191,False
CTD-2031P19.4,15427,770.7541,-0.8521,15192,False
MGAT2,1310,8.7886,-0.8522,15193,False
TRAM1,7281,121.3075,-0.8528,15194,False
OS9,6010,100.344,-0.853,15195,False
CELF2,10889,141.7256,-0.8532,15196,False
SMG1P1,11757,132.1369,-0.8535,15197,False
PSMA1,7696,149.5066,-0.8535,15198,False
HLA-DQB1-AS1,2132,4.7178,-0.8537,15199,False
PMS2P5,2137,8.0162,-0.8539,15200,False
RTN3,3964,51.1926,-0.854,15201,False
H3F3BP1,835,0.7846,-0.8542,15202,False
KIF24,511,0.7273,-0.8543,15203,False
RBM15,2825,14.9917,-0.8545,15204,False
PIKFYVE,4604,13.5094,-0.8552,15205,False
MED1,2660,18.0095,-0.8552,15206,False
MAN1A1,1593,5.8769,-0.8556,15207,False
TDPX2,375,0.1372,-0.8557,15208,False
FUS,11647,248.715,-0.8571,15209,False
DNAJC25-GNG10,1391,1.121,-0.8583,15210,False
MED25,1655,5.3475,-0.8585,15211,False
TOMM7,8722,208.2553,-0.859,15212,False
RP6-42F4.1,1100,4.4939,-0.859,15213,False
ATXN1,7860,88.7638,-0.8601,15214,False
RNU2-59P,954,6.4264,-0.8601,15215,False
RP11-385J23.1,676,0.8224,-0.8604,15216,False
SETBP1,1568,6.9951,-0.8607,15217,False
ATAD2,2312,12.527,-0.8609,15218,False
TAF13,3531,39.4542,-0.8613,15219,False
MCUR1,1196,5.181,-0.8617,15220,False
RP11-349A22.5,10301,190.3506,-0.8629,15221,False
TBC1D22A,3839,40.0536,-0.8631,15222,False
BTG1,10774,200.8817,-0.8632,15223,False
OXSR1,1928,10.6044,-0.8634,15224,False
TBC1D14,2082,17.0233,-0.8635,15225,False
RP11-589F5.4,1437,5.8382,-0.8636,15226,False
RBM27,3609,23.7575,-0.864,15227,False
PARGP1,1408,9.0504,-0.864,15228,False
CALR,14411,401.7139,-0.864,15229,False
RP11-567J24.4,601,3.4052,-0.8641,15230,False
C10orf12,977,4.3765,-0.8647,15231,False
NUDC,6949,104.752,-0.8649,15232,False
RPS6KB2,3479,31.5204,-0.865,15233,False
ANKRD44-IT1,952,3.1075,-0.8652,15234,False
SNRNP200,9538,112.4874,-0.8652,15235,False
GTF3C4,543,1.0816,-0.8653,15236,False
LMOD3,618,1.8887,-0.8653,15237,False
AXIN1,1343,6.2226,-0.8654,15238,False
AC008937.2,267,0.6024,-0.8659,15239,False
STYX,4190,17.4928,-0.8661,15240,False
TMED2,8130,124.6858,-0.8662,15241,False
RP11-777B9.5,379,2.2489,-0.8663,15242,False
SMG5,2780,21.2974,-0.8668,15243,False
RP11-119H12.1,163,0.0927,-0.8668,15244,False
RP11-344P13.1,402,0.7197,-0.8671,15245,False
SERINC4,823,2.0396,-0.8674,15246,False
PDE3B,3630,25.8224,-0.8684,15247,False
ASAP1,3331,19.3517,-0.8685,15248,False
ESRRA,1220,8.1468,-0.8685,15249,False
ZBTB40,2106,10.7241,-0.8691,15250,False
FAM120A,3013,18.5872,-0.8695,15251,False
GPR113,435,1.0941,-0.8702,15252,False
RNF149,9733,150.9363,-0.8703,15253,False
PDIA6,6218,114.3505,-0.871,15254,False
TSHZ1,1101,3.8374,-0.8712,15255,False
RP11-24F11.2,417,0.7309,-0.8715,15256,False
PRPF40B,4657,58.1765,-0.8716,15257,False
RP11-3D23.1,636,0.1249,-0.8717,15258,False
MNT,1400,2.5006,-0.8719,15259,False
CCDC50,2640,17.5864,-0.872,15260,False
CSNK1G2,1726,7.1465,-0.8723,15261,False
RRBP1,2357,13.5564,-0.8724,15262,False
TMEM198B,1658,5.3373,-0.8724,15263,False
ANXA2P3,243,0.0388,-0.8726,15264,False
OTUD4,1921,7.6122,-0.8727,15265,False
GOPC,1667,9.4512,-0.873,15266,False
CROCC,1772,4.8012,-0.8734,15267,False
KMT2D,6338,12.1864,-0.8741,15268,False
POLR3A,1792,7.8812,-0.8743,15269,False
LINC01001,4290,12.842,-0.8743,15270,False
AC004447.2,1411,8.1499,-0.8744,15271,False
SERINC1,8893,139.9847,-0.8745,15272,False
RP11-574K11.29,1438,3.5584,-0.875,15273,False
FGD1,332,0.2968,-0.8751,15274,False
NFKB2,2162,6.2197,-0.8753,15275,False
PVRIG2P,1221,4.0698,-0.8753,15276,False
APOBEC3D,6625,39.779,-0.8755,15277,False
MINK1,2942,8.2369,-0.8762,15278,False
INPP4B,6217,94.1597,-0.8763,15279,False
TTPAL,2202,14.8664,-0.8767,15280,False
SLC12A7,1275,3.564,-0.877,15281,False
EPS15,8009,86.9629,-0.8775,15282,False
RP11-1079K10.4,802,3.0276,-0.8779,15283,False
FAM53C,3268,32.7836,-0.8788,15284,False
RP11-357C3.3,2864,23.9031,-0.8792,15285,False
PTBP2,2677,20.3245,-0.8792,15286,False
ATXN7L3,1334,5.9291,-0.8794,15287,False
SIRT2,4081,40.6598,-0.8794,15288,False
NCKAP5L,1143,1.9009,-0.8797,15289,False
GRAMD4,2032,5.0698,-0.88,15290,False
C9orf66,696,1.8282,-0.88,15291,False
XXbac-BPGBPG55C20.2,598,1.0214,-0.8801,15292,False
NHLRC3,2521,17.43,-0.8811,15293,False
OPTN,7346,103.4929,-0.8811,15294,False
RP11-335G20.7,1492,11.38,-0.8814,15295,False
SOGA1,837,1.0235,-0.882,15296,False
RP11-109D20.2,439,1.2522,-0.882,15297,False
MOB1A,9335,146.7996,-0.8823,15298,False
RMND5A,4123,21.0217,-0.8825,15299,False
NFX1,3675,33.2635,-0.8826,15300,False
PRKAR2A,2327,13.6377,-0.8829,15301,False
FASN,1604,4.4486,-0.8829,15302,False
SMARCB1,4424,38.875,-0.8831,15303,False
ABTB2,594,1.7101,-0.8831,15304,False
RAPGEF6,5951,47.9686,-0.8836,15305,False
WBP4,1811,8.6114,-0.8839,15306,False
HSBP1,3549,41.7352,-0.884,15307,False
LINC00910,1664,7.9853,-0.8842,15308,False
ARAF,3441,40.4606,-0.8846,15309,False
C5orf15,4054,54.2007,-0.8847,15310,False
DUSP7,1259,6.1308,-0.8849,15311,False
SHISA9,386,0.0229,-0.8854,15312,False
RP11-211G3.2,530,0.5003,-0.886,15313,False
SLC2A4RG,931,3.4328,-0.8862,15314,False
RAB3GAP1,3943,37.336,-0.8866,15315,False
CTD-2290C23.2,279,0.1587,-0.8871,15316,False
GOLPH3,2580,20.9654,-0.8875,15317,False
KIAA0226,6743,41.2587,-0.8876,15318,False
RP11-45M22.4,496,0.3729,-0.888,15319,False
RP11-848G14.5,893,1.5615,-0.8883,15320,False
SLC25A24,1959,12.1049,-0.8884,15321,False
SNORA18,679,4.4759,-0.8885,15322,False
CLSPN,878,2.876,-0.8887,15323,False
SGTA,2840,26.7595,-0.8889,15324,False
TNFAIP8L1,845,3.2072,-0.889,15325,False
SMU1,6675,48.3812,-0.8893,15326,False
VPS13B,5554,42.1691,-0.8894,15327,False
RP11-413E6.7,380,0.117,-0.8894,15328,False
RRP15,2017,11.5211,-0.8896,15329,False
TMBIM1,4266,55.388,-0.8901,15330,False
TEKT4P2,777,2.0106,-0.8901,15331,False
METTL15,3320,16.7605,-0.8901,15332,False
MYO1G,5848,71.2939,-0.8907,15333,False
PCNXL3,2165,11.3793,-0.8911,15334,False
RP11-343N15.5,3020,12.3411,-0.8912,15335,False
HRH2,782,2.6861,-0.8914,15336,False
PQLC1,1337,4.6251,-0.8914,15337,False
PPP2R4,3565,22.6482,-0.8915,15338,False
FAM21B,1650,5.6266,-0.8917,15339,False
RP11-693J15.5,441,0.6545,-0.8918,15340,False
RP11-640M9.2,5480,28.5549,-0.8922,15341,False
FAM101B,832,3.5732,-0.8924,15342,False
SNX1,5931,75.1964,-0.8927,15343,False
CNTLN,604,1.072,-0.8928,15344,False
PARD6B,1229,6.0566,-0.893,15345,False
RP11-701P16.2,509,1.84,-0.8931,15346,False
POLRMTP1,936,0.2147,-0.8932,15347,False
REXO1L1,894,0.3106,-0.8932,15348,False
SEPT7P9,694,0.9292,-0.8933,15349,False
HADHA,5485,85.081,-0.8936,15350,False
PERP,919,6.6984,-0.8948,15351,False
BACH2,1575,6.2344,-0.895,15352,False
BRD1,2677,16.8732,-0.8951,15353,False
PPP6R1,3962,38.4516,-0.8953,15354,False
LRCH1,1625,5.0702,-0.8953,15355,False
RP11-53B2.2,836,3.6496,-0.8955,15356,False
GPR22,980,7.0625,-0.8956,15357,False
RP11-57C13.5,328,0.3465,-0.8957,15358,False
WDR33,5537,54.9537,-0.8959,15359,False
SLC25A22,1171,7.7543,-0.8963,15360,False
PLEKHO2,2759,23.5732,-0.8968,15361,False
RP11-290D2.6,2765,3.4229,-0.8969,15362,False
RPL21P119,2483,7.1161,-0.8975,15363,False
RP11-120K9.2,1043,2.3082,-0.8976,15364,False
CREB3L2,4228,25.6116,-0.898,15365,False
ZMYM2,4893,43.4032,-0.8987,15366,False
EIF4A1P6,218,0.0314,-0.8988,15367,False
ASCC3,5180,46.4092,-0.8988,15368,False
TRIM41,1346,2.7183,-0.899,15369,False
ARPC4,11523,290.7463,-0.8995,15370,False
AC004057.1,13752,446.8004,-0.9003,15371,False
LRRC37A4P,3543,17.6364,-0.9008,15372,False
LSM14A,6779,85.3219,-0.9011,15373,False
MTMR6,2343,13.5097,-0.9016,15374,False
DHRS4L2,2245,16.0577,-0.9018,15375,False
GINS2,751,4.8211,-0.9021,15376,False
NSF,3866,36.0693,-0.9022,15377,False
AGAP10,1964,2.6284,-0.9029,15378,False
DNAH17,879,1.7584,-0.9035,15379,False
PMS2P9,553,1.3798,-0.9037,15380,False
SLC10A1,1094,2.0474,-0.9037,15381,False
SLC9A8,3164,17.3943,-0.9042,15382,False
TNRC6C-AS1,2131,15.0689,-0.9043,15383,False
RP11-296E7.1,168,0.0157,-0.9044,15384,False
BCL2,1642,9.2013,-0.9045,15385,False
SOCS5,950,6.5297,-0.9046,15386,False
RP11-182L21.6,908,2.9032,-0.905,15387,False
AC005000.1,696,0.7001,-0.9052,15388,False
JUN,8429,86.2791,-0.9053,15389,False
AC008964.1,3597,32.3258,-0.9068,15390,False
RP11-110I1.6,2031,9.0003,-0.9072,15391,False
ARIH2P1,356,0.0493,-0.9073,15392,False
RPN1,8471,138.8568,-0.9074,15393,False
CUL7,1325,4.4765,-0.9074,15394,False
ABHD17A,1389,7.1525,-0.9075,15395,False
AC095067.1,373,0.0327,-0.9084,15396,False
AC107983.4,2026,2.7185,-0.9085,15397,False
RP11-294J22.6,3501,45.3014,-0.9087,15398,False
SNAPC4,560,0.9942,-0.9091,15399,False
MCM6,2879,31.1023,-0.9095,15400,False
RBKS,1448,8.688,-0.9101,15401,False
HECTD4,3428,21.0083,-0.9102,15402,False
SLC7A5,4534,37.8551,-0.9112,15403,False
RPL27AP5,276,0.1395,-0.9114,15404,False
CTD-2021A8.3,482,0.9251,-0.9116,15405,False
GNG5P2,243,0.1145,-0.9117,15406,False
WBP1L,1612,9.4586,-0.9118,15407,False
ANAPC2,1774,5.7577,-0.9122,15408,False
C17orf72,1147,1.0594,-0.9125,15409,False
AC007560.1,461,1.509,-0.9131,15410,False
TIMM17B,3824,52.0868,-0.9132,15411,False
CANT1,1735,4.1492,-0.9132,15412,False
TLR8,456,1.1261,-0.9135,15413,False
RPL30P4,631,0.663,-0.9136,15414,False
RP11-631M6.2,2345,15.0829,-0.9143,15415,False
WDTC1,1754,4.8066,-0.9147,15416,False
RLIM,3178,21.487,-0.9149,15417,False
RP11-1319K7.1,1566,5.5546,-0.9151,15418,False
SMC3,4659,58.6826,-0.9153,15419,False
ANKRD13C,3534,32.7802,-0.9154,15420,False
MDH2,5787,102.9615,-0.9158,15421,False
VPS13C,8230,67.8816,-0.9163,15422,False
EME2,3053,3.4541,-0.9169,15423,False
MED23,3987,40.3691,-0.9169,15424,False
RP11-274M17.2,176,0.2784,-0.9169,15425,False
NEK9,3896,29.0557,-0.917,15426,False
UHRF1BP1,1439,3.7618,-0.9171,15427,False
NAA60,3568,26.6395,-0.9173,15428,False
UPF3B,2789,14.391,-0.9173,15429,False
TRPM7,5302,28.5402,-0.9182,15430,False
CHD3,4841,37.5459,-0.9189,15431,False
MTCH1,3876,42.6305,-0.9192,15432,False
CBWD7,3704,15.9569,-0.9194,15433,False
RP11-114H24.6,1426,7.7063,-0.9195,15434,False
ERI1,2430,19.7818,-0.9203,15435,False
ZBTB24,816,3.1376,-0.9204,15436,False
CERS6,736,1.2411,-0.9212,15437,False
ATF5,1174,4.4654,-0.9212,15438,False
TMX4,3736,30.4809,-0.9213,15439,False
MAP4,6872,76.6079,-0.9231,15440,False
RPL5P28,1505,0.5977,-0.9238,15441,False
KIAA1147,957,3.8849,-0.9239,15442,False
LDB1,1694,8.5934,-0.9239,15443,False
PIM3,3496,28.7078,-0.9241,15444,False
RP11-466H18.1,10323,225.1902,-0.9242,15445,False
ANO6,1640,7.5208,-0.9244,15446,False
RP1-56K13.2,1077,7.6609,-0.9245,15447,False
ATP11A,2396,8.0543,-0.9246,15448,False
TCF20,1993,6.7137,-0.9247,15449,False
TMEM127,2110,8.8337,-0.9248,15450,False
MAFK,659,3.0536,-0.925,15451,False
ZNF593,1179,6.1688,-0.9254,15452,False
C1orf86,1733,9.4921,-0.9258,15453,False
NPIPA1,10337,30.972,-0.9261,15454,False
RP11-326A19.5,1638,2.5096,-0.9265,15455,False
ROCK1,6605,35.0386,-0.9268,15456,False
ENSA,6658,60.2466,-0.9288,15457,False
AL513327.1,1210,7.8117,-0.9292,15458,False
PPIAP29,2731,3.8177,-0.9296,15459,False
RHD,637,0.953,-0.9296,15460,False
EIF4G2,12338,288.9809,-0.9298,15461,False
SKIL,8099,70.5821,-0.9299,15462,False
MFHAS1,868,2.9681,-0.93,15463,False
AC016831.7,4890,31.1713,-0.93,15464,False
CBFA2T3,615,1.6798,-0.9302,15465,False
TBL1XR1,8518,72.8659,-0.931,15466,False
MED15,8336,92.1278,-0.931,15467,False
CTD-2047H16.4,1099,3.6186,-0.9312,15468,False
UPF3AP1,860,0.6726,-0.9312,15469,False
RP11-396K3.1,1193,3.5575,-0.9326,15470,False
CDC42SE2,12881,283.6513,-0.9326,15471,False
AC093162.5,333,0.6549,-0.9327,15472,False
TLR9,682,2.6239,-0.933,15473,False
WBP2,6093,79.6254,-0.9338,15474,False
CYP3A5,1061,3.1753,-0.9341,15475,False
SERBP1P6,361,0.0774,-0.9343,15476,False
CTD-2031P19.5,1540,6.0335,-0.9344,15477,False
RP11-87H9.2,657,2.2803,-0.9347,15478,False
TMEM200B,738,0.3932,-0.935,15479,False
RP11-26H16.1,522,0.4528,-0.9353,15480,False
WASH3P,5594,19.6009,-0.9356,15481,False
HNRNPA3P10,660,0.1775,-0.9357,15482,False
FAM78A,2270,12.0545,-0.9357,15483,False
RPL5P3,2051,0.5238,-0.936,15484,False
H6PD,2496,6.4984,-0.936,15485,False
RP11-279F6.3,663,1.885,-0.9361,15486,False
CD151,2327,5.1247,-0.9365,15487,False
RNF5,3141,42.563,-0.9366,15488,False
LYSMD1,511,1.1434,-0.9372,15489,False
ATG14,1721,5.6917,-0.9382,15490,False
DDX10P2,596,0.0633,-0.9384,15491,False
MTMR10,1557,7.0055,-0.9388,15492,False
RASSF5,6524,99.5258,-0.9399,15493,False
FAM193A,2482,11.361,-0.94,15494,False
RP11-269M20.1,278,0.1471,-0.9402,15495,False
UHRF1,1141,5.5949,-0.9411,15496,False
MBP,3998,34.1388,-0.9412,15497,False
CITF22-1A6.3,1165,4.2996,-0.9418,15498,False
RP11-304L19.2,806,2.5211,-0.9418,15499,False
YIPF4,4703,43.1702,-0.9421,15500,False
FOSB,11141,139.8251,-0.9424,15501,False
PIK3CD,6662,67.628,-0.9427,15502,False
AC074183.4,176,0.0755,-0.9438,15503,False
NDUFB8,7546,151.6384,-0.9441,15504,False
RANGAP1,3781,40.8077,-0.9444,15505,False
RP3-388N13.2,608,0.2951,-0.9455,15506,False
CRIM1,2612,7.9466,-0.9456,15507,False
RPL21P111,238,0.1192,-0.9458,15508,False
FYB,11866,221.2091,-0.9462,15509,False
SRP9P1,3618,15.9819,-0.9462,15510,False
PRKCQ,4227,36.18,-0.9474,15511,False
MLLT3,4458,37.4063,-0.9476,15512,False
DDX27,6648,72.1317,-0.948,15513,False
CBX3,8077,127.8638,-0.948,15514,False
CTAGE5,3531,35.001,-0.9484,15515,False
DGKZ,4459,27.9707,-0.9488,15516,False
RP11-163E9.1,213,0.3159,-0.9495,15517,False
GYPC,7412,115.6054,-0.9497,15518,False
PRKCD,1541,7.9039,-0.9502,15519,False
INPP4A,3065,14.7232,-0.9507,15520,False
RBM22,3327,32.637,-0.9513,15521,False
RNU2-61P,578,3.116,-0.9514,15522,False
WDR5,1456,5.8823,-0.9514,15523,False
EIF4H,8543,170.4761,-0.9516,15524,False
RP11-206L10.2,2664,11.8041,-0.9517,15525,False
SLC25A25,1903,11.408,-0.952,15526,False
DHX37,1167,3.6708,-0.9524,15527,False
FAM60CP,418,0.2185,-0.9527,15528,False
TMEM43,4235,43.5312,-0.9537,15529,False
RASA3,4032,27.7993,-0.954,15530,False
EEF1A1P29,2877,0.5414,-0.9544,15531,False
STK17A,4092,38.4439,-0.9546,15532,False
CDKN1B,4023,43.3698,-0.9552,15533,False
RPS26,14376,505.6492,-0.9555,15534,False
SAP25,685,2.1123,-0.9557,15535,False
NCOR2,4021,16.7069,-0.9561,15536,False
NOTCH2NL,5981,62.6171,-0.9562,15537,False
RP11-25I15.1,470,1.2977,-0.9562,15538,False
RASAL3,5048,36.5518,-0.957,15539,False
MKL1,5129,47.665,-0.9577,15540,False
ZRANB1,1406,4.1142,-0.9584,15541,False
ARCN1,4982,56.181,-0.9584,15542,False
HLA-DPB2,3390,3.2182,-0.9589,15543,False
ZACN,1915,6.4468,-0.9591,15544,False
RHOF,8800,119.0281,-0.9593,15545,False
RP11-173P15.3,639,1.7063,-0.9598,15546,False
PSD,1550,2.1466,-0.9598,15547,False
SH3GL1,1356,4.6237,-0.9599,15548,False
RPS15AP38,892,0.8101,-0.9601,15549,False
RPL17P50,1607,4.9659,-0.9603,15550,False
SNRPB2,5355,75.3405,-0.9607,15551,False
CD302,1197,6.2992,-0.9607,15552,False
DCK,3365,40.3863,-0.9608,15553,False
POTEF,1321,0.0669,-0.961,15554,False
ZC3H3,2057,9.7554,-0.961,15555,False
ZBED4,1235,5.3373,-0.9612,15556,False
D2HGDH,1576,8.9491,-0.9612,15557,False
SNRK,3343,31.7946,-0.963,15558,False
UBE2W,4262,27.0725,-0.9633,15559,False
TIMM10B,3416,29.4021,-0.9635,15560,False
AC083899.3,816,0.8973,-0.9642,15561,False
ADAMTSL4,1393,4.2478,-0.9644,15562,False
RASA2,6524,60.5235,-0.9657,15563,False
THEMIS,3950,41.1218,-0.9659,15564,False
RAB7A,8732,163.6608,-0.9661,15565,False
NPIPB4,15598,378.7108,-0.9662,15566,False
NUTM2B,628,0.9884,-0.9667,15567,False
KPNA6,5863,44.8004,-0.967,15568,False
ZNF335,3761,22.7907,-0.9672,15569,False
ZNF106,5037,51.7118,-0.9675,15570,False
SMURF1,1216,3.0685,-0.9678,15571,False
RANBP3,4582,38.517,-0.968,15572,False
SLC25A32,4249,45.4122,-0.9684,15573,False
ATRX,8911,95.728,-0.9692,15574,False
SHFM1,5767,91.9043,-0.9693,15575,False
PHACTR4,3076,20.5804,-0.9693,15576,False
HMGB1P37,188,0.0718,-0.9696,15577,False
MRPL30,1353,5.5774,-0.9701,15578,False
CDKAL1,3495,13.7794,-0.9708,15579,False
USP24,5343,18.4846,-0.9709,15580,False
KIAA1598,878,3.8985,-0.9714,15581,False
RP11-264B17.3,1569,0.784,-0.9723,15582,False
THAP5,3507,26.5122,-0.9726,15583,False
ARID3B,3841,18.1862,-0.973,15584,False
DSC2,501,0.8868,-0.973,15585,False
NPAT,3373,25.0522,-0.9737,15586,False
PDCL,2168,14.8528,-0.9743,15587,False
UGCG,3889,24.3582,-0.9752,15588,False
NCOA1,2884,14.2746,-0.9752,15589,False
XRCC6P1,799,0.0769,-0.9753,15590,False
MON2,4788,33.8776,-0.9753,15591,False
ZNRF2,1175,4.0533,-0.9761,15592,False
RAB3D,944,2.6865,-0.9774,15593,False
FAM21A,3572,17.9265,-0.9774,15594,False
POTEJ,216,0.0182,-0.9775,15595,False
LINC00936,1220,3.3947,-0.9786,15596,False
OGT,10878,150.6355,-0.9791,15597,False
INTS3,3298,20.1294,-0.9792,15598,False
OGFR,1026,2.9396,-0.9808,15599,False
UQCRFS1,5648,104.2311,-0.9808,15600,False
RP11-815J21.4,580,2.1844,-0.9809,15601,False
MSH3,1469,7.508,-0.982,15602,False
MAP3K14,2797,12.4559,-0.9827,15603,False
LENG1,1516,12.7859,-0.9832,15604,False
CTD-2369P2.12,1349,4.3019,-0.9834,15605,False
PTPRN2,980,5.409,-0.9836,15606,False
RP11-2C24.4,937,2.8703,-0.9845,15607,False
POLA1,1265,5.068,-0.9848,15608,False
URB1,1040,2.0018,-0.9856,15609,False
RNFT1P3,414,0.1246,-0.9857,15610,False
PFKL,5507,75.0187,-0.9865,15611,False
USP38,2850,19.0425,-0.987,15612,False
NBPF24,2819,8.5483,-0.987,15613,False
KLF2,2224,12.1087,-0.9874,15614,False
STAMBPL1,3296,35.683,-0.9879,15615,False
RIN2,929,5.2216,-0.988,15616,False
H3F3A,12196,378.137,-0.9888,15617,False
PPIEL,520,0.8813,-0.9891,15618,False
ARHGEF10L,666,2.7265,-0.9892,15619,False
XYLT2,2506,12.2231,-0.9898,15620,False
NDUFA7,2539,24.8588,-0.9904,15621,False
PNPLA2,2410,14.2811,-0.9906,15622,False
AC018462.2,4816,5.3856,-0.9912,15623,False
ATP5A1P7,221,0.0175,-0.9915,15624,False
CIRBP,10974,237.2573,-0.9916,15625,False
C10orf118,3997,30.2542,-0.9933,15626,False
SAR1A,8983,140.0922,-0.9943,15627,False
TIMM22,1502,9.7596,-0.9945,15628,False
CMPK1,3576,35.6467,-0.9949,15629,False
RPL35P2,645,0.6764,-0.9949,15630,False
EXOC2,3871,38.9833,-0.995,15631,False
EIF1AX,5504,48.6819,-0.9952,15632,False
LRP1,1320,6.0429,-0.9952,15633,False
IL24,1700,9.221,-0.9957,15634,False
SPDYE9P,659,0.7697,-0.9962,15635,False
DCAF15,599,1.0364,-0.9967,15636,False
TRA2A,13991,234.6201,-0.997,15637,False
SPATA2,813,2.7073,-0.9972,15638,False
DNAJB12,2867,20.2236,-0.9973,15639,False
FBXO33,1216,6.7014,-0.9978,15640,False
PMS2P2,1093,2.8138,-0.9983,15641,False
RP11-312J18.5,1198,0.5041,-0.9985,15642,False
ATP2A3,4719,38.1962,-0.9988,15643,False
PMS2P1,1921,11.7173,-0.9988,15644,False
EIF4B,10850,187.6795,-1.0011,15645,False
DDX3X,12649,112.2451,-1.0013,15646,False
ATG2A,2946,13.6584,-1.0013,15647,False
PPP1R10,4239,43.7151,-1.0027,15648,False
SRRM2,11951,185.105,-1.0032,15649,False
HK1,4659,55.8959,-1.004,15650,False
BOD1L1,3575,16.0892,-1.0042,15651,False
LPGAT1,1232,3.7059,-1.0044,15652,False
RP11-796E2.4,1152,4.9258,-1.0046,15653,False
SAMHD1,5583,68.1062,-1.0052,15654,False
SDF4,3563,33.8418,-1.0058,15655,False
MAP3K11,2479,10.9698,-1.0063,15656,False
MIDN,3924,4.13,-1.0066,15657,False
SP1,2216,8.8677,-1.0068,15658,False
HNRNPAB,3159,15.8093,-1.0072,15659,False
RP11-391M20.1,474,1.3006,-1.0077,15660,False
PKD1P5,2779,13.6289,-1.0077,15661,False
RP1-225E12.2,1346,6.6396,-1.0077,15662,False
SFSWAP,3532,22.4955,-1.0083,15663,False
PRR12,730,0.253,-1.0088,15664,False
ZNF24,3227,27.8771,-1.0108,15665,False
FAM168B,1738,9.4166,-1.0109,15666,False
RP11-395P17.11,1171,3.0078,-1.0114,15667,False
HNRNPUL2-BSCL2,888,1.262,-1.0127,15668,False
PXN,3992,29.2358,-1.013,15669,False
BICD2,1472,5.6206,-1.0131,15670,False
KTN1,6860,93.0393,-1.0142,15671,False
RP11-848G14.2,998,3.4039,-1.0142,15672,False
SLC7A1,1881,5.7955,-1.015,15673,False
HIPK2,3274,9.7658,-1.0152,15674,False
MYBBP1A,2592,14.5964,-1.0153,15675,False
POLQ,701,1.3894,-1.0163,15676,False
SRSF6,12994,226.8954,-1.0167,15677,False
USP12,1379,4.1212,-1.0168,15678,False
CYB5R3,4721,56.8668,-1.0172,15679,False
NFKB1,3878,20.8486,-1.0173,15680,False
PABPC1P4,4851,0.7011,-1.0178,15681,False
MYL8P,183,0.0826,-1.0181,15682,False
ERO1L,5704,26.8422,-1.0182,15683,False
RP2,1654,8.7155,-1.0183,15684,False
CTD-2369P2.4,666,1.2036,-1.0184,15685,False
TRIM59,4588,45.263,-1.0186,15686,False
FADD,1303,8.5918,-1.0186,15687,False
FKBP8,3877,11.4649,-1.019,15688,False
EEF1B2P2,1101,0.4159,-1.0202,15689,False
TMBIM4,7442,111.0352,-1.0205,15690,False
FAM117B,1383,7.0961,-1.0208,15691,False
RRP7A,4417,51.3923,-1.0214,15692,False
CACUL1,4165,30.6665,-1.022,15693,False
CNTD1,1363,2.9199,-1.022,15694,False
SNRPFP1,426,0.9599,-1.0221,15695,False
LILRB3,1542,6.0942,-1.0224,15696,False
AC009133.14,840,0.3671,-1.0237,15697,False
HSD17B1,797,1.9743,-1.024,15698,False
ZNF687,1586,7.0564,-1.0243,15699,False
POLR2J3,9411,107.7405,-1.0253,15700,False
PSIP1,5219,34.4872,-1.0254,15701,False
RP11-540O11.7,412,0.665,-1.0255,15702,False
CTD-3214H19.12,192,0.097,-1.0256,15703,False
LY6E,9012,156.9808,-1.0257,15704,False
CEBPD,711,1.812,-1.0258,15705,False
PLEKHA3,2902,6.9886,-1.0263,15706,False
AHCTF1P1,1097,1.0974,-1.0265,15707,False
MCL1,9818,137.1223,-1.0269,15708,False
GM2A,2426,15.1772,-1.0275,15709,False
CLN3,3087,31.9433,-1.0275,15710,False
UPK3BL,5637,56.5558,-1.0278,15711,False
TRAK1,2051,9.1431,-1.0286,15712,False
LBR,5241,65.9919,-1.0291,15713,False
PLEKHA2,5374,38.0241,-1.0296,15714,False
AP001055.6,523,1.5841,-1.0302,15715,False
YLPM1,5443,17.4349,-1.0303,15716,False
SPRED1,442,0.6133,-1.0308,15717,False
PLXNA1,829,1.8472,-1.0309,15718,False
LA16c-390H2.4,637,2.0667,-1.0314,15719,False
RBM15B,988,3.1174,-1.0324,15720,False
RP11-206L10.1,635,1.5422,-1.0324,15721,False
RP11-973N13.4,448,0.679,-1.0327,15722,False
AQR,3644,20.5776,-1.0332,15723,False
NBR1,4454,40.3528,-1.0332,15724,False
LMTK2,1288,3.9657,-1.0337,15725,False
CCDC88C,6131,54.8147,-1.0337,15726,False
ZNF292,7343,83.814,-1.0338,15727,False
TGFBR2,3090,19.4011,-1.0338,15728,False
STAG1,3500,18.2982,-1.0341,15729,False
H2AFY,5444,54.3811,-1.0341,15730,False
PAPD5,2531,12.8303,-1.0344,15731,False
UBL3,1608,9.466,-1.0346,15732,False
LNPEP,7487,67.1958,-1.0347,15733,False
C17orf61-PLSCR3,538,0.6645,-1.0353,15734,False
AC090043.1,185,0.0926,-1.0365,15735,False
GNAI3,4014,49.6269,-1.0369,15736,False
ATP5J2-PTCD1,544,1.6255,-1.0371,15737,False
MAP3K7,2484,15.3204,-1.0372,15738,False
LRRC37A2,5830,42.8673,-1.0399,15739,False
AC073869.1,2003,0.5662,-1.0399,15740,False
ZBTB25,4711,26.948,-1.0402,15741,False
DOCK8,10663,135.4707,-1.0418,15742,False
DDX17,13253,182.0391,-1.042,15743,False
TNRC6A,4618,36.5212,-1.0441,15744,False
ITFG3,1461,7.6099,-1.0445,15745,False
FAM198B,548,1.6145,-1.045,15746,False
XPR1,2474,10.2609,-1.047,15747,False
ANKHD1-EIF4EBP3,2051,5.7366,-1.0493,15748,False
CTB-60E11.4,805,1.6237,-1.0494,15749,False
CHCHD2P9,537,0.3176,-1.0496,15750,False
AC006369.2,565,2.5959,-1.0496,15751,False
LY75,3853,25.098,-1.05,15752,False
PDE12,2184,12.552,-1.0504,15753,False
ZNF723,253,0.021,-1.0534,15754,False
HNRNPA1P52,500,0.1088,-1.0539,15755,False
DYNLL2,1494,2.7935,-1.0541,15756,False
AGL,1776,5.5902,-1.0542,15757,False
TOMM20,6291,87.1385,-1.0544,15758,False
TUBGCP6,5170,48.546,-1.0548,15759,False
CHTF8,3285,33.8014,-1.0549,15760,False
RP11-613H2.2,1132,0.369,-1.0551,15761,False
IL6STP1,372,0.1244,-1.0553,15762,False
LINC00843,1135,1.2229,-1.0553,15763,False
PPP1CB,12587,208.3422,-1.0556,15764,False
SPAST,1265,4.2697,-1.056,15765,False
PRMT1,4290,56.1811,-1.056,15766,False
TERF1P2,239,0.0652,-1.0568,15767,False
OTUD7B,1498,2.9321,-1.0576,15768,False
SMAP1,3486,24.4757,-1.0578,15769,False
FEM1C,1902,9.4743,-1.0584,15770,False
GNG10,2669,33.1874,-1.0585,15771,False
RNPS1P1,1615,0.6589,-1.0587,15772,False
MRPS21,4561,58.1887,-1.0587,15773,False
RP4-559A3.7,866,0.2034,-1.0592,15774,False
FOXJ2,1617,8.1708,-1.0598,15775,False
DSTYK,1193,3.5035,-1.06,15776,False
C15orf39,2265,5.5212,-1.0601,15777,False
TET1,647,1.8765,-1.0603,15778,False
AGPS,1717,4.5945,-1.0607,15779,False
STK17B,15050,323.1341,-1.0608,15780,False
ZSCAN16-AS1,665,1.7303,-1.0617,15781,False
ANKRD36,8613,61.0212,-1.0618,15782,False
VPS37B,5958,41.3434,-1.062,15783,False
SETD8,2553,3.3626,-1.0623,15784,False
FBXO41,825,2.4526,-1.0626,15785,False
TRAM2,818,1.6821,-1.0632,15786,False
U2AF1,8461,162.3218,-1.0636,15787,False
RP11-47A8.5,405,0.7162,-1.0645,15788,False
PATL1,2933,5.8734,-1.0653,15789,False
SDE2,2379,16.4896,-1.0653,15790,False
IRF2BP2,4643,24.2255,-1.0658,15791,False
RP11-640M9.1,4287,26.3714,-1.066,15792,False
RP11-259G18.3,924,2.9644,-1.0674,15793,False
CCDC6,2168,8.2699,-1.0676,15794,False
RPL21P67,223,0.1143,-1.0678,15795,False
APOL2,7025,63.5795,-1.0679,15796,False
SPTAN1,7490,58.5097,-1.068,15797,False
HERC3,5646,62.9839,-1.0683,15798,False
SERP1,8655,160.7617,-1.0684,15799,False
GOLGA8A,4760,25.54,-1.0684,15800,False
GALNT2,3689,23.2154,-1.0695,15801,False
TMEM41B,2764,19.2725,-1.0697,15802,False
RP11-395P17.3,968,1.7883,-1.0698,15803,False
NPM1P46,1466,0.4547,-1.0699,15804,False
CTDSP1,3302,22.7111,-1.0709,15805,False
TMEM212,627,0.09,-1.0719,15806,False
RPL5P4,7163,4.1605,-1.0727,15807,False
LSM12P1,3576,43.0756,-1.0729,15808,False
RPL15P20,640,0.2197,-1.0731,15809,False
AC004980.9,491,1.0034,-1.0745,15810,False
CTB-79E8.3,258,1.0857,-1.0746,15811,False
USO1,3822,32.771,-1.0748,15812,False
PTPLAD2,3078,21.8748,-1.075,15813,False
RP11-39C10.1,548,0.0485,-1.0758,15814,False
CTD-2090I13.1,378,0.033,-1.0759,15815,False
HERC2P2,5390,33.6401,-1.076,15816,False
RP13-88F20.1,1556,0.171,-1.076,15817,False
SND1,6519,83.1468,-1.0768,15818,False
FAM3C2,1048,4.7372,-1.0771,15819,False
GABPA,1857,9.2433,-1.0776,15820,False
CD109,872,1.3972,-1.0778,15821,False
CTC-429P9.4,1135,3.9498,-1.0785,15822,False
KIF11,1095,5.6885,-1.0785,15823,False
RBL1,2176,6.4221,-1.0789,15824,False
CLEC11A,471,1.6718,-1.0793,15825,False
RIN3,3945,19.9287,-1.0802,15826,False
JMY,3089,7.3369,-1.0805,15827,False
ADAM19,6525,72.2617,-1.0809,15828,False
ELAVL1,2288,12.1776,-1.0813,15829,False
AKT1S1,786,1.7416,-1.0813,15830,False
DIP2B,2671,11.9574,-1.0814,15831,False
PGM2L1,1445,3.3158,-1.0818,15832,False
PDIA4,4959,54.9013,-1.0818,15833,False
SUDS3,2567,12.0444,-1.0819,15834,False
RP11-793H13.8,664,1.0044,-1.0823,15835,False
RSL24D1P1,295,0.1494,-1.0827,15836,False
DUSP8,521,0.663,-1.0841,15837,False
CERK,2656,11.773,-1.0842,15838,False
TBC1D24,818,3.074,-1.0847,15839,False
RASGRP1,4816,26.5481,-1.0854,15840,False
NFAM1,879,2.8871,-1.0856,15841,False
CTAGE1,379,0.0228,-1.086,15842,False
IL21R,4543,42.4021,-1.0866,15843,False
RP11-395B7.7,1803,8.8267,-1.0872,15844,False
EML4,11730,154.3733,-1.0879,15845,False
RAB21,3197,10.0621,-1.088,15846,False
RP4-669L17.8,386,0.5987,-1.0886,15847,False
DND1,1392,1.7777,-1.0888,15848,False
ZMAT3,1161,3.6455,-1.0899,15849,False
RP11-458D21.5,1175,2.7099,-1.09,15850,False
MFN2,2353,14.9429,-1.0913,15851,False
TAPBP,14033,342.7832,-1.0923,15852,False
AP2A1,2788,9.1221,-1.0932,15853,False
AP003419.16,1381,3.4378,-1.0937,15854,False
MAN2B2,4585,28.7337,-1.0942,15855,False
MRPL50,2042,14.7974,-1.0943,15856,False
SMN1,4081,41.6075,-1.0947,15857,False
ANKRD35,491,1.8277,-1.0955,15858,False
SF3B2,7541,81.3214,-1.0975,15859,False
RP11-347C12.2,8439,65.8849,-1.099,15860,False
SNX18,1445,2.9034,-1.0996,15861,False
ABCD2,1096,5.212,-1.1001,15862,False
BSG,7778,95.7097,-1.1016,15863,False
CDIP1,2325,9.8739,-1.1017,15864,False
GGT3P,304,0.0988,-1.1031,15865,False
RGPD1,3143,10.2189,-1.1036,15866,False
PIP5K1C,1182,2.9028,-1.1038,15867,False
EEF1DP5,186,0.0599,-1.1049,15868,False
RP11-497H16.6,1284,0.6975,-1.1053,15869,False
LY75-CD302,1008,6.5664,-1.1054,15870,False
NOTCH2,6137,31.7486,-1.1055,15871,False
TBC1D22B,1331,4.8743,-1.1061,15872,False
UBOX5,1323,6.5457,-1.1064,15873,False
ATP6V1E1P1,238,0.0729,-1.1071,15874,False
RPL9P8,14567,380.5086,-1.1084,15875,False
RP11-1334A24.6,657,1.9007,-1.1089,15876,False
RP11-407P2.1,506,0.3643,-1.1095,15877,False
PFKFB3,5908,50.2165,-1.1098,15878,False
CBWD6,6199,50.9728,-1.1099,15879,False
RP11-42D20.1,239,0.1211,-1.1099,15880,False
AKIRIN2,4810,56.2557,-1.1103,15881,False
RP11-390K5.1,505,0.495,-1.1105,15882,False
RP11-345J4.8,3730,24.398,-1.1107,15883,False
MAZ,4026,31.0138,-1.1122,15884,False
RP11-24H1.1,181,0.0834,-1.1129,15885,False
VAMP7,2599,20.7749,-1.113,15886,False
ARFGEF2,2511,5.7183,-1.1132,15887,False
RP11-51L5.3,242,0.0833,-1.1142,15888,False
AC104534.3,1003,2.0993,-1.1143,15889,False
RP11-645C24.2,9092,81.4791,-1.1144,15890,False
RPL9P9,14571,380.5216,-1.1146,15891,False
LINC00341,948,3.2286,-1.115,15892,False
FAM120B,4941,60.5406,-1.1151,15893,False
RP11-90H3.1,1851,0.2397,-1.1161,15894,False
ENPP7P1,311,0.3133,-1.1175,15895,False
HCFC1R1,2013,14.1484,-1.118,15896,False
GCOM2,721,0.3138,-1.1181,15897,False
MEGF9,984,2.3857,-1.1182,15898,False
NCBP1,3913,25.7989,-1.1185,15899,False
NBPF2P,2008,1.4103,-1.1188,15900,False
MTFR1,1922,11.462,-1.1189,15901,False
ELF1,8638,99.2434,-1.1193,15902,False
RPL29P30,223,0.102,-1.1197,15903,False
RP11-316M1.12,2251,7.3601,-1.121,15904,False
RELT,2700,16.2052,-1.1214,15905,False
CD3E,10619,158.6383,-1.1214,15906,False
LDOC1L,1446,7.7767,-1.122,15907,False
FAM46C,8820,109.8149,-1.1223,15908,False
RALGAPA1P,1064,0.5726,-1.1224,15909,False
TRPC4AP,5905,53.4638,-1.1228,15910,False
FOXN3P1,696,0.1188,-1.1234,15911,False
RPL26P37,284,0.1517,-1.1256,15912,False
MEF2BNB-MEF2B,1229,6.6993,-1.1259,15913,False
TM9SF4,2908,18.9457,-1.1263,15914,False
MAX,5946,65.3816,-1.1271,15915,False
SERBP1,8191,124.2495,-1.1273,15916,False
KDELR2,5052,63.1644,-1.1281,15917,False
SNX15,1210,3.6479,-1.1282,15918,False
ATP7A,1255,3.2158,-1.1285,15919,False
AC004878.3,992,2.0911,-1.1289,15920,False
AHNAK,11641,117.3919,-1.1289,15921,False
SLC41A1,2029,14.9475,-1.1291,15922,False
NUP62,3522,30.9556,-1.1302,15923,False
RP11-296I10.3,736,2.285,-1.1315,15924,False
AC020983.5,400,0.1647,-1.1315,15925,False
KIAA1143,2446,16.5999,-1.1319,15926,False
RP11-5L12.1,840,3.8244,-1.1337,15927,False
SNRPGP2,673,1.986,-1.1343,15928,False
DIEXF,1126,3.9667,-1.1353,15929,False
MAGT1,3273,26.1701,-1.1354,15930,False
ATAD5,1415,4.8562,-1.1356,15931,False
APOBR,1224,4.4242,-1.1359,15932,False
RP11-592B15.4,764,0.9944,-1.1359,15933,False
CMTM3,4480,29.9769,-1.1377,15934,False
IKZF1,7091,65.8715,-1.1378,15935,False
ADRBK1,6270,55.7032,-1.1388,15936,False
RPL21P135,215,0.0587,-1.139,15937,False
NFATC1,4145,36.2272,-1.1392,15938,False
CNN2P12,556,0.161,-1.1393,15939,False
HAUS1P2,557,0.1952,-1.1393,15940,False
RBM14,4146,41.676,-1.142,15941,False
BTF3P2,263,0.1168,-1.142,15942,False
DNAJC9,2848,28.3923,-1.1428,15943,False
PLAGL2,1358,5.545,-1.1428,15944,False
GTPBP6,1642,5.7982,-1.144,15945,False
HYOU1,3637,20.077,-1.1443,15946,False
C19orf35,782,0.7052,-1.1446,15947,False
FBXL15,2154,15.6385,-1.1446,15948,False
RP11-227G15.3,948,3.1432,-1.1449,15949,False
RPS4XP7,1179,0.3358,-1.1452,15950,False
H2AFJ,2627,24.1763,-1.1455,15951,False
SDCBPP3,1102,0.3222,-1.1457,15952,False
BAZ1B,2763,9.5315,-1.1457,15953,False
CTB-151G24.1,512,1.2289,-1.1463,15954,False
CARD11,3422,22.0427,-1.1474,15955,False
TGFBR1,1470,6.5748,-1.1478,15956,False
RP11-756P10.3,739,1.64,-1.1483,15957,False
USP9X,7704,53.6558,-1.1489,15958,False
FAM157B,1399,4.2602,-1.1496,15959,False
CAP1,10828,230.0641,-1.1497,15960,False
ALG1L15P,204,0.0683,-1.1497,15961,False
UBE2R2,1582,5.4925,-1.1498,15962,False
DNAJB1P1,1220,0.2757,-1.1499,15963,False
AC097523.3,167,0.0551,-1.1502,15964,False
SLC35E2,2635,11.9525,-1.1502,15965,False
FLI1,3738,26.3302,-1.1504,15966,False
NCOA6,3645,14.8654,-1.1504,15967,False
ZC3H11B,969,0.1404,-1.1508,15968,False
CAPZA1,14012,388.1987,-1.1517,15969,False
MRC1,573,1.5977,-1.152,15970,False
MOB2,1272,6.0842,-1.1526,15971,False
RNF216,4507,36.5113,-1.153,15972,False
ZNF107,3459,13.151,-1.1534,15973,False
SPAG1,1578,5.0135,-1.1538,15974,False
CDC42,13301,287.4796,-1.1542,15975,False
RP11-66H6.3,498,0.7247,-1.1547,15976,False
TSPYL4,2440,21.2295,-1.1559,15977,False
MECP2,4719,14.7633,-1.1562,15978,False
AC007193.8,590,2.6223,-1.1563,15979,False
NLRP1,5689,56.3228,-1.1564,15980,False
C7orf55-LUC7L2,5868,29.589,-1.1569,15981,False
FAM102B,1345,4.4993,-1.158,15982,False
NPIPB9,2378,2.1526,-1.1584,15983,False
PHRF1,1989,5.8294,-1.1585,15984,False
RP11-570L15.1,451,1.0428,-1.1591,15985,False
RP11-305M3.2,1564,10.0301,-1.16,15986,False
LETM1,4511,15.6748,-1.1604,15987,False
BMPR2,1342,2.7102,-1.1606,15988,False
CD7,7688,38.7002,-1.1606,15989,False
PDE4D,6437,54.8615,-1.1616,15990,False
RP11-30P6.3,821,0.4021,-1.1617,15991,False
GLG1,6111,49.2186,-1.1619,15992,False
SREBF2,4035,17.0968,-1.1619,15993,False
RPL3P9,1523,0.2443,-1.1619,15994,False
MKNK2,5951,29.9448,-1.1621,15995,False
RP11-819M15.1,407,0.1126,-1.1645,15996,False
SLC35E2B,4412,28.5714,-1.1649,15997,False
SBF1,4101,26.8607,-1.1661,15998,False
PGM5P2,508,0.2923,-1.1662,15999,False
STAG3L1,4696,24.5231,-1.1663,16000,False
RP11-809N8.2,1691,6.378,-1.1664,16001,False
DYRK2,2406,11.4408,-1.1668,16002,False
RBBP5,3428,21.3133,-1.1673,16003,False
ANP32B,6724,113.462,-1.1676,16004,False
SOCS4,2514,16.8852,-1.1688,16005,False
COPE,8858,179.0867,-1.1688,16006,False
AC087650.1,272,0.1302,-1.1691,16007,False
ZC3HAV1,12614,135.5816,-1.1695,16008,False
RP3-402G11.26,1582,0.8144,-1.1697,16009,False
PTENP1,743,1.1814,-1.1701,16010,False
PEX14,1836,3.3482,-1.1716,16011,False
LONP2,6482,47.7244,-1.1722,16012,False
RP11-181C21.4,753,1.0007,-1.1736,16013,False
RING1,1046,3.4045,-1.1736,16014,False
HSPB1P1,513,1.3938,-1.1745,16015,False
RP11-209A2.1,274,0.0799,-1.176,16016,False
JAK1,9408,108.9269,-1.1768,16017,False
DUSP5,2971,13.3417,-1.1771,16018,False
CTA-313A17.3,566,0.8506,-1.1776,16019,False
AGAP8,2459,8.4596,-1.1792,16020,False
RCC2,2713,12.3221,-1.1793,16021,False
RTF1,3912,26.9691,-1.1793,16022,False
SFMBT2,2889,11.1997,-1.1809,16023,False
PTPN11,3916,25.6861,-1.1813,16024,False
C16orf98,2273,0.9768,-1.1813,16025,False
GNG7,1038,4.0188,-1.1817,16026,False
ACTR2,6690,72.1422,-1.1818,16027,False
CDC73,2993,19.1414,-1.183,16028,False
SRGAP2C,1604,5.4728,-1.1838,16029,False
EEF1GP1,1635,0.2173,-1.1843,16030,False
SCARNA17,629,3.314,-1.1846,16031,False
RP11-206F17.2,595,0.257,-1.1847,16032,False
ZCCHC6,4941,35.3076,-1.1848,16033,False
ZNFX1,5671,40.7786,-1.1852,16034,False
TM9SF2,6718,84.2914,-1.1855,16035,False
PKN2,3386,12.0963,-1.1855,16036,False
XRN2,4970,43.878,-1.186,16037,False
RUNX2,3086,19.135,-1.1876,16038,False
RPL10P1,2105,0.8411,-1.1887,16039,False
MRPS36P1,529,1.1977,-1.1893,16040,False
RP11-603J24.17,951,3.7754,-1.1895,16041,False
CTC-487M23.8,1873,4.7966,-1.1895,16042,False
TWF1P1,820,0.5494,-1.1898,16043,False
B3GAT2,1421,3.2918,-1.1907,16044,False
C20orf194,2587,3.7468,-1.1908,16045,False
PIP4K2A,12578,216.9122,-1.1911,16046,False
NOMO2,2437,8.4897,-1.1914,16047,False
UBTF,3173,18.4712,-1.194,16048,False
WASF2,8710,108.6477,-1.1943,16049,False
CTC-484M2.1,1046,0.3809,-1.1943,16050,False
KMT2A,7034,45.8782,-1.1944,16051,False
WDR82,3386,15.7349,-1.1948,16052,False
RP11-300J18.2,638,1.005,-1.195,16053,False
RP11-216M21.1,1477,5.829,-1.1951,16054,False
CBX7,2078,11.8864,-1.1953,16055,False
GPR98,414,0.2769,-1.1954,16056,False
TLE3,7421,40.5439,-1.1962,16057,False
RP11-977G19.10,1686,8.323,-1.1969,16058,False
LMAN1,3583,27.3979,-1.1973,16059,False
RPL41P2,1235,4.1818,-1.1973,16060,False
RAB35,2916,12.911,-1.1978,16061,False
APBB1IP,4617,37.6306,-1.1979,16062,False
FABP5P7,2965,23.5104,-1.1997,16063,False
CTD-2192J16.22,4142,18.4657,-1.2,16064,False
MLLT11,1088,3.4954,-1.2002,16065,False
SRSF1,7353,104.8461,-1.2005,16066,False
COX7B,4729,54.862,-1.201,16067,False
ZFC3H1,5646,46.5026,-1.2015,16068,False
NPIPA3,985,1.146,-1.2016,16069,False
BRI3BP,1010,2.0145,-1.2028,16070,False
RPL35P5,1888,5.8526,-1.2033,16071,False
AC020663.1,2072,5.3261,-1.2036,16072,False
SETD2,4583,24.6479,-1.2039,16073,False
SUZ12,2721,6.685,-1.2056,16074,False
DOCK5,2145,7.2342,-1.206,16075,False
PIPSL,3172,1.1469,-1.2072,16076,False
DNAJC5,1500,7.4259,-1.2073,16077,False
TFE3,1580,4.88,-1.2073,16078,False
SNX9,2785,10.3101,-1.2083,16079,False
AC006509.7,983,0.4514,-1.2084,16080,False
TGOLN2,9037,100.7595,-1.2089,16081,False
ELF4,2136,9.9158,-1.2094,16082,False
WWC3,2039,9.1662,-1.2095,16083,False
PNRC1,6095,51.0704,-1.2102,16084,False
PPIAL4A,345,0.0394,-1.2108,16085,False
SOCS3,4078,33.1749,-1.2112,16086,False
GVINP1,3828,23.0227,-1.2121,16087,False
RP11-1136G11.6,3323,0.6837,-1.2125,16088,False
MAPKAPK2,2065,2.4052,-1.2125,16089,False
LINC00612,2049,16.3225,-1.2125,16090,False
KIAA0930,1623,3.1644,-1.2139,16091,False
CSNK2A2,3968,24.5237,-1.2141,16092,False
PI4KAP2,2596,8.6374,-1.2142,16093,False
AC104532.4,990,1.8468,-1.2142,16094,False
RP11-469M7.1,3198,16.8671,-1.2144,16095,False
GATAD2A,3573,15.4678,-1.2151,16096,False
RYBP,1664,3.4775,-1.2158,16097,False
RP11-488L18.10,6325,69.1082,-1.2158,16098,False
RP5-1050D4.3,887,3.1376,-1.2161,16099,False
ASMTL,2498,18.172,-1.2167,16100,False
FBXO30,802,2.143,-1.2168,16101,False
CBWD3,2925,8.5061,-1.2171,16102,False
ARHGAP30,6581,87.1752,-1.2173,16103,False
GDI1,5487,34.077,-1.2182,16104,False
RAB11FIP1,4844,41.1459,-1.2189,16105,False
NBPF8,1915,3.722,-1.2197,16106,False
TSIX,1715,0.4968,-1.2203,16107,False
SZT2,3552,20.2652,-1.2204,16108,False
UBALD2,1207,3.3221,-1.2209,16109,False
TCEA1,6617,92.8466,-1.221,16110,False
ESRG,287,0.0304,-1.221,16111,False
LSP1,11919,259.6541,-1.2217,16112,False
RP11-67A1.2,823,2.1273,-1.2218,16113,False
RN7SL5P,540,1.1689,-1.2221,16114,False
AC016732.2,298,0.1125,-1.2226,16115,False
FDX1,1690,5.7003,-1.2239,16116,False
MBOAT1,4021,43.396,-1.2243,16117,False
RP11-805J14.5,1203,3.8156,-1.2243,16118,False
CRTC1,1092,2.635,-1.2251,16119,False
RP11-603J24.9,2253,6.4805,-1.2258,16120,False
ZDBF2,1400,3.3303,-1.2264,16121,False
OGFRL1,812,1.533,-1.2265,16122,False
NPTN,3776,24.8132,-1.2265,16123,False
LRRC37BP1,1738,4.2,-1.2266,16124,False
C4orf3,6470,65.8963,-1.2267,16125,False
CCDC127,1049,2.4362,-1.2269,16126,False
RP11-197N18.2,665,1.6045,-1.2271,16127,False
CLIC1P1,876,0.2623,-1.2282,16128,False
DPYD,4138,31.429,-1.2283,16129,False
LRRC37A3,3793,10.58,-1.2286,16130,False
SLC35D1,2210,8.6849,-1.2293,16131,False
RAB1C,640,0.2486,-1.2295,16132,False
CTD-2576F9.1,1138,0.2174,-1.2295,16133,False
ZRANB2,4640,36.3303,-1.2296,16134,False
SHPK,891,2.157,-1.2302,16135,False
ITGB1P1,3175,16.1731,-1.2302,16136,False
NAMPTL,4833,31.6608,-1.2306,16137,False
CEBPG,1952,11.2323,-1.2311,16138,False
ARHGDIA,8320,38.0847,-1.2312,16139,False
RP11-252A24.7,4059,47.6476,-1.2316,16140,False
CBX4,959,2.8538,-1.2317,16141,False
MAP2K7,1489,2.2968,-1.232,16142,False
AC002075.4,417,1.1368,-1.2327,16143,False
GOLGB1,5109,40.011,-1.2329,16144,False
RP13-820C6.2,743,2.1833,-1.2334,16145,False
ARHGEF7,4564,36.3657,-1.2339,16146,False
ZFAND6P1,332,0.1225,-1.235,16147,False
RPL17P22,870,0.4547,-1.2351,16148,False
SEC24C,5510,51.0073,-1.2366,16149,False
SLC30A7,5651,34.4704,-1.2369,16150,False
SMARCA5-AS1,1124,4.4728,-1.2372,16151,False
ABHD14A-ACY1,1008,1.5286,-1.2381,16152,False
AC108479.2,343,0.2952,-1.2382,16153,False
RP4-612B15.2,1436,0.6672,-1.2384,16154,False
ESYT2,3223,14.0721,-1.2387,16155,False
RP11-124N14.3,5570,9.2567,-1.2393,16156,False
ASNA1,3092,33.1776,-1.2395,16157,False
AC096649.2,357,0.2934,-1.2398,16158,False
DTX2P1,2860,11.3713,-1.2408,16159,False
FAM134A,5015,16.6751,-1.2417,16160,False
AC009120.6,2592,5.6913,-1.2422,16161,False
ATP6V1G2-DDX39B,892,0.8654,-1.2423,16162,False
EIF2S3,11514,178.1237,-1.2435,16163,False
JAK2,2372,10.9328,-1.2448,16164,False
SLK,2754,4.5833,-1.2467,16165,False
TP53INP1,5141,32.9082,-1.247,16166,False
Metazoa_SRP,493,0.7666,-1.2475,16167,False
RP11-25K21.6,206,0.0761,-1.2482,16168,False
FBRSL1,1055,1.5444,-1.2485,16169,False
RAB5B,2920,5.8019,-1.2486,16170,False
CENPC,4697,34.1914,-1.2498,16171,False
NAPA,7666,92.9814,-1.2503,16172,False
CITED2,2933,10.8624,-1.2519,16173,False
IDS,10561,89.0128,-1.2522,16174,False
EXOC8,1197,4.8412,-1.2539,16175,False
AC114752.2,853,0.4142,-1.2546,16176,False
RPL17P43,387,0.1494,-1.255,16177,False
CD93,747,2.0117,-1.2552,16178,False
TMF1,4402,33.8559,-1.2556,16179,False
PPTC7,1282,3.4853,-1.2561,16180,False
DDX46,5677,29.9389,-1.2566,16181,False
RPL13AP3,2546,0.9491,-1.2569,16182,False
RASA4,3600,20.2821,-1.2573,16183,False
RP11-231C14.4,11853,97.6251,-1.2585,16184,False
PSMA2,7574,133.7523,-1.2586,16185,False
ASLP1,364,0.6325,-1.2589,16186,False
ZSWIM4,2174,1.3029,-1.2591,16187,False
RTEL1-TNFRSF6B,982,0.8946,-1.2613,16188,False
TRAF1,5284,37.0897,-1.2619,16189,False
ZNF428,1057,3.137,-1.2628,16190,False
NPIPB1P,513,0.1428,-1.2628,16191,False
CTD-2370N5.3,3897,17.7168,-1.2634,16192,False
ABCA1,1580,5.7699,-1.2636,16193,False
YEATS2,3740,15.4922,-1.2639,16194,False
ABI1,7244,83.9421,-1.2673,16195,False
SNIP1,1447,7.1922,-1.2689,16196,False
PDXDC2P,8642,27.4215,-1.2693,16197,False
GYG1P1,253,0.0797,-1.2693,16198,False
RSBN1,4850,21.9563,-1.2699,16199,False
MXD4,2915,14.488,-1.271,16200,False
MEGF8,779,1.0858,-1.2717,16201,False
ESF1,1905,6.64,-1.2719,16202,False
RP11-267J23.4,649,0.9794,-1.2722,16203,False
RP11-587D21.1,869,0.9667,-1.2722,16204,False
AAK1,7148,75.0493,-1.2733,16205,False
TET3,1902,6.0014,-1.2744,16206,False
KIAA1671,1299,5.4178,-1.275,16207,False
ARID1A,6943,37.4237,-1.2754,16208,False
KHDRBS1,4206,23.2045,-1.2776,16209,False
ZNF592,3059,14.0509,-1.2779,16210,False
ARL17A,4624,21.3092,-1.2802,16211,False
DNAJC25,1672,7.3005,-1.2803,16212,False
BMS1P16,187,0.0509,-1.2813,16213,False
OGDH,5550,50.1748,-1.2823,16214,False
FAM168A,2501,6.805,-1.2825,16215,False
LL22NC03-80A10.6,1668,9.0353,-1.2829,16216,False
RAPGEF1,6214,25.1251,-1.2829,16217,False
UBE2L3,5961,84.3242,-1.283,16218,False
RP11-573D15.9,781,1.6388,-1.2842,16219,False
PSMD3,3037,18.3804,-1.2862,16220,False
WTAP,11637,84.8589,-1.2864,16221,False
YBX1,5644,38.404,-1.2869,16222,False
TMED4,9528,103.9929,-1.2873,16223,False
PML,4224,22.9755,-1.2873,16224,False
C11orf83,1425,5.0654,-1.2877,16225,False
COX17,3494,40.98,-1.2882,16226,False
RP11-574K11.31,948,0.9813,-1.2889,16227,False
ABHD13,1847,10.8734,-1.2901,16228,False
INTS6P1,296,0.0562,-1.2917,16229,False
SNORA67,4750,2.5829,-1.2921,16230,False
SEC16A,5139,31.9739,-1.2921,16231,False
RP11-264I13.2,1142,5.5261,-1.2921,16232,False
DHRSX,2148,10.3765,-1.2922,16233,False
RP11-76H14.2,608,0.9219,-1.2925,16234,False
UBA1,8017,99.1477,-1.2925,16235,False
RAB22A,1565,4.7955,-1.2928,16236,False
RNF167,5826,64.2329,-1.2942,16237,False
GUSBP3,2839,11.8083,-1.2942,16238,False
GPR180,1084,2.4755,-1.2948,16239,False
CTC-479C5.10,1305,1.5178,-1.2958,16240,False
CTC-260E6.2,1671,1.2085,-1.2972,16241,False
PSD4,5702,46.9797,-1.2977,16242,False
ROCK1P1,2665,5.0261,-1.3008,16243,False
ARL5B,2099,8.2347,-1.3008,16244,False
PRKCA,1418,4.031,-1.301,16245,False
LIMD2,11249,191.1964,-1.302,16246,False
NF2,4189,30.6376,-1.3022,16247,False
SLX1B,4821,35.3442,-1.3046,16248,False
PKN1,3993,39.0134,-1.3046,16249,False
BTBD19,1648,6.5948,-1.3047,16250,False
ATP2B4,6561,48.1875,-1.3051,16251,False
LAMP1,2328,3.3295,-1.3055,16252,False
ATN1,2350,3.5174,-1.307,16253,False
PDS5A,6410,25.7281,-1.3071,16254,False
CCT6P2,637,0.07,-1.3074,16255,False
RP11-183G22.1,1012,0.4552,-1.3078,16256,False
RP11-229M1.2,423,0.1011,-1.3099,16257,False
TICAM1,1837,6.7615,-1.3113,16258,False
RP11-667K14.4,3492,33.5339,-1.3127,16259,False
RP11-793I11.1,221,0.2845,-1.3131,16260,False
FAM157C,2898,6.3168,-1.3143,16261,False
RASSF2,3318,19.8403,-1.3146,16262,False
ANXA2P1,543,0.0969,-1.3159,16263,False
FAM129A,4587,26.3311,-1.3161,16264,False
ARHGAP35,2610,7.9884,-1.3161,16265,False
PHF3,4864,40.2382,-1.3163,16266,False
TMX1,5356,58.8131,-1.3166,16267,False
FAM115C,3128,8.1747,-1.3168,16268,False
RP11-135A24.4,1398,7.103,-1.317,16269,False
RAP2C,5062,31.2551,-1.3172,16270,False
ZNHIT1,4647,56.5377,-1.3173,16271,False
DENND6B,1134,3.8866,-1.3195,16272,False
TADA3,3543,28.9437,-1.3203,16273,False
AL391994.1,1133,3.1721,-1.3215,16274,False
RP1-273G13.2,302,0.3558,-1.322,16275,False
UFL1,2563,12.6462,-1.3223,16276,False
CMTM6,6427,76.5639,-1.3243,16277,False
MTRNR2L13,268,0.0312,-1.3243,16278,False
AL136419.6,1516,7.8022,-1.3244,16279,False
TOX,5299,38.9142,-1.3272,16280,False
DTX2P1-UPK3BP1-PMS2P11,1675,3.1489,-1.3292,16281,False
NUDT19,3561,30.6379,-1.3298,16282,False
XPO4,1924,7.2564,-1.3299,16283,False
PDPK2,1179,2.9734,-1.3301,16284,False
WDR1,9179,137.4741,-1.3303,16285,False
YBX1P10,284,0.0722,-1.3307,16286,False
PPP1R11,3787,38.8693,-1.3313,16287,False
NPIPB6,1666,1.6383,-1.3316,16288,False
CTC-425F1.4,12475,177.703,-1.3319,16289,False
FNBP1,8616,58.4014,-1.3336,16290,False
RP11-261C10.3,3253,11.1352,-1.3336,16291,False
BRD3,3878,22.5633,-1.3339,16292,False
STAG3L5P-PVRIG2P-PILRB,3594,14.7178,-1.3339,16293,False
RREB1,4242,10.1675,-1.3347,16294,False
RP11-592B15.3,1682,5.4253,-1.3361,16295,False
HMGN1P36,2145,5.3557,-1.3368,16296,False
MSN,12164,207.3908,-1.3369,16297,False
RP11-173D3.1,498,0.4369,-1.3375,16298,False
RB1,3757,22.2695,-1.3377,16299,False
FAM133CP,352,0.2474,-1.3382,16300,False
RP11-338K17.8,410,0.6794,-1.3386,16301,False
SENP7,4548,23.9115,-1.3387,16302,False
RPL9P18,927,0.4809,-1.339,16303,False
NDUFB11,5289,68.6935,-1.3395,16304,False
SLX1A-SULT1A3,3348,15.937,-1.3414,16305,False
WHAMM,1651,4.3857,-1.3421,16306,False
ZMYM6,1832,7.603,-1.3422,16307,False
NPIPA8,1381,1.5151,-1.344,16308,False
PPP1R9B,1356,1.2972,-1.3448,16309,False
RP4-612B18.1,400,0.3779,-1.3462,16310,False
BMS1P20,1354,2.5482,-1.3462,16311,False
ANKRD11,6821,32.4402,-1.3464,16312,False
AC104698.1,7070,67.4367,-1.347,16313,False
RP11-340I6.6,784,1.5392,-1.3482,16314,False
BCL9L,2401,5.5446,-1.3482,16315,False
CTD-3193O13.10,498,0.1664,-1.3485,16316,False
RGPD3,2403,0.5757,-1.3496,16317,False
ARGLU1,12460,130.4484,-1.3499,16318,False
RP11-33A14.3,190,0.0754,-1.3512,16319,False
PJA2,5211,44.9465,-1.3513,16320,False
FAM133B,5376,45.349,-1.3515,16321,False
RFX7,3018,13.6965,-1.3517,16322,False
CAPS,2281,11.9019,-1.3524,16323,False
SGPL1,3955,29.5175,-1.3532,16324,False
DENR,4245,44.7485,-1.3533,16325,False
RTN3P1,628,0.1976,-1.3539,16326,False
RP11-459A10.1,600,0.1917,-1.3542,16327,False
RP1-159A19.3,431,2.0727,-1.3549,16328,False
C1DP1,950,2.726,-1.3563,16329,False
EIF1AXP1,2211,12.2162,-1.357,16330,False
B4GALT5,949,2.0454,-1.3575,16331,False
GRK6,2500,11.3467,-1.3577,16332,False
SH2B1,1713,4.1475,-1.3578,16333,False
MARCKS,1441,4.4098,-1.3583,16334,False
STX5,2512,4.0195,-1.3586,16335,False
XPOTP1,618,0.0712,-1.3593,16336,False
CHCHD2P6,1617,1.4879,-1.3595,16337,False
RP11-473P24.2,219,0.063,-1.3604,16338,False
PER2,2858,10.0952,-1.361,16339,False
RP11-627K11.1,4996,2.7769,-1.3611,16340,False
HNRNPA3P6,2945,5.4307,-1.3613,16341,False
DDX12P,1922,5.111,-1.3621,16342,False
FHP1,230,0.0663,-1.3626,16343,False
RP11-21J18.1,2997,19.1707,-1.3629,16344,False
RP11-841O20.2,4801,43.8424,-1.3649,16345,False
RP11-50D9.1,936,1.1227,-1.3664,16346,False
GIMAP1,2685,18.1523,-1.3668,16347,False
TERF1P4,294,0.0814,-1.367,16348,False
LRRC37A16P,1562,3.121,-1.367,16349,False
PMS2P10,1235,2.38,-1.3684,16350,False
MYH9,13041,146.9205,-1.3686,16351,False
HIPK3,3488,17.2494,-1.3692,16352,False
DCAF8,6041,56.6447,-1.3696,16353,False
UQCR11,6945,105.8615,-1.37,16354,False
AL021707.2,1059,3.6595,-1.3726,16355,False
LSM12,6353,73.0792,-1.3726,16356,False
AP1S1,1083,3.7431,-1.3746,16357,False
DNAJC19P9,652,1.7581,-1.3746,16358,False
DGKZP1,1317,0.232,-1.375,16359,False
ACLY,4883,46.8765,-1.3758,16360,False
EEF1A1P17,1720,0.2435,-1.3761,16361,False
NBPF20,4316,2.6111,-1.3778,16362,False
TMEM181,2381,8.2511,-1.3778,16363,False
RP11-7G12.1,190,0.0412,-1.3782,16364,False
RPS3AP47,2816,1.5641,-1.3788,16365,False
LIN7C,2316,9.6269,-1.3788,16366,False
PAGR1,2002,12.6269,-1.3794,16367,False
IRS2,1018,1.9918,-1.3807,16368,False
AC005944.2,3609,13.657,-1.3828,16369,False
IER3IP1,3013,23.6078,-1.3844,16370,False
CTC-479C5.12,4540,12.111,-1.3849,16371,False
GNB1,4837,41.8483,-1.385,16372,False
AC141586.5,1776,7.6834,-1.3859,16373,False
CTD-2547E10.2,10045,76.2548,-1.386,16374,False
MEF2D,5372,22.0106,-1.3863,16375,False
AC083949.1,3675,29.0299,-1.3865,16376,False
RP11-81H14.3,230,0.0357,-1.3876,16377,False
C14orf1,2163,16.3201,-1.3888,16378,False
ARHGAP1,5552,30.4515,-1.3888,16379,False
APOLD1,1300,2.4572,-1.3891,16380,False
KDM2A,6753,40.3613,-1.391,16381,False
MTRNR2L6,3943,0.5734,-1.3912,16382,False
RP11-677O4.6,3375,22.2627,-1.3915,16383,False
IL10RB-AS1,1358,4.6427,-1.3915,16384,False
RRP1B,2561,12.1981,-1.3919,16385,False
RP11-66N24.3,3162,6.0795,-1.3925,16386,False
RPS3AP33,275,0.0827,-1.3926,16387,False
SNORD3D,1099,2.1744,-1.3927,16388,False
C20orf27,2048,15.3286,-1.3932,16389,False
RP11-553K8.5,1275,5.7537,-1.3936,16390,False
IQSEC1,5015,14.8207,-1.3937,16391,False
RNVU1-9,1568,4.0074,-1.3941,16392,False
RNVU1-7,1568,4.0074,-1.3941,16392,False
HNRNPA1P67,326,0.0689,-1.3942,16394,False
CHCHD2P2,424,0.608,-1.395,16395,False
RAB8A,6164,81.4087,-1.396,16396,False
RPS7P8,233,0.0812,-1.3987,16397,False
RP3-508I15.19,1100,2.1117,-1.399,16398,False
SNURF,5274,63.1106,-1.4017,16399,False
RP11-120B7.1,794,1.1972,-1.4031,16400,False
AL109767.1,853,1.9966,-1.4034,16401,False
RBM26,3956,20.3605,-1.4061,16402,False
DDA1,2958,18.1254,-1.4069,16403,False
CTB-167G5.3,309,0.2501,-1.4082,16404,False
RPS2P48,226,0.0556,-1.409,16405,False
MTHFR,1795,4.5342,-1.4091,16406,False
TTYH3,2082,8.1298,-1.4097,16407,False
RP11-384K6.6,3942,5.3925,-1.4099,16408,False
AC073063.10,1754,1.239,-1.4117,16409,False
EPB42,892,2.2111,-1.4124,16410,False
FOXO1,2721,13.8094,-1.4126,16411,False
AC083873.4,2369,1.0254,-1.4127,16412,False
ITPKB-AS1,865,3.3305,-1.4128,16413,False
USP22,5687,31.3438,-1.414,16414,False
NFKBIB,3031,13.0571,-1.4142,16415,False
RP5-821D11.7,1610,7.7251,-1.4145,16416,False
SNORA40,893,2.9556,-1.4145,16417,False
SERTAD2,3470,13.1047,-1.4153,16418,False
CTC-518P12.6,1379,4.2667,-1.4159,16419,False
C20orf112,5113,30.9661,-1.4167,16420,False
C16orf54,9666,122.2791,-1.4167,16421,False
MAML1,2562,10.7158,-1.4168,16422,False
FOXO3,2319,7.6322,-1.417,16423,False
CTD-2636A23.2,3038,16.0319,-1.4173,16424,False
SET,13638,231.2284,-1.4178,16425,False
KLHDC7B,961,2.3723,-1.4203,16426,False
GLTSCR1L,2403,5.5454,-1.4204,16427,False
RPL22,11251,195.7646,-1.4215,16428,False
RP5-935K16.1,1050,2.774,-1.4224,16429,False
RP11-506B6.3,628,0.1453,-1.4234,16430,False
RSBN1L,4203,12.405,-1.4235,16431,False
RP11-192H23.4,2690,0.9756,-1.4253,16432,False
LRRC37A17P,1247,0.9935,-1.4254,16433,False
BROX,6610,65.0519,-1.4255,16434,False
PI4K2A,1229,2.6628,-1.4261,16435,False
TMED8,1305,4.1265,-1.4272,16436,False
MTPN,4068,27.6525,-1.4272,16437,False
AC013394.2,7678,68.3714,-1.4274,16438,False
GNAT2,671,1.8284,-1.4288,16439,False
SUN2,6960,59.1267,-1.4309,16440,False
RP4-775C13.1,1132,0.2143,-1.431,16441,False
SNORA48,586,1.6204,-1.4315,16442,False
CIC,2258,5.1442,-1.432,16443,False
HSF1,4349,37.7142,-1.4328,16444,False
POTEE,1166,0.0521,-1.4332,16445,False
ATP5C1P1,384,0.0803,-1.4356,16446,False
RAB33B,1847,8.6573,-1.4368,16447,False
ZNF747,1034,1.2596,-1.4372,16448,False
CTB-63M22.1,9624,119.6787,-1.4372,16449,False
HIVEP3,3976,12.9494,-1.4384,16450,False
RP11-24N18.1,1842,8.9153,-1.4386,16451,False
PHLDA1,5692,29.4203,-1.4396,16452,False
SLC12A2,2317,7.2034,-1.4396,16453,False
MTRNR2L2,15450,73.7954,-1.4401,16454,False
DPYSL2,3123,22.1233,-1.4412,16455,False
RP11-463O9.1,180,0.0389,-1.442,16456,False
ARID5B,8507,83.869,-1.4429,16457,False
TMPO-AS1,1259,2.0795,-1.4432,16458,False
RPL7AP73,273,0.2669,-1.4443,16459,False
FAM46A,1457,7.1479,-1.4449,16460,False
RP11-106M3.3,1519,3.7548,-1.4453,16461,False
RP11-134K13.2,490,0.1066,-1.4458,16462,False
NBPF11,6018,15.6678,-1.4466,16463,False
ETS1,7794,65.5264,-1.4475,16464,False
AC068039.4,2282,0.3561,-1.4483,16465,False
FKSG62,663,0.7554,-1.4486,16466,False
TPMT,1796,9.5669,-1.4499,16467,False
RP11-570G20.1,759,0.2431,-1.4499,16468,False
ADRBK2,1794,4.0639,-1.4506,16469,False
RP11-887P2.3,4196,14.1141,-1.4518,16470,False
HSP90AB2P,4384,1.0215,-1.4519,16471,False
RP11-34P13.13,4690,16.8767,-1.4521,16472,False
SP2,2676,6.4774,-1.4522,16473,False
KMT2C,7231,33.8496,-1.4559,16474,False
CARHSP1,3892,31.5638,-1.4565,16475,False
SDHD,5155,60.8725,-1.457,16476,False
RP5-930J4.4,2448,7.3179,-1.458,16477,False
KRT10,1285,4.7198,-1.4581,16478,False
EEF1A1P1,956,0.2374,-1.4586,16479,False
PDE4A,3096,11.0004,-1.4593,16480,False
MRPS17,1374,3.9146,-1.4594,16481,False
CTD-2015B23.2,681,0.4152,-1.4608,16482,False
NFAT5,6266,31.8488,-1.4613,16483,False
SYT11,3575,25.2703,-1.4616,16484,False
UBE2J1,3687,18.5387,-1.4627,16485,False
JMJD7-PLA2G4B,2246,5.131,-1.4648,16486,False
BCL10,4502,24.0765,-1.4671,16487,False
CRIPT,3637,16.2304,-1.4695,16488,False
RP11-312O7.2,1715,5.9577,-1.4697,16489,False
UBE2V1P2,1114,1.1689,-1.4697,16490,False
RFX1,1632,3.9917,-1.4699,16491,False
NUCB1,6488,83.8309,-1.4709,16492,False
hsa-mir-150,884,1.3079,-1.4716,16493,False
AC004623.2,626,1.488,-1.4727,16494,False
RP11-439A17.7,1678,5.6547,-1.4733,16495,False
PARP4,4805,23.2914,-1.4754,16496,False
ANGPT2,1370,3.9431,-1.4766,16497,False
PTMS,2451,14.9622,-1.4771,16498,False
GNA13,4301,32.0797,-1.4772,16499,False
RP11-44N11.1,912,1.7628,-1.4796,16500,False
NDOR1,1490,2.8657,-1.4797,16501,False
EEF2,14417,296.3133,-1.481,16502,False
UBR2,6454,39.5156,-1.4818,16503,False
SNRPN,5490,46.1659,-1.4821,16504,False
GAPDHP71,730,0.1194,-1.4828,16505,False
AC011558.5,8306,96.3873,-1.4837,16506,False
TOR1AIP2,7104,26.131,-1.4839,16507,False
RAB11B,5032,26.5794,-1.4858,16508,False
CLSTN1,2376,10.1655,-1.4873,16509,False
RAB1B,7554,84.6873,-1.4884,16510,False
RP11-30K9.1,1530,1.0884,-1.4889,16511,False
RP11-490G8.1,778,0.7125,-1.4893,16512,False
AC004878.6,1489,7.2889,-1.4899,16513,False
AC019129.1,440,0.7989,-1.4919,16514,False
TRABD,6276,66.5793,-1.4922,16515,False
TRIM38,5247,40.0453,-1.4935,16516,False
CD99,10897,166.3814,-1.4935,16517,False
GOLIM4,4331,16.0996,-1.494,16518,False
CTD-2095E4.1,427,0.1014,-1.4941,16519,False
HLA-DQA2,4929,25.9211,-1.4942,16520,False
SMEK2,4536,35.0147,-1.4959,16521,False
EMR2,4378,6.6765,-1.4961,16522,False
TTC39C,6124,52.1259,-1.4965,16523,False
MIR4461,1245,1.319,-1.4976,16524,False
TMEM154,2911,13.8744,-1.498,16525,False
SP4,2955,18.6777,-1.4984,16526,False
DFNB31,3253,15.1775,-1.4993,16527,False
SCD,1672,6.9004,-1.501,16528,False
CENPB,991,0.9358,-1.5022,16529,False
KIAA0247,7507,60.1114,-1.5031,16530,False
RBMXP2,1688,0.393,-1.5035,16531,False
PYGO2,2004,9.5114,-1.5036,16532,False
KIF21B,2724,6.34,-1.5041,16533,False
AP1B1,4435,37.0171,-1.5056,16534,False
RP11-286H14.4,237,0.0581,-1.5057,16535,False
TAF3,2097,9.5708,-1.506,16536,False
UBBP1,1415,0.9894,-1.5064,16537,False
AC002056.3,846,0.3651,-1.5086,16538,False
CEBPB,1920,2.326,-1.509,16539,False
GAPDHP1,8241,4.1562,-1.5092,16540,False
TLN1,7046,42.9969,-1.5109,16541,False
RP11-84H6.1,339,0.1103,-1.511,16542,False
STAU1,6056,54.3107,-1.512,16543,False
NBPF1,7764,12.8643,-1.5129,16544,False
SNX29P2,9961,11.7105,-1.5134,16545,False
NRAS,3366,20.823,-1.5137,16546,False
RPS15P5,1096,0.6941,-1.514,16547,False
PAFAH1B2,7447,73.6723,-1.5156,16548,False
SRGAP2,5913,40.0982,-1.5174,16549,False
DR1,8224,64.723,-1.5186,16550,False
CHP1,7645,95.2546,-1.5186,16551,False
MROH7-TTC4,595,0.0549,-1.52,16552,False
KPNA4,2814,8.1874,-1.5205,16553,False
RP13-258O15.1,731,0.5997,-1.5207,16554,False
OXCT1-AS1,850,2.421,-1.5217,16555,False
HNRNPCP3,1082,0.2275,-1.5234,16556,False
RP11-305B6.1,727,0.3713,-1.5235,16557,False
AES,5238,48.8923,-1.5241,16558,False
NBL1,1317,4.2455,-1.525,16559,False
RBX1,5758,66.8561,-1.5257,16560,False
MAP3K2,4399,10.6033,-1.5268,16561,False
ZC3H7B,1696,3.1862,-1.5283,16562,False
RP11-465N4.2,1069,1.4227,-1.5289,16563,False
KIF3B,2136,9.0283,-1.5301,16564,False
AC004386.4,450,0.1058,-1.5308,16565,False
AC006449.1,2091,7.9358,-1.5312,16566,False
MLXIP,3847,14.9877,-1.5347,16567,False
PAQR7,968,1.3934,-1.5352,16568,False
EIF2S3L,3734,1.3324,-1.5352,16569,False
RP6-206I17.1,2478,13.7139,-1.5372,16570,False
KLHL6,3813,16.7936,-1.5387,16571,False
RP11-307I14.2,229,0.0693,-1.5419,16572,False
NPIPB3,14596,170.6397,-1.5432,16573,False
RGPD8,4819,10.8912,-1.5438,16574,False
MLLT6,6234,23.3344,-1.5444,16575,False
TPM3P8,2247,1.0417,-1.5446,16576,False
LRRFIP1,10673,108.2026,-1.5459,16577,False
RP11-427H3.3,2875,11.3855,-1.546,16578,False
SYNC,4011,12.5293,-1.5462,16579,False
RP11-113D6.10,320,0.0337,-1.5465,16580,False
RP11-529K1.3,1240,4.8238,-1.5471,16581,False
AC006014.10,1491,2.6172,-1.5487,16582,False
CTD-2410N18.4,701,1.0079,-1.5489,16583,False
NPM1P22,431,0.0769,-1.5489,16584,False
AC159540.2,1116,1.8447,-1.5492,16585,False
AEBP2,3936,31.4016,-1.5499,16586,False
RP11-22B23.1,1727,3.4015,-1.5511,16587,False
KLF16,712,0.886,-1.5513,16588,False
RP11-419C5.2,3916,8.3491,-1.5515,16589,False
AC068718.1,384,0.0964,-1.5527,16590,False
RP11-977G19.5,465,0.6174,-1.5528,16591,False
POLR2L,5142,51.3915,-1.5529,16592,False
MED28,4762,42.7473,-1.556,16593,False
RWDD4P2,918,2.5888,-1.5566,16594,False
SIRPA,1189,2.5982,-1.5571,16595,False
ZSWIM6,1323,2.3515,-1.5575,16596,False
SKA2P1,326,0.2645,-1.558,16597,False
RP11-544A12.8,1526,3.5506,-1.5585,16598,False
SPTBN1,4468,19.2015,-1.5608,16599,False
SLC35F6,4403,41.9558,-1.5634,16600,False
DNM2,6916,36.9427,-1.5636,16601,False
EAF1,3424,19.2794,-1.5652,16602,False
RP11-134E15.2,1560,6.1423,-1.5656,16603,False
RASA4DP,1202,2.8582,-1.5664,16604,False
PUM2,5863,34.4216,-1.5693,16605,False
DNAJC15,3322,19.3576,-1.5699,16606,False
HNRNPA1P47,281,0.0575,-1.5703,16607,False
PEA15,3289,14.0591,-1.5709,16608,False
HIPK1,8318,23.6425,-1.5713,16609,False
TAOK2,1876,5.7893,-1.5724,16610,False
C2orf68,7432,46.9158,-1.5728,16611,False
KATNBL1P6,749,0.355,-1.5733,16612,False
GATA3,4183,24.295,-1.5741,16613,False
AC104297.1,610,0.124,-1.5774,16614,False
RP13-383K5.4,595,0.2609,-1.5775,16615,False
RP11-651P23.4,1857,7.7452,-1.5783,16616,False
RP13-585F24.1,1867,1.4654,-1.579,16617,False
HMGB1P1,929,0.5071,-1.5798,16618,False
RPL10L,200,0.0441,-1.5805,16619,False
SYNJ2BP-COX16,1336,4.3467,-1.5807,16620,False
RP3-423B22.5,1117,3.1191,-1.5812,16621,False
RASA4B,2580,9.4098,-1.5813,16622,False
DGKH,3017,6.8397,-1.5816,16623,False
DND1P1,1166,2.811,-1.5818,16624,False
IKBKG,2810,13.0876,-1.5828,16625,False
POLR2J4,2780,6.499,-1.5837,16626,False
RP11-360L9.8,2187,8.6105,-1.5842,16627,False
RPL12P1,905,0.6435,-1.5859,16628,False
NUP153,3074,11.1627,-1.5862,16629,False
RP11-405A12.1,635,0.079,-1.5862,16630,False
RP11-382K22.1,281,0.0724,-1.5865,16631,False
RP11-600F24.1,417,0.0845,-1.587,16632,False
MIER1,8205,67.0577,-1.587,16633,False
RP11-424C20.2,714,1.2815,-1.5873,16634,False
PHC1P1,2390,2.6945,-1.5874,16635,False
RP11-468E2.4,2127,3.9455,-1.5874,16636,False
PDZD8,2195,7.5623,-1.5888,16637,False
PRDM2,7688,52.7994,-1.5908,16638,False
ARID1B,5826,12.1985,-1.5917,16639,False
PCBP1,9126,84.1125,-1.5927,16640,False
SPCS2P4,5804,73.0997,-1.5928,16641,False
GNAI2,4848,22.5069,-1.5959,16642,False
C16orf72,3382,8.1224,-1.5982,16643,False
SYT15,674,0.632,-1.5986,16644,False
CDK12,4075,12.3673,-1.6022,16645,False
CTA-250D10.23,1996,4.7342,-1.6027,16646,False
RPL4P2,926,0.1304,-1.6068,16647,False
RPL5P8,1820,0.5164,-1.607,16648,False
ETNK1,9744,101.1314,-1.607,16649,False
SAMD9,3452,20.846,-1.6076,16650,False
PPP1R16B,4492,25.9965,-1.6078,16651,False
DDX21,6027,23.9973,-1.6081,16652,False
FAM45B,751,1.0259,-1.6095,16653,False
EPM2AIP1,2396,10.4914,-1.6104,16654,False
COLGALT1,4141,42.2643,-1.6109,16655,False
MAP3K1,3547,12.2451,-1.6112,16656,False
PYCR2,3813,17.2504,-1.6131,16657,False
SUMO3,4558,46.0531,-1.6141,16658,False
TENM1,1639,2.3885,-1.6169,16659,False
RP11-611O2.5,3396,20.3587,-1.6175,16660,False
ZBTB7A,1686,1.0885,-1.6183,16661,False
ACOT1,820,2.081,-1.6183,16662,False
EFHD2,3025,10.1678,-1.6198,16663,False
POMP,7930,83.0776,-1.6213,16664,False
SEC24B,4625,21.7146,-1.6221,16665,False
RP11-734J24.1,1960,1.9195,-1.6224,16666,False
RHOB,2256,7.3589,-1.6239,16667,False
RLF,4428,17.8895,-1.6248,16668,False
WIPF2,3296,10.8978,-1.626,16669,False
SNX27,4405,25.2717,-1.6266,16670,False
ARHGEF6,5206,43.1111,-1.6291,16671,False
NPM1P8,197,0.0432,-1.6302,16672,False
RPS26P2,456,0.3975,-1.6317,16673,False
SNX19P3,561,0.0633,-1.6339,16674,False
GMIP,4727,15.5455,-1.635,16675,False
SMC5,4109,16.1568,-1.6368,16676,False
RP11-112J1.1,3782,9.7632,-1.6371,16677,False
NDUFA4,7507,70.2874,-1.6371,16678,False
AC025442.3,1233,3.2386,-1.6387,16679,False
RP11-744H18.1,235,0.0262,-1.6398,16680,False
TSPYL1,10757,146.5489,-1.64,16681,False
LIX1L,2699,10.4791,-1.6402,16682,False
SPDYE3,3452,4.0632,-1.6409,16683,False
SRSF8,1634,7.4502,-1.6434,16684,False
PTMAP8,747,0.7225,-1.6434,16685,False
SNORD3C,3587,14.9753,-1.6442,16686,False
RASSF3,5649,13.1072,-1.646,16687,False
GTF2IP1,1680,1.132,-1.6467,16688,False
ELMSAN1,7671,68.5394,-1.652,16689,False
UPF2,4715,23.9302,-1.6534,16690,False
RP11-206L10.3,1916,1.3903,-1.6544,16691,False
PLCE1,685,1.0137,-1.6558,16692,False
UBE2D2,7063,63.218,-1.6564,16693,False
AC012379.1,4118,24.4945,-1.6569,16694,False
TUBA4B,1003,0.3124,-1.6574,16695,False
PIGM,1548,6.5266,-1.6581,16696,False
RP11-10B2.1,263,0.0673,-1.6629,16697,False
RPS15AP40,370,0.2973,-1.6635,16698,False
DAZAP1,2934,9.0875,-1.6639,16699,False
JAK3,10995,136.5493,-1.6643,16700,False
ARHGAP18,2969,15.5608,-1.6648,16701,False
LINC01002,1527,1.5578,-1.6669,16702,False
SMG1,14331,98.3875,-1.6673,16703,False
PTPRJ,4560,19.5619,-1.668,16704,False
RP1-283E3.8,1854,2.2697,-1.6687,16705,False
U3,1069,0.4755,-1.6694,16706,False
ITPR3,2147,5.4249,-1.6706,16707,False
AC006995.8,2204,0.9553,-1.6721,16708,False
SDCBPP2,403,0.0846,-1.6732,16709,False
MAML2,2758,5.2552,-1.6742,16710,False
RP11-267J23.1,964,0.5581,-1.6742,16711,False
RPS4XP20,368,0.0825,-1.6751,16712,False
RP11-111F16.2,1948,7.6148,-1.6757,16713,False
BMS1P1,2930,5.2283,-1.6763,16714,False
RP11-500M8.7,2574,15.6708,-1.6764,16715,False
RP11-848P1.4,693,0.2966,-1.6768,16716,False
RP11-613M5.2,1368,1.4846,-1.6776,16717,False
CRKL,4497,37.4232,-1.6793,16718,False
ZMIZ1,2656,6.2074,-1.6805,16719,False
LASP1,7791,85.9133,-1.6811,16720,False
CTD-2616J11.9,752,2.0658,-1.6814,16721,False
ITPKB,3942,19.3526,-1.685,16722,False
KIAA2018,3353,9.2499,-1.6858,16723,False
RP1-159M24.1,1008,0.1725,-1.6867,16724,False
RP11-529H20.3,753,1.8878,-1.6877,16725,False
ZDHHC21,1874,4.1046,-1.6877,16726,False
RPL5P9,4582,1.4865,-1.6885,16727,False
NPM1P5,1317,0.3346,-1.6891,16728,False
NDUFS6,3800,29.7339,-1.6905,16729,False
RPL37P2,552,0.8547,-1.6963,16730,False
ARID2,5691,31.7445,-1.6966,16731,False
TNKS2,3814,11.0452,-1.6975,16732,False
RP11-443N24.1,972,1.812,-1.6988,16733,False
RBM42,3938,31.7816,-1.6988,16734,False
RPS4XP3,1103,0.7503,-1.7019,16735,False
SEC22B,8272,72.1673,-1.703,16736,False
PRRC2A,5997,24.2206,-1.7051,16737,False
KDELR1,3560,23.6845,-1.7056,16738,False
RP11-393N4.2,1004,0.2325,-1.7056,16739,False
AKAP17A,1282,2.3973,-1.7068,16740,False
CDV3,6243,51.2036,-1.7072,16741,False
AAED1,3002,19.15,-1.7095,16742,False
ZDHHC2,2724,6.1703,-1.7096,16743,False
GAPDHP44,1944,0.3491,-1.7117,16744,False
ARL4C,6041,54.4837,-1.7119,16745,False
PURB,1424,2.0527,-1.7127,16746,False
AC016292.3,1958,3.5063,-1.7151,16747,False
HSPA9P1,1937,0.2138,-1.716,16748,False
RP11-165H4.2,414,0.0884,-1.7163,16749,False
HNRNPA1P33,827,0.3259,-1.7165,16750,False
LINC00999,2547,2.7464,-1.7167,16751,False
SPATA21,2277,0.39,-1.7183,16752,False
FBRS,2900,10.4184,-1.7198,16753,False
EIF4BP3,3233,0.8817,-1.7203,16754,False
POLR2J2,3464,11.1674,-1.7203,16755,False
SRCAP,7599,37.6112,-1.7217,16756,False
RP5-1142A6.5,1430,5.2575,-1.7231,16757,False
RP11-193H5.2,918,0.2068,-1.7235,16758,False
HLA-DQB2,4688,20.0636,-1.7239,16759,False
WWP1P1,249,0.0236,-1.7239,16760,False
SIK1,5753,20.2623,-1.7241,16761,False
BEST1,5295,3.7977,-1.7265,16762,False
CCDC97,3621,16.8969,-1.7266,16763,False
AF013593.1,251,0.0314,-1.73,16764,False
AC073869.20,838,0.1007,-1.7306,16765,False
RP11-680H20.1,4000,2.8384,-1.7312,16766,False
RP11-489E7.4,4184,15.5633,-1.733,16767,False
ENSAP2,740,0.8276,-1.7331,16768,False
KCTD12,1083,1.8094,-1.7336,16769,False
AC013269.1,1853,1.1526,-1.734,16770,False
RP11-159H10.1,225,0.0362,-1.7418,16771,False
GS1-257G1.1,660,0.3796,-1.7424,16772,False
RP11-488L18.8,515,0.2953,-1.7432,16773,False
AC004797.1,4254,36.1375,-1.7436,16774,False
LINC00657,4822,9.6484,-1.7448,16775,False
NEAT1,14209,98.5621,-1.7459,16776,False
RP11-16F15.2,2058,1.824,-1.7467,16777,False
RP11-490C5.1,405,0.0936,-1.749,16778,False
TSC22D4,3045,10.8951,-1.7491,16779,False
CCND2,8667,62.8844,-1.7497,16780,False
RAD23A,6126,59.9572,-1.7507,16781,False
NDFIP1,6578,31.7924,-1.7512,16782,False
ABC7-42389800N19.1,3119,3.9105,-1.7528,16783,False
CASP2,6012,51.8659,-1.7562,16784,False
CHPF2,2118,4.3997,-1.7569,16785,False
PA2G4P1,376,0.0617,-1.757,16786,False
ZFP91,2865,7.7634,-1.7571,16787,False
SUCLA2P1,535,0.0922,-1.7573,16788,False
AKNA,10395,87.0567,-1.7581,16789,False
FNIP1,3737,12.4381,-1.7594,16790,False
AC073072.7,677,0.8402,-1.7598,16791,False
RAD54L2,5293,28.6407,-1.7625,16792,False
AC079922.2,1552,1.7696,-1.7634,16793,False
VDAC1P3,255,0.0487,-1.7651,16794,False
SNORA63,1397,4.4417,-1.7659,16795,False
RP11-302I18.1,1192,0.2138,-1.7668,16796,False
ZNF831,2100,4.6896,-1.7671,16797,False
ASXL2,5046,19.9109,-1.7683,16798,False
RP11-109L13.1,1194,2.2425,-1.7688,16799,False
RQCD1,9154,90.2522,-1.7688,16800,False
RP11-162K6.1,313,0.0624,-1.7695,16801,False
HECA,3716,19.5146,-1.7695,16802,False
URM1,3099,16.8608,-1.77,16803,False
NOL5BP,510,0.6506,-1.7701,16804,False
WBP11,5372,37.699,-1.7707,16805,False
RPL29P11,3906,5.3256,-1.7717,16806,False
SYAP1,5724,26.1679,-1.7721,16807,False
RP11-153M3.1,3256,1.0051,-1.773,16808,False
RP11-369G6.2,576,0.1071,-1.7731,16809,False
SLFN12L,4780,35.744,-1.7749,16810,False
RAB5C,7065,70.4918,-1.7784,16811,False
AC138035.2,4419,11.5734,-1.7789,16812,False
RP11-75C10.9,940,2.2052,-1.7794,16813,False
AC007743.1,1003,0.1117,-1.7795,16814,False
ITGB2-AS1,4683,33.3049,-1.781,16815,False
RP11-355K23B.1,1060,0.5582,-1.782,16816,False
PTGES3P3,743,0.3983,-1.7828,16817,False
WI2-3658N16.1,7386,21.5047,-1.7832,16818,False
RP11-169K16.7,2918,5.8564,-1.7849,16819,False
RPS3AP25,1978,0.6521,-1.7857,16820,False
ST13P4,2231,0.8266,-1.786,16821,False
RP11-543B16.2,1969,0.5507,-1.7872,16822,False
CTD-2089O24.1,1072,0.0932,-1.7877,16823,False
RP11-514P8.8,1171,0.4421,-1.7899,16824,False
PRRC2B,6605,35.0437,-1.7904,16825,False
RP11-488C13.1,428,0.312,-1.7912,16826,False
HMGN2P3,828,1.5818,-1.7934,16827,False
AC120194.1,5119,40.8735,-1.7941,16828,False
CSRNP1,5867,48.4839,-1.7941,16829,False
PHACTR2,4274,15.6197,-1.7941,16830,False
RP11-395L14.17,875,0.3972,-1.7979,16831,False
RAB14,3834,16.4847,-1.7987,16832,False
ZBED1,1875,7.3579,-1.8014,16833,False
AC131180.1,1496,0.0827,-1.8018,16834,False
RPS12P23,471,0.3346,-1.8019,16835,False
RP3-455J7.4,1350,1.994,-1.8032,16836,False
RP11-382N13.1,310,0.0679,-1.8054,16837,False
RP11-10G12.1,605,1.2973,-1.8062,16838,False
RP11-353N4.4,1250,1.3242,-1.8066,16839,False
BOLA2,2806,5.3507,-1.808,16840,False
AC026271.5,955,0.4266,-1.8083,16841,False
PAG1,6079,31.452,-1.8091,16842,False
RP11-234B24.6,1390,1.2851,-1.8103,16843,False
RP11-190C22.1,5578,2.6508,-1.8107,16844,False
H3F3AP5,412,0.2805,-1.8124,16845,False
ZYX,5912,51.1787,-1.8171,16846,False
B4GALT1,11411,96.6086,-1.8175,16847,False
RP11-121L10.3,3412,0.6925,-1.8176,16848,False
RP11-707G14.1,1381,2.5973,-1.8186,16849,False
H3F3C,6245,1.9923,-1.82,16850,False
NCOA3,6541,39.0615,-1.8216,16851,False
HIVEP2,3959,17.5646,-1.8234,16852,False
RP11-536C10.16,171,0.0338,-1.8252,16853,False
RP11-366I21.1,627,0.2667,-1.8263,16854,False
CTB-43P18.1,5358,37.9612,-1.8328,16855,False
HNRNPA1P51,359,0.0631,-1.8394,16856,False
RPS20P14,1183,1.2223,-1.8397,16857,False
SNORA31,756,1.3114,-1.8413,16858,False
RPSAP56,1455,0.3521,-1.8431,16859,False
API5P1,642,0.0905,-1.8431,16860,False
RP11-535K18.2,232,0.0377,-1.8435,16861,False
ADPGK-AS1,1892,5.6455,-1.8452,16862,False
AJ271736.10,1038,0.3439,-1.8536,16863,False
SNRPF,4320,28.3895,-1.8539,16864,False
RGPD4,1522,0.2698,-1.8557,16865,False
RP3-508I15.18,5078,32.911,-1.8564,16866,False
P2RY8,4325,21.0018,-1.8599,16867,False
RP11-231C14.3,5065,30.855,-1.8599,16868,False
FAM157A,2985,3.6111,-1.8603,16869,False
RP11-463O12.3,1594,1.8951,-1.8608,16870,False
HNRNPA1P39,484,0.0845,-1.8622,16871,False
VDAC1P5,229,0.0437,-1.8641,16872,False
CTC-512J14.5,1322,3.9424,-1.8647,16873,False
RBBP4P3,409,0.0549,-1.8648,16874,False
AC073331.2,186,0.0308,-1.8657,16875,False
AC005618.1,3231,12.3595,-1.8661,16876,False
AC006547.15,690,0.7666,-1.8682,16877,False
RPSAP63,207,0.0396,-1.8684,16878,False
RPL34P18,1518,1.676,-1.8685,16879,False
RP1-83M4.2,2145,1.139,-1.8694,16880,False
TLK1,7785,67.7771,-1.8703,16881,False
RP11-280O24.3,171,0.0344,-1.8706,16882,False
MESDC2,3823,22.8437,-1.8708,16883,False
NUP210,6186,40.2945,-1.8711,16884,False
SNORA25,863,1.9884,-1.8728,16885,False
ASB16,713,0.6235,-1.8729,16886,False
REEP3,2011,7.2112,-1.8738,16887,False
SMARCA5,6005,30.959,-1.8748,16888,False
TAGLN2P1,3045,1.9461,-1.8759,16889,False
ATP1B3P1,972,0.2646,-1.8762,16890,False
RP11-373L24.1,4074,13.7738,-1.8795,16891,False
RPL12L3,1307,0.8577,-1.88,16892,False
CTA-373H7.7,2160,4.1889,-1.8812,16893,False
TMSB4XP8,15300,92.3722,-1.8818,16894,False
HNRNPLP2,226,0.0297,-1.8819,16895,False
RPS15AP11,2098,2.1675,-1.8837,16896,False
WASH4P,5427,8.5867,-1.8838,16897,False
ZBTB4,2522,5.4182,-1.8847,16898,False
ARL3,1675,5.7355,-1.8867,16899,False
LRRC59,3385,9.9807,-1.8876,16900,False
IPO8P1,557,0.0489,-1.889,16901,False
SLC25A6,12217,160.783,-1.8892,16902,False
GBP7,665,0.0626,-1.8899,16903,False
CICP27,1307,1.69,-1.8926,16904,False
CEP170P1,1136,0.4027,-1.8933,16905,False
SMNDC1,3972,13.6625,-1.8944,16906,False
TRERF1,4227,20.3554,-1.8955,16907,False
RP11-867G23.4,4141,19.366,-1.8955,16908,False
EMD,5798,44.3952,-1.8955,16909,False
TOB2,4290,15.3368,-1.8956,16910,False
NBPF10,7706,13.3773,-1.8963,16911,False
RPS15AP12,1918,1.8931,-1.9046,16912,False
UBE2NL,742,0.1165,-1.9063,16913,False
EIF4A2P3,462,0.0807,-1.9067,16914,False
YME1L1,9891,68.5596,-1.9069,16915,False
RP11-166B2.1,9029,45.048,-1.9072,16916,False
PAK2,6469,33.7205,-1.9072,16917,False
H2AFX,2448,8.5173,-1.9074,16918,False
TOP1,4759,15.2249,-1.9126,16919,False
SZRD1,5274,37.635,-1.9143,16920,False
DOCK11,4975,11.2029,-1.9159,16921,False
SPDYE8P,2843,2.6461,-1.9202,16922,False
PTPN1,5900,38.3548,-1.9232,16923,False
PREX1,7562,38.854,-1.9271,16924,False
RP11-832N8.1,719,0.6979,-1.9307,16925,False
PARP4P2,924,0.0784,-1.9309,16926,False
NPM1P39,4254,1.5922,-1.9309,16927,False
HNRNPA1P25,310,0.051,-1.9311,16928,False
MRPL41,2965,20.0655,-1.9311,16929,False
VDAC1P6,323,0.0587,-1.9317,16930,False
AGO1,2660,7.395,-1.9327,16931,False
BIN2P2,378,0.0528,-1.9339,16932,False
HNRNPA1P63,371,0.0632,-1.934,16933,False
RPL37AP1,473,0.6764,-1.9343,16934,False
CFL1P2,1121,0.3222,-1.9365,16935,False
MPHOSPH8,7217,46.5381,-1.9388,16936,False
GS1-124K5.11,1708,2.3536,-1.9398,16937,False
RP11-347P5.1,9550,37.8702,-1.9405,16938,False
COX17P1,1070,1.8747,-1.9419,16939,False
RP11-764K9.4,1574,0.865,-1.9432,16940,False
CTC-548K16.5,2359,5.7452,-1.9444,16941,False
RP11-498C9.3,3663,7.725,-1.9454,16942,False
RPL21P75,11492,130.955,-1.9454,16943,False
NPM1P48,176,0.032,-1.9468,16944,False
VAMP2,7250,39.3555,-1.9483,16945,False
RP11-295H24.3,525,0.0579,-1.9487,16946,False
RP11-552O4.2,205,0.0351,-1.9493,16947,False
AC092155.1,2193,2.4065,-1.9495,16948,False
SDHCP4,813,0.4046,-1.9522,16949,False
GBF1,5198,17.423,-1.9525,16950,False
MRP63,3645,19.365,-1.9529,16951,False
MORF4L1P1,4628,6.4502,-1.9531,16952,False
WASL,1637,5.2023,-1.9589,16953,False
ESCO1,3526,14.8747,-1.9597,16954,False
DTX3L,5061,24.7064,-1.9606,16955,False
CDC5L,3091,9.8234,-1.9644,16956,False
RP11-396M11.1,1404,1.4386,-1.9651,16957,False
RP11-462L8.2,1163,0.2919,-1.9661,16958,False
LRRC8C,3770,16.1472,-1.9688,16959,False
NUDT3,2464,4.2364,-1.969,16960,False
NFATC2,4684,18.9044,-1.9722,16961,False
RPL23AP3,969,0.5842,-1.9725,16962,False
EIF3LP2,1710,0.5805,-1.9754,16963,False
PPIAL4C,328,0.0315,-1.9768,16964,False
RP11-421N8.1,1772,3.8701,-1.9785,16965,False
PPP1R15B,5808,37.4407,-1.9799,16966,False
RNF168,4936,41.9412,-1.9825,16967,False
CBX5,5780,35.4196,-1.984,16968,False
AC006026.9,239,0.0202,-1.985,16969,False
AP006216.11,1258,3.8155,-1.9855,16970,False
RP4-583P15.15,3032,2.0259,-1.9884,16971,False
RP5-857K21.11,1645,1.3538,-1.9906,16972,False
FAM53B,5235,17.9781,-1.9953,16973,False
PPP3CA,7346,43.2979,-1.9959,16974,False
RP11-398H6.1,1049,0.4107,-1.9965,16975,False
EIF2S2,6148,38.0205,-1.9993,16976,False
CTD-3035D6.1,5174,4.7796,-2.0022,16977,False
YWHAE,9508,99.8837,-2.0046,16978,False
CAP1P2,2027,0.2662,-2.0081,16979,False
STRN3,4141,22.597,-2.0085,16980,False
BMS1,2919,9.1092,-2.0108,16981,False
MAF,4200,17.644,-2.0115,16982,False
RP11-641A6.9,242,0.0349,-2.0118,16983,False
RP11-144N1.4,652,0.7758,-2.0133,16984,False
WASH7P,4694,7.7483,-2.0178,16985,False
BTF3P8,506,0.2459,-2.0213,16986,False
ATP5G2P4,871,0.5212,-2.0246,16987,False
RP11-277L2.3,3473,11.8505,-2.0283,16988,False
RP1-232L22__B.1,1922,4.0995,-2.0314,16989,False
RP11-750B16.1,2284,1.2102,-2.0315,16990,False
AD000091.3,765,1.4534,-2.0349,16991,False
ATF6,3654,10.9121,-2.0359,16992,False
RPS4XP6,5717,2.5179,-2.0396,16993,False
CTB-147C22.3,1091,2.2872,-2.0399,16994,False
BDP1,4993,18.7818,-2.0417,16995,False
RNU1-3,2163,7.1589,-2.045,16997,False
RNVU1-18,2163,7.1589,-2.045,16997,False
RNU1-1,2163,7.1589,-2.045,16997,False
RNU1-28P,2163,7.1589,-2.045,16997,False
HCFC1,5815,26.006,-2.0473,17000,False
RP11-761N21.2,3145,13.7,-2.0477,17001,False
ACTBP12,677,0.2923,-2.0486,17002,False
RP5-837I24.1,1244,1.5469,-2.0492,17003,False
ETV6,4140,18.0416,-2.0494,17004,False
LARP4B,6257,35.3386,-2.0519,17005,False
PARP14,8143,52.7695,-2.0587,17006,False
RP11-464D20.2,3242,3.8698,-2.0611,17007,False
RP5-961K14.1,816,0.3392,-2.0612,17008,False
PSMD12P,265,0.0327,-2.0621,17009,False
HNRNPA1P4,1149,0.4279,-2.0627,17010,False
ST8SIA4,4779,31.631,-2.0634,17011,False
SETX,6466,34.2263,-2.0647,17012,False
PPIAP22,13203,163.93,-2.0658,17013,False
ARF6,11074,42.6212,-2.0709,17014,False
WASH2P,3665,3.8107,-2.0736,17015,False
MEMO1P1,1577,4.0653,-2.0742,17016,False
UBE4A,6575,24.803,-2.0744,17017,False
RAC1P2,2177,6.5556,-2.0755,17018,False
RNF44,5280,17.7965,-2.0766,17019,False
PAN3,8417,77.0497,-2.0766,17020,False
AP000281.1,1216,1.5511,-2.0771,17021,False
HCG4P11,1975,2.1469,-2.0776,17022,False
PPDPF,4143,8.9058,-2.0807,17023,False
JARID2,4871,12.9643,-2.0844,17024,False
R3HDM2,9022,44.0506,-2.0846,17025,False
RHEBP1,2318,4.7094,-2.0944,17026,False
SPDYE7P,1100,0.585,-2.1043,17027,False
RP11-166O4.1,1566,4.9369,-2.105,17028,False
RPL7P47,1559,0.8312,-2.1057,17029,False
RP11-452D2.2,983,0.8268,-2.1094,17030,False
FMNL3,6081,25.044,-2.1103,17031,False
C1orf56,12130,90.1017,-2.1128,17032,False
RPL10P15,1994,2.9387,-2.1143,17033,False
RP11-804M7.1,247,0.0293,-2.1149,17034,False
BTF3P13,619,0.2955,-2.1161,17035,False
RNF5P1,2002,3.9605,-2.1163,17036,False
RP11-254G11.1,797,0.3921,-2.1188,17037,False
GAPDHP21,604,0.0871,-2.1195,17038,False
HNRNPA1P23,222,0.0302,-2.1227,17039,False
AC004951.6,3613,8.8547,-2.1231,17040,False
RP11-134K1.2,519,0.2726,-2.1237,17041,False
RP11-512F24.1,1049,0.3366,-2.1284,17042,False
SBNO1,5779,26.0965,-2.1286,17043,False
RP11-298C3.2,700,0.3287,-2.1312,17044,False
CTD-2144E22.10,563,0.0663,-2.1314,17045,False
SPDYE2B,1864,1.7589,-2.1328,17046,False
MAST3,4800,22.3345,-2.1377,17047,False
RP11-490H24.5,2964,6.4721,-2.14,17048,False
SNRPEP2,2256,9.6931,-2.1418,17049,False
RP11-46D6.1,1191,1.4347,-2.1421,17050,False
CTD-2231E14.8,4974,43.9001,-2.1463,17051,False
NUFIP2,4658,13.6947,-2.1514,17052,False
ANP32BP1,2075,0.4462,-2.1564,17053,False
FRMD8P1,172,0.0199,-2.1571,17054,False
RNU1-2,2121,6.9403,-2.1575,17056,False
RNU1-27P,2121,6.9403,-2.1575,17056,False
RNU1-4,2121,6.9403,-2.1575,17056,False
RP11-641A6.5,236,0.0171,-2.1589,17058,False
TAP2,4809,13.9264,-2.1591,17059,False
ACTR3P2,384,0.0465,-2.1655,17060,False
EIF5AL1,5460,0.5107,-2.1714,17061,False
hsa-mir-6723,10430,24.1197,-2.1719,17062,False
RP11-570P14.1,1295,1.7906,-2.1743,17063,False
HSPA8P7,1479,0.1301,-2.176,17064,False
PARP4P1,308,0.0281,-2.1762,17065,False
XXbac-BPG181M17.5,2123,3.0852,-2.1816,17066,False
RPL21P39,1273,1.0615,-2.1855,17067,False
EXOSC6,3561,7.8398,-2.187,17068,False
FUT5,4084,0.572,-2.1876,17069,False
GPRIN3,6314,27.8284,-2.1893,17070,False
NBPF9,7966,20.2975,-2.1904,17071,False
BIN2P1,2565,0.5145,-2.194,17072,False
TIAF1,2480,7.317,-2.1941,17073,False
FTLP3,8215,18.9413,-2.1946,17074,False
WASH6P,6540,9.5286,-2.1982,17075,False
ST13P5,2789,1.5046,-2.1986,17076,False
ANKRD40,4024,11.8176,-2.1998,17077,False
PLEC,5676,16.6125,-2.2004,17078,False
PTEN,7822,47.3211,-2.2014,17079,False
AC016712.2,1104,0.9768,-2.202,17080,False
IQCB2P,239,0.0266,-2.2046,17081,False
AC004166.6,1441,1.2109,-2.2074,17082,False
FTLP2,1266,0.5662,-2.2075,17083,False
FOXK1,2822,6.6073,-2.21,17084,False
RP11-703M24.5,1434,1.9326,-2.2107,17085,False
TXLNA,5579,35.6067,-2.2138,17086,False
ST13P18,1237,0.3828,-2.2202,17087,False
RP11-265N6.1,3289,10.1306,-2.2231,17088,False
EIF4A1P2,2424,0.5412,-2.2254,17089,False
RP4-592A1.2,1810,2.8257,-2.2269,17090,False
THRAP3P1,324,0.021,-2.2273,17091,False
LRRC58,2618,7.2746,-2.2284,17092,False
AC099522.2,2319,3.8542,-2.2286,17093,False
EIF3A,7312,53.7189,-2.231,17094,False
BTF3P4,811,0.3896,-2.2311,17095,False
RP11-473I1.10,5000,22.6025,-2.2323,17096,False
RP11-442H21.2,3766,9.6658,-2.2327,17097,False
FKSG68,934,1.4985,-2.2329,17098,False
POM121B,1737,1.541,-2.2359,17099,False
WIPF1,12676,110.3329,-2.25,17100,False
HLA-U,2974,20.3595,-2.2536,17101,False
RP11-58O9.1,994,0.8575,-2.2571,17102,False
CTB-50E14.5,3395,7.0561,-2.2588,17103,False
RPS26P11,959,1.1803,-2.2625,17104,False
RPS26P31,2020,2.9196,-2.2693,17105,False
GAN,2310,4.0055,-2.2698,17106,False
AC005253.4,1087,1.4343,-2.2758,17107,False
RP5-857K21.7,2914,1.7692,-2.277,17108,False
GS1-184P14.2,1533,3.0681,-2.2771,17109,False
RP11-366M4.1,1933,1.7045,-2.278,17110,False
RPS3AP49,2109,0.6327,-2.2793,17111,False
RP11-255J3.2,2181,1.3625,-2.2806,17112,False
SF3B4,4739,31.2921,-2.2816,17113,False
HIST2H2AA3,4218,14.8279,-2.2829,17114,False
VCPIP1,3305,9.4568,-2.2863,17115,False
AC007228.9,1428,1.1064,-2.2882,17116,False
RPL7AP66,2516,1.0018,-2.2932,17117,False
CTAGE12P,229,0.017,-2.2971,17118,False
NPIPB11,7156,2.4506,-2.2992,17119,False
CCT5P2,251,0.0217,-2.2994,17120,False
THRAP3,11841,81.2948,-2.3038,17121,False
MAP1LC3B2,6171,30.1489,-2.3063,17122,False
RP11-79P5.3,856,0.2676,-2.3076,17123,False
NBPF12,4956,7.171,-2.3127,17124,False
RPL7AP11,3360,1.4614,-2.3228,17125,False
AL441883.1,1369,1.6826,-2.3257,17126,False
GDI2P2,2547,1.3041,-2.3274,17127,False
GOLGA3,4250,13.9508,-2.3287,17128,False
XXyac-YRM2039.2,3097,3.1065,-2.3289,17129,False
RP11-74E24.2,1491,0.3354,-2.3299,17130,False
RP11-555H23.1,174,0.018,-2.3323,17131,False
MTND2P28,14615,149.5565,-2.3325,17132,False
RP11-53M11.2,1210,0.7295,-2.3338,17133,False
RP11-3P17.3,14562,161.1206,-2.3343,17134,False
RP11-567I13.1,1113,1.1848,-2.3366,17135,False
RP11-314A20.1,5098,6.6295,-2.3435,17136,False
RPL34P27,1223,1.2301,-2.3448,17137,False
RPL13AP20,2867,1.8608,-2.3463,17138,False
BZW1P2,4082,13.11,-2.3469,17139,False
RP11-571M6.7,4474,16.9695,-2.3528,17140,False
SNORA70,1532,1.3683,-2.3561,17141,False
RP11-730G20.2,2114,0.6546,-2.3571,17142,False
RP6-218J18.2,1863,0.2461,-2.3585,17143,False
RP11-282K24.1,3637,1.5645,-2.3601,17144,False
AC002994.1,1278,0.4164,-2.3648,17145,False
SC22CB-1E7.1,2361,2.129,-2.371,17146,False
EEF1A1P28,575,0.059,-2.3748,17147,False
LRRC37A,4082,6.4282,-2.3756,17148,False
RP11-110J1.2,1048,0.2779,-2.3866,17149,False
HSP90AA6P,2119,0.8639,-2.3887,17150,False
TRRAP,3695,8.0283,-2.3901,17151,False
BAK1P1,3229,4.3647,-2.3992,17152,False
EP400,4016,3.1725,-2.4066,17153,False
RP11-599B13.6,4703,22.228,-2.4093,17154,False
RPL19P20,644,0.6023,-2.4099,17155,False
RUNX3,7136,32.5347,-2.4123,17156,False
CTB-89H12.4,6776,24.0292,-2.418,17157,False
EIF4EBP2,5837,20.3735,-2.4217,17158,False
HEXIM1,4840,21.0198,-2.423,17159,False
SERBP1P1,1544,0.3598,-2.4233,17160,False
AC016708.2,1939,3.6468,-2.4339,17161,False
CASKIN1,1396,0.393,-2.4353,17162,False
PSMB2,5191,43.5199,-2.4372,17163,False
MPLKIP,2215,4.5475,-2.4378,17164,False
RP11-815N9.2,1843,0.5649,-2.4381,17165,False
TRAPPC1,6434,53.2301,-2.4415,17166,False
POM121,5070,9.7094,-2.4453,17167,False
HMGN1P37,986,1.6427,-2.4469,17168,False
RP11-94L15.2,6958,36.6332,-2.4488,17169,False
NACA2,2625,1.0271,-2.4528,17170,False
CERKL,6055,26.3846,-2.4577,17171,False
PDAP1,5580,32.0035,-2.4584,17172,False
ARRB2,5244,12.0654,-2.4598,17173,False
HMGB1P5,10276,80.1593,-2.4602,17174,False
CTC-250I14.6,7921,34.7019,-2.4621,17175,False
AKAP11,3201,6.4005,-2.4646,17176,False
CTB-36O1.7,2664,2.7732,-2.4667,17177,False
RPS2P7,2153,1.0013,-2.4703,17178,False
RP11-9D8.1,1075,0.6664,-2.4711,17179,False
ST13P6,2795,3.2729,-2.4737,17180,False
GPSM3,8246,34.856,-2.4756,17181,False
EIF5AP4,1746,1.5955,-2.4798,17182,False
NPM1P24,2272,0.6684,-2.48,17183,False
NOTCH1,3965,9.7712,-2.4861,17184,False
SPDYE2,6372,9.2327,-2.4862,17185,False
RP11-307L3.2,2104,2.3514,-2.4963,17186,False
HNRNPA1P8,1845,0.4464,-2.4966,17187,False
EIF3FP1,4434,1.814,-2.4976,17188,False
XXbac-BPG181M17.6,3375,4.4665,-2.5036,17189,False
DRAP1,6215,52.8897,-2.5041,17190,False
TULP4,5035,17.4957,-2.5048,17191,False
TLK1P1,267,0.0188,-2.5052,17192,False
GTF2H5,1599,1.8349,-2.5058,17193,False
CASC7,4239,10.2873,-2.5068,17194,False
DYNC1I2P1,1522,0.6629,-2.5081,17195,False
UBE2D3P1,1898,1.3972,-2.512,17196,False
HLA-H,15958,206.0141,-2.5122,17197,False
RPL13P2,1047,0.3264,-2.5141,17198,False
ELMO1-AS1,966,0.6569,-2.5146,17199,False
RP1-56K13.3,4846,14.3827,-2.5192,17200,False
RPS19P1,1475,0.9096,-2.5199,17201,False
RP11-553N16.1,1053,0.2438,-2.5277,17202,False
SUMO2P1,3848,19.3524,-2.5365,17203,False
RP11-516A11.1,3670,0.7563,-2.5368,17204,False
RP11-289I10.2,3186,11.8579,-2.5395,17205,False
NBPF14,6929,10.1723,-2.5396,17206,False
TBCAP1,1745,3.2106,-2.5412,17207,False
PDIA3P,7079,5.3992,-2.5449,17208,False
RP11-264B14.2,1896,5.2239,-2.5471,17209,False
RP5-827C21.1,1914,1.4127,-2.5472,17210,False
PHIP,5700,21.6916,-2.551,17211,False
BCL11B,5296,13.5576,-2.5512,17212,False
YWHAG,3147,7.4315,-2.5648,17213,False
DNAJC3,6294,38.747,-2.5679,17214,False
SETD1B,2595,3.7482,-2.5965,17215,False
RPS24P8,1029,0.7687,-2.6009,17216,False
AC007229.3,2202,7.307,-2.612,17217,False
RC3H1,9420,38.5702,-2.6121,17218,False
NPIPA5,4011,4.9579,-2.6145,17219,False
RP4-785G19.2,2045,1.7948,-2.6204,17220,False
AD000671.6,3838,4.7037,-2.6216,17221,False
RP11-106A1.2,1459,0.8701,-2.6242,17222,False
RP11-416K24.2,1963,2.4052,-2.6262,17223,False
HNRNPA0,4022,12.0263,-2.631,17224,False
TMEM120B,6659,16.7755,-2.6339,17225,False
RP11-244J10.1,1384,0.8923,-2.6361,17226,False
AC040977.1,6653,50.5346,-2.6459,17227,False
RPL34P34,1277,1.2231,-2.6466,17228,False
SLC5A3,2973,4.4193,-2.6564,17229,False
CTD-2161E19.1,1853,0.7083,-2.6584,17230,False
HMGN2P4,1122,0.9952,-2.6596,17231,False
ZC3H4,4323,8.5151,-2.6638,17232,False
CBL,3562,6.7341,-2.6646,17233,False
SNX5P1,1047,0.2761,-2.6649,17234,False
SUCLG2P2,2115,1.0841,-2.6678,17235,False
AP000350.4,2431,0.4153,-2.6706,17236,False
RP3-469D22.1,2957,4.3904,-2.6779,17237,False
HMGN2P5,6223,27.7107,-2.6905,17238,False
EDEM1,6629,35.9692,-2.6909,17239,False
RP11-175B9.3,5982,28.161,-2.7037,17240,False
AC007238.1,3367,1.6517,-2.7179,17241,False
LIMS3L,1865,0.3381,-2.7215,17242,False
EIF3CL,6446,44.8658,-2.7362,17243,False
RP11-514P8.6,2663,1.3783,-2.7424,17244,False
RPL24P2,1505,1.1979,-2.7496,17245,False
FTH1P5,1468,0.8204,-2.7506,17246,False
MTATP6P1,13198,129.781,-2.7507,17247,False
LSM3,3128,8.9481,-2.7616,17248,False
RP11-215A21.2,2647,2.3655,-2.7625,17249,False
EIF4HP1,4399,5.856,-2.7635,17250,False
RANP1,2838,2.1584,-2.7657,17251,False
LAP3P2,2259,0.4333,-2.7717,17252,False
HLA-K,7473,2.6997,-2.7806,17253,False
LDHAP5,1824,0.6992,-2.7898,17254,False
HNRNPL,14463,83.3449,-2.796,17255,False
PABPC3,4326,0.2959,-2.7963,17256,False
EEF1B2P3,8522,19.2693,-2.8006,17257,False
CACYBPP2,3388,5.9697,-2.8011,17258,False
RP11-17A4.1,1167,1.5118,-2.8061,17259,False
RP11-624L12.1,1686,0.8473,-2.8063,17260,False
AC005884.1,1528,1.1544,-2.8091,17261,False
ERP44,6173,34.1526,-2.8095,17262,False
RPS23P8,4079,14.9011,-2.815,17263,False
OLA1P1,2399,3.1027,-2.8263,17264,False
RPS7P4,2012,0.9349,-2.8333,17265,False
AC007000.12,3501,8.2184,-2.8355,17266,False
ADNP,5807,30.9398,-2.8406,17267,False
FTH1P11,2810,2.54,-2.8547,17268,False
KIF5B,6604,34.4444,-2.859,17269,False
RBM8B,2569,2.0232,-2.8687,17270,False
GATAD2B,5964,12.3107,-2.8758,17271,False
HMGA1,5255,20.4896,-2.8792,17272,False
ACTBP11,1844,0.2818,-2.8829,17273,False
EIF2S2P4,2911,2.9621,-2.8958,17274,False
CTC-471F3.4,2971,3.7072,-2.8963,17275,False
AC021224.1,2211,0.8993,-2.8992,17276,False
HMGN2P17,1852,0.5935,-2.9021,17277,False
CHCHD3P3,1980,2.4059,-2.9109,17278,False
RAP2B,5661,21.0498,-2.9165,17279,False
COX6A1P2,3238,3.5195,-2.9216,17280,False
KMT2E-AS1,4113,5.7067,-2.9274,17281,False
TECRP1,2595,3.8685,-2.9276,17282,False
AC005795.1,3668,1.6943,-2.9368,17283,False
FTH1P12,2293,1.272,-2.9389,17284,False
RP11-64K7.1,1815,0.3814,-2.939,17285,False
CTD-2033A16.2,2728,0.5266,-2.9425,17286,False
TCEA1P2,5568,19.0172,-2.9514,17287,False
EEF1GP5,2791,0.4314,-2.9522,17288,False
HNRNPKP4,7038,1.8356,-2.9552,17289,False
HNRNPKP1,8433,2.5596,-2.9555,17290,False
FKBP1C,4549,2.1183,-2.9697,17291,False
MTRNR2L12,15347,53.4684,-2.9707,17292,False
ARPC3P5,1705,0.7967,-2.9783,17293,False
RPL13AP7,3084,2.1252,-2.9939,17294,False
RP11-546B8.5,2711,3.5273,-2.9958,17295,False
EIF4A2P4,2672,0.5249,-3.0,17296,False
GS1-44D20.1,1961,0.771,-3.0015,17297,False
FTH1P23,3670,3.5657,-3.0084,17298,False
RP11-159J3.1,3326,0.9818,-3.0221,17299,False
RPL5P12,1280,0.275,-3.0349,17300,False
FAUP1,3936,3.3959,-3.0412,17301,False
RPS2P55,2513,1.2649,-3.0419,17302,False
RP11-392P7.1,2485,0.7435,-3.0451,17303,False
FTH1P20,3820,3.2587,-3.0452,17304,False
ESPN,2096,2.3609,-3.0596,17305,False
AL592284.1,4081,9.1626,-3.0609,17306,False
AC004074.3,1659,1.5411,-3.0624,17307,False
RP11-543P15.1,8373,52.4979,-3.0674,17308,False
RPL18AP3,14210,126.3546,-3.0908,17309,False
AC010970.2,3554,1.5096,-3.0913,17310,False
LDHAP3,4800,1.7326,-3.0966,17311,False
GPX1P1,2178,1.7169,-3.0968,17312,False
NT5C3AP1,1902,1.002,-3.1168,17313,False
RP11-425L10.1,10808,55.5793,-3.1235,17314,False
AC140481.3,2013,1.2911,-3.129,17315,False
RPS4XP13,3560,1.0189,-3.1301,17316,False
GAPDHP72,2766,0.5288,-3.1336,17317,False
CDC42P6,4553,7.4258,-3.1375,17318,False
RP11-613F7.1,1802,1.3474,-3.1423,17319,False
RPL35P1,1804,1.8892,-3.1432,17320,False
HSPA8P9,3787,0.4905,-3.1493,17321,False
TUBBP1,2661,0.6872,-3.1625,17322,False
EEF1A1P7,2840,0.4111,-3.1667,17323,False
LA16c-3G11.7,4401,5.3084,-3.1679,17324,False
APOL6,5824,15.8636,-3.1696,17325,False
RP11-676M6.1,4353,11.017,-3.1712,17326,False
RP1-278E11.3,2395,2.0742,-3.1714,17327,False
RPS26P6,7134,35.4178,-3.1813,17328,False
RP6-105D16.1,2729,0.7891,-3.1865,17329,False
PSMC1P1,3471,7.4587,-3.1936,17330,False
EP300,6108,8.9538,-3.2009,17331,False
NUCKS1,7809,18.9092,-3.2101,17332,False
RPL7AP30,5656,2.8457,-3.2167,17333,False
AC093106.7,3049,1.8272,-3.2244,17334,False
UBE2L5P,3573,3.5897,-3.2335,17335,False
RPL3P7,8630,2.3746,-3.2461,17336,False
RP11-204C16.4,12592,27.6786,-3.2474,17337,False
RPS3AP5,5080,3.0727,-3.25,17338,False
RPL34P31,2189,2.1082,-3.2572,17339,False
RPL17P33,2301,1.0836,-3.2578,17340,False
RPL15P2,1581,0.6106,-3.2653,17341,False
KCNQ1OT1,4906,1.09,-3.2691,17342,False
HLA-DRB6,9228,36.6909,-3.2733,17343,False
EEF1A1P22,2552,0.3718,-3.2994,17344,False
YWHAZP6,2322,0.8827,-3.3227,17345,False
RP11-100N21.1,4034,3.1768,-3.3325,17346,False
RPL12P38,7454,1.6148,-3.3376,17347,False
IRF2BPL,2828,1.4312,-3.3392,17348,False
AC007318.5,4220,7.5593,-3.3415,17349,False
AB019441.29,3360,1.403,-3.3423,17350,False
AC010468.1,3016,1.342,-3.3457,17351,False
RPL9P7,10080,54.9684,-3.3469,17352,False
RP11-556K13.1,3362,1.4388,-3.35,17353,False
DNAJA1P3,3318,0.9278,-3.3524,17354,False
ATP6V0C,8154,14.3361,-3.3531,17355,False
RP1-292B18.1,1726,1.5306,-3.3569,17356,False
RP11-641D5.1,6817,33.216,-3.3584,17357,False
WASF4P,2349,0.7024,-3.3585,17358,False
MINOS1-NBL1,2510,1.2295,-3.3616,17359,False
NACAP1,2355,0.6011,-3.3629,17360,False
FTH1P2,4442,5.4427,-3.3691,17361,False
RP11-436H11.1,2043,1.437,-3.3752,17362,False
RP11-334L9.1,2546,0.2707,-3.3784,17363,False
RP11-3P17.5,5456,20.9132,-3.3815,17364,False
NPM1P27,9482,13.5124,-3.3898,17365,False
FTH1P8,3607,3.7833,-3.3931,17366,False
RP11-498C9.2,5645,13.5189,-3.4269,17367,False
AC021016.7,1824,0.9957,-3.427,17368,False
RPS26P3,3562,5.4184,-3.435,17369,False
RP11-365D23.4,2528,2.7305,-3.4361,17370,False
RP11-159H3.1,2771,1.2528,-3.4529,17371,False
RP11-632C17__A.1,5634,9.9774,-3.4533,17372,False
AC016734.2,3602,3.3173,-3.4566,17373,False
CBX3P9,2125,1.4907,-3.4632,17374,False
RP4-765C7.2,3181,4.3808,-3.4642,17375,False
PFN1P1,4427,4.5575,-3.4646,17376,False
RP11-146N23.1,7120,3.2606,-3.4795,17377,False
AC078899.1,2046,0.6135,-3.4987,17378,False
RP11-234N17.1,2898,6.8283,-3.5022,17379,False
RP4-706A16.3,8025,21.912,-3.506,17380,False
NBPF16,6485,6.0541,-3.5133,17381,False
RP11-72I8.1,12394,60.2587,-3.5212,17382,False
SPDYE6,6016,9.1412,-3.5257,17383,False
NPM1P6,3119,1.0758,-3.5347,17384,False
SPDYE1,7526,4.6493,-3.5443,17385,False
ANXA2P2,6213,16.8894,-3.5552,17386,False
RP11-20O24.4,9775,28.1691,-3.5654,17387,False
RPL24P8,2287,1.5457,-3.5731,17388,False
MTRNR2L8,13516,20.2404,-3.5743,17389,False
EIF3FP3,7708,27.4482,-3.5997,17390,False
AC079250.1,4058,3.321,-3.6027,17391,False
UQCRFS1P1,4483,8.9018,-3.6105,17392,False
RP11-1033A18.1,6222,3.0202,-3.6107,17393,False
AC009245.3,6280,4.4174,-3.6115,17394,False
RP3-340B19.2,3703,3.9075,-3.6128,17395,False
RP11-553P9.1,2017,0.2509,-3.6233,17396,False
RPL23P8,2201,1.6256,-3.6319,17397,False
RP11-771F20.1,2860,0.8529,-3.6487,17398,False
RPL7P23p,5954,4.5081,-3.656,17399,False
RPS4XP11,2772,0.8021,-3.657,17400,False
CBX6,8262,26.3932,-3.6606,17401,False
RPS15AP1,4797,7.0073,-3.664,17402,False
GAPDHP63,3490,0.736,-3.6793,17403,False
RPS7P10,4063,2.7172,-3.6815,17404,False
RPL23AP2,4038,4.1975,-3.6902,17405,False
RPL3P4,13176,65.7668,-3.715,17406,False
RPL13AP25,3443,2.0059,-3.7313,17407,False
HLA-L,14329,18.4452,-3.7321,17408,False
RP11-234A1.1,11096,27.9177,-3.7358,17409,False
HMGN1P38,5347,9.1705,-3.7675,17410,False
snoU13,2804,0.7118,-3.7697,17411,False
RPS2P5,9011,39.2177,-3.7723,17412,False
PRELID1P1,3573,1.9573,-3.7812,17413,False
FTH1P7,6323,8.8372,-3.7861,17414,False
RPS3AP6,14646,103.4293,-3.7894,17415,False
RP11-36C20.1,8415,6.4786,-3.8016,17416,False
MIR4426,5786,7.4461,-3.8135,17417,False
HLA-V,3705,2.5738,-3.8226,17418,False
EEF1DP1,5205,1.6977,-3.8243,17419,False
JUND,11339,14.3321,-3.8374,17420,False
XRCC6P2,4837,1.2598,-3.8421,17421,False
RP11-254B13.1,3181,1.1075,-3.8468,17422,False
HSPA8P8,3456,0.6677,-3.8678,17423,False
RPS7P11,4999,4.9,-3.889,17424,False
RP11-466P24.2,5017,6.6171,-3.8938,17425,False
AC004980.11,6403,11.7772,-3.897,17426,False
RPSAP58,13611,74.1646,-3.9058,17427,False
ATP5EP2,6916,14.379,-3.9157,17428,False
HNRNPA1P7,6467,4.2794,-3.9176,17429,False
RPL15P3,10223,27.1414,-3.9177,17430,False
HSPD1P1,3660,1.5358,-3.9246,17431,False
FTH1P10,6740,4.7773,-3.9253,17432,False
PPP1R2P3,4166,2.8212,-3.9279,17433,False
RPS4XP22,9554,5.659,-3.9363,17434,False
GIGYF1,7540,5.0322,-3.9423,17435,False
ATP5E,10068,34.6737,-3.9521,17436,False
MTRNR2L9,4072,2.1235,-3.9615,17437,False
RPL24P4,4529,7.3725,-3.9678,17438,False
RP11-673C5.1,8026,23.7348,-3.985,17439,False
SERBP1P5,3363,1.0482,-4.0241,17440,False
RP11-347C12.1,11570,24.776,-4.0331,17441,False
RP11-475C16.1,7877,21.2349,-4.0339,17442,False
RNASEK-C17orf49,8410,14.471,-4.0487,17443,False
RPL12P4,4934,5.9043,-4.0594,17444,False
EIF4A1P10,5947,1.9375,-4.0679,17445,False
RP11-367G18.2,4169,3.7675,-4.0824,17446,False
EEF1A1P5,15797,130.8914,-4.0919,17447,False
CTD-2287O16.1,10517,48.6659,-4.1005,17448,False
XXbac-BPG248L24.12,4968,3.7424,-4.1083,17449,False
RPS18P12,4114,2.9217,-4.1193,17450,False
EEF1A1P8,3612,0.5809,-4.1258,17451,False
NDUFV2P1,4699,5.2066,-4.1259,17452,False
RP11-122C9.1,10929,23.94,-4.1287,17453,False
MTRNR2L1,11815,13.4255,-4.1305,17454,False
PGK1P2,3844,0.7276,-4.1392,17455,False
MTND4P12,6926,2.5778,-4.1519,17456,False
TPI1P1,6290,4.8393,-4.1712,17457,False
RPL13P12,14231,58.2338,-4.1856,17458,False
EIF4BP7,4054,1.1093,-4.193,17459,False
RP11-16F15.1,4854,5.4086,-4.1962,17460,False
RP11-170M17.2,3440,1.124,-4.219,17461,False
RP11-661A12.7,5596,6.2975,-4.2302,17462,False
EEF1A1P9,9994,3.0877,-4.2419,17463,False
RP11-159C21.4,5396,5.1131,-4.2516,17464,False
RP11-521J5.1,3782,1.2623,-4.2853,17465,False
RP1-241P17.4,5375,2.7801,-4.3165,17466,False
PTMAP2,8039,21.0429,-4.3409,17467,False
RP11-297L17.6,4848,2.4809,-4.3476,17468,False
RP11-452G18.2,3664,1.5891,-4.3534,17469,False
RP11-550F7.1,4367,0.727,-4.3735,17470,False
PTMAP5,11337,18.3821,-4.3764,17471,False
EEF1A1P11,8604,2.9096,-4.3835,17472,False
RP11-442A13.1,5696,5.3589,-4.3912,17473,False
AC016739.2,10434,29.7885,-4.3953,17474,False
RP11-592N21.1,8385,13.0894,-4.3954,17475,False
RPS3P6,4123,2.0711,-4.3991,17476,False
HNRNPA1P10,6325,5.2813,-4.419,17477,False
LDHAP7,5405,2.5051,-4.4366,17478,False
CTB-13H5.1,10777,21.4855,-4.4367,17479,False
Y_RNA,6413,0.9369,-4.466,17480,False
RP11-12M9.3,6100,4.276,-4.4804,17481,False
UBBP4,11442,18.848,-4.4947,17482,False
AC022431.1,8540,15.2926,-4.5032,17483,False
EIF4BP6,5802,3.9592,-4.5033,17484,False
RP11-864N7.2,10995,24.6805,-4.5237,17485,False
PSME2P2,7381,7.9393,-4.5312,17486,False
LDHAP4,8237,9.1172,-4.56,17487,False
RP11-169K16.8,7839,10.8313,-4.5809,17488,False
AC011737.2,11087,33.0449,-4.5919,17489,False
HNRNPCP2,10460,29.0009,-4.5958,17490,False
RPL3P2,9428,2.9522,-4.5963,17491,False
MTRNR2L10,5999,1.1924,-4.6032,17492,False
HSPA8P1,6713,1.3655,-4.604,17493,False
HSP90AB3P,7021,1.5116,-4.6203,17494,False
AC018720.10,9727,10.9643,-4.6407,17495,False
RPL9P25,6137,6.8257,-4.6642,17496,False
RPL10AP2,4987,2.273,-4.6792,17497,False
AC007969.5,8102,14.7152,-4.6944,17498,False
HLA-W,6946,2.917,-4.7248,17499,False
RP11-51O6.1,12356,38.7433,-4.7396,17500,False
RPL13AP5,14958,66.7549,-4.7522,17501,False
RPS2P46,7870,8.7879,-4.7611,17502,False
RP3-417G15.1,5896,5.5896,-4.7828,17503,False
RPS3AP26,11981,25.79,-4.8282,17504,False
NAP1L1P1,4936,1.6339,-4.8317,17505,False
CTD-2192J16.15,12411,22.285,-4.8429,17506,False
ACTBP2,8357,2.3816,-4.8682,17507,False
RPS4XP2,5663,2.0258,-4.8751,17508,False
RPSAP53,5526,2.2037,-4.9467,17509,False
RP11-274E7.2,7137,5.7507,-4.9474,17510,False
RP11-69L16.5,6955,3.079,-4.9648,17511,False
RPL7AP6,8189,4.7398,-4.9679,17512,False
CTD-2270N23.1,5676,2.2282,-4.9726,17513,False
NACA3P,6566,3.6955,-5.0425,17514,False
RPL14P1,9671,14.8096,-5.052,17515,False
NPM1P21,6034,2.4961,-5.0597,17516,False
YWHAZP3,12760,29.7926,-5.0747,17517,False
HLA-J,13724,17.8675,-5.0895,17518,False
RPS7P1,9728,15.4257,-5.093,17519,False
EEF1A1P12,8760,2.8548,-5.1052,17520,False
EEF1A1P13,10608,4.2474,-5.1179,17521,False
RP11-408P14.1,10277,12.1624,-5.1607,17522,False
RP11-889L3.1,10760,11.6026,-5.1964,17523,False
RPL4P5,7998,2.7929,-5.2756,17524,False
RPL5P34,12229,11.2238,-5.3497,17525,False
HLA-G,15024,15.3426,-5.3678,17526,False
GAPDHP65,6960,2.1409,-5.3821,17527,False
RPLP0P6,13264,27.139,-5.3833,17528,False
RPL10P3,14761,69.3632,-5.3921,17529,False
RPSAP15,8020,7.8597,-5.4969,17530,False
HCG4P5,8927,6.7671,-5.509,17531,False
EEF1A1P6,13721,23.1605,-5.6024,17532,False
RPL6P27,12530,21.5296,-5.6186,17533,False
HNRNPA1P48,13198,27.6428,-5.627,17534,False
RPL10AP6,9006,7.4467,-5.6626,17535,False
YWHAZP4,11470,12.1255,-5.7391,17536,False
RPL4P4,12265,9.5041,-5.8945,17537,False
RP11-778D9.4,13073,12.8771,-6.0722,17538,False
YWHAZP5,12203,18.2282,-6.1585,17539,False
YWHAZP2,11956,15.7959,-6.2232,17540,False
CTC-575D19.1,14689,45.2806,-6.2578,17541,False
TMSB4XP4,13390,15.452,-6.3992,17542,False
