cell_id,patient_sample,timepoint,tpm_total_all_genes,tpm_total_kept_genes,tpm_lost_to_gene_filter,log2_shift_if_rescaled
A10_P3_M11,Pre_P1,Pre,990010.2,990010.2,0.0,0.01448
A11_P1_M11,Pre_P1,Pre,994342.7,994342.7,-0.0,0.00818
A11_P3_M11,Pre_P1,Pre,994836.5,992580.8,2255.7,0.01074
A11_P4_M11,Pre_P1,Pre,994891.4,994891.4,-0.0,0.00739
A12_P6_M11,Pre_P1,Pre,992436.7,992436.7,-0.0,0.01095
A2_P1_M11,Pre_P1,Pre,996810.4,996810.4,-0.0,0.00461
A2_P4_M11,Pre_P1,Pre,996615.3,996059.9,555.4,0.0057
A3_P1_M11,Pre_P1,Pre,991517.8,991517.8,-0.0,0.01229
A3_P3_M11,Pre_P1,Pre,996590.6,996510.0,80.6,0.00504
A4_P3_M11,Pre_P1,Pre,994379.1,994379.1,-0.0,0.00813
A4_P4_M11,Pre_P1,Pre,994773.1,994773.1,-0.0,0.00756
A4_P6_M11,Pre_P1,Pre,993730.1,993717.6,12.5,0.00909
A5_P4_M11,Pre_P1,Pre,995198.3,995198.3,-0.0,0.00694
A5_P5_M11,Pre_P1,Pre,993662.7,993662.7,0.0,0.00917
A6_P1_M11,Pre_P1,Pre,991686.1,991686.1,-0.0,0.01204
A6_P4_M11,Pre_P1,Pre,993254.0,993254.0,-0.0,0.00977
A6_P6_M11,Pre_P1,Pre,994426.8,994416.5,10.3,0.00808
A7_P2_M11,Pre_P1,Pre,990684.6,990684.6,0.0,0.0135
A7_P6_M11,Pre_P1,Pre,992777.5,992777.5,0.0,0.01046
A8_P1_M11,Pre_P1,Pre,994844.1,994844.1,0.0,0.00746
A8_P6_M11,Pre_P1,Pre,995016.7,995015.2,1.5,0.00721
A9_P1_M11,Pre_P1,Pre,993713.7,993713.7,0.0,0.0091
A9_P4_M11,Pre_P1,Pre,992231.6,992231.6,0.0,0.01125
B10_P1_M11,Pre_P1,Pre,994601.1,994456.1,145.0,0.00802
B10_P3_M11,Pre_P1,Pre,991025.8,990943.5,82.3,0.01313
B10_P4_M11,Pre_P1,Pre,990975.5,990975.5,0.0,0.01308
B10_P6_M11,Pre_P1,Pre,993748.6,993748.6,-0.0,0.00905
B11_P6_M11,Pre_P1,Pre,994297.6,994297.6,0.0,0.00825
B12_P3_M11,Pre_P1,Pre,991986.7,991986.7,0.0,0.01161
B12_P4_M11,Pre_P1,Pre,992900.3,992887.5,12.8,0.0103
B1_P2_M11,Pre_P1,Pre,972521.2,972521.2,-0.0,0.0402
B1_P4_M11,Pre_P1,Pre,991263.9,991263.9,-0.0,0.01266
B2_P1_M11,Pre_P1,Pre,993359.7,993359.7,0.0,0.00961
B2_P5_M11,Pre_P1,Pre,994856.9,994856.9,-0.0,0.00744
B2_P6_M11,Pre_P1,Pre,994547.7,993670.1,877.6,0.00916
B3_P1_M11,Pre_P1,Pre,989151.0,989151.0,-0.0,0.01574
B3_P5_M11,Pre_P1,Pre,994395.8,994395.8,-0.0,0.00811
B4_P1_M11,Pre_P1,Pre,993247.0,993247.0,-0.0,0.00978
B4_P4_M11,Pre_P1,Pre,994740.5,994467.1,273.4,0.008
B4_P6_M11,Pre_P1,Pre,898815.5,836832.5,61983.0,0.25699
B5_P1_M11,Pre_P1,Pre,994055.3,994055.3,-0.0,0.0086
B5_P6_M11,Pre_P1,Pre,991709.2,991709.2,-0.0,0.01201
B6_P1_M11,Pre_P1,Pre,991308.1,991308.1,-0.0,0.01259
B7_P4_M11,Pre_P1,Pre,991582.9,991582.9,0.0,0.01219
B8_P6_M11,Pre_P1,Pre,989384.1,989384.1,0.0,0.0154
B9_P2_M11,Pre_P1,Pre,992990.3,992990.3,0.0,0.01015
C10_P4_M11,Pre_P1,Pre,991485.4,991485.4,0.0,0.01234
C10_P6_M11,Pre_P1,Pre,990834.7,989137.3,1697.4,0.01576
C11_P4_M11,Pre_P1,Pre,995069.7,995069.7,-0.0,0.00713
C11_P6_M11,Pre_P1,Pre,995347.1,995347.1,-0.0,0.00673
C12_P4_M11,Pre_P1,Pre,995748.9,995748.9,0.0,0.00615
C1_P3_M11,Pre_P1,Pre,992402.5,992402.5,0.0,0.011
C1_P4_M11,Pre_P1,Pre,993158.7,993137.2,21.5,0.00994
C2_P6_M11,Pre_P1,Pre,996659.0,996659.0,0.0,0.00483
C3_P1_M11,Pre_P1,Pre,994627.1,994627.1,-0.0,0.00777
C4_P1_M11,Pre_P1,Pre,992878.9,992878.9,0.0,0.01031
C4_P3_M11,Pre_P1,Pre,995029.4,995029.4,0.0,0.00719
C4_P4_M11,Pre_P1,Pre,995459.1,995459.1,0.0,0.00657
C4_P6_M11,Pre_P1,Pre,994367.7,993961.4,406.3,0.00874
C5_P3_M11,Pre_P1,Pre,992961.6,992920.4,41.2,0.01025
C5_P5_M11,Pre_P1,Pre,993889.0,993889.0,0.0,0.00884
C5_P6_M11,Pre_P1,Pre,994584.8,994584.8,-0.0,0.00783
C6_P2_M11,Pre_P1,Pre,993314.0,993310.0,4.0,0.00968
C6_P3_M11,Pre_P1,Pre,991974.9,991974.9,0.0,0.01162
C6_P4_M11,Pre_P1,Pre,992943.9,992943.9,0.0,0.01022
C7_P3_M11,Pre_P1,Pre,991592.7,991276.7,316.0,0.01264
C7_P5_M11,Pre_P1,Pre,992930.4,992930.4,-0.0,0.01024
C7_P6_M11,Pre_P1,Pre,988927.3,988927.3,0.0,0.01606
C8_P5_M11,Pre_P1,Pre,990604.2,990604.2,0.0,0.01362
C9_P1_M11,Pre_P1,Pre,993251.0,993251.0,0.0,0.00977
C9_P2_M11,Pre_P1,Pre,996316.4,996316.4,-0.0,0.00532
C9_P4_M11,Pre_P1,Pre,991796.6,991796.6,-0.0,0.01188
D10_P1_M11,Pre_P1,Pre,992628.5,992595.7,32.8,0.01072
D10_P6_M11,Pre_P1,Pre,988416.8,988416.8,-0.0,0.01681
D11_P6_M11,Pre_P1,Pre,993410.6,993410.6,-0.0,0.00954
D12_P6_M11,Pre_P1,Pre,991404.2,991404.2,-0.0,0.01245
D1_P1_M11,Pre_P1,Pre,994299.5,994299.5,0.0,0.00825
D1_P4_M11,Pre_P1,Pre,993158.9,993158.9,0.0,0.0099
D1_P6_M11,Pre_P1,Pre,990923.2,990724.0,199.2,0.01344
D2_P4_M11,Pre_P1,Pre,994174.3,994174.3,-0.0,0.00843
D2_P6_M11,Pre_P1,Pre,988492.7,988325.9,166.8,0.01694
D3_P1_M11,Pre_P1,Pre,992254.4,992254.4,0.0,0.01122
D3_P3_M11,Pre_P1,Pre,995720.1,995720.1,0.0,0.00619
D3_P6_M11,Pre_P1,Pre,991574.2,991521.0,53.2,0.01228
D4_P1_M11,Pre_P1,Pre,995582.5,995582.5,0.0,0.00639
D4_P3_M11,Pre_P1,Pre,992785.1,992785.1,-0.0,0.01045
D4_P4_M11,Pre_P1,Pre,992574.4,992574.4,0.0,0.01075
D4_P6_M11,Pre_P1,Pre,994678.5,994678.5,0.0,0.0077
D5_P4_M11,Pre_P1,Pre,990570.0,990570.0,-0.0,0.01367
D5_P5_M11,Pre_P1,Pre,995986.2,995986.2,0.0,0.0058
D5_P6_M11,Pre_P1,Pre,988899.9,987891.0,1008.9,0.01758
D6_P1_M11,Pre_P1,Pre,994417.1,994417.1,-0.0,0.00808
D6_P3_M11,Pre_P1,Pre,995602.0,995602.0,-0.0,0.00636
D6_P5_M11,Pre_P1,Pre,994820.8,994737.9,82.9,0.00761
D6_P6_M11,Pre_P1,Pre,996623.4,996623.4,0.0,0.00488
D7_P3_M11,Pre_P1,Pre,987005.7,987005.7,0.0,0.01887
D7_P5_M11,Pre_P1,Pre,996349.3,996349.3,0.0,0.00528
D8_P2_M11,Pre_P1,Pre,992093.3,992057.6,35.7,0.0115
D8_P3_M11,Pre_P1,Pre,992986.4,992693.3,293.1,0.01058
D8_P4_M11,Pre_P1,Pre,991336.8,991336.8,0.0,0.01255
D9_P3_M11,Pre_P1,Pre,994211.6,994211.6,-0.0,0.00838
D9_P4_M11,Pre_P1,Pre,994846.6,994788.8,57.8,0.00754
D9_P5_M11,Pre_P1,Pre,993046.0,993046.0,-0.0,0.01007
E10_P2_M11,Pre_P1,Pre,996003.3,996003.3,0.0,0.00578
E10_P4_M11,Pre_P1,Pre,994849.2,992939.4,1909.8,0.01022
E10_P6_M11,Pre_P1,Pre,995023.9,995023.9,-0.0,0.0072
E11_P6_M11,Pre_P1,Pre,990059.0,989030.3,1028.7,0.01591
E12_P6_M11,Pre_P1,Pre,994204.0,994204.0,0.0,0.00839
E1_P4_M11,Pre_P1,Pre,995874.7,995874.7,0.0,0.00596
E2_P5_M11,Pre_P1,Pre,992740.5,992740.5,0.0,0.01051
E4_P1_M11,Pre_P1,Pre,996180.7,996180.7,-0.0,0.00552
E4_P3_M11,Pre_P1,Pre,992650.0,992650.0,0.0,0.01064
E4_P6_M11,Pre_P1,Pre,992785.0,992785.0,0.0,0.01045
E5_P3_M11,Pre_P1,Pre,994017.3,994017.3,0.0,0.00866
E5_P5_M11,Pre_P1,Pre,993558.8,993544.0,14.8,0.00934
E6_P1_M11,Pre_P1,Pre,993487.8,993487.8,0.0,0.00943
E6_P3_M11,Pre_P1,Pre,987193.9,987153.6,40.3,0.01865
E6_P4_M11,Pre_P1,Pre,993249.8,993219.3,30.5,0.00982
E6_P5_M11,Pre_P1,Pre,986915.5,986915.5,0.0,0.019
E6_P6_M11,Pre_P1,Pre,995577.1,995457.0,120.1,0.00657
E7_P1_M11,Pre_P1,Pre,989907.8,989907.8,-0.0,0.01463
E7_P2_M11,Pre_P1,Pre,994752.7,994752.7,0.0,0.00759
E7_P3_M11,Pre_P1,Pre,995287.5,995287.5,-0.0,0.00681
E7_P5_M11,Pre_P1,Pre,992678.3,992678.3,0.0,0.0106
E7_P6_M11,Pre_P1,Pre,995538.2,995291.9,246.3,0.00681
E8_P2_M11,Pre_P1,Pre,990932.3,990932.3,-0.0,0.01314
E8_P5_M11,Pre_P1,Pre,986512.4,986501.3,11.1,0.01961
E9_P1_M11,Pre_P1,Pre,992474.3,992474.3,-0.0,0.0109
E9_P5_M11,Pre_P1,Pre,994343.5,994343.5,0.0,0.00818
F10_P1_M11,Pre_P1,Pre,987220.9,987220.9,0.0,0.01856
F10_P2_M11,Pre_P1,Pre,995553.2,995553.2,0.0,0.00643
F10_P3_M11,Pre_P1,Pre,993869.7,993869.7,-0.0,0.00887
F10_P4_M11,Pre_P1,Pre,988510.5,988510.5,0.0,0.01667
F10_P5_M11,Pre_P1,Pre,991576.8,991576.8,-0.0,0.0122
F10_P6_M11,Pre_P1,Pre,990056.7,990056.7,-0.0,0.01442
F11_P3_M11,Pre_P1,Pre,989642.4,988674.6,967.8,0.01643
F11_P6_M11,Pre_P1,Pre,994570.5,994570.5,0.0,0.00785
F12_P6_M11,Pre_P1,Pre,992005.6,991972.3,33.3,0.01163
F2_P1_M11,Pre_P1,Pre,991873.8,991873.8,-0.0,0.01177
F3_P1_M11,Pre_P1,Pre,996815.7,995607.4,1208.3,0.00635
F3_P4_M11,Pre_P1,Pre,993502.6,993126.2,376.4,0.00995
F3_P5_M11,Pre_P1,Pre,993228.4,993228.4,0.0,0.0098
F4_P1_M11,Pre_P1,Pre,993689.8,993689.8,0.0,0.00913
F4_P3_M11,Pre_P1,Pre,995475.0,995475.0,-0.0,0.00654
F4_P5_M11,Pre_P1,Pre,995533.6,995533.6,-0.0,0.00646
F4_P6_M11,Pre_P1,Pre,994529.1,994078.1,451.0,0.00857
F5_P1_M11,Pre_P1,Pre,992700.8,992700.8,-0.0,0.01057
F5_P5_M11,Pre_P1,Pre,995451.5,995451.5,-0.0,0.00658
F6_P1_M11,Pre_P1,Pre,991185.3,991185.3,-0.0,0.01277
F6_P2_M11,Pre_P1,Pre,992563.6,992563.6,0.0,0.01077
F6_P4_M11,Pre_P1,Pre,993972.0,993966.8,5.2,0.00873
F6_P5_M11,Pre_P1,Pre,992686.7,990226.1,2460.6,0.01417
F7_P1_M11,Pre_P1,Pre,993317.2,993301.2,16.0,0.0097
F7_P2_M11,Pre_P1,Pre,987175.1,987175.1,0.0,0.01862
F7_P3_M11,Pre_P1,Pre,992988.9,991182.1,1806.8,0.01278
F8_P1_M11,Pre_P1,Pre,994205.3,994205.3,-0.0,0.00838
F8_P2_M11,Pre_P1,Pre,994389.1,994389.1,0.0,0.00812
F8_P3_M11,Pre_P1,Pre,990852.2,990852.2,-0.0,0.01326
F8_P4_M11,Pre_P1,Pre,994078.5,994078.5,-0.0,0.00857
F8_P5_M11,Pre_P1,Pre,993828.4,993818.7,9.7,0.00895
F9_P1_M11,Pre_P1,Pre,997371.3,997371.3,0.0,0.0038
F9_P4_M11,Pre_P1,Pre,995451.0,995451.0,0.0,0.00658
F9_P6_M11,Pre_P1,Pre,989956.3,978372.1,11584.2,0.03154
G10_P3_M11,Pre_P1,Pre,992958.7,992958.7,0.0,0.01019
G10_P5_M11,Pre_P1,Pre,993167.4,993167.4,-0.0,0.00989
G10_P6_M11,Pre_P1,Pre,993852.9,993852.9,0.0,0.0089
G11_P3_M11,Pre_P1,Pre,993155.8,993155.8,0.0,0.00991
G11_P6_M11,Pre_P1,Pre,993316.0,993316.0,0.0,0.00968
G12_P3_M11,Pre_P1,Pre,994607.4,994607.4,0.0,0.0078
G12_P4_M11,Pre_P1,Pre,994132.8,994132.8,-0.0,0.00849
G12_P5_M11,Pre_P1,Pre,993019.3,993019.3,-0.0,0.01011
G12_P6_M11,Pre_P1,Pre,989852.3,988871.0,981.3,0.01615
G1_P1_M11,Pre_P1,Pre,992461.6,992445.3,16.3,0.01094
G1_P2_M11,Pre_P1,Pre,994784.2,994784.2,0.0,0.00754
G1_P3_M11,Pre_P1,Pre,988251.1,988251.1,0.0,0.01705
G1_P4_M11,Pre_P1,Pre,994023.3,994012.8,10.5,0.00866
G2_P1_M11,Pre_P1,Pre,996024.9,996024.9,0.0,0.00575
G2_P3_M11,Pre_P1,Pre,995794.2,995794.2,-0.0,0.00608
G2_P5_M11,Pre_P1,Pre,991915.4,990320.7,1594.7,0.01403
G2_P6_M11,Pre_P1,Pre,991849.8,991849.8,-0.0,0.01181
G3_P3_M11,Pre_P1,Pre,991772.4,991772.4,0.0,0.01192
G3_P4_M11,Pre_P1,Pre,993664.4,993664.4,0.0,0.00917
G3_P6_M11,Pre_P1,Pre,995835.0,995835.0,-0.0,0.00602
G4_P3_M11,Pre_P1,Pre,994396.8,994396.8,-0.0,0.00811
G4_P4_M11,Pre_P1,Pre,997154.7,997154.7,-0.0,0.00411
G4_P6_M11,Pre_P1,Pre,991715.2,991715.2,0.0,0.012
G5_P4_M11,Pre_P1,Pre,989630.9,989630.9,-0.0,0.01504
G5_P6_M11,Pre_P1,Pre,995891.7,995166.8,724.9,0.00699
G6_P1_M11,Pre_P1,Pre,997309.8,996909.1,400.7,0.00447
G6_P2_M11,Pre_P1,Pre,993389.1,993389.1,-0.0,0.00957
G6_P3_M11,Pre_P1,Pre,992731.8,992731.8,0.0,0.01052
G6_P4_M11,Pre_P1,Pre,989812.9,989812.9,0.0,0.01477
G6_P6_M11,Pre_P1,Pre,994433.8,994433.8,-0.0,0.00805
G7_P2_M11,Pre_P1,Pre,993424.1,993424.1,-0.0,0.00952
G7_P4_M11,Pre_P1,Pre,991237.3,991227.8,9.5,0.01271
G7_P6_M11,Pre_P1,Pre,994429.3,994429.3,0.0,0.00806
G8_P2_M11,Pre_P1,Pre,994764.8,994764.8,-0.0,0.00757
G8_P3_M11,Pre_P1,Pre,997026.0,997026.0,0.0,0.0043
G8_P6_M11,Pre_P1,Pre,990766.9,990766.9,0.0,0.01338
G9_P1_M11,Pre_P1,Pre,992064.1,992056.9,7.2,0.01151
G9_P3_M11,Pre_P1,Pre,990535.4,990535.4,0.0,0.01372
G9_P6_M11,Pre_P1,Pre,993818.0,993818.0,-0.0,0.00895
H12_P3_M11,Pre_P1,Pre,996036.2,995704.1,332.1,0.00621
H1_P1_M11,Pre_P1,Pre,996989.9,996989.9,0.0,0.00435
H1_P4_M11,Pre_P1,Pre,996358.5,995910.7,447.8,0.00591
H2_P4_M11,Pre_P1,Pre,987917.8,987917.8,-0.0,0.01754
H3_P1_M11,Pre_P1,Pre,992031.0,987992.4,4038.6,0.01743
H3_P2_M11,Pre_P1,Pre,995460.0,995460.0,0.0,0.00656
H3_P4_M11,Pre_P1,Pre,994620.7,994620.7,0.0,0.00778
H3_P5_M11,Pre_P1,Pre,993350.4,993350.4,0.0,0.00963
H3_P6_M11,Pre_P1,Pre,987585.2,987585.2,0.0,0.01802
H4_P2_M11,Pre_P1,Pre,993936.4,993936.4,0.0,0.00877
H4_P5_M11,Pre_P1,Pre,994363.5,994363.5,-0.0,0.00815
H4_P6_M11,Pre_P1,Pre,993085.7,993085.7,0.0,0.01001
H6_P3_M11,Pre_P1,Pre,994507.6,994507.6,-0.0,0.00795
H6_P4_M11,Pre_P1,Pre,995160.2,992509.0,2651.2,0.01085
H7_P3_M11,Pre_P1,Pre,990368.1,990368.1,-0.0,0.01396
H7_P4_M11,Pre_P1,Pre,994814.4,994814.4,0.0,0.0075
H8_P1_M11,Pre_P1,Pre,993490.9,993490.9,0.0,0.00942
H8_P5_M11,Pre_P1,Pre,990580.0,990580.0,0.0,0.01365
H9_P1_M11,Pre_P1,Pre,986169.9,986169.9,0.0,0.02009
H9_P3_M11,Pre_P1,Pre,993135.4,993067.3,68.1,0.01004
H9_P4_M11,Pre_P1,Pre,997003.5,997003.5,0.0,0.00433
H9_P5_M11,Pre_P1,Pre,993539.8,993539.8,0.0,0.00935
H9_P6_M11,Pre_P1,Pre,993621.1,993612.5,8.6,0.00924
A10_P1_M15,Post_P1,Post,988223.3,988223.3,0.0,0.01709
A10_P4_M15,Post_P1,Post,993195.9,993195.9,-0.0,0.00985
A10_P5_M15,Post_P1,Post,995290.3,995233.2,57.1,0.00689
A10_P6_M15,Post_P1,Post,997248.9,996825.5,423.4,0.00459
A11_P1_M15,Post_P1,Post,996022.0,996022.0,-0.0,0.00575
A11_P2_M15,Post_P1,Post,995562.9,995540.9,22.0,0.00645
A11_P5_M15,Post_P1,Post,996204.7,996169.9,34.8,0.00554
A11_P6_M15,Post_P1,Post,988965.0,988965.0,-0.0,0.01601
A12_P1_M15,Post_P1,Post,996322.3,996239.7,82.6,0.00544
A12_P2_M15,Post_P1,Post,994813.5,994765.0,48.5,0.00757
A12_P5_M15,Post_P1,Post,994404.4,994404.4,0.0,0.0081
A2_P1_M15,Post_P1,Post,995780.1,995780.1,0.0,0.0061
A2_P2_M15,Post_P1,Post,994844.7,994844.7,-0.0,0.00746
A2_P3_M15,Post_P1,Post,997544.0,997452.7,91.3,0.00368
A2_P6_M15,Post_P1,Post,992328.4,992328.4,0.0,0.01111
A3_P2_M15,Post_P1,Post,983529.7,982940.4,589.3,0.02482
A3_P6_M15,Post_P1,Post,989237.7,989237.7,-0.0,0.01561
A4_P1_M15,Post_P1,Post,995619.0,995614.5,4.5,0.00634
A4_P3_M15,Post_P1,Post,995062.0,995062.0,-0.0,0.00714
A4_P4_M15,Post_P1,Post,995718.4,995693.2,25.2,0.00623
A4_P5_M15,Post_P1,Post,993272.5,993272.5,0.0,0.00974
A4_P6_M15,Post_P1,Post,999303.9,999303.9,0.0,0.001
A5_P5_M15,Post_P1,Post,993804.0,993804.0,0.0,0.00897
A5_P6_M15,Post_P1,Post,994720.1,994720.1,0.0,0.00764
A6_P1_M15,Post_P1,Post,994508.6,994508.6,-0.0,0.00794
A6_P2_M15,Post_P1,Post,994128.5,994128.5,-0.0,0.0085
A7_P1_M15,Post_P1,Post,989208.9,989208.9,0.0,0.01565
A7_P2_M15,Post_P1,Post,997548.8,997548.8,0.0,0.00354
A8_P2_M15,Post_P1,Post,996627.0,996627.0,0.0,0.00487
A9_P1_M15,Post_P1,Post,990626.0,989435.3,1190.7,0.01532
B10_P2_M15,Post_P1,Post,995896.1,995879.7,16.4,0.00596
B10_P4_M15,Post_P1,Post,995497.1,994069.9,1427.2,0.00858
B10_P5_M15,Post_P1,Post,994248.8,994248.8,0.0,0.00832
B11_P1_M15,Post_P1,Post,996829.0,996805.5,23.5,0.00462
B11_P2_M15,Post_P1,Post,993494.4,993494.4,-0.0,0.00942
B11_P6_M15,Post_P1,Post,994516.7,994516.7,0.0,0.00793
B12_P1_M15,Post_P1,Post,995879.4,995801.7,77.7,0.00607
B12_P2_M15,Post_P1,Post,992651.6,992651.6,-0.0,0.01064
B12_P5_M15,Post_P1,Post,996362.1,996362.1,-0.0,0.00526
B1_P2_M15,Post_P1,Post,995131.4,995131.4,-0.0,0.00704
B1_P4_M15,Post_P1,Post,994728.9,994728.9,0.0,0.00762
B2_P1_M15,Post_P1,Post,984380.2,984380.2,-0.0,0.02271
B2_P2_M15,Post_P1,Post,995728.0,995728.0,0.0,0.00618
B2_P6_M15,Post_P1,Post,991998.2,990946.4,1051.8,0.01312
B3_P1_M15,Post_P1,Post,994193.1,994193.1,0.0,0.0084
B3_P3_M15,Post_P1,Post,993826.3,993826.3,-0.0,0.00893
B3_P5_M15,Post_P1,Post,992673.3,992673.3,0.0,0.01061
B3_P6_M15,Post_P1,Post,992697.2,992687.7,9.5,0.01059
B4_P2_M15,Post_P1,Post,994231.7,994231.7,0.0,0.00835
B4_P3_M15,Post_P1,Post,995202.8,995202.8,0.0,0.00694
B5_P1_M15,Post_P1,Post,995711.5,995711.5,-0.0,0.0062
B5_P5_M15,Post_P1,Post,995257.9,995257.9,0.0,0.00686
B6_P1_M15,Post_P1,Post,993349.9,993349.9,0.0,0.00963
B6_P6_M15,Post_P1,Post,994295.1,993503.7,791.4,0.0094
B7_P1_M15,Post_P1,Post,991213.5,991213.5,0.0,0.01273
B7_P6_M15,Post_P1,Post,994548.2,994548.2,0.0,0.00789
B8_P2_M15,Post_P1,Post,992020.8,991789.5,231.3,0.01189
B9_P2_M15,Post_P1,Post,996948.7,996948.7,0.0,0.00441
B9_P6_M15,Post_P1,Post,990755.1,990755.1,0.0,0.0134
C10_P2_M15,Post_P1,Post,995294.5,995294.5,-0.0,0.0068
C10_P4_M15,Post_P1,Post,993383.2,993273.5,109.7,0.00974
C11_P1_M15,Post_P1,Post,991309.1,991309.1,0.0,0.01259
C11_P5_M15,Post_P1,Post,992051.3,992051.3,-0.0,0.01151
C11_P6_M15,Post_P1,Post,994861.0,993831.2,1029.8,0.00893
C12_P1_M15,Post_P1,Post,994412.9,994412.9,0.0,0.00808
C12_P2_M15,Post_P1,Post,994548.0,994474.9,73.1,0.00799
C12_P5_M15,Post_P1,Post,990887.6,990887.6,0.0,0.01321
C12_P6_M15,Post_P1,Post,991443.9,991443.9,0.0,0.0124
C1_P1_M15,Post_P1,Post,994226.2,994178.7,47.5,0.00842
C1_P2_M15,Post_P1,Post,996537.3,996537.3,0.0,0.005
C1_P6_M15,Post_P1,Post,996430.6,995992.0,438.6,0.00579
C2_P1_M15,Post_P1,Post,992257.5,992257.5,-0.0,0.01121
C2_P2_M15,Post_P1,Post,993751.4,993751.4,0.0,0.00904
C2_P3_M15,Post_P1,Post,994284.1,994284.1,-0.0,0.00827
C2_P6_M15,Post_P1,Post,986056.2,985282.4,773.8,0.02139
C3_P6_M15,Post_P1,Post,995088.9,995088.9,-0.0,0.0071
C4_P1_M15,Post_P1,Post,996314.9,996086.5,228.4,0.00566
C4_P2_M15,Post_P1,Post,997523.5,997523.5,0.0,0.00358
C4_P3_M15,Post_P1,Post,985130.1,984835.0,295.1,0.02205
C4_P6_M15,Post_P1,Post,991326.5,991326.5,0.0,0.01257
C5_P1_M15,Post_P1,Post,993996.7,993980.5,16.2,0.00871
C5_P2_M15,Post_P1,Post,996237.1,996237.1,-0.0,0.00544
C5_P5_M15,Post_P1,Post,994000.5,994000.5,0.0,0.00868
C5_P6_M15,Post_P1,Post,995712.3,995712.3,-0.0,0.0062
C6_P1_M15,Post_P1,Post,997476.7,997476.7,-0.0,0.00364
C6_P2_M15,Post_P1,Post,996234.2,996234.2,0.0,0.00544
C6_P5_M15,Post_P1,Post,992911.8,992911.8,0.0,0.01026
C6_P6_M15,Post_P1,Post,990129.7,990129.7,-0.0,0.01431
C7_P1_M15,Post_P1,Post,993836.4,993836.4,0.0,0.00892
C8_P1_M15,Post_P1,Post,990064.4,990064.4,0.0,0.01441
C8_P2_M15,Post_P1,Post,994333.7,994333.7,0.0,0.0082
C8_P6_M15,Post_P1,Post,995683.7,995683.7,-0.0,0.00624
C9_P1_M15,Post_P1,Post,988825.1,988726.4,98.7,0.01636
C9_P5_M15,Post_P1,Post,992614.9,992614.9,0.0,0.01069
D10_P1_M15,Post_P1,Post,994675.1,994675.1,0.0,0.0077
D10_P4_M15,Post_P1,Post,996095.0,996095.0,0.0,0.00564
D10_P5_M15,Post_P1,Post,995995.4,995040.9,954.5,0.00717
D10_P6_M15,Post_P1,Post,994921.9,994806.7,115.2,0.00751
D11_P1_M15,Post_P1,Post,997595.0,997538.3,56.7,0.00356
D11_P2_M15,Post_P1,Post,995502.7,995502.7,0.0,0.0065
D11_P3_M15,Post_P1,Post,996077.4,994499.8,1577.6,0.00796
D11_P5_M15,Post_P1,Post,992081.2,992081.2,-0.0,0.01147
D11_P6_M15,Post_P1,Post,995796.8,995796.8,-0.0,0.00608
D12_P1_M15,Post_P1,Post,993048.4,992924.8,123.6,0.01024
D12_P2_M15,Post_P1,Post,993648.1,993322.8,325.3,0.00967
D12_P5_M15,Post_P1,Post,994215.5,994163.0,52.5,0.00845
D1_P2_M15,Post_P1,Post,987780.9,987780.9,0.0,0.01774
D1_P4_M15,Post_P1,Post,995751.1,995751.1,0.0,0.00614
D1_P6_M15,Post_P1,Post,993913.4,993913.4,0.0,0.00881
D2_P2_M15,Post_P1,Post,991760.7,991760.7,0.0,0.01194
D2_P3_M15,Post_P1,Post,992486.9,992045.1,441.8,0.01152
D2_P5_M15,Post_P1,Post,994674.3,994674.3,-0.0,0.0077
D3_P1_M15,Post_P1,Post,999797.1,998233.1,1564.0,0.00255
D3_P2_M15,Post_P1,Post,994970.6,994807.3,163.3,0.00751
D3_P5_M15,Post_P1,Post,996218.9,996218.9,-0.0,0.00547
D3_P6_M15,Post_P1,Post,992825.5,989743.8,3081.7,0.01487
D4_P2_M15,Post_P1,Post,993820.5,993820.5,-0.0,0.00894
D4_P3_M15,Post_P1,Post,994044.8,993749.7,295.1,0.00905
D4_P5_M15,Post_P1,Post,995159.0,995159.0,-0.0,0.007
D4_P6_M15,Post_P1,Post,996993.1,996993.1,-0.0,0.00434
D5_P1_M15,Post_P1,Post,987223.7,987223.7,0.0,0.01855
D5_P3_M15,Post_P1,Post,994013.7,994013.7,-0.0,0.00866
D5_P6_M15,Post_P1,Post,991435.3,991435.3,0.0,0.01241
D6_P1_M15,Post_P1,Post,997371.6,997371.6,0.0,0.0038
D6_P2_M15,Post_P1,Post,993989.6,993989.6,-0.0,0.0087
D6_P5_M15,Post_P1,Post,998200.4,998200.4,-0.0,0.0026
D6_P6_M15,Post_P1,Post,994365.1,994365.1,0.0,0.00815
D7_P1_M15,Post_P1,Post,993887.3,993887.3,-0.0,0.00885
D7_P2_M15,Post_P1,Post,994164.1,994164.1,-0.0,0.00844
D7_P4_M15,Post_P1,Post,994475.0,994425.1,49.9,0.00807
D7_P5_M15,Post_P1,Post,996393.7,994297.9,2095.8,0.00825
D8_P1_M15,Post_P1,Post,991051.7,991037.5,14.2,0.01299
D8_P5_M15,Post_P1,Post,995153.5,995153.5,0.0,0.00701
D8_P6_M15,Post_P1,Post,995471.8,995471.8,0.0,0.00655
D9_P1_M15,Post_P1,Post,993827.8,993801.3,26.5,0.00897
D9_P2_M15,Post_P1,Post,995973.9,995973.9,0.0,0.00582
E10_P1_M15,Post_P1,Post,994585.2,994585.2,0.0,0.00783
E10_P2_M15,Post_P1,Post,991266.7,991266.7,0.0,0.01265
E10_P6_M15,Post_P1,Post,993530.5,993505.2,25.3,0.0094
E11_P1_M15,Post_P1,Post,995279.7,995279.7,-0.0,0.00683
E11_P2_M15,Post_P1,Post,991769.5,991762.2,7.3,0.01193
E11_P3_M15,Post_P1,Post,994158.3,994126.1,32.2,0.0085
E11_P5_M15,Post_P1,Post,996861.9,996861.9,0.0,0.00453
E11_P6_M15,Post_P1,Post,994058.8,994058.8,0.0,0.0086
E12_P1_M15,Post_P1,Post,994541.1,994541.1,-0.0,0.0079
E12_P2_M15,Post_P1,Post,994614.4,993930.4,684.0,0.00878
E12_P4_M15,Post_P1,Post,988642.2,988642.2,-0.0,0.01648
E12_P5_M15,Post_P1,Post,994256.1,994241.3,14.8,0.00833
E12_P6_M14,Post_P1,Post,991198.6,991198.6,-0.0,0.01275
E1_P1_M15,Post_P1,Post,994167.2,994167.2,0.0,0.00844
E1_P2_M15,Post_P1,Post,991311.1,991311.1,0.0,0.01259
E1_P5_M15,Post_P1,Post,995458.9,995458.9,-0.0,0.00657
E2_P1_M15,Post_P1,Post,994136.0,994136.0,-0.0,0.00848
E2_P6_M15,Post_P1,Post,994685.2,994685.2,-0.0,0.00769
E3_P1_M15,Post_P1,Post,990231.4,990231.4,0.0,0.01416
E3_P6_M15,Post_P1,Post,993725.5,993688.0,37.5,0.00914
E4_P1_M15,Post_P1,Post,996604.5,996604.5,-0.0,0.00491
E4_P2_M15,Post_P1,Post,996321.6,995942.5,379.1,0.00587
E4_P5_M15,Post_P1,Post,996199.5,996199.5,-0.0,0.00549
E5_P2_M15,Post_P1,Post,993692.0,993460.7,231.3,0.00947
E5_P6_M15,Post_P1,Post,995116.2,994718.3,397.9,0.00764
E6_P5_M15,Post_P1,Post,997056.0,996947.5,108.5,0.00441
E7_P1_M15,Post_P1,Post,993640.4,993640.4,0.0,0.0092
E8_P6_M15,Post_P1,Post,985967.2,985967.2,0.0,0.02039
E9_P1_M15,Post_P1,Post,994632.9,994632.9,0.0,0.00776
E9_P6_M15,Post_P1,Post,994875.3,994875.3,-0.0,0.00741
F10_P1_M15,Post_P1,Post,991810.4,991810.4,0.0,0.01186
F10_P5_M15,Post_P1,Post,993047.1,993047.1,-0.0,0.01007
F10_P6_M15,Post_P1,Post,994636.1,994636.1,0.0,0.00776
F11_P2_M15,Post_P1,Post,986883.7,986883.7,-0.0,0.01905
F11_P5_M15,Post_P1,Post,995450.7,995450.7,-0.0,0.00658
F12_P1_M15,Post_P1,Post,994813.8,994813.8,0.0,0.0075
F12_P2_M15,Post_P1,Post,994369.7,994369.7,-0.0,0.00815
F12_P6_M14,Post_P1,Post,993717.0,993717.0,0.0,0.00909
F1_P1_M15,Post_P1,Post,993212.5,992474.2,738.3,0.0109
F1_P2_M15,Post_P1,Post,996691.6,996691.6,0.0,0.00478
F1_P4_M15,Post_P1,Post,998964.6,998377.4,587.2,0.00234
F1_P6_M15,Post_P1,Post,991020.6,991020.6,0.0,0.01301
F2_P1_M15,Post_P1,Post,991353.5,991353.5,0.0,0.01253
F2_P5_M15,Post_P1,Post,992323.1,992323.1,-0.0,0.01112
F2_P6_M15,Post_P1,Post,992737.4,992440.1,297.3,0.01095
F3_P1_M15,Post_P1,Post,992656.4,990477.6,2178.8,0.0138
F3_P4_M15,Post_P1,Post,993146.1,993146.1,-0.0,0.00992
F3_P5_M15,Post_P1,Post,998549.8,998549.8,0.0,0.00209
F3_P6_M15,Post_P1,Post,993833.9,993833.9,0.0,0.00892
F4_P5_M15,Post_P1,Post,996766.4,996766.4,-0.0,0.00467
F5_P5_M15,Post_P1,Post,992826.4,992826.4,0.0,0.01039
F6_P2_M15,Post_P1,Post,995544.2,995544.2,-0.0,0.00644
F6_P3_M15,Post_P1,Post,995017.5,995017.5,0.0,0.00721
F6_P5_M15,Post_P1,Post,995130.9,995130.9,0.0,0.00704
F6_P6_M15,Post_P1,Post,994392.9,993919.5,473.4,0.0088
F7_P6_M15,Post_P1,Post,993518.9,993518.9,-0.0,0.00938
F8_P5_M15,Post_P1,Post,996034.6,996034.6,-0.0,0.00573
F8_P6_M15,Post_P1,Post,992312.9,992312.9,0.0,0.01113
F9_P6_M15,Post_P1,Post,991776.8,991776.8,0.0,0.01191
G10_P1_M15,Post_P1,Post,996282.6,996282.6,0.0,0.00537
G10_P6_M15,Post_P1,Post,993743.9,993743.9,0.0,0.00905
G11_P1_M15,Post_P1,Post,994079.9,994079.9,-0.0,0.00857
G11_P5_M15,Post_P1,Post,998843.6,998843.6,-0.0,0.00167
G11_P6_M15,Post_P1,Post,996314.1,996314.1,0.0,0.00533
G12_P1_M15,Post_P1,Post,994409.8,994375.0,34.8,0.00814
G12_P2_M15,Post_P1,Post,993225.9,993225.9,-0.0,0.00981
G12_P6_M14,Post_P1,Post,996301.0,996301.0,-0.0,0.00535
G1_P1_M15,Post_P1,Post,994356.7,994356.7,-0.0,0.00816
G1_P2_M15,Post_P1,Post,989719.5,989719.5,-0.0,0.01491
G1_P4_M15,Post_P1,Post,980460.3,974338.4,6121.9,0.03751
G1_P5_M15,Post_P1,Post,995040.8,995040.8,-0.0,0.00717
G1_P6_M15,Post_P1,Post,992389.9,992389.9,-0.0,0.01102
G2_P1_M15,Post_P1,Post,994052.6,994052.6,-0.0,0.00861
G2_P2_M15,Post_P1,Post,994904.8,994904.8,0.0,0.00737
G3_P1_M15,Post_P1,Post,992124.5,992124.5,0.0,0.01141
G3_P3_M15,Post_P1,Post,993646.6,993621.6,25.0,0.00923
G3_P4_M15,Post_P1,Post,992330.2,992258.2,72.0,0.01121
G3_P5_M15,Post_P1,Post,994943.4,994943.4,-0.0,0.00731
G3_P6_M15,Post_P1,Post,1000010.8,999584.3,426.5,0.0006
G4_P1_M15,Post_P1,Post,994295.7,994295.7,0.0,0.00825
G4_P5_M15,Post_P1,Post,992325.1,992325.1,-0.0,0.01112
G5_P1_M15,Post_P1,Post,995306.8,995304.2,2.6,0.00679
G5_P6_M15,Post_P1,Post,984982.7,984977.9,4.8,0.02184
G6_P2_M15,Post_P1,Post,990742.9,990656.9,86.0,0.01354
G6_P5_M15,Post_P1,Post,995623.0,995623.0,0.0,0.00633
G6_P6_M15,Post_P1,Post,995395.8,995395.8,0.0,0.00666
G7_P5_M15,Post_P1,Post,994652.9,994652.9,-0.0,0.00773
G7_P6_M15,Post_P1,Post,992855.9,992855.9,0.0,0.01034
G8_P1_M15,Post_P1,Post,994862.8,994862.8,-0.0,0.00743
G8_P2_M15,Post_P1,Post,990880.3,990880.3,0.0,0.01322
G8_P5_M15,Post_P1,Post,991759.3,991759.3,-0.0,0.01194
G8_P6_M15,Post_P1,Post,993662.3,993662.3,0.0,0.00917
G9_P5_M15,Post_P1,Post,996802.6,995667.4,1135.2,0.00626
G9_P6_M15,Post_P1,Post,995991.6,995991.6,0.0,0.00579
H10_P1_M15,Post_P1,Post,988977.5,988977.5,0.0,0.01599
H10_P2_M15,Post_P1,Post,988073.0,988011.3,61.7,0.0174
H10_P4_M15,Post_P1,Post,994061.3,994061.3,-0.0,0.00859
H10_P5_M15,Post_P1,Post,999283.7,999283.7,-0.0,0.00103
H10_P6_M15,Post_P1,Post,979637.2,979637.2,-0.0,0.02968
H11_P1_M15,Post_P1,Post,995104.4,993322.6,1781.8,0.00967
H11_P2_M15,Post_P1,Post,993561.8,993561.8,0.0,0.00932
H11_P3_M15,Post_P1,Post,991083.8,990642.2,441.6,0.01356
H11_P6_M15,Post_P1,Post,986417.0,986417.0,0.0,0.01973
H12_P1_M15,Post_P1,Post,990069.5,990069.5,0.0,0.0144
H12_P2_M15,Post_P1,Post,988940.2,988940.2,0.0,0.01604
H12_P5_M15,Post_P1,Post,993765.5,993604.0,161.5,0.00926
H12_P6_M14,Post_P1,Post,990979.8,990979.8,-0.0,0.01307
H1_P1_M15,Post_P1,Post,988906.7,988906.7,0.0,0.01609
H1_P2_M15,Post_P1,Post,983017.3,977613.6,5403.7,0.03266
H1_P4_M15,Post_P1,Post,996008.4,996008.4,0.0,0.00577
H1_P6_M15,Post_P1,Post,988484.2,988484.2,-0.0,0.01671
H2_P1_M15,Post_P1,Post,988508.8,988508.8,-0.0,0.01667
H2_P2_M15,Post_P1,Post,994989.3,994756.3,233.0,0.00758
H2_P3_M15,Post_P1,Post,995754.3,995696.9,57.4,0.00622
H2_P6_M15,Post_P1,Post,991466.0,991466.0,-0.0,0.01236
H3_P6_M15,Post_P1,Post,995896.7,995896.7,0.0,0.00593
H4_P2_M15,Post_P1,Post,996661.2,996661.2,0.0,0.00482
H4_P6_M15,Post_P1,Post,996537.4,996537.4,-0.0,0.005
H5_P1_M15,Post_P1,Post,990983.7,990775.4,208.3,0.01337
H5_P5_M15,Post_P1,Post,995059.3,995059.3,-0.0,0.00715
H5_P6_M15,Post_P1,Post,992988.0,992424.9,563.1,0.01097
H6_P1_M15,Post_P1,Post,997291.1,997291.1,0.0,0.00391
H6_P3_M15,Post_P1,Post,993637.9,993622.0,15.9,0.00923
H6_P6_M15,Post_P1,Post,996722.2,996722.2,-0.0,0.00474
H7_P1_M15,Post_P1,Post,989739.6,989739.6,0.0,0.01488
H7_P2_M15,Post_P1,Post,994677.8,994677.8,0.0,0.0077
H7_P5_M15,Post_P1,Post,996420.3,994734.6,1685.7,0.00762
H7_P6_M15,Post_P1,Post,994767.6,994767.6,-0.0,0.00757
H8_P1_M15,Post_P1,Post,993092.7,993092.7,0.0,0.01
H8_P5_M15,Post_P1,Post,994120.2,994120.2,-0.0,0.00851
H9_P1_M15,Post_P1,Post,993829.8,993412.0,417.8,0.00954
H9_P5_M15,Post_P1,Post,997151.7,997145.8,5.9,0.00412
H9_P6_M15,Post_P1,Post,992109.6,992102.9,6.7,0.01144
A10_P1_M55_L001,Post_P1_2,Post,995815.1,995815.1,0.0,0.00605
A10_P2_M55_L001,Post_P1_2,Post,992939.0,992939.0,-0.0,0.01022
A10_P3_M55_L001,Post_P1_2,Post,994622.0,994622.0,-0.0,0.00778
A10_P4_M55_L001,Post_P1_2,Post,993154.4,993154.4,-0.0,0.00991
A11_P1_M55_L001,Post_P1_2,Post,995265.4,995265.4,0.0,0.00685
A11_P2_M55_L001,Post_P1_2,Post,994995.9,994995.9,0.0,0.00724
A11_P3_M55_L001,Post_P1_2,Post,995789.3,995789.3,0.0,0.00609
A11_P4_M55_L001,Post_P1_2,Post,992815.3,992810.9,4.4,0.01041
A12_P1_M55_L001,Post_P1_2,Post,995892.3,995892.3,-0.0,0.00594
A12_P3_M55_L001,Post_P1_2,Post,995745.4,995726.8,18.6,0.00618
A12_P4_M55_L001,Post_P1_2,Post,995527.4,995015.0,512.4,0.00721
A2_P1_M55_L001,Post_P1_2,Post,995524.9,995524.9,0.0,0.00647
A2_P2_M55_L001,Post_P1_2,Post,995274.4,995274.4,0.0,0.00683
A2_P3_M55_L001,Post_P1_2,Post,993978.7,993978.7,0.0,0.00871
A2_P4_M55_L001,Post_P1_2,Post,990280.6,990280.6,0.0,0.01409
A3_P1_M55_L001,Post_P1_2,Post,995918.4,995868.8,49.6,0.00597
A3_P3_M55_L001,Post_P1_2,Post,994926.5,994926.5,0.0,0.00734
A3_P4_M55_L001,Post_P1_2,Post,994863.5,994863.5,0.0,0.00743
A4_P1_M55_L001,Post_P1_2,Post,996361.3,996361.3,0.0,0.00526
A4_P2_M55_L001,Post_P1_2,Post,996123.9,996123.9,-0.0,0.0056
A4_P3_M55_L001,Post_P1_2,Post,993985.3,993985.3,0.0,0.0087
A4_P4_M55_L001,Post_P1_2,Post,992597.7,992597.7,-0.0,0.01072
A5_P1_M55_L001,Post_P1_2,Post,991141.1,990820.3,320.8,0.0133
A5_P2_M55_L001,Post_P1_2,Post,993707.0,993707.0,-0.0,0.00911
A5_P3_M55_L001,Post_P1_2,Post,993466.2,993466.2,0.0,0.00946
A5_P4_M55_L001,Post_P1_2,Post,993883.2,993883.2,-0.0,0.00885
A6_P1_M55_L001,Post_P1_2,Post,989063.7,989063.7,-0.0,0.01586
A6_P2_M55_L001,Post_P1_2,Post,994965.6,994965.6,-0.0,0.00728
A6_P3_M55_L001,Post_P1_2,Post,992798.9,992798.9,0.0,0.01043
A6_P4_M55_L001,Post_P1_2,Post,992388.6,992388.6,0.0,0.01102
A7_P1_M55_L001,Post_P1_2,Post,992993.6,992993.6,-0.0,0.01014
A7_P2_M55_L001,Post_P1_2,Post,995134.6,995134.6,-0.0,0.00704
A7_P3_M55_L001,Post_P1_2,Post,995201.3,995201.3,-0.0,0.00694
A7_P4_M55_L001,Post_P1_2,Post,996161.0,996161.0,0.0,0.00555
A8_P1_M55_L001,Post_P1_2,Post,994775.8,994775.8,0.0,0.00756
A8_P2_M55_L001,Post_P1_2,Post,993402.9,993402.9,0.0,0.00955
A8_P3_M55_L001,Post_P1_2,Post,995627.1,995627.1,0.0,0.00632
A8_P4_M55_L001,Post_P1_2,Post,994686.1,994686.1,-0.0,0.00769
A9_P1_M55_L001,Post_P1_2,Post,996548.4,996548.4,0.0,0.00499
A9_P2_M55_L001,Post_P1_2,Post,993424.7,993424.7,-0.0,0.00952
A9_P3_M55_L001,Post_P1_2,Post,997185.8,997185.8,0.0,0.00407
A9_P4_M55_L001,Post_P1_2,Post,995111.5,995095.7,15.8,0.00709
B10_P1_M55_L001,Post_P1_2,Post,994722.6,994722.6,-0.0,0.00763
B10_P2_M55_L001,Post_P1_2,Post,995497.7,995486.6,11.1,0.00653
B10_P3_M55_L001,Post_P1_2,Post,995968.5,995968.5,-0.0,0.00583
B10_P4_M55_L001,Post_P1_2,Post,996087.3,996087.3,-0.0,0.00566
B11_P1_M55_L001,Post_P1_2,Post,993949.7,993949.7,-0.0,0.00876
B11_P2_M55_L001,Post_P1_2,Post,996447.7,996447.7,0.0,0.00513
B11_P3_M55_L001,Post_P1_2,Post,994908.3,994908.3,0.0,0.00736
B11_P4_M55_L001,Post_P1_2,Post,995373.2,995373.2,0.0,0.00669
B12_P1_M55_L001,Post_P1_2,Post,993407.5,993407.5,-0.0,0.00954
B12_P2_M55_L001,Post_P1_2,Post,995248.9,995248.9,0.0,0.00687
B12_P3_M55_L001,Post_P1_2,Post,994456.4,994456.4,-0.0,0.00802
B12_P4_M55_L001,Post_P1_2,Post,995158.0,995158.0,-0.0,0.007
B1_P1_M55_L001,Post_P1_2,Post,992195.2,991936.6,258.6,0.01168
B1_P4_M55_L001,Post_P1_2,Post,996310.6,996310.6,-0.0,0.00533
B2_P1_M55_L001,Post_P1_2,Post,996030.3,996030.3,0.0,0.00574
B2_P2_M55_L001,Post_P1_2,Post,995305.9,995305.9,0.0,0.00679
B2_P4_M55_L001,Post_P1_2,Post,993733.9,993362.7,371.2,0.00961
B3_P1_M55_L001,Post_P1_2,Post,996368.9,996368.9,-0.0,0.00525
B3_P2_M55_L001,Post_P1_2,Post,996479.7,996479.7,0.0,0.00509
B3_P3_M55_L001,Post_P1_2,Post,996392.1,996392.1,0.0,0.00521
B3_P4_M55_L001,Post_P1_2,Post,991862.1,991862.1,-0.0,0.01179
B4_P1_M55_L001,Post_P1_2,Post,996571.9,996571.9,-0.0,0.00495
B4_P2_M55_L001,Post_P1_2,Post,994005.5,994005.5,0.0,0.00867
B4_P3_M55_L001,Post_P1_2,Post,995074.9,995074.9,0.0,0.00712
B4_P4_M55_L001,Post_P1_2,Post,990850.5,990850.5,-0.0,0.01326
B5_P1_M55_L001,Post_P1_2,Post,993363.9,993363.9,0.0,0.00961
B5_P2_M55_L001,Post_P1_2,Post,993813.2,993813.2,0.0,0.00895
B5_P3_M55_L001,Post_P1_2,Post,994900.0,994835.2,64.8,0.00747
B5_P4_M55_L001,Post_P1_2,Post,998775.4,998747.3,28.1,0.00181
B6_P1_M55_L001,Post_P1_2,Post,996994.6,996994.6,0.0,0.00434
B6_P3_M55_L001,Post_P1_2,Post,997256.8,997256.8,0.0,0.00396
B6_P4_M55_L001,Post_P1_2,Post,992491.1,992491.1,-0.0,0.01087
B7_P1_M55_L001,Post_P1_2,Post,997433.6,997433.6,-0.0,0.00371
B7_P2_M55_L001,Post_P1_2,Post,995630.2,995630.2,0.0,0.00632
B7_P3_M55_L001,Post_P1_2,Post,989415.7,989415.7,0.0,0.01535
B7_P4_M55_L001,Post_P1_2,Post,995486.8,995486.8,0.0,0.00653
B8_P1_M55_L001,Post_P1_2,Post,994574.6,994537.8,36.8,0.0079
B8_P3_M55_L001,Post_P1_2,Post,995523.9,995523.9,0.0,0.00647
B8_P4_M55_L001,Post_P1_2,Post,994000.5,994000.5,-0.0,0.00868
B9_P1_M55_L001,Post_P1_2,Post,993655.2,993655.2,0.0,0.00918
B9_P4_M55_L001,Post_P1_2,Post,996497.7,996053.0,444.7,0.00571
C10_P1_M55_L001,Post_P1_2,Post,995800.9,995800.9,0.0,0.00607
C10_P2_M55_L001,Post_P1_2,Post,997429.3,997429.3,0.0,0.00371
C10_P3_M55_L001,Post_P1_2,Post,995700.7,995700.7,-0.0,0.00622
C10_P4_M55_L001,Post_P1_2,Post,993502.7,990929.4,2573.3,0.01315
C11_P1_M55_L001,Post_P1_2,Post,996351.5,996351.5,-0.0,0.00527
C11_P2_M55_L001,Post_P1_2,Post,995612.6,995612.6,0.0,0.00634
C11_P3_M55_L001,Post_P1_2,Post,992093.4,992083.4,10.0,0.01147
C12_P1_M55_L001,Post_P1_2,Post,995473.6,995473.6,-0.0,0.00655
C12_P2_M55_L001,Post_P1_2,Post,994715.4,994715.4,-0.0,0.00764
C12_P3_M55_L001,Post_P1_2,Post,993003.7,993003.7,0.0,0.01013
C12_P4_M55_L001,Post_P1_2,Post,993272.2,993272.2,0.0,0.00974
C1_P3_M55_L001,Post_P1_2,Post,992602.8,992423.7,179.1,0.01097
C1_P4_M55_L001,Post_P1_2,Post,990574.0,990574.0,0.0,0.01366
C2_P2_M55_L001,Post_P1_2,Post,993966.7,993966.7,-0.0,0.00873
C2_P3_M55_L001,Post_P1_2,Post,995293.6,995293.6,-0.0,0.00681
C2_P4_M55_L001,Post_P1_2,Post,994980.2,994648.1,332.1,0.00774
C3_P1_M55_L001,Post_P1_2,Post,996040.9,996040.9,0.0,0.00572
C3_P3_M55_L001,Post_P1_2,Post,995272.1,995272.1,0.0,0.00684
C3_P4_M55_L001,Post_P1_2,Post,989919.2,989919.2,-0.0,0.01462
C4_P1_M55_L001,Post_P1_2,Post,994831.0,994831.0,0.0,0.00748
C4_P2_M55_L001,Post_P1_2,Post,995330.9,995330.9,-0.0,0.00675
C4_P3_M55_L001,Post_P1_2,Post,994347.8,992685.3,1662.5,0.01059
C4_P4_M55_L001,Post_P1_2,Post,994653.0,994653.0,0.0,0.00773
C5_P1_M55_L001,Post_P1_2,Post,997259.3,997259.3,-0.0,0.00396
C5_P2_M55_L001,Post_P1_2,Post,994150.5,994150.5,-0.0,0.00846
C5_P3_M55_L001,Post_P1_2,Post,994215.0,994159.1,55.9,0.00845
C5_P4_M55_L001,Post_P1_2,Post,995374.8,995374.8,-0.0,0.00669
C6_P1_M55_L001,Post_P1_2,Post,993263.9,993263.9,0.0,0.00975
C6_P2_M55_L001,Post_P1_2,Post,994295.8,994179.0,116.8,0.00842
C6_P3_M55_L001,Post_P1_2,Post,993944.0,993944.0,-0.0,0.00876
C6_P4_M55_L001,Post_P1_2,Post,996048.9,996048.9,0.0,0.00571
C7_P1_M55_L001,Post_P1_2,Post,994068.7,994068.7,-0.0,0.00858
C7_P2_M55_L001,Post_P1_2,Post,994502.1,994502.1,-0.0,0.00795
C7_P3_M55_L001,Post_P1_2,Post,995043.5,995043.5,-0.0,0.00717
C7_P4_M55_L001,Post_P1_2,Post,995958.5,995958.5,0.0,0.00584
C8_P1_M55_L001,Post_P1_2,Post,995971.2,995971.2,0.0,0.00582
C8_P3_M55_L001,Post_P1_2,Post,992131.6,992131.6,0.0,0.0114
C8_P4_M55_L001,Post_P1_2,Post,994784.8,994784.8,0.0,0.00754
C9_P1_M55_L001,Post_P1_2,Post,995818.7,995818.7,-0.0,0.00604
C9_P2_M55_L001,Post_P1_2,Post,993222.2,993222.2,0.0,0.00981
C9_P4_M55_L001,Post_P1_2,Post,996475.6,996475.6,0.0,0.00509
D10_P1_M55_L001,Post_P1_2,Post,996586.1,996584.2,1.9,0.00494
D10_P3_M55_L001,Post_P1_2,Post,995858.2,995858.2,-0.0,0.00599
D10_P4_M55_L001,Post_P1_2,Post,995556.8,995556.8,-0.0,0.00642
D11_P1_M55_L001,Post_P1_2,Post,994153.8,994063.0,90.8,0.00859
D11_P2_M55_L001,Post_P1_2,Post,997985.9,997985.9,-0.0,0.00291
D11_P3_M55_L001,Post_P1_2,Post,995186.4,995087.0,99.4,0.00711
D11_P4_M55_L001,Post_P1_2,Post,988826.7,987187.1,1639.6,0.0186
D12_P1_M55_L001,Post_P1_2,Post,994450.4,994450.4,0.0,0.00803
D12_P2_M55_L001,Post_P1_2,Post,996589.4,996589.4,-0.0,0.00493
D12_P3_M55_L001,Post_P1_2,Post,997130.9,997130.9,0.0,0.00415
D12_P4_M55_L001,Post_P1_2,Post,995171.6,995171.6,-0.0,0.00698
D1_P1_M55_L001,Post_P1_2,Post,996046.2,996046.2,0.0,0.00572
D1_P2_M55_L001,Post_P1_2,Post,995546.1,995399.1,147.0,0.00665
D1_P3_M55_L001,Post_P1_2,Post,993609.6,993609.6,-0.0,0.00925
D1_P4_M55_L001,Post_P1_2,Post,993712.9,993712.9,-0.0,0.0091
D2_P1_M55_L001,Post_P1_2,Post,993212.8,993190.5,22.3,0.00986
D2_P2_M55_L001,Post_P1_2,Post,994218.0,994218.0,0.0,0.00837
D2_P3_M55_L001,Post_P1_2,Post,993480.0,993480.0,0.0,0.00944
D2_P4_M55_L001,Post_P1_2,Post,994488.8,994470.9,17.9,0.008
D3_P1_M55_L001,Post_P1_2,Post,995523.2,995523.2,-0.0,0.00647
D3_P2_M55_L001,Post_P1_2,Post,995083.5,995083.5,0.0,0.00711
D3_P3_M55_L001,Post_P1_2,Post,998808.7,998808.7,-0.0,0.00172
D3_P4_M55_L001,Post_P1_2,Post,997008.8,997008.8,-0.0,0.00432
D4_P1_M55_L001,Post_P1_2,Post,992501.8,992501.8,-0.0,0.01086
D4_P2_M55_L001,Post_P1_2,Post,993387.7,993387.7,-0.0,0.00957
D4_P3_M55_L001,Post_P1_2,Post,994828.6,994828.6,0.0,0.00748
D4_P4_M55_L001,Post_P1_2,Post,993659.9,993659.9,0.0,0.00918
D5_P3_M55_L001,Post_P1_2,Post,993833.9,993833.9,-0.0,0.00892
D5_P4_M55_L001,Post_P1_2,Post,992297.0,991943.4,353.6,0.01167
D6_P2_M55_L001,Post_P1_2,Post,997180.5,997180.5,0.0,0.00407
D6_P3_M55_L001,Post_P1_2,Post,993333.7,993333.7,0.0,0.00965
D6_P4_M55_L001,Post_P1_2,Post,994939.5,994939.5,0.0,0.00732
D7_P1_M55_L001,Post_P1_2,Post,994585.9,994562.3,23.6,0.00787
D7_P3_M55_L001,Post_P1_2,Post,996197.7,996197.7,0.0,0.0055
D7_P4_M55_L001,Post_P1_2,Post,994592.8,994592.8,-0.0,0.00782
D8_P1_M55_L001,Post_P1_2,Post,996335.6,996335.6,-0.0,0.0053
D8_P3_M55_L001,Post_P1_2,Post,992454.5,992454.5,0.0,0.01093
D8_P4_M55_L001,Post_P1_2,Post,994569.5,994569.5,-0.0,0.00786
D9_P1_M55_L001,Post_P1_2,Post,992597.9,992597.9,-0.0,0.01072
D9_P2_M55_L001,Post_P1_2,Post,993903.7,993903.7,-0.0,0.00882
D9_P3_M55_L001,Post_P1_2,Post,995741.7,995741.7,0.0,0.00616
D9_P4_M55_L001,Post_P1_2,Post,994207.4,994207.4,-0.0,0.00838
E10_P1_M55_L001,Post_P1_2,Post,995401.6,995401.6,-0.0,0.00665
E10_P2_M55_L001,Post_P1_2,Post,995334.7,995334.7,-0.0,0.00675
E10_P3_M55_L001,Post_P1_2,Post,995052.0,995052.0,0.0,0.00716
E10_P4_M55_L001,Post_P1_2,Post,996286.7,996286.7,0.0,0.00537
E11_P1_M55_L001,Post_P1_2,Post,995974.7,995974.7,-0.0,0.00582
E11_P2_M55_L001,Post_P1_2,Post,995175.4,995175.4,-0.0,0.00698
E11_P3_M55_L001,Post_P1_2,Post,995285.5,995285.5,0.0,0.00682
E11_P4_M55_L001,Post_P1_2,Post,996052.4,996052.4,0.0,0.00571
E12_P1_M55_L001,Post_P1_2,Post,994424.3,994251.6,172.7,0.00832
E12_P2_M55_L001,Post_P1_2,Post,999054.2,999054.2,-0.0,0.00137
E12_P3_M55_L001,Post_P1_2,Post,996026.7,996026.7,0.0,0.00574
E12_P4_M55_L001,Post_P1_2,Post,989686.4,989686.4,0.0,0.01496
E1_P1_M55_L001,Post_P1_2,Post,995214.6,995214.6,0.0,0.00692
E1_P4_M55_L001,Post_P1_2,Post,993888.4,993888.4,0.0,0.00884
E2_P1_M55_L001,Post_P1_2,Post,991047.4,991047.4,-0.0,0.01297
E2_P2_M55_L001,Post_P1_2,Post,992829.8,992829.8,-0.0,0.01038
E2_P3_M55_L001,Post_P1_2,Post,993918.7,993800.2,118.5,0.00897
E2_P4_M55_L001,Post_P1_2,Post,996662.7,996662.7,0.0,0.00482
E3_P1_M55_L001,Post_P1_2,Post,996067.2,996067.2,-0.0,0.00569
E3_P3_M55_L001,Post_P1_2,Post,993139.1,993139.1,-0.0,0.00993
E3_P4_M55_L001,Post_P1_2,Post,993435.5,993435.5,-0.0,0.0095
E4_P1_M55_L001,Post_P1_2,Post,996613.5,996613.5,0.0,0.00489
E4_P2_M55_L001,Post_P1_2,Post,994157.3,994157.3,0.0,0.00845
E4_P3_M55_L001,Post_P1_2,Post,990844.3,990844.3,0.0,0.01327
E4_P4_M55_L001,Post_P1_2,Post,991241.2,991241.2,0.0,0.01269
E5_P1_M55_L001,Post_P1_2,Post,994451.2,994451.2,-0.0,0.00803
E5_P2_M55_L001,Post_P1_2,Post,994359.7,994359.7,0.0,0.00816
E5_P3_M55_L001,Post_P1_2,Post,991108.4,989763.9,1344.5,0.01484
E5_P4_M55_L001,Post_P1_2,Post,994841.0,994841.0,-0.0,0.00746
E6_P1_M55_L001,Post_P1_2,Post,996699.1,996699.1,0.0,0.00477
E6_P2_M55_L001,Post_P1_2,Post,995453.1,995453.1,-0.0,0.00657
E6_P3_M55_L001,Post_P1_2,Post,996754.4,996754.4,0.0,0.00469
E6_P4_M55_L001,Post_P1_2,Post,994389.9,994389.9,0.0,0.00812
E7_P1_M55_L001,Post_P1_2,Post,995042.0,995042.0,-0.0,0.00717
E7_P2_M55_L001,Post_P1_2,Post,991478.1,991478.1,-0.0,0.01235
E7_P3_M55_L001,Post_P1_2,Post,995901.2,995901.2,-0.0,0.00593
E8_P1_M55_L001,Post_P1_2,Post,993898.8,993438.3,460.5,0.0095
E8_P2_M55_L001,Post_P1_2,Post,994221.1,994221.1,0.0,0.00836
E8_P3_M55_L001,Post_P1_2,Post,996088.2,996088.2,-0.0,0.00565
E8_P4_M55_L001,Post_P1_2,Post,988858.8,988858.8,0.0,0.01616
E9_P1_M55_L001,Post_P1_2,Post,993962.9,993962.9,-0.0,0.00874
E9_P3_M55_L001,Post_P1_2,Post,995599.0,995599.0,0.0,0.00636
E9_P4_M55_L001,Post_P1_2,Post,995065.6,995065.6,-0.0,0.00714
F10_P1_M55_L001,Post_P1_2,Post,993391.8,993391.8,-0.0,0.00957
F10_P2_M55_L001,Post_P1_2,Post,996294.8,996294.8,0.0,0.00536
F10_P4_M55_L001,Post_P1_2,Post,994929.9,994902.7,27.2,0.00737
F11_P1_M55_L001,Post_P1_2,Post,995233.1,995233.1,0.0,0.00689
F11_P2_M55_L001,Post_P1_2,Post,995691.9,995691.9,-0.0,0.00623
F12_P1_M55_L001,Post_P1_2,Post,996191.8,996191.8,0.0,0.0055
F12_P2_M55_L001,Post_P1_2,Post,995170.6,995170.6,0.0,0.00698
F12_P3_M55_L001,Post_P1_2,Post,995694.1,995679.7,14.4,0.00625
F12_P4_M55_L001,Post_P1_2,Post,994524.5,994524.5,0.0,0.00792
F1_P3_M55_L001,Post_P1_2,Post,990704.9,990704.9,0.0,0.01347
F1_P4_M55_L001,Post_P1_2,Post,994439.5,994439.5,-0.0,0.00804
F2_P3_M55_L001,Post_P1_2,Post,994821.2,994821.2,-0.0,0.00749
F2_P4_M55_L001,Post_P1_2,Post,996505.2,996505.2,-0.0,0.00505
F3_P1_M55_L001,Post_P1_2,Post,993842.1,993842.1,-0.0,0.00891
F3_P2_M55_L001,Post_P1_2,Post,993351.7,993351.7,-0.0,0.00962
F3_P3_M55_L001,Post_P1_2,Post,995160.2,995160.2,0.0,0.007
F3_P4_M55_L001,Post_P1_2,Post,991005.7,990883.1,122.6,0.01321
F4_P1_M55_L001,Post_P1_2,Post,993666.5,993465.3,201.2,0.00946
F4_P2_M55_L001,Post_P1_2,Post,997140.6,997140.6,0.0,0.00413
F4_P3_M55_L001,Post_P1_2,Post,994828.0,994828.0,-0.0,0.00748
F4_P4_M55_L001,Post_P1_2,Post,993808.4,993548.0,260.4,0.00934
F5_P1_M55_L001,Post_P1_2,Post,995208.6,995037.2,171.4,0.00718
F5_P2_M55_L001,Post_P1_2,Post,994703.7,994703.7,0.0,0.00766
F5_P4_M55_L001,Post_P1_2,Post,993148.6,993148.6,-0.0,0.00992
F6_P1_M55_L001,Post_P1_2,Post,994434.7,994130.7,304.0,0.00849
F6_P2_M55_L001,Post_P1_2,Post,996376.5,996376.5,-0.0,0.00524
F6_P3_M55_L001,Post_P1_2,Post,996122.3,995141.0,981.3,0.00703
F7_P1_M55_L001,Post_P1_2,Post,996029.4,996029.4,0.0,0.00574
F7_P2_M55_L001,Post_P1_2,Post,994776.4,994776.4,0.0,0.00756
F7_P3_M55_L001,Post_P1_2,Post,999712.4,999712.4,0.0,0.00041
F8_P1_M55_L001,Post_P1_2,Post,993492.3,993492.3,0.0,0.00942
F8_P2_M55_L001,Post_P1_2,Post,996082.5,996082.5,-0.0,0.00566
F8_P3_M55_L001,Post_P1_2,Post,995614.4,995614.4,0.0,0.00634
F8_P4_M55_L001,Post_P1_2,Post,993702.1,993702.1,0.0,0.00911
F9_P1_M55_L001,Post_P1_2,Post,995383.2,995383.2,-0.0,0.00668
F9_P2_M55_L001,Post_P1_2,Post,991811.3,991811.3,-0.0,0.01186
F9_P3_M55_L001,Post_P1_2,Post,995903.7,995903.7,0.0,0.00592
F9_P4_M55_L001,Post_P1_2,Post,994766.4,994766.4,-0.0,0.00757
G10_P1_M55_L001,Post_P1_2,Post,994700.1,994700.1,0.0,0.00767
G10_P2_M55_L001,Post_P1_2,Post,994532.3,994532.3,0.0,0.00791
G10_P3_M55_L001,Post_P1_2,Post,995611.7,995611.7,-0.0,0.00634
G10_P4_M55_L001,Post_P1_2,Post,996984.1,996984.1,0.0,0.00436
G11_P1_M55_L001,Post_P1_2,Post,992658.0,992658.0,-0.0,0.01063
G11_P2_M55_L001,Post_P1_2,Post,996799.0,996799.0,0.0,0.00463
G11_P3_M55_L001,Post_P1_2,Post,990741.6,990741.6,0.0,0.01342
G11_P4_M55_L001,Post_P1_2,Post,993918.2,993918.2,0.0,0.0088
G12_P1_M55_L001,Post_P1_2,Post,992859.4,992859.4,-0.0,0.01034
G12_P2_M55_L001,Post_P1_2,Post,996535.3,996535.3,0.0,0.00501
G12_P3_M55_L001,Post_P1_2,Post,993191.8,993191.8,-0.0,0.00986
G12_P4_M55_L001,Post_P1_2,Post,994140.7,994140.7,0.0,0.00848
G1_P1_M55_L001,Post_P1_2,Post,995577.0,995577.0,-0.0,0.0064
G1_P2_M55_L001,Post_P1_2,Post,995193.8,995193.8,-0.0,0.00695
G1_P3_M55_L001,Post_P1_2,Post,991425.1,991425.1,0.0,0.01242
G1_P4_M55_L001,Post_P1_2,Post,991332.4,991332.4,-0.0,0.01256
G2_P1_M55_L001,Post_P1_2,Post,994962.9,994942.4,20.5,0.00732
G2_P2_M55_L001,Post_P1_2,Post,992428.8,992428.8,0.0,0.01096
G2_P3_M55_L001,Post_P1_2,Post,993923.9,993923.9,-0.0,0.00879
G2_P4_M55_L001,Post_P1_2,Post,993036.4,993036.4,-0.0,0.01008
G3_P1_M55_L001,Post_P1_2,Post,996606.0,996606.0,-0.0,0.0049
G3_P2_M55_L001,Post_P1_2,Post,989760.1,989760.1,-0.0,0.01485
G3_P3_M55_L001,Post_P1_2,Post,994623.1,994623.1,-0.0,0.00778
G3_P4_M55_L001,Post_P1_2,Post,995368.0,995368.0,0.0,0.0067
G4_P1_M55_L001,Post_P1_2,Post,996606.8,996606.8,-0.0,0.0049
G4_P2_M55_L001,Post_P1_2,Post,995144.1,995144.1,-0.0,0.00702
G4_P3_M55_L001,Post_P1_2,Post,992599.3,992599.3,0.0,0.01072
G4_P4_M55_L001,Post_P1_2,Post,995268.3,995268.3,0.0,0.00684
G5_P1_M55_L001,Post_P1_2,Post,996776.5,996776.5,-0.0,0.00466
G5_P3_M55_L001,Post_P1_2,Post,991893.1,991893.1,-0.0,0.01174
G5_P4_M55_L001,Post_P1_2,Post,990806.8,990806.8,-0.0,0.01332
G6_P1_M55_L001,Post_P1_2,Post,997111.0,997111.0,-0.0,0.00417
G6_P3_M55_L001,Post_P1_2,Post,994793.3,994793.3,-0.0,0.00753
G6_P4_M55_L001,Post_P1_2,Post,995028.7,994773.7,255.0,0.00756
G7_P1_M55_L001,Post_P1_2,Post,995582.9,995582.9,0.0,0.00639
G7_P2_M55_L001,Post_P1_2,Post,996912.4,996912.4,0.0,0.00446
G7_P3_M55_L001,Post_P1_2,Post,991783.5,991774.1,9.4,0.01192
G8_P1_M55_L001,Post_P1_2,Post,997435.4,997429.4,6.0,0.00371
G8_P3_M55_L001,Post_P1_2,Post,996878.0,996878.0,-0.0,0.00451
G8_P4_M55_L001,Post_P1_2,Post,995461.8,995461.8,0.0,0.00656
G9_P1_M55_L001,Post_P1_2,Post,991571.6,991237.2,334.4,0.0127
G9_P2_M55_L001,Post_P1_2,Post,993403.5,993403.5,-0.0,0.00955
G9_P3_M55_L001,Post_P1_2,Post,993656.7,993656.7,0.0,0.00918
G9_P4_M55_L001,Post_P1_2,Post,993765.6,993765.6,0.0,0.00902
H10_P1_M55_L001,Post_P1_2,Post,995686.7,995679.7,7.0,0.00625
H10_P2_M55_L001,Post_P1_2,Post,992630.1,992620.0,10.1,0.01069
H10_P4_M55_L001,Post_P1_2,Post,996390.8,996390.8,0.0,0.00522
H11_P1_M55_L001,Post_P1_2,Post,996767.1,996767.1,-0.0,0.00467
H11_P2_M55_L001,Post_P1_2,Post,995920.9,995920.9,-0.0,0.0059
H11_P3_M55_L001,Post_P1_2,Post,991782.9,991767.9,15.0,0.01193
H12_P1_M55_L001,Post_P1_2,Post,993542.8,993542.8,-0.0,0.00935
H12_P3_M55_L001,Post_P1_2,Post,995992.6,995992.6,0.0,0.00579
H1_P1_M55_L001,Post_P1_2,Post,996999.5,996921.7,77.8,0.00445
H1_P2_M55_L001,Post_P1_2,Post,996076.0,996076.0,0.0,0.00567
H1_P3_M55_L001,Post_P1_2,Post,992673.5,992673.5,0.0,0.01061
H1_P4_M55_L001,Post_P1_2,Post,991852.9,991821.2,31.7,0.01185
H2_P1_M55_L001,Post_P1_2,Post,990838.5,990838.5,-0.0,0.01328
H2_P2_M55_L001,Post_P1_2,Post,993510.8,993510.8,0.0,0.00939
H2_P3_M55_L001,Post_P1_2,Post,994070.1,994070.1,0.0,0.00858
H2_P4_M55_L001,Post_P1_2,Post,994554.9,993979.9,575.0,0.00871
H3_P1_M55_L001,Post_P1_2,Post,996060.1,996058.6,1.5,0.0057
H3_P2_M55_L001,Post_P1_2,Post,994642.3,994642.3,-0.0,0.00775
H3_P3_M55_L001,Post_P1_2,Post,991580.2,991580.2,0.0,0.0122
H3_P4_M55_L001,Post_P1_2,Post,992383.6,992377.1,6.5,0.01104
H4_P1_M55_L001,Post_P1_2,Post,990675.0,990663.8,11.2,0.01353
H4_P2_M55_L001,Post_P1_2,Post,997175.5,997175.5,-0.0,0.00408
H4_P3_M55_L001,Post_P1_2,Post,990055.4,990055.4,-0.0,0.01442
H4_P4_M55_L001,Post_P1_2,Post,995438.1,995438.1,-0.0,0.0066
H5_P1_M55_L001,Post_P1_2,Post,994606.6,994606.6,0.0,0.0078
H5_P2_M55_L001,Post_P1_2,Post,996309.9,996309.9,0.0,0.00533
H5_P3_M55_L001,Post_P1_2,Post,994355.4,994354.2,1.2,0.00817
H5_P4_M55_L001,Post_P1_2,Post,985506.8,985506.8,0.0,0.02106
H6_P1_M55_L001,Post_P1_2,Post,989831.0,989831.0,0.0,0.01475
H6_P2_M55_L001,Post_P1_2,Post,994173.1,994173.1,0.0,0.00843
H6_P3_M55_L001,Post_P1_2,Post,994329.3,994329.3,-0.0,0.0082
H6_P4_M55_L001,Post_P1_2,Post,992386.7,992386.7,0.0,0.01103
H7_P1_M55_L001,Post_P1_2,Post,993206.2,993206.2,-0.0,0.00983
H7_P2_M55_L001,Post_P1_2,Post,996466.6,996466.6,-0.0,0.00511
H7_P4_M55_L001,Post_P1_2,Post,996987.3,996987.3,-0.0,0.00435
H8_P1_M55_L001,Post_P1_2,Post,990658.7,990658.7,-0.0,0.01354
H8_P2_M55_L001,Post_P1_2,Post,995243.6,995243.6,-0.0,0.00688
H8_P3_M55_L001,Post_P1_2,Post,992514.0,992442.4,71.6,0.01094
H8_P4_M55_L001,Post_P1_2,Post,994341.1,994341.1,-0.0,0.00819
H9_P1_M55_L001,Post_P1_2,Post,988827.6,988827.6,0.0,0.01621
H9_P2_M55_L001,Post_P1_2,Post,993295.9,993295.9,0.0,0.0097
H9_P3_M55_L001,Post_P1_2,Post,994235.5,994235.5,0.0,0.00834
H9_P4_M55_L001,Post_P1_2,Post,991886.5,991886.5,0.0,0.01175
A10_P1_M34,Pre_P2,Pre,994933.6,994933.6,0.0,0.00733
A10_P2_M34,Pre_P2,Pre,995413.6,995413.6,0.0,0.00663
A10_P3_M34,Pre_P2,Pre,995244.3,995244.3,0.0,0.00688
A10_P4_M34,Pre_P2,Pre,992952.0,992952.0,-0.0,0.0102
A11_P1_M34,Pre_P2,Pre,997162.9,997162.9,0.0,0.0041
A11_P2_M34,Pre_P2,Pre,993797.1,993797.1,0.0,0.00898
A11_P3_M34,Pre_P2,Pre,993248.2,993180.7,67.5,0.00987
A11_P4_M34,Pre_P2,Pre,995605.3,995605.3,0.0,0.00635
A12_P1_M34,Pre_P2,Pre,996334.0,996334.0,-0.0,0.0053
A12_P2_M34,Pre_P2,Pre,994166.3,994166.3,-0.0,0.00844
A12_P3_M34,Pre_P2,Pre,991500.3,991500.3,-0.0,0.01231
A12_P4_M34,Pre_P2,Pre,993157.6,993157.6,-0.0,0.00991
A2_P2_M34,Pre_P2,Pre,990242.7,990242.7,0.0,0.01415
A2_P3_M34,Pre_P2,Pre,995241.5,995241.5,-0.0,0.00688
A2_P4_M34,Pre_P2,Pre,994628.0,994628.0,0.0,0.00777
A3_P1_M34,Pre_P2,Pre,996135.9,996135.9,-0.0,0.00559
A3_P2_M34,Pre_P2,Pre,994565.7,994565.7,-0.0,0.00786
A3_P4_M34,Pre_P2,Pre,996835.2,996835.2,-0.0,0.00457
A4_P1_M34,Pre_P2,Pre,993718.1,993718.1,-0.0,0.00909
A4_P2_M34,Pre_P2,Pre,995105.0,994526.0,579.0,0.00792
A4_P3_M34,Pre_P2,Pre,988590.7,988590.7,-0.0,0.01655
A4_P4_M34,Pre_P2,Pre,994524.2,994524.2,-0.0,0.00792
A5_P1_M34,Pre_P2,Pre,989742.4,989742.4,-0.0,0.01488
A5_P2_M34,Pre_P2,Pre,996982.0,996982.0,-0.0,0.00436
A5_P3_M34,Pre_P2,Pre,994849.5,994849.5,0.0,0.00745
A5_P4_M34,Pre_P2,Pre,995932.9,995897.4,35.5,0.00593
A6_P1_M34,Pre_P2,Pre,995047.2,995047.2,0.0,0.00716
A6_P2_M34,Pre_P2,Pre,988531.3,988531.3,0.0,0.01664
A6_P3_M34,Pre_P2,Pre,992919.1,992919.1,-0.0,0.01025
A6_P4_M34,Pre_P2,Pre,996820.5,996820.5,0.0,0.00459
A7_P1_M34,Pre_P2,Pre,996691.3,996691.3,0.0,0.00478
A7_P2_M34,Pre_P2,Pre,996301.7,996301.7,0.0,0.00535
A7_P3_M34,Pre_P2,Pre,995911.3,995911.3,0.0,0.00591
A7_P4_M34,Pre_P2,Pre,993435.3,993361.3,74.0,0.00961
A8_P1_M34,Pre_P2,Pre,993627.1,993627.1,0.0,0.00922
A8_P2_M34,Pre_P2,Pre,996736.0,996269.1,466.9,0.00539
A8_P3_M34,Pre_P2,Pre,997358.5,997358.5,0.0,0.00382
A8_P4_M34,Pre_P2,Pre,993317.1,993317.1,-0.0,0.00967
A9_P1_M34,Pre_P2,Pre,998356.5,998356.5,-0.0,0.00237
A9_P2_M34,Pre_P2,Pre,996805.5,996805.5,-0.0,0.00462
A9_P3_M34,Pre_P2,Pre,993435.8,993435.8,0.0,0.0095
A9_P4_M34,Pre_P2,Pre,993233.3,993233.3,0.0,0.0098
B10_P1_M34,Pre_P2,Pre,993132.0,993124.9,7.1,0.00995
B10_P3_M34,Pre_P2,Pre,990883.2,990817.0,66.2,0.01331
B10_P4_M34,Pre_P2,Pre,994351.0,994351.0,0.0,0.00817
B11_P1_M34,Pre_P2,Pre,990827.2,990827.2,0.0,0.01329
B11_P2_M34,Pre_P2,Pre,993902.8,992070.7,1832.1,0.01149
B11_P4_M15,Pre_P2,Pre,994135.1,994135.1,0.0,0.00849
B12_P1_M34,Pre_P2,Pre,994454.3,994454.3,0.0,0.00802
B12_P2_M34,Pre_P2,Pre,997684.7,997684.7,0.0,0.00334
B12_P4_M34,Pre_P2,Pre,993050.7,993050.7,0.0,0.01006
B1_P1_M34,Pre_P2,Pre,996529.3,996529.3,0.0,0.00502
B1_P2_M34,Pre_P2,Pre,988779.0,988779.0,-0.0,0.01628
B1_P3_M34,Pre_P2,Pre,991480.1,991480.1,-0.0,0.01234
B1_P4_M34,Pre_P2,Pre,996995.2,996995.2,0.0,0.00434
B2_P1_M34,Pre_P2,Pre,984229.1,984229.1,-0.0,0.02293
B2_P2_M34,Pre_P2,Pre,995797.3,995797.3,0.0,0.00608
B2_P3_M34,Pre_P2,Pre,996817.7,996817.7,-0.0,0.0046
B2_P4_M34,Pre_P2,Pre,993705.4,993705.4,-0.0,0.00911
B3_P1_M34,Pre_P2,Pre,994806.1,994806.1,-0.0,0.00751
B3_P2_M34,Pre_P2,Pre,992093.1,992093.1,0.0,0.01145
B3_P3_M34,Pre_P2,Pre,993600.9,993600.9,-0.0,0.00926
B3_P4_M34,Pre_P2,Pre,994141.5,994083.6,57.9,0.00856
B4_P1_M34,Pre_P2,Pre,994034.6,994034.6,-0.0,0.00863
B4_P2_M34,Pre_P2,Pre,986869.7,986869.7,0.0,0.01907
B4_P3_M34,Pre_P2,Pre,989729.2,989729.2,-0.0,0.01489
B4_P4_M34,Pre_P2,Pre,994721.0,994721.0,0.0,0.00764
B5_P1_M34,Pre_P2,Pre,994001.1,994001.1,-0.0,0.00868
B5_P2_M34,Pre_P2,Pre,991507.4,991507.4,-0.0,0.0123
B5_P3_M34,Pre_P2,Pre,995447.2,995447.2,-0.0,0.00658
B5_P4_M34,Pre_P2,Pre,996973.4,996973.4,-0.0,0.00437
B6_P1_M34,Pre_P2,Pre,996448.5,996448.5,0.0,0.00513
B6_P2_M34,Pre_P2,Pre,994560.6,994560.6,-0.0,0.00787
B6_P3_M34,Pre_P2,Pre,993687.8,993687.8,0.0,0.00914
B6_P4_M34,Pre_P2,Pre,991852.8,991833.0,19.8,0.01183
B7_P1_M34,Pre_P2,Pre,993360.3,993360.3,-0.0,0.00961
B7_P2_M34,Pre_P2,Pre,994338.8,994338.8,0.0,0.00819
B7_P3_M34,Pre_P2,Pre,988739.8,988611.0,128.8,0.01653
B7_P4_M34,Pre_P2,Pre,997424.3,997424.3,0.0,0.00372
B8_P1_M34,Pre_P2,Pre,991592.3,991592.3,0.0,0.01218
B8_P2_M34,Pre_P2,Pre,991294.0,991294.0,-0.0,0.01262
B8_P3_M34,Pre_P2,Pre,993585.1,990304.9,3280.2,0.01406
B8_P4_M34,Pre_P2,Pre,997188.9,997188.9,0.0,0.00406
B9_P1_M34,Pre_P2,Pre,992842.1,992842.1,-0.0,0.01036
B9_P2_M34,Pre_P2,Pre,991255.9,991255.9,0.0,0.01267
B9_P3_M34,Pre_P2,Pre,997059.7,997059.7,0.0,0.00425
B9_P4_M34,Pre_P2,Pre,994569.7,994569.7,-0.0,0.00786
C10_P1_M34,Pre_P2,Pre,994719.1,994604.7,114.4,0.0078
C10_P2_M34,Pre_P2,Pre,995511.3,995511.3,0.0,0.00649
C10_P3_M34,Pre_P2,Pre,990087.6,990027.2,60.4,0.01446
C10_P4_M34,Pre_P2,Pre,995638.3,995638.3,-0.0,0.00631
C11_P1_M34,Pre_P2,Pre,996491.8,996491.8,0.0,0.00507
C11_P2_M34,Pre_P2,Pre,993749.2,993749.2,-0.0,0.00905
C11_P3_M34,Pre_P2,Pre,996572.9,996572.9,0.0,0.00495
C11_P4_M34,Pre_P2,Pre,995601.0,995601.0,-0.0,0.00636
C12_P1_M34,Pre_P2,Pre,995949.1,995949.1,-0.0,0.00586
C12_P2_M34,Pre_P2,Pre,994025.6,994025.6,0.0,0.00865
C12_P3_M34,Pre_P2,Pre,993417.4,993417.4,-0.0,0.00953
C12_P4_M34,Pre_P2,Pre,995127.5,995127.5,0.0,0.00705
C1_P1_M34,Pre_P2,Pre,993023.2,993023.2,-0.0,0.0101
C1_P2_M34,Pre_P2,Pre,991749.9,991074.2,675.7,0.01294
C1_P3_M34,Pre_P2,Pre,996688.5,996688.5,0.0,0.00479
C1_P4_M34,Pre_P2,Pre,993948.7,993872.5,76.2,0.00887
C2_P1_M34,Pre_P2,Pre,995680.1,995680.1,0.0,0.00625
C2_P2_M34,Pre_P2,Pre,988987.0,988987.0,-0.0,0.01598
C2_P3_M34,Pre_P2,Pre,992725.7,992725.7,0.0,0.01053
C3_P1_M34,Pre_P2,Pre,993020.2,993020.2,-0.0,0.01011
C3_P2_M34,Pre_P2,Pre,996919.6,996919.6,-0.0,0.00445
C3_P3_M34,Pre_P2,Pre,986815.6,986815.6,-0.0,0.01915
C3_P4_M34,Pre_P2,Pre,997451.6,997451.6,0.0,0.00368
C4_P3_M34,Pre_P2,Pre,995669.0,995669.0,-0.0,0.00626
C4_P4_M34,Pre_P2,Pre,994401.7,994401.7,-0.0,0.0081
C5_P2_M34,Pre_P2,Pre,994508.1,994454.6,53.5,0.00802
C5_P3_M34,Pre_P2,Pre,994336.4,994336.4,0.0,0.00819
C5_P4_M34,Pre_P2,Pre,995237.6,995237.6,0.0,0.00689
C6_P1_M34,Pre_P2,Pre,995188.5,995188.5,0.0,0.00696
C6_P2_M34,Pre_P2,Pre,991508.3,991508.3,-0.0,0.0123
C6_P3_M34,Pre_P2,Pre,997336.7,997336.7,0.0,0.00385
C6_P4_M34,Pre_P2,Pre,995337.9,995337.9,-0.0,0.00674
C7_P1_M34,Pre_P2,Pre,997040.3,997040.3,-0.0,0.00428
C7_P2_M34,Pre_P2,Pre,995301.6,995301.6,-0.0,0.00679
C7_P3_M34,Pre_P2,Pre,990020.6,990020.6,-0.0,0.01447
C7_P4_M34,Pre_P2,Pre,993884.5,993782.3,102.2,0.009
C8_P1_M34,Pre_P2,Pre,997062.8,997062.8,-0.0,0.00424
C8_P2_M34,Pre_P2,Pre,996398.5,996398.5,0.0,0.00521
C8_P3_M34,Pre_P2,Pre,994350.4,994350.4,-0.0,0.00817
C8_P4_M34,Pre_P2,Pre,996728.2,996728.2,-0.0,0.00473
C9_P1_M34,Pre_P2,Pre,991987.4,991987.4,-0.0,0.01161
C9_P2_M34,Pre_P2,Pre,995398.8,995398.8,0.0,0.00665
C9_P3_M34,Pre_P2,Pre,986822.7,986822.7,0.0,0.01914
C9_P4_M34,Pre_P2,Pre,994110.7,994110.7,0.0,0.00852
D10_P1_M34,Pre_P2,Pre,991266.1,991151.0,115.1,0.01282
D10_P2_M34,Pre_P2,Pre,995941.0,995941.0,0.0,0.00587
D10_P3_M34,Pre_P2,Pre,995550.9,995550.9,-0.0,0.00643
D10_P4_M34,Pre_P2,Pre,995235.2,995235.2,0.0,0.00689
D11_P1_M34,Pre_P2,Pre,993095.2,993095.2,-0.0,0.01
D11_P2_M34,Pre_P2,Pre,996218.0,996218.0,0.0,0.00547
D11_P4_M34,Pre_P2,Pre,993738.2,993738.2,-0.0,0.00906
D12_P1_M34,Pre_P2,Pre,998335.4,998335.4,0.0,0.0024
D12_P2_M34,Pre_P2,Pre,993832.0,993832.0,-0.0,0.00893
D1_P1_M34,Pre_P2,Pre,997316.3,997316.3,0.0,0.00388
D1_P2_M34,Pre_P2,Pre,980555.5,980555.5,-0.0,0.02833
D1_P3_M34,Pre_P2,Pre,993068.2,993068.2,-0.0,0.01004
D2_P2_M34,Pre_P2,Pre,995203.3,995203.3,-0.0,0.00694
D2_P3_M34,Pre_P2,Pre,996257.0,996257.0,0.0,0.00541
D2_P4_M34,Pre_P2,Pre,987178.9,987178.9,0.0,0.01862
D3_P2_M34,Pre_P2,Pre,996358.8,996358.8,0.0,0.00526
D3_P3_M34,Pre_P2,Pre,992559.3,992559.3,0.0,0.01077
D3_P4_M34,Pre_P2,Pre,993711.3,993670.4,40.9,0.00916
D4_P2_M34,Pre_P2,Pre,997230.6,997230.6,-0.0,0.004
D4_P3_M34,Pre_P2,Pre,995176.7,995176.7,0.0,0.00698
D4_P4_M34,Pre_P2,Pre,995566.0,995566.0,0.0,0.00641
D5_P1_M34,Pre_P2,Pre,993825.2,993825.2,0.0,0.00894
D5_P2_M34,Pre_P2,Pre,993486.5,993486.5,0.0,0.00943
D5_P3_M34,Pre_P2,Pre,996563.3,996563.3,0.0,0.00497
D5_P4_M34,Pre_P2,Pre,996605.8,996605.8,-0.0,0.00491
D6_P1_M34,Pre_P2,Pre,996541.5,996541.5,0.0,0.005
D6_P2_M34,Pre_P2,Pre,994552.2,994552.2,0.0,0.00788
D6_P3_M34,Pre_P2,Pre,996413.6,996413.6,-0.0,0.00518
D6_P4_M34,Pre_P2,Pre,997814.1,997814.1,-0.0,0.00316
D7_P1_M34,Pre_P2,Pre,994474.4,994474.4,0.0,0.00799
D7_P2_M34,Pre_P2,Pre,988217.5,988217.5,0.0,0.0171
D7_P3_M34,Pre_P2,Pre,993492.9,993492.9,-0.0,0.00942
D7_P4_M34,Pre_P2,Pre,993663.7,993663.7,-0.0,0.00917
D8_P1_M34,Pre_P2,Pre,995414.2,995414.2,-0.0,0.00663
D8_P2_M34,Pre_P2,Pre,996410.2,996410.2,-0.0,0.00519
D8_P3_M34,Pre_P2,Pre,994586.2,994586.2,0.0,0.00783
D8_P4_M34,Pre_P2,Pre,994683.2,994683.2,-0.0,0.00769
D9_P2_M34,Pre_P2,Pre,985528.0,985528.0,-0.0,0.02103
D9_P3_M34,Pre_P2,Pre,993469.8,993469.8,0.0,0.00945
D9_P4_M34,Pre_P2,Pre,995780.3,995780.3,0.0,0.0061
E10_P1_M34,Pre_P2,Pre,997349.8,997349.8,0.0,0.00383
E10_P2_M34,Pre_P2,Pre,991508.7,991508.7,0.0,0.0123
E10_P3_M34,Pre_P2,Pre,995864.8,995864.8,0.0,0.00598
E10_P4_M34,Pre_P2,Pre,993193.7,993193.7,-0.0,0.00985
E11_P1_M34,Pre_P2,Pre,996435.7,996435.7,-0.0,0.00515
E11_P2_M34,Pre_P2,Pre,994949.1,994949.1,0.0,0.00731
E11_P3_M34,Pre_P2,Pre,995560.0,995560.0,0.0,0.00642
E11_P4_M34,Pre_P2,Pre,993129.7,993122.3,7.4,0.00996
E12_P1_M34,Pre_P2,Pre,997025.3,997025.3,-0.0,0.0043
E12_P2_M34,Pre_P2,Pre,995915.5,995915.5,0.0,0.0059
E12_P3_M34,Pre_P2,Pre,995966.9,995966.9,0.0,0.00583
E12_P4_M34,Pre_P2,Pre,994288.6,994288.6,-0.0,0.00826
E1_P1_M34,Pre_P2,Pre,993260.2,993260.2,-0.0,0.00976
E1_P2_M34,Pre_P2,Pre,996064.4,995989.2,75.2,0.0058
E1_P3_M34,Pre_P2,Pre,991623.8,991623.8,0.0,0.01214
E1_P4_M34,Pre_P2,Pre,995922.0,995922.0,-0.0,0.0059
E2_P1_M34,Pre_P2,Pre,996165.7,996165.7,0.0,0.00554
E2_P2_M34,Pre_P2,Pre,992874.6,992874.6,0.0,0.01032
E2_P4_M34,Pre_P2,Pre,995854.5,995854.5,0.0,0.00599
E3_P1_M34,Pre_P2,Pre,997617.8,997617.8,0.0,0.00344
E3_P2_M34,Pre_P2,Pre,995226.4,995226.4,-0.0,0.0069
E3_P3_M24,Pre_P2,Pre,996853.4,996853.4,0.0,0.00455
E4_P1_M34,Pre_P2,Pre,997101.1,996537.9,563.2,0.005
E4_P2_M34,Pre_P2,Pre,998327.9,998327.9,-0.0,0.00241
E4_P4_M34,Pre_P2,Pre,990655.4,990655.4,0.0,0.01354
E5_P1_M34,Pre_P2,Pre,992808.6,992808.6,-0.0,0.01041
E5_P2_M34,Pre_P2,Pre,995918.0,995918.0,0.0,0.0059
E6_P2_M34,Pre_P2,Pre,995134.8,995134.8,-0.0,0.00704
E6_P3_M34,Pre_P2,Pre,996991.0,996991.0,-0.0,0.00435
E7_P2_M37,Pre_P2,Pre,995504.1,995504.1,0.0,0.0065
E7_P3_M34,Pre_P2,Pre,992254.7,992254.7,-0.0,0.01122
E7_P4_M34,Pre_P2,Pre,993509.5,993509.5,0.0,0.00939
E8_P1_M34,Pre_P2,Pre,994928.5,994928.5,0.0,0.00734
E8_P2_M34,Pre_P2,Pre,990722.7,990722.7,-0.0,0.01345
E8_P4_M34,Pre_P2,Pre,992534.9,992534.9,0.0,0.01081
E9_P1_M34,Pre_P2,Pre,983285.8,983198.8,87.0,0.02444
E9_P2_M34,Pre_P2,Pre,990651.1,990651.1,-0.0,0.01355
E9_P3_M34,Pre_P2,Pre,996388.1,996388.1,-0.0,0.00522
F10_P1_M34,Pre_P2,Pre,992796.0,992796.0,0.0,0.01043
F10_P2_M34,Pre_P2,Pre,997048.3,997048.3,-0.0,0.00426
F10_P3_M34,Pre_P2,Pre,993603.0,993603.0,0.0,0.00926
F10_P4_M34,Pre_P2,Pre,994662.0,994662.0,0.0,0.00772
F11_P2_M34,Pre_P2,Pre,995459.2,995459.2,0.0,0.00657
F11_P3_M34,Pre_P2,Pre,988388.6,988388.6,0.0,0.01685
F11_P4_M34,Pre_P2,Pre,996916.9,996916.9,-0.0,0.00445
F12_P2_M34,Pre_P2,Pre,996679.7,996679.7,0.0,0.0048
F12_P3_M34,Pre_P2,Pre,995650.5,995650.5,-0.0,0.00629
F12_P4_M34,Pre_P2,Pre,996220.0,996220.0,-0.0,0.00546
F1_P1_M34,Pre_P2,Pre,994890.1,994890.1,0.0,0.00739
F1_P2_M34,Pre_P2,Pre,995581.4,995397.6,183.8,0.00666
F1_P3_M34,Pre_P2,Pre,990956.3,990956.3,-0.0,0.01311
F1_P4_M34,Pre_P2,Pre,996174.6,996174.6,-0.0,0.00553
F2_P1_M34,Pre_P2,Pre,994132.2,994132.2,-0.0,0.00849
F2_P2_M34,Pre_P2,Pre,989550.1,989550.1,0.0,0.01516
F2_P3_M34,Pre_P2,Pre,995474.6,995474.6,-0.0,0.00654
F2_P4_M34,Pre_P2,Pre,991913.7,991913.7,0.0,0.01171
F3_P1_M34,Pre_P2,Pre,991376.8,991376.8,-0.0,0.01249
F3_P2_M34,Pre_P2,Pre,993498.6,993498.6,-0.0,0.00941
F3_P3_M34,Pre_P2,Pre,997745.6,997745.6,0.0,0.00326
F3_P4_M34,Pre_P2,Pre,995270.2,995270.2,0.0,0.00684
F4_P1_M34,Pre_P2,Pre,993039.4,993039.4,-0.0,0.01008
F4_P3_M34,Pre_P2,Pre,996890.6,996890.6,-0.0,0.00449
F5_P1_M34,Pre_P2,Pre,995322.4,995322.4,-0.0,0.00676
F5_P2_M34,Pre_P2,Pre,996862.9,996862.9,-0.0,0.00453
F5_P3_M34,Pre_P2,Pre,994283.7,994283.7,0.0,0.00827
F6_P1_M34,Pre_P2,Pre,995993.9,995993.9,0.0,0.00579
F6_P2_M34,Pre_P2,Pre,995114.6,995114.6,0.0,0.00707
F6_P3_M34,Pre_P2,Pre,993218.4,993218.4,-0.0,0.00982
F6_P4_M34,Pre_P2,Pre,996554.9,996554.9,-0.0,0.00498
F7_P1_M34,Pre_P2,Pre,995390.9,995390.9,-0.0,0.00666
F7_P2_M34,Pre_P2,Pre,983552.3,983552.3,0.0,0.02393
F7_P3_M34,Pre_P2,Pre,988850.1,988850.1,-0.0,0.01618
F7_P4_M34,Pre_P2,Pre,995429.0,995429.0,0.0,0.00661
F8_P1_M34,Pre_P2,Pre,995908.5,995908.5,-0.0,0.00591
F8_P2_M34,Pre_P2,Pre,990630.4,990630.4,-0.0,0.01358
F8_P4_M34,Pre_P2,Pre,996870.9,996856.0,14.9,0.00454
F9_P1_M34,Pre_P2,Pre,993067.6,993067.6,0.0,0.01004
F9_P2_M34,Pre_P2,Pre,990833.5,990833.5,0.0,0.01329
F9_P3_M34,Pre_P2,Pre,994555.5,994555.5,-0.0,0.00788
G10_P1_M34,Pre_P2,Pre,996377.6,996377.6,-0.0,0.00524
G10_P2_M34,Pre_P2,Pre,996649.8,996649.8,-0.0,0.00484
G10_P3_M34,Pre_P2,Pre,997086.6,997086.6,-0.0,0.00421
G10_P4_M34,Pre_P2,Pre,994230.5,994230.5,-0.0,0.00835
G11_P1_M34,Pre_P2,Pre,995271.5,995257.6,13.9,0.00686
G11_P3_M34,Pre_P2,Pre,996388.5,996388.5,-0.0,0.00522
G11_P4_M34,Pre_P2,Pre,992707.2,992707.2,-0.0,0.01056
G12_P1_M34,Pre_P2,Pre,995084.1,995084.1,-0.0,0.00711
G12_P2_M34,Pre_P2,Pre,993759.1,993759.1,-0.0,0.00903
G12_P3_M34,Pre_P2,Pre,995039.4,995039.4,-0.0,0.00717
G12_P4_M34,Pre_P2,Pre,995421.0,995421.0,-0.0,0.00662
G1_P1_M34,Pre_P2,Pre,994963.4,994963.4,0.0,0.00728
G1_P2_M34,Pre_P2,Pre,994782.7,994782.7,0.0,0.00755
G1_P3_M34,Pre_P2,Pre,996896.8,996896.8,0.0,0.00448
G1_P4_M34,Pre_P2,Pre,998855.7,998855.7,0.0,0.00165
G2_P1_M34,Pre_P2,Pre,996660.5,996660.5,0.0,0.00483
G2_P2_M34,Pre_P2,Pre,998744.5,998744.5,-0.0,0.00181
G2_P3_M34,Pre_P2,Pre,996099.0,996099.0,-0.0,0.00564
G2_P4_M34,Pre_P2,Pre,993605.2,993605.2,0.0,0.00926
G3_P1_M34,Pre_P2,Pre,996552.8,996552.8,0.0,0.00498
G3_P2_M34,Pre_P2,Pre,998125.5,998125.5,0.0,0.00271
G3_P3_M34,Pre_P2,Pre,996429.0,996429.0,-0.0,0.00516
G3_P4_M34,Pre_P2,Pre,994221.0,994221.0,0.0,0.00836
G4_P1_M34,Pre_P2,Pre,993890.4,993890.4,0.0,0.00884
G4_P3_M34,Pre_P2,Pre,991002.7,991002.7,-0.0,0.01304
G4_P4_M34,Pre_P2,Pre,994850.7,994850.7,-0.0,0.00745
G5_P1_M34,Pre_P2,Pre,998468.3,998468.3,-0.0,0.00221
G5_P3_M34,Pre_P2,Pre,995885.4,995885.4,0.0,0.00595
G5_P4_M34,Pre_P2,Pre,992983.3,992983.3,-0.0,0.01016
G6_P1_M34,Pre_P2,Pre,993226.5,993226.5,-0.0,0.00981
G6_P3_M34,Pre_P2,Pre,991395.4,991395.4,0.0,0.01247
G6_P4_M34,Pre_P2,Pre,986707.0,986707.0,0.0,0.01931
G7_P1_M34,Pre_P2,Pre,994351.5,994351.5,0.0,0.00817
G7_P2_M34,Pre_P2,Pre,994991.7,994991.7,-0.0,0.00724
G7_P3_M34,Pre_P2,Pre,992369.0,992369.0,-0.0,0.01105
G7_P4_M34,Pre_P2,Pre,994802.8,994802.8,0.0,0.00752
G8_P1_M34,Pre_P2,Pre,996884.9,996884.9,0.0,0.0045
G8_P2_M34,Pre_P2,Pre,990510.7,990510.7,0.0,0.01376
G8_P4_M34,Pre_P2,Pre,995757.8,995757.8,0.0,0.00613
G9_P1_M34,Pre_P2,Pre,987859.7,987859.7,-0.0,0.01762
G9_P2_M34,Pre_P2,Pre,997071.3,997071.3,-0.0,0.00423
G9_P3_M34,Pre_P2,Pre,990469.1,990469.1,0.0,0.01382
H10_P1_M34,Pre_P2,Pre,994755.6,994755.6,0.0,0.00759
H10_P2_M34,Pre_P2,Pre,998052.4,997804.4,248.0,0.00317
H10_P3_M34,Pre_P2,Pre,994582.2,994582.2,-0.0,0.00784
H10_P4_M34,Pre_P2,Pre,993642.5,993626.6,15.9,0.00922
H11_P2_M34,Pre_P2,Pre,995905.0,995905.0,0.0,0.00592
H11_P3_M34,Pre_P2,Pre,995327.8,995327.8,-0.0,0.00676
H11_P4_M34,Pre_P2,Pre,995058.3,995058.3,0.0,0.00715
H12_P2_M34,Pre_P2,Pre,996528.0,996080.2,447.8,0.00567
H12_P3_M34,Pre_P2,Pre,996435.4,996435.4,-0.0,0.00515
H12_P4_M34,Pre_P2,Pre,995708.2,995708.2,-0.0,0.00621
H1_P1_M34,Pre_P2,Pre,995780.6,995780.6,0.0,0.0061
H1_P3_M34,Pre_P2,Pre,990625.4,990625.4,-0.0,0.01359
H1_P4_M34,Pre_P2,Pre,997794.8,997794.8,0.0,0.00318
H2_P1_M34,Pre_P2,Pre,995804.9,995804.9,-0.0,0.00606
H2_P4_M34,Pre_P2,Pre,996359.3,996359.3,-0.0,0.00526
H3_P1_M34,Pre_P2,Pre,995449.9,995449.9,0.0,0.00658
H3_P2_M34,Pre_P2,Pre,990511.8,990064.0,447.8,0.01441
H3_P3_M34,Pre_P2,Pre,996901.9,996901.9,0.0,0.00448
H3_P4_M34,Pre_P2,Pre,995976.9,995976.9,0.0,0.00582
H4_P1_M34,Pre_P2,Pre,994547.6,994547.6,-0.0,0.00789
H4_P3_M34,Pre_P2,Pre,994791.1,994776.9,14.2,0.00756
H4_P4_M34,Pre_P2,Pre,993209.1,993209.1,0.0,0.00983
H5_P1_M34,Pre_P2,Pre,994097.8,994097.8,0.0,0.00854
H5_P2_M34,Pre_P2,Pre,993483.3,993483.3,-0.0,0.00943
H5_P3_M34,Pre_P2,Pre,995593.7,995593.7,-0.0,0.00637
H5_P4_M34,Pre_P2,Pre,996922.6,996922.6,-0.0,0.00445
H6_P1_M34,Pre_P2,Pre,995813.5,995794.7,18.8,0.00608
H6_P2_M34,Pre_P2,Pre,991573.6,991573.6,0.0,0.01221
H6_P3_M34,Pre_P2,Pre,998371.1,998371.1,0.0,0.00235
H6_P4_M34,Pre_P2,Pre,993150.5,993150.5,0.0,0.00992
H7_P1_M34,Pre_P2,Pre,997542.1,997542.1,-0.0,0.00355
H7_P2_M34,Pre_P2,Pre,995672.3,995672.3,0.0,0.00626
H7_P3_M34,Pre_P2,Pre,995078.0,995078.0,-0.0,0.00712
H7_P4_M34,Pre_P2,Pre,989513.7,989513.7,-0.0,0.01521
H8_P1_M34,Pre_P2,Pre,997006.5,997006.5,-0.0,0.00433
H8_P2_M34,Pre_P2,Pre,993833.1,993833.1,0.0,0.00892
H8_P3_M34,Pre_P2,Pre,993877.5,993877.5,-0.0,0.00886
H8_P4_M34,Pre_P2,Pre,995838.2,995838.2,-0.0,0.00602
H9_P1_M34,Pre_P2,Pre,992753.3,992753.3,-0.0,0.01049
H9_P2_M34,Pre_P2,Pre,996790.7,996790.7,-0.0,0.00464
H9_P3_M34,Pre_P2,Pre,995904.5,995904.5,-0.0,0.00592
H9_P4_M34,Pre_P2,Pre,992037.1,992037.1,-0.0,0.01153
A10_P1_M39,Post_P2,Post,994897.0,994897.0,-0.0,0.00738
A10_P2_M39,Post_P2,Post,991676.2,991676.2,0.0,0.01206
A10_P4_M39,Post_P2,Post,996826.3,996826.3,-0.0,0.00459
A11_P1_M39,Post_P2,Post,992758.3,992758.3,0.0,0.01049
A11_P2_M39,Post_P2,Post,990452.4,990452.4,-0.0,0.01384
A11_P3_M39,Post_P2,Post,994218.8,992549.3,1669.5,0.01079
A11_P4_M39,Post_P2,Post,996491.5,996491.5,-0.0,0.00507
A12_P1_M39,Post_P2,Post,995395.5,995389.7,5.8,0.00667
A12_P3_M39,Post_P2,Post,993426.8,993426.8,0.0,0.00951
A12_P4_M39,Post_P2,Post,993925.5,993925.5,0.0,0.00879
A2_P1_M39,Post_P2,Post,991950.3,991950.3,-0.0,0.01166
A2_P2_M39,Post_P2,Post,991989.2,991989.2,-0.0,0.0116
A2_P3_M39,Post_P2,Post,993411.1,993411.1,0.0,0.00954
A3_P1_M39,Post_P2,Post,995306.8,995306.8,-0.0,0.00679
A3_P2_M39,Post_P2,Post,996355.4,996355.4,-0.0,0.00527
A3_P3_M39,Post_P2,Post,1000150.5,1000146.0,4.5,-0.00021
A3_P4_M39,Post_P2,Post,994592.4,994592.4,0.0,0.00782
A4_P2_M39,Post_P2,Post,993785.4,993785.4,0.0,0.00899
A4_P4_M39,Post_P2,Post,991392.2,991392.2,0.0,0.01247
A5_P3_M39,Post_P2,Post,993262.2,992940.0,322.2,0.01022
A5_P4_M39,Post_P2,Post,996068.8,996068.8,-0.0,0.00568
A6_P1_M39,Post_P2,Post,996134.9,996134.9,0.0,0.00559
A6_P4_M39,Post_P2,Post,999520.9,999483.2,37.7,0.00075
A7_P1_M39,Post_P2,Post,993601.7,993545.4,56.3,0.00934
A7_P2_M39,Post_P2,Post,997811.2,997811.2,-0.0,0.00316
A7_P3_M39,Post_P2,Post,995915.4,995915.4,-0.0,0.0059
A7_P4_M39,Post_P2,Post,995070.1,995010.1,60.0,0.00722
A8_P1_M39,Post_P2,Post,999023.8,999023.8,0.0,0.00141
A8_P2_M39,Post_P2,Post,992183.9,992183.9,-0.0,0.01132
A8_P3_M39,Post_P2,Post,995250.3,995250.3,-0.0,0.00687
A8_P4_M39,Post_P2,Post,995370.0,995370.0,-0.0,0.0067
A9_P2_M39,Post_P2,Post,993552.0,993552.0,0.0,0.00933
A9_P3_M39,Post_P2,Post,991674.7,991674.7,0.0,0.01206
A9_P4_M39,Post_P2,Post,995271.8,995271.8,0.0,0.00684
B10_P4_M39,Post_P2,Post,994282.4,994027.4,255.0,0.00864
B11_P1_M39,Post_P2,Post,989992.2,989992.2,-0.0,0.01451
B12_P1_M39,Post_P2,Post,992628.3,992628.3,0.0,0.01067
B12_P2_M39,Post_P2,Post,995773.8,995762.4,11.4,0.00613
B1_P1_M39,Post_P2,Post,993545.2,993545.2,-0.0,0.00934
B1_P2_M39,Post_P2,Post,993944.0,993926.8,17.2,0.00879
B1_P3_M39,Post_P2,Post,996536.1,996536.1,-0.0,0.00501
B1_P4_M39,Post_P2,Post,994228.2,994228.2,-0.0,0.00835
B2_P1_M39,Post_P2,Post,993286.3,993286.3,0.0,0.00972
B2_P2_M39,Post_P2,Post,994800.5,994800.5,-0.0,0.00752
B2_P3_M39,Post_P2,Post,993005.5,993005.5,0.0,0.01013
B2_P4_M39,Post_P2,Post,994488.9,994488.9,-0.0,0.00797
B3_P2_M39,Post_P2,Post,994615.6,994276.5,339.1,0.00828
B3_P3_M39,Post_P2,Post,994160.3,994160.3,0.0,0.00845
B3_P4_M39,Post_P2,Post,995809.9,995809.9,-0.0,0.00606
B4_P1_M39,Post_P2,Post,994148.3,994148.3,-0.0,0.00847
B4_P3_M39,Post_P2,Post,993075.4,990561.8,2513.6,0.01368
B5_P1_M39,Post_P2,Post,996094.1,996094.1,-0.0,0.00565
B5_P3_M39,Post_P2,Post,993958.6,993958.6,-0.0,0.00874
B5_P4_M39,Post_P2,Post,992168.0,992168.0,0.0,0.01134
B6_P1_M39,Post_P2,Post,996011.3,996011.3,0.0,0.00577
B6_P3_M39,Post_P2,Post,995306.3,995306.3,0.0,0.00679
B6_P4_M39,Post_P2,Post,995498.8,995498.8,-0.0,0.00651
B7_P1_M39,Post_P2,Post,992654.9,992654.9,-0.0,0.01064
B7_P2_M39,Post_P2,Post,994173.0,994173.0,-0.0,0.00843
B7_P3_M39,Post_P2,Post,994604.5,994604.5,0.0,0.00781
B8_P2_M39,Post_P2,Post,993598.2,993598.2,-0.0,0.00927
B8_P3_M39,Post_P2,Post,993847.3,993574.6,272.7,0.0093
B9_P3_M39,Post_P2,Post,993496.4,993496.4,-0.0,0.00941
B9_P4_M39,Post_P2,Post,995517.1,995517.1,0.0,0.00648
C10_P4_M39,Post_P2,Post,994747.6,994747.6,-0.0,0.0076
C11_P3_M39,Post_P2,Post,994893.9,994893.9,0.0,0.00739
C11_P4_M39,Post_P2,Post,992862.9,992862.9,-0.0,0.01033
C12_P1_M39,Post_P2,Post,996307.5,996307.5,-0.0,0.00534
C12_P2_M39,Post_P2,Post,996301.2,996301.2,0.0,0.00535
C12_P3_M39,Post_P2,Post,991945.0,991191.2,753.8,0.01276
C12_P4_M39,Post_P2,Post,994009.7,994009.7,-0.0,0.00867
C1_P1_M39,Post_P2,Post,991095.9,990425.5,670.4,0.01388
C1_P2_M39,Post_P2,Post,998612.0,998612.0,0.0,0.002
C1_P3_M39,Post_P2,Post,990515.6,990515.6,-0.0,0.01375
C1_P4_M39,Post_P2,Post,994241.2,994241.2,-0.0,0.00833
C2_P1_M39,Post_P2,Post,992280.3,992014.4,265.9,0.01157
C2_P3_M39,Post_P2,Post,993415.8,993415.8,0.0,0.00953
C2_P4_M39,Post_P2,Post,993560.3,993560.3,-0.0,0.00932
C3_P1_M39,Post_P2,Post,994281.8,994281.8,0.0,0.00827
C3_P2_M39,Post_P2,Post,993023.3,992014.4,1008.9,0.01157
C3_P4_M39,Post_P2,Post,994259.7,994224.0,35.7,0.00836
C4_P1_M39,Post_P2,Post,996735.6,996626.7,108.9,0.00487
C4_P2_M39,Post_P2,Post,991645.2,991635.9,9.3,0.01212
C4_P4_M39,Post_P2,Post,994666.0,994429.8,236.2,0.00806
C5_P1_M39,Post_P2,Post,991898.6,991849.7,48.9,0.01181
C5_P4_M39,Post_P2,Post,998405.1,998397.1,8.0,0.00231
C6_P1_M39,Post_P2,Post,990461.3,990461.3,-0.0,0.01383
C7_P1_M39,Post_P2,Post,993343.4,993305.8,37.6,0.00969
C7_P2_M39,Post_P2,Post,995710.4,995710.4,0.0,0.0062
C8_P1_M39,Post_P2,Post,994053.4,994053.4,-0.0,0.0086
C8_P2_M39,Post_P2,Post,996507.9,996507.9,-0.0,0.00505
C8_P4_M39,Post_P2,Post,995237.8,995237.8,0.0,0.00689
C9_P1_M39,Post_P2,Post,995921.7,995921.7,-0.0,0.0059
C9_P2_M39,Post_P2,Post,993457.3,993457.3,-0.0,0.00947
C9_P4_M39,Post_P2,Post,996295.2,996295.2,0.0,0.00535
D10_P1_M39,Post_P2,Post,994740.0,994740.0,0.0,0.00761
D10_P2_M39,Post_P2,Post,992661.1,992661.1,-0.0,0.01063
D10_P4_M39,Post_P2,Post,995110.5,995110.5,0.0,0.00707
D11_P1_M39,Post_P2,Post,992842.1,992842.1,-0.0,0.01036
D11_P2_M39,Post_P2,Post,994104.2,994104.2,0.0,0.00853
D11_P3_M39,Post_P2,Post,994907.9,994882.5,25.4,0.0074
D11_P4_M39,Post_P2,Post,994763.2,994763.2,0.0,0.00757
D12_P1_M39,Post_P2,Post,992215.5,992215.5,0.0,0.01127
D12_P2_M39,Post_P2,Post,991245.0,991245.0,-0.0,0.01269
D12_P3_M39,Post_P2,Post,993540.1,993540.1,0.0,0.00935
D12_P4_M39,Post_P2,Post,992508.0,992508.0,0.0,0.01085
D1_P1_M39,Post_P2,Post,991536.0,991536.0,-0.0,0.01226
D1_P2_M39,Post_P2,Post,996543.5,996543.5,0.0,0.005
D1_P4_M39,Post_P2,Post,990689.2,990689.2,-0.0,0.0135
D2_P1_M39,Post_P2,Post,991705.3,991596.8,108.5,0.01217
D2_P2_M39,Post_P2,Post,996181.7,996181.7,-0.0,0.00552
D3_P1_M39,Post_P2,Post,996042.7,996042.7,0.0,0.00572
D3_P2_M39,Post_P2,Post,994312.0,994198.5,113.5,0.00839
D3_P3_M39,Post_P2,Post,998536.9,998532.9,4.0,0.00212
D4_P2_M39,Post_P2,Post,994332.7,994332.7,0.0,0.0082
D4_P4_M39,Post_P2,Post,994205.3,994205.3,-0.0,0.00838
D5_P1_M39,Post_P2,Post,996648.4,996648.4,0.0,0.00484
D5_P2_M39,Post_P2,Post,987501.1,987479.2,21.9,0.01818
D5_P3_M39,Post_P2,Post,990048.8,990048.8,-0.0,0.01443
D6_P1_M39,Post_P2,Post,993878.5,993878.5,-0.0,0.00886
D6_P2_M39,Post_P2,Post,994816.3,994816.3,0.0,0.0075
D6_P3_M39,Post_P2,Post,1000110.7,1000110.7,-0.0,-0.00016
D7_P1_M39,Post_P2,Post,994155.1,994155.1,-0.0,0.00846
D7_P2_M39,Post_P2,Post,988557.3,988557.3,0.0,0.0166
D7_P4_M39,Post_P2,Post,996067.8,995447.8,620.0,0.00658
D8_P1_M39,Post_P2,Post,992558.2,992558.2,-0.0,0.01078
D8_P3_M39,Post_P2,Post,994294.5,994275.0,19.5,0.00828
D9_P1_M39,Post_P2,Post,991933.7,991933.7,-0.0,0.01168
D9_P2_M39,Post_P2,Post,995160.5,995160.5,0.0,0.007
D9_P4_M39,Post_P2,Post,997920.2,997920.2,0.0,0.003
E10_P1_M39,Post_P2,Post,989866.7,989866.7,0.0,0.01469
E10_P2_M39,Post_P2,Post,998602.3,998602.3,-0.0,0.00202
E10_P3_M39,Post_P2,Post,990287.5,990287.5,-0.0,0.01408
E10_P4_M39,Post_P2,Post,995317.1,995317.1,-0.0,0.00677
E11_P1_M39,Post_P2,Post,995016.1,995016.1,0.0,0.00721
E11_P2_M39,Post_P2,Post,997570.4,997570.4,-0.0,0.00351
E11_P3_M39,Post_P2,Post,995795.2,995795.2,0.0,0.00608
E11_P4_M39,Post_P2,Post,994310.5,994310.5,-0.0,0.00823
E12_P2_M39,Post_P2,Post,998466.7,996570.0,1896.7,0.00496
E12_P3_M39,Post_P2,Post,995254.0,995254.0,-0.0,0.00686
E12_P4_M39,Post_P2,Post,996494.5,996494.5,0.0,0.00507
E1_P1_M39,Post_P2,Post,995248.5,995248.5,0.0,0.00687
E1_P3_M39,Post_P2,Post,991989.7,991989.7,0.0,0.0116
E1_P4_M39,Post_P2,Post,993866.4,993866.4,-0.0,0.00888
E2_P1_M39,Post_P2,Post,993798.6,993798.6,-0.0,0.00897
E2_P3_M39,Post_P2,Post,992885.9,992885.9,0.0,0.0103
E2_P4_M39,Post_P2,Post,993153.8,993153.8,-0.0,0.00991
E3_P1_M39,Post_P2,Post,994635.3,994628.0,7.3,0.00777
E3_P2_M39,Post_P2,Post,997328.5,997328.5,-0.0,0.00386
E3_P3_M39,Post_P2,Post,995018.0,995018.0,-0.0,0.00721
E3_P4_M39,Post_P2,Post,995542.9,995542.9,-0.0,0.00644
E4_P1_M39,Post_P2,Post,991391.1,991388.8,2.3,0.01248
E4_P2_M39,Post_P2,Post,985180.6,985180.6,-0.0,0.02154
E4_P3_M39,Post_P2,Post,995279.7,995165.0,114.7,0.00699
E4_P4_M39,Post_P2,Post,997637.2,997460.3,176.9,0.00367
E5_P1_M39,Post_P2,Post,996468.2,996468.2,-0.0,0.0051
E5_P2_M39,Post_P2,Post,992716.3,992716.3,0.0,0.01055
E5_P4_M39,Post_P2,Post,994086.4,994086.4,-0.0,0.00856
E6_P1_M39,Post_P2,Post,993003.1,993003.1,0.0,0.01013
E6_P2_M39,Post_P2,Post,991516.9,991516.9,-0.0,0.01229
E6_P3_M39,Post_P2,Post,998321.6,998321.6,-0.0,0.00242
E7_P1_M39,Post_P2,Post,994839.5,994839.5,-0.0,0.00746
E7_P2_M39,Post_P2,Post,993593.7,993593.7,0.0,0.00927
E7_P3_M39,Post_P2,Post,996083.5,996083.5,-0.0,0.00566
E7_P4_M39,Post_P2,Post,990198.1,989697.7,500.4,0.01494
E8_P1_M39,Post_P2,Post,991536.1,991536.1,-0.0,0.01226
E8_P2_M39,Post_P2,Post,996747.2,996661.0,86.2,0.00483
E9_P2_M39,Post_P2,Post,993522.3,993522.3,-0.0,0.00938
E9_P3_M39,Post_P2,Post,996887.8,996867.2,20.6,0.00453
E9_P4_M39,Post_P2,Post,995493.9,995493.9,0.0,0.00652
F10_P1_M39,Post_P2,Post,995219.3,995219.3,-0.0,0.00691
F10_P2_M39,Post_P2,Post,996713.3,996713.3,0.0,0.00475
F10_P3_M39,Post_P2,Post,993265.7,993265.7,0.0,0.00975
F10_P4_M39,Post_P2,Post,996196.5,996196.5,-0.0,0.0055
F11_P2_M39,Post_P2,Post,995467.6,995432.5,35.1,0.0066
F11_P3_M39,Post_P2,Post,994166.2,991169.3,2996.9,0.0128
F11_P4_M39,Post_P2,Post,995597.0,995597.0,0.0,0.00637
F12_P1_M39,Post_P2,Post,994658.0,994658.0,0.0,0.00773
F12_P2_M39,Post_P2,Post,995170.9,992667.9,2503.0,0.01062
F12_P3_M39,Post_P2,Post,995045.0,995045.0,0.0,0.00717
F12_P4_M39,Post_P2,Post,991493.7,991493.7,0.0,0.01232
F1_P1_M39,Post_P2,Post,994460.1,991544.7,2915.4,0.01225
F1_P2_M39,Post_P2,Post,993865.7,993754.5,111.2,0.00904
F1_P3_M39,Post_P2,Post,994860.2,994860.2,-0.0,0.00743
F1_P4_M39,Post_P2,Post,996427.4,996427.4,0.0,0.00516
F2_P2_M39,Post_P2,Post,992333.7,992333.7,-0.0,0.0111
F2_P3_M39,Post_P2,Post,994298.5,994298.5,0.0,0.00825
F2_P4_M39,Post_P2,Post,992038.2,992038.2,0.0,0.01153
F3_P1_M39,Post_P2,Post,996223.8,996223.8,-0.0,0.00546
F3_P2_M39,Post_P2,Post,995827.9,994082.7,1745.2,0.00856
F3_P4_M39,Post_P2,Post,994818.5,994818.5,-0.0,0.00749
F4_P1_M39,Post_P2,Post,995064.2,995064.2,0.0,0.00714
F4_P2_M39,Post_P2,Post,995399.5,995399.5,0.0,0.00665
F4_P3_M39,Post_P2,Post,994091.4,994091.4,0.0,0.00855
F4_P4_M39,Post_P2,Post,993742.7,993742.7,-0.0,0.00906
F5_P1_M39,Post_P2,Post,994330.0,994330.0,-0.0,0.0082
F5_P2_M39,Post_P2,Post,993789.2,993789.2,-0.0,0.00899
F5_P3_M39,Post_P2,Post,993628.3,993628.3,0.0,0.00922
F5_P4_M39,Post_P2,Post,993511.9,993511.9,0.0,0.00939
F6_P1_M39,Post_P2,Post,991603.9,991603.9,-0.0,0.01216
F6_P3_M39,Post_P2,Post,997711.2,997711.2,-0.0,0.00331
F6_P4_M39,Post_P2,Post,992083.4,991960.7,122.7,0.01165
F7_P1_M39,Post_P2,Post,993317.3,993219.9,97.4,0.00981
F7_P2_M39,Post_P2,Post,994860.1,994860.1,0.0,0.00743
F7_P4_M39,Post_P2,Post,993459.9,993459.9,-0.0,0.00947
F8_P1_M39,Post_P2,Post,993701.9,993701.9,-0.0,0.00911
F8_P2_M39,Post_P2,Post,994990.3,994990.3,0.0,0.00725
F9_P1_M39,Post_P2,Post,989579.9,989579.9,0.0,0.01511
F9_P2_M39,Post_P2,Post,992740.0,992740.0,0.0,0.01051
F9_P3_M39,Post_P2,Post,996587.4,996568.1,19.3,0.00496
G10_P1_M39,Post_P2,Post,995326.3,995326.3,0.0,0.00676
G10_P3_M39,Post_P2,Post,996655.2,996655.2,-0.0,0.00483
G10_P4_M39,Post_P2,Post,994809.9,994809.9,-0.0,0.00751
G11_P1_M39,Post_P2,Post,996630.5,996630.5,-0.0,0.00487
G11_P2_M39,Post_P2,Post,994614.2,994614.2,-0.0,0.00779
G11_P3_M39,Post_P2,Post,991440.9,990842.4,598.5,0.01327
G11_P4_M39,Post_P2,Post,992137.3,992137.3,0.0,0.01139
G12_P1_M39,Post_P2,Post,993356.7,993356.7,0.0,0.00962
G12_P2_M39,Post_P2,Post,994815.4,994815.4,0.0,0.0075
G12_P3_M39,Post_P2,Post,994546.6,994546.6,-0.0,0.00789
G1_P1_M39,Post_P2,Post,991653.9,991640.7,13.2,0.01211
G1_P2_M39,Post_P2,Post,994022.4,994014.1,8.3,0.00866
G1_P3_M39,Post_P2,Post,993790.6,993790.6,-0.0,0.00899
G1_P4_M39,Post_P2,Post,998673.3,998673.3,0.0,0.00192
G2_P1_M39,Post_P2,Post,993445.4,993445.4,-0.0,0.00949
G2_P2_M39,Post_P2,Post,993903.8,992744.7,1159.1,0.01051
G2_P3_M39,Post_P2,Post,993801.1,992727.2,1073.9,0.01053
G2_P4_M39,Post_P2,Post,993172.9,993172.9,0.0,0.00988
G3_P1_M39,Post_P2,Post,991532.0,991295.8,236.2,0.01261
G3_P2_M39,Post_P2,Post,992776.0,992776.0,0.0,0.01046
G3_P3_M39,Post_P2,Post,994846.4,994846.4,-0.0,0.00745
G3_P4_M39,Post_P2,Post,999802.5,999794.5,8.0,0.0003
G4_P1_M39,Post_P2,Post,994826.0,994819.5,6.5,0.00749
G4_P2_M39,Post_P2,Post,995392.3,995348.7,43.6,0.00673
G4_P3_M39,Post_P2,Post,992512.2,992512.2,0.0,0.01084
G5_P1_M39,Post_P2,Post,995248.8,995248.8,0.0,0.00687
G5_P2_M39,Post_P2,Post,991845.1,991845.1,-0.0,0.01181
G5_P3_M39,Post_P2,Post,993291.4,993291.4,0.0,0.00971
G5_P4_M39,Post_P2,Post,996197.7,996194.2,3.5,0.0055
G6_P1_M39,Post_P2,Post,995564.9,995564.9,0.0,0.00641
G6_P2_M39,Post_P2,Post,995984.9,995984.9,0.0,0.0058
G7_P1_M39,Post_P2,Post,993136.2,992943.2,193.0,0.01022
G7_P2_M39,Post_P2,Post,994658.9,994658.9,0.0,0.00773
G7_P3_M39,Post_P2,Post,994869.8,994869.8,0.0,0.00742
G8_P1_M39,Post_P2,Post,996346.1,996346.1,0.0,0.00528
G8_P2_M39,Post_P2,Post,995388.7,995388.7,-0.0,0.00667
G8_P3_M39,Post_P2,Post,992335.1,990805.4,1529.7,0.01333
G9_P1_M39,Post_P2,Post,992438.1,990839.9,1598.2,0.01328
G9_P2_M39,Post_P2,Post,994400.3,994400.3,-0.0,0.0081
G9_P3_M39,Post_P2,Post,995319.7,995319.7,0.0,0.00677
G9_P4_M39,Post_P2,Post,994412.8,994412.8,0.0,0.00808
H10_P1_M39,Post_P2,Post,993917.7,993917.7,-0.0,0.0088
H10_P2_M39,Post_P2,Post,993478.0,993478.0,0.0,0.00944
H10_P3_M39,Post_P2,Post,989168.9,989168.9,0.0,0.01571
H10_P4_M39,Post_P2,Post,993670.9,993621.0,49.9,0.00923
H11_P1_M39,Post_P2,Post,994535.2,994535.2,0.0,0.00791
H11_P2_M39,Post_P2,Post,994210.0,994210.0,0.0,0.00838
H11_P3_M39,Post_P2,Post,991888.2,991888.2,0.0,0.01175
H11_P4_M39,Post_P2,Post,995075.1,994986.8,88.3,0.00725
H12_P1_M39,Post_P2,Post,995626.3,995626.3,-0.0,0.00632
H12_P2_M39,Post_P2,Post,995901.2,995901.2,-0.0,0.00593
H12_P3_M39,Post_P2,Post,994615.9,994615.9,0.0,0.00779
H12_P4_M39,Post_P2,Post,989287.0,989127.1,159.9,0.01577
H1_P2_M39,Post_P2,Post,995543.6,995543.6,-0.0,0.00644
H1_P3_M39,Post_P2,Post,994684.6,994684.6,0.0,0.00769
H1_P4_M39,Post_P2,Post,994433.1,994433.1,0.0,0.00805
H2_P2_M39,Post_P2,Post,994416.3,993156.6,1259.7,0.00991
H2_P3_M39,Post_P2,Post,993269.5,993269.5,-0.0,0.00974
H2_P4_M39,Post_P2,Post,995053.0,995042.1,10.9,0.00717
H3_P1_M39,Post_P2,Post,993354.2,993035.3,318.9,0.01008
H3_P2_M39,Post_P2,Post,994197.4,994197.4,0.0,0.0084
H3_P3_M39,Post_P2,Post,993471.4,992419.6,1051.8,0.01098
H3_P4_M39,Post_P2,Post,994887.8,994887.8,-0.0,0.00739
H4_P1_M39,Post_P2,Post,996688.7,996688.7,0.0,0.00479
H4_P2_M39,Post_P2,Post,991436.4,991436.4,-0.0,0.01241
H4_P3_M39,Post_P2,Post,993960.0,993960.0,0.0,0.00874
H4_P4_M39,Post_P2,Post,994948.4,994948.4,-0.0,0.00731
H5_P1_M39,Post_P2,Post,991985.7,991985.7,0.0,0.01161
H5_P2_M39,Post_P2,Post,996423.8,996423.8,0.0,0.00517
H5_P3_M39,Post_P2,Post,993496.8,993496.8,-0.0,0.00941
H5_P4_M39,Post_P2,Post,994686.2,994686.2,-0.0,0.00769
H6_P1_M39,Post_P2,Post,992265.4,992265.4,-0.0,0.0112
H6_P2_M39,Post_P2,Post,995047.7,994966.6,81.1,0.00728
H6_P3_M39,Post_P2,Post,994754.8,994754.8,0.0,0.00759
H6_P4_M39,Post_P2,Post,993813.0,993813.0,0.0,0.00895
H7_P1_M39,Post_P2,Post,993270.8,991822.6,1448.2,0.01185
H7_P2_M39,Post_P2,Post,992419.6,992419.6,0.0,0.01098
H7_P3_M39,Post_P2,Post,989647.7,989647.7,-0.0,0.01501
H7_P4_M39,Post_P2,Post,994830.8,994830.8,-0.0,0.00748
H8_P1_M39,Post_P2,Post,994425.0,994425.0,0.0,0.00807
H8_P2_M39,Post_P2,Post,995190.1,995190.1,0.0,0.00696
H8_P3_M39,Post_P2,Post,994084.8,994084.8,-0.0,0.00856
H8_P4_M39,Post_P2,Post,997174.1,997174.1,-0.0,0.00408
H9_P1_M39,Post_P2,Post,995338.9,995338.9,-0.0,0.00674
H9_P2_M39,Post_P2,Post,993919.7,993919.7,-0.0,0.0088
H9_P3_M39,Post_P2,Post,989813.7,989813.7,-0.0,0.01477
H9_P4_M39,Post_P2,Post,994115.9,994097.3,18.6,0.00854
A10_P1_M17,Pre_P3,Pre,989589.7,989525.4,64.3,0.01519
A10_P2_M17,Pre_P3,Pre,982772.3,982772.3,-0.0,0.02507
A10_P5_M17,Pre_P3,Pre,997399.5,993470.8,3928.7,0.00945
A10_P6_M17,Pre_P3,Pre,993810.0,993810.0,-0.0,0.00896
A11_P2_M17,Pre_P3,Pre,993690.7,993594.7,96.0,0.00927
A11_P5_M17,Pre_P3,Pre,993167.0,992312.8,854.2,0.01113
A11_P6_M17,Pre_P3,Pre,992645.6,992570.0,75.6,0.01076
A12_P1_M17,Pre_P3,Pre,995447.4,995447.4,0.0,0.00658
A12_P5_M17,Pre_P3,Pre,992149.9,992149.9,0.0,0.01137
A12_P6_M17,Pre_P3,Pre,996437.1,996437.1,0.0,0.00515
A2_P2_M17,Pre_P3,Pre,996062.4,996062.4,-0.0,0.00569
A2_P5_M17,Pre_P3,Pre,992171.4,992171.4,0.0,0.01134
A2_P6_M17,Pre_P3,Pre,996026.1,995386.2,639.9,0.00667
A3_P5_M17,Pre_P3,Pre,994748.4,994748.4,-0.0,0.0076
A3_P6_M17,Pre_P3,Pre,994478.0,994478.0,0.0,0.00799
A4_P1_M17,Pre_P3,Pre,995085.6,995034.6,51.0,0.00718
A4_P2_M17,Pre_P3,Pre,995665.8,995665.8,0.0,0.00627
A4_P5_M17,Pre_P3,Pre,997169.9,997169.9,0.0,0.00409
A5_P2_M17,Pre_P3,Pre,995493.7,995070.1,423.6,0.00713
A5_P5_M17,Pre_P3,Pre,996655.4,996655.4,-0.0,0.00483
A5_P6_M17,Pre_P3,Pre,987108.8,987108.8,0.0,0.01872
A6_P1_M17,Pre_P3,Pre,991936.1,991315.4,620.7,0.01258
A6_P2_M17,Pre_P3,Pre,994365.6,993700.3,665.3,0.00912
A6_P6_M17,Pre_P3,Pre,993851.5,993848.4,3.1,0.0089
A7_P2_M17,Pre_P3,Pre,996450.7,996420.6,30.1,0.00517
A7_P6_M17,Pre_P3,Pre,996344.6,996069.3,275.3,0.00568
A8_P5_M17,Pre_P3,Pre,993742.9,993742.9,0.0,0.00906
A8_P6_M17,Pre_P3,Pre,993114.7,992790.1,324.6,0.01044
B10_P1_M17,Pre_P3,Pre,995666.6,995664.5,2.1,0.00627
B10_P2_M17,Pre_P3,Pre,995253.2,995253.2,-0.0,0.00686
B10_P5_M17,Pre_P3,Pre,993201.9,993164.3,37.6,0.0099
B10_P6_M17,Pre_P3,Pre,994217.1,994217.1,0.0,0.00837
B11_P2_M17,Pre_P3,Pre,995127.5,995127.5,0.0,0.00705
B11_P5_M17,Pre_P3,Pre,997404.3,997404.3,-0.0,0.00375
B11_P6_M17,Pre_P3,Pre,996951.0,996951.0,-0.0,0.00441
B12_P5_M17,Pre_P3,Pre,995113.5,995113.5,-0.0,0.00707
B12_P6_M17,Pre_P3,Pre,990062.5,990062.5,-0.0,0.01441
B1_P1_M17,Pre_P3,Pre,993892.9,993892.9,-0.0,0.00884
B1_P5_M17,Pre_P3,Pre,994601.7,994601.7,0.0,0.00781
B1_P6_M17,Pre_P3,Pre,993313.4,993313.4,0.0,0.00968
B2_P5_M17,Pre_P3,Pre,997489.9,997489.9,0.0,0.00363
B2_P6_M17,Pre_P3,Pre,995147.2,995139.3,7.9,0.00703
B3_P1_M17,Pre_P3,Pre,995479.3,995479.3,0.0,0.00654
B3_P6_M17,Pre_P3,Pre,990668.6,990668.6,-0.0,0.01353
B4_P1_M17,Pre_P3,Pre,993154.5,993030.7,123.8,0.01009
B4_P2_M17,Pre_P3,Pre,992946.1,992946.1,-0.0,0.01021
B4_P6_M17,Pre_P3,Pre,994509.1,994509.1,0.0,0.00794
B5_P2_M17,Pre_P3,Pre,993261.6,993261.6,0.0,0.00975
B5_P6_M17,Pre_P3,Pre,998328.3,998328.3,0.0,0.00241
B6_P1_M17,Pre_P3,Pre,995864.5,995864.5,0.0,0.00598
B6_P2_M17,Pre_P3,Pre,995096.8,995096.8,0.0,0.00709
B7_P2_M17,Pre_P3,Pre,991499.9,990121.3,1378.6,0.01432
B8_P5_M17,Pre_P3,Pre,995252.6,995252.6,-0.0,0.00687
B8_P6_M17,Pre_P3,Pre,991867.6,991867.6,0.0,0.01178
B9_P2_M17,Pre_P3,Pre,995132.4,995132.4,-0.0,0.00704
B9_P5_M17,Pre_P3,Pre,992290.4,992290.4,-0.0,0.01117
B9_P6_M17,Pre_P3,Pre,994881.7,994851.7,30.0,0.00745
C10_P1_M17,Pre_P3,Pre,997979.3,997979.3,0.0,0.00292
C10_P2_M17,Pre_P3,Pre,989789.7,989789.7,-0.0,0.01481
C10_P5_M17,Pre_P3,Pre,995215.4,995215.4,0.0,0.00692
C10_P6_M17,Pre_P3,Pre,995446.6,995360.2,86.4,0.00671
C11_P1_M17,Pre_P3,Pre,998091.2,998091.2,-0.0,0.00276
C11_P2_M17,Pre_P3,Pre,995625.1,995625.1,-0.0,0.00633
C11_P5_M17,Pre_P3,Pre,991117.3,991117.3,-0.0,0.01287
C12_P6_M17,Pre_P3,Pre,996583.9,996583.9,0.0,0.00494
C1_P6_M17,Pre_P3,Pre,994307.8,994300.1,7.7,0.00825
C2_P1_M17,Pre_P3,Pre,993569.0,993569.0,-0.0,0.00931
C2_P2_M17,Pre_P3,Pre,987042.8,987042.8,0.0,0.01882
C2_P5_M17,Pre_P3,Pre,987137.7,987137.7,-0.0,0.01868
C3_P1_M17,Pre_P3,Pre,994206.5,994206.5,0.0,0.00838
C3_P2_M17,Pre_P3,Pre,994745.8,993791.4,954.4,0.00899
C3_P5_M17,Pre_P3,Pre,993772.0,992403.0,1369.0,0.011
C3_P6_M17,Pre_P3,Pre,994589.2,994533.7,55.5,0.00791
C4_P2_M17,Pre_P3,Pre,993019.5,993019.5,-0.0,0.01011
C4_P5_M17,Pre_P3,Pre,992721.7,991504.9,1216.8,0.01231
C5_P1_M17,Pre_P3,Pre,986291.9,986291.9,0.0,0.01991
C5_P2_M17,Pre_P3,Pre,994643.3,994643.3,0.0,0.00775
C5_P5_M17,Pre_P3,Pre,995589.0,995589.0,0.0,0.00638
C5_P6_M17,Pre_P3,Pre,995994.4,995994.4,0.0,0.00579
C6_P2_M17,Pre_P3,Pre,996738.9,996738.9,-0.0,0.00471
C6_P5_M17,Pre_P3,Pre,992082.8,992082.8,0.0,0.01147
C7_P1_M17,Pre_P3,Pre,992828.1,992828.1,-0.0,0.01038
C7_P2_M17,Pre_P3,Pre,993894.6,993894.6,-0.0,0.00884
C7_P5_M17,Pre_P3,Pre,994629.5,994610.9,18.6,0.0078
C8_P5_M17,Pre_P3,Pre,998559.4,998559.4,0.0,0.00208
C9_P2_M17,Pre_P3,Pre,982496.9,982496.9,-0.0,0.02548
C9_P6_M17,Pre_P3,Pre,995488.9,995488.9,-0.0,0.00652
D10_P1_M17,Pre_P3,Pre,992831.6,992811.2,20.4,0.01041
D10_P2_M17,Pre_P3,Pre,996311.8,996311.8,0.0,0.00533
D10_P6_M17,Pre_P3,Pre,992591.4,992591.4,-0.0,0.01073
D11_P2_M17,Pre_P3,Pre,995408.2,983415.4,11992.8,0.02413
D11_P5_M17,Pre_P3,Pre,995400.0,993491.2,1908.8,0.00942
D12_P1_M17,Pre_P3,Pre,995436.6,995436.6,0.0,0.0066
D12_P2_M17,Pre_P3,Pre,986957.7,986957.7,0.0,0.01894
D12_P5_M17,Pre_P3,Pre,997807.7,997807.7,-0.0,0.00317
D12_P6_M17,Pre_P3,Pre,992314.7,992314.7,0.0,0.01113
D1_P2_M17,Pre_P3,Pre,993420.2,993420.2,-0.0,0.00952
D1_P5_M17,Pre_P3,Pre,996220.1,996220.1,0.0,0.00546
D1_P6_M17,Pre_P3,Pre,991231.7,991231.7,0.0,0.01271
D2_P5_M17,Pre_P3,Pre,994415.7,994415.7,-0.0,0.00808
D3_P1_M17,Pre_P3,Pre,991068.1,991068.1,-0.0,0.01294
D3_P6_M17,Pre_P3,Pre,990992.8,990992.8,-0.0,0.01305
D5_P1_M17,Pre_P3,Pre,990877.2,990877.2,0.0,0.01322
D5_P6_M17,Pre_P3,Pre,984300.9,984300.9,0.0,0.02283
D6_P2_M17,Pre_P3,Pre,990998.2,990537.7,460.5,0.01372
D6_P6_M17,Pre_P3,Pre,996940.3,996940.3,-0.0,0.00442
D7_P5_M17,Pre_P3,Pre,995662.5,995662.5,0.0,0.00627
D8_P1_M17,Pre_P3,Pre,983713.5,980567.0,3146.5,0.02831
D8_P2_M17,Pre_P3,Pre,987228.0,987228.0,-0.0,0.01854
D8_P5_M17,Pre_P3,Pre,989524.2,989524.2,-0.0,0.01519
D8_P6_M17,Pre_P3,Pre,991056.2,991056.2,-0.0,0.01296
D9_P1_M17,Pre_P3,Pre,993727.6,993727.6,0.0,0.00908
D9_P2_M17,Pre_P3,Pre,989360.3,988344.4,1015.9,0.01691
D9_P5_M17,Pre_P3,Pre,997518.8,997518.8,-0.0,0.00358
D9_P6_M17,Pre_P3,Pre,990673.2,990504.1,169.1,0.01377
E10_P1_M17,Pre_P3,Pre,996125.6,996125.6,-0.0,0.0056
E10_P2_M17,Pre_P3,Pre,992131.1,991647.7,483.4,0.0121
E10_P5_M17,Pre_P3,Pre,997029.1,997029.1,-0.0,0.00429
E10_P6_M17,Pre_P3,Pre,992295.5,992283.1,12.4,0.01118
E11_P2_M17,Pre_P3,Pre,993266.2,993266.2,0.0,0.00975
E11_P6_M17,Pre_P3,Pre,993355.4,993350.6,4.8,0.00963
E12_P5_M17,Pre_P3,Pre,996183.8,996183.8,-0.0,0.00552
E12_P6_M17,Pre_P3,Pre,996210.4,996206.5,3.9,0.00548
E1_P1_M17,Pre_P3,Pre,994642.0,994642.0,-0.0,0.00775
E1_P5_M17,Pre_P3,Pre,997219.7,997219.7,0.0,0.00402
E1_P6_M17,Pre_P3,Pre,993705.8,993705.8,0.0,0.00911
E2_P2_M17,Pre_P3,Pre,994920.3,994920.3,-0.0,0.00735
E2_P5_M17,Pre_P3,Pre,995500.9,995500.9,0.0,0.00651
E2_P6_M17,Pre_P3,Pre,996589.1,996589.1,-0.0,0.00493
E3_P5_M17,Pre_P3,Pre,997261.7,997261.7,-0.0,0.00396
E4_P1_M17,Pre_P3,Pre,994139.3,993982.7,156.6,0.00871
E4_P6_M17,Pre_P3,Pre,992143.3,992143.3,0.0,0.01138
E5_P2_M17,Pre_P3,Pre,997044.3,996901.5,142.8,0.00448
E5_P5_M17,Pre_P3,Pre,990047.2,990024.6,22.6,0.01446
E6_P2_M17,Pre_P3,Pre,995104.8,994930.9,173.9,0.00733
E6_P5_M17,Pre_P3,Pre,995378.4,995378.4,0.0,0.00668
E7_P5_M17,Pre_P3,Pre,995394.1,994760.4,633.7,0.00758
E7_P6_M17,Pre_P3,Pre,994351.3,993543.3,808.0,0.00935
E8_P6_M17,Pre_P3,Pre,996329.2,996329.2,-0.0,0.00531
E9_P2_M17,Pre_P3,Pre,996149.6,996149.6,-0.0,0.00557
F10_P2_M17,Pre_P3,Pre,993637.9,993637.9,-0.0,0.00921
F10_P5_M17,Pre_P3,Pre,995798.2,995798.2,0.0,0.00607
F11_P1_M17,Pre_P3,Pre,991921.7,991921.7,0.0,0.0117
F11_P5_M17,Pre_P3,Pre,995193.1,995193.1,0.0,0.00695
F11_P6_M17,Pre_P3,Pre,995627.6,995627.6,-0.0,0.00632
F12_P6_M17,Pre_P3,Pre,995657.2,995657.2,0.0,0.00628
F1_P5_M17,Pre_P3,Pre,996047.0,996047.0,0.0,0.00571
F2_P5_M17,Pre_P3,Pre,992951.6,992929.7,21.9,0.01024
F2_P6_M17,Pre_P3,Pre,993687.4,993687.4,-0.0,0.00914
F3_P2_M17,Pre_P3,Pre,990762.8,990762.8,-0.0,0.01339
F3_P6_M17,Pre_P3,Pre,995359.2,995359.2,-0.0,0.00671
F4_P5_M17,Pre_P3,Pre,997203.8,996859.9,343.9,0.00454
F5_P5_M17,Pre_P3,Pre,989835.8,989835.8,0.0,0.01474
F5_P6_M17,Pre_P3,Pre,994741.6,994741.6,-0.0,0.00761
F6_P1_M17,Pre_P3,Pre,990743.7,990743.7,-0.0,0.01342
F6_P6_M17,Pre_P3,Pre,996232.0,996232.0,0.0,0.00545
F7_P1_M17,Pre_P3,Pre,996562.1,996562.1,0.0,0.00497
F7_P2_M17,Pre_P3,Pre,994279.7,994103.4,176.3,0.00853
F7_P5_M17,Pre_P3,Pre,988338.5,988289.0,49.5,0.017
F8_P5_M17,Pre_P3,Pre,988452.8,988452.8,0.0,0.01676
G10_P6_M17,Pre_P3,Pre,991319.1,991319.1,-0.0,0.01258
G11_P5_M17,Pre_P3,Pre,992360.2,991000.7,1359.5,0.01304
G12_P1_M17,Pre_P3,Pre,993249.3,993249.3,-0.0,0.00977
G12_P2_M17,Pre_P3,Pre,998720.9,998720.9,-0.0,0.00185
G12_P5_M17,Pre_P3,Pre,993250.9,991991.2,1259.7,0.0116
G12_P6_M17,Pre_P3,Pre,986724.2,986724.2,-0.0,0.01928
G1_P2_M17,Pre_P3,Pre,996614.1,996401.4,212.7,0.0052
G1_P5_M17,Pre_P3,Pre,986807.1,986807.1,-0.0,0.01916
G1_P6_M17,Pre_P3,Pre,993238.6,992862.2,376.4,0.01033
G2_P1_M17,Pre_P3,Pre,993492.3,993492.3,-0.0,0.00942
G2_P2_M17,Pre_P3,Pre,997457.3,997457.3,-0.0,0.00367
G2_P5_M17,Pre_P3,Pre,995899.5,995899.5,0.0,0.00593
G2_P6_M17,Pre_P3,Pre,991958.4,991958.4,0.0,0.01165
G3_P1_M17,Pre_P3,Pre,996474.3,996474.3,-0.0,0.0051
G3_P2_M17,Pre_P3,Pre,993394.2,993263.6,130.6,0.00975
G3_P5_M17,Pre_P3,Pre,995276.7,995276.7,0.0,0.00683
G4_P2_M17,Pre_P3,Pre,993049.0,993049.0,0.0,0.01006
G4_P5_M17,Pre_P3,Pre,994321.9,994321.9,0.0,0.00822
G5_P2_M17,Pre_P3,Pre,995718.4,995689.1,29.3,0.00623
G5_P5_M17,Pre_P3,Pre,990977.8,990962.3,15.5,0.0131
G5_P6_M17,Pre_P3,Pre,991761.4,991761.4,-0.0,0.01194
G6_P5_M17,Pre_P3,Pre,985858.8,985852.0,6.8,0.02056
G6_P6_M17,Pre_P3,Pre,995642.7,995642.7,-0.0,0.0063
G7_P1_M17,Pre_P3,Pre,997858.9,997854.5,4.4,0.0031
G7_P2_M17,Pre_P3,Pre,995375.0,995375.0,0.0,0.00669
G7_P6_M17,Pre_P3,Pre,995503.6,995503.6,-0.0,0.0065
G8_P1_M17,Pre_P3,Pre,992570.4,992289.3,281.1,0.01117
G8_P2_M17,Pre_P3,Pre,994176.7,993828.2,348.5,0.00893
G8_P5_M17,Pre_P3,Pre,996045.5,996045.5,-0.0,0.00572
G8_P6_M17,Pre_P3,Pre,995528.2,995528.2,0.0,0.00647
G9_P2_M17,Pre_P3,Pre,990715.2,990715.2,-0.0,0.01346
G9_P6_M17,Pre_P3,Pre,991887.4,991887.4,-0.0,0.01175
H10_P1_M17,Pre_P3,Pre,996089.1,996032.0,57.1,0.00574
H10_P2_M17,Pre_P3,Pre,991160.9,991160.9,0.0,0.01281
H10_P6_M17,Pre_P3,Pre,995790.6,995790.6,0.0,0.00609
H11_P1_M17,Pre_P3,Pre,997990.1,997990.1,-0.0,0.0029
H11_P2_M17,Pre_P3,Pre,992591.5,992591.5,0.0,0.01073
H11_P5_M17,Pre_P3,Pre,994180.2,994180.2,-0.0,0.00842
H11_P6_M17,Pre_P3,Pre,990418.8,990418.8,0.0,0.01389
H12_P2_M17,Pre_P3,Pre,995175.6,995175.6,0.0,0.00698
H12_P5_M17,Pre_P3,Pre,996915.6,996915.6,-0.0,0.00446
H1_P2_M17,Pre_P3,Pre,990240.6,990240.6,-0.0,0.01415
H2_P6_M17,Pre_P3,Pre,989637.5,989637.5,0.0,0.01503
H3_P1_M17,Pre_P3,Pre,996062.5,996062.5,-0.0,0.00569
H3_P5_M17,Pre_P3,Pre,988156.5,988156.5,-0.0,0.01719
H4_P1_M17,Pre_P3,Pre,993798.8,993798.8,-0.0,0.00897
H4_P5_M17,Pre_P3,Pre,997122.9,997122.9,-0.0,0.00416
H5_P1_M17,Pre_P3,Pre,998243.2,998105.1,138.1,0.00274
H5_P5_M17,Pre_P3,Pre,994745.7,994745.7,0.0,0.0076
H5_P6_M17,Pre_P3,Pre,990219.1,990219.1,0.0,0.01418
H6_P2_M17,Pre_P3,Pre,996751.3,996751.3,0.0,0.00469
H6_P5_M17,Pre_P3,Pre,991523.7,991523.7,0.0,0.01228
H6_P6_M17,Pre_P3,Pre,999034.3,999018.8,15.5,0.00142
H7_P5_M17,Pre_P3,Pre,990654.3,990654.3,-0.0,0.01355
H7_P6_M17,Pre_P3,Pre,996902.5,996902.5,-0.0,0.00448
H8_P5_M17,Pre_P3,Pre,994375.7,993544.9,830.8,0.00934
H8_P6_M17,Pre_P3,Pre,985124.8,985124.8,-0.0,0.02162
H9_P1_M17,Pre_P3,Pre,994503.4,994429.3,74.1,0.00806
H9_P5_M17,Pre_P3,Pre,991220.7,991220.7,-0.0,0.01272
H9_P6_M17,Pre_P3,Pre,994432.4,994432.4,0.0,0.00805
A10_P1_M23,Post_P3,Post,990954.6,990954.6,-0.0,0.01311
A10_P2_M23,Post_P3,Post,991493.8,990591.4,902.4,0.01364
A10_P3_M23,Post_P3,Post,992045.9,992045.9,0.0,0.01152
A10_P4_M23,Post_P3,Post,995414.0,995414.0,0.0,0.00663
A11_P1_M23,Post_P3,Post,994854.1,994854.1,-0.0,0.00744
A11_P2_M23,Post_P3,Post,991090.9,991090.9,-0.0,0.01291
A11_P3_M23,Post_P3,Post,997837.7,997837.7,-0.0,0.00312
A11_P4_M23,Post_P3,Post,993826.1,993826.1,0.0,0.00893
A12_P1_M23,Post_P3,Post,990026.3,990026.3,-0.0,0.01446
A12_P2_M23,Post_P3,Post,995962.6,995962.6,-0.0,0.00584
A12_P3_M23,Post_P3,Post,995165.5,995160.2,5.3,0.007
A12_P4_M23,Post_P3,Post,996833.0,996833.0,0.0,0.00458
A2_P1_M23,Post_P3,Post,990149.3,990141.2,8.1,0.01429
A2_P2_M23,Post_P3,Post,993631.1,993631.1,-0.0,0.00922
A2_P3_M23,Post_P3,Post,989741.3,989226.3,515.0,0.01563
A2_P4_M23,Post_P3,Post,995342.0,995342.0,0.0,0.00674
A3_P1_M23,Post_P3,Post,996756.8,996756.8,0.0,0.00469
A3_P2_M23,Post_P3,Post,994716.9,994716.9,0.0,0.00764
A3_P3_M23,Post_P3,Post,992918.9,992918.9,0.0,0.01025
A3_P4_M23,Post_P3,Post,995986.5,995982.4,4.1,0.00581
A4_P1_M23,Post_P3,Post,992938.9,992938.9,0.0,0.01022
A4_P2_M23,Post_P3,Post,996528.3,995889.2,639.1,0.00594
A4_P3_M23,Post_P3,Post,995169.6,995166.6,3.0,0.00699
A4_P4_M23,Post_P3,Post,992616.5,992616.5,-0.0,0.01069
A5_P1_M23,Post_P3,Post,993603.0,993603.0,0.0,0.00926
A5_P2_M23,Post_P3,Post,989762.2,987942.8,1819.4,0.0175
A5_P3_M23,Post_P3,Post,986266.6,984353.4,1913.2,0.02275
A6_P1_M23,Post_P3,Post,994024.3,994024.3,-0.0,0.00865
A6_P2_M23,Post_P3,Post,994670.8,991915.7,2755.1,0.01171
A6_P3_M23,Post_P3,Post,992476.3,991748.2,728.1,0.01195
A6_P4_M23,Post_P3,Post,990636.6,990636.6,0.0,0.01357
A7_P2_M23,Post_P3,Post,993525.7,993525.7,-0.0,0.00937
A7_P3_M23,Post_P3,Post,994120.5,994120.5,-0.0,0.00851
A7_P4_M23,Post_P3,Post,995731.6,995731.6,-0.0,0.00617
A8_P1_M23,Post_P3,Post,994532.7,994520.0,12.7,0.00793
A8_P2_M23,Post_P3,Post,995862.5,995862.5,-0.0,0.00598
A8_P3_M23,Post_P3,Post,996083.7,996083.7,-0.0,0.00566
A8_P4_M23,Post_P3,Post,994985.7,994511.4,474.3,0.00794
A9_P1_M23,Post_P3,Post,997234.0,997047.6,186.4,0.00427
A9_P2_M23,Post_P3,Post,988038.4,988038.4,0.0,0.01736
A9_P3_M23,Post_P3,Post,993897.3,992916.0,981.3,0.01026
A9_P4_M23,Post_P3,Post,993291.5,993291.5,0.0,0.00971
B10_P1_M23,Post_P3,Post,995044.4,995044.4,0.0,0.00717
B10_P2_M23,Post_P3,Post,994511.9,994490.8,21.1,0.00797
B10_P3_M23,Post_P3,Post,990056.1,990056.1,-0.0,0.01442
B10_P4_M23,Post_P3,Post,992160.4,991368.5,791.9,0.01251
B11_P1_M23,Post_P3,Post,994978.8,994978.8,0.0,0.00726
B11_P2_M23,Post_P3,Post,987842.0,987842.0,-0.0,0.01765
B11_P3_M23,Post_P3,Post,995362.2,995362.2,-0.0,0.00671
B11_P4_M23,Post_P3,Post,991324.3,991324.3,0.0,0.01257
B12_P1_M23,Post_P3,Post,992829.9,992818.0,11.9,0.0104
B12_P2_M23,Post_P3,Post,992148.9,992148.9,-0.0,0.01137
B12_P3_M23,Post_P3,Post,990908.4,990789.1,119.3,0.01335
B12_P4_M23,Post_P3,Post,995980.1,995980.1,-0.0,0.00581
B1_P1_M23,Post_P3,Post,995456.5,995456.5,0.0,0.00657
B1_P2_M23,Post_P3,Post,992341.9,992341.9,0.0,0.01109
B1_P3_M23,Post_P3,Post,997361.4,997361.4,-0.0,0.00381
B1_P4_M23,Post_P3,Post,991625.8,991625.8,-0.0,0.01213
B2_P1_M23,Post_P3,Post,993349.3,993349.3,0.0,0.00963
B2_P2_M23,Post_P3,Post,997050.0,997050.0,-0.0,0.00426
B2_P3_M23,Post_P3,Post,989106.5,988509.3,597.2,0.01667
B2_P4_M23,Post_P3,Post,996845.4,996845.4,0.0,0.00456
B3_P1_M23,Post_P3,Post,994192.6,993111.2,1081.4,0.00997
B3_P2_M23,Post_P3,Post,991229.7,991222.0,7.7,0.01272
B3_P3_M23,Post_P3,Post,993790.2,993699.4,90.8,0.00912
B3_P4_M23,Post_P3,Post,995896.2,995896.2,0.0,0.00593
B4_P1_M23,Post_P3,Post,996065.1,996065.1,0.0,0.00569
B4_P2_M23,Post_P3,Post,993247.8,992280.1,967.7,0.01118
B4_P3_M23,Post_P3,Post,994395.9,994395.9,0.0,0.00811
B4_P4_M23,Post_P3,Post,992925.5,992889.8,35.7,0.01029
B5_P1_M23,Post_P3,Post,994167.8,994167.8,-0.0,0.00844
B5_P2_M23,Post_P3,Post,994580.2,994580.2,-0.0,0.00784
B5_P3_M23,Post_P3,Post,992225.7,992214.6,11.1,0.01128
B5_P4_M23,Post_P3,Post,996575.2,996575.2,-0.0,0.00495
B6_P1_M23,Post_P3,Post,993392.8,993392.8,0.0,0.00956
B6_P2_M23,Post_P3,Post,993529.7,993500.1,29.6,0.00941
B6_P3_M23,Post_P3,Post,994763.7,994707.1,56.6,0.00766
B6_P4_M23,Post_P3,Post,993507.0,992985.3,521.7,0.01016
B7_P2_M23,Post_P3,Post,994265.1,994265.1,0.0,0.0083
B7_P3_M23,Post_P3,Post,991378.9,990705.0,673.9,0.01347
B7_P4_M23,Post_P3,Post,994204.8,994204.8,0.0,0.00839
B8_P1_M23,Post_P3,Post,996259.6,994349.8,1909.8,0.00817
B8_P2_M23,Post_P3,Post,992523.4,992523.4,-0.0,0.01083
B8_P3_M23,Post_P3,Post,993936.3,993936.3,0.0,0.00877
B8_P4_M23,Post_P3,Post,993489.2,993489.2,0.0,0.00942
B9_P1_M23,Post_P3,Post,993200.4,993200.4,0.0,0.00984
B9_P2_M23,Post_P3,Post,994465.8,994465.8,0.0,0.00801
B9_P3_M23,Post_P3,Post,992238.9,992238.9,0.0,0.01124
B9_P4_M23,Post_P3,Post,992603.3,992603.3,0.0,0.01071
C10_P1_M23,Post_P3,Post,994410.1,994410.1,0.0,0.00809
C10_P2_M23,Post_P3,Post,996054.2,996054.2,0.0,0.0057
C10_P3_M23,Post_P3,Post,994327.7,994327.7,-0.0,0.00821
C10_P4_M23,Post_P3,Post,994036.8,994036.8,0.0,0.00863
C11_P1_M23,Post_P3,Post,994896.0,994896.0,-0.0,0.00738
C11_P2_M23,Post_P3,Post,994002.9,993920.0,82.9,0.0088
C11_P3_M23,Post_P3,Post,997148.5,997148.5,0.0,0.00412
C11_P4_M23,Post_P3,Post,991456.9,991383.4,73.5,0.01248
C12_P1_M23,Post_P3,Post,995900.7,995900.7,-0.0,0.00593
C12_P2_M23,Post_P3,Post,996713.3,996713.3,-0.0,0.00475
C12_P3_M23,Post_P3,Post,996539.4,996539.4,-0.0,0.005
C12_P4_M23,Post_P3,Post,997672.2,997666.9,5.3,0.00337
C1_P1_M23,Post_P3,Post,992591.8,992591.8,0.0,0.01073
C1_P2_M23,Post_P3,Post,995997.4,995979.3,18.1,0.00581
C1_P3_M23,Post_P3,Post,993418.8,993418.8,-0.0,0.00953
C1_P4_M23,Post_P3,Post,990233.4,990233.4,-0.0,0.01416
C2_P1_M23,Post_P3,Post,995139.4,995139.4,-0.0,0.00703
C2_P2_M23,Post_P3,Post,997201.2,997194.4,6.8,0.00405
C2_P3_M23,Post_P3,Post,999629.6,999629.6,-0.0,0.00053
C2_P4_M23,Post_P3,Post,994800.4,993812.4,988.0,0.00895
C3_P1_M23,Post_P3,Post,990296.1,990296.1,-0.0,0.01407
C3_P2_M23,Post_P3,Post,991932.6,988571.9,3360.7,0.01658
C3_P3_M23,Post_P3,Post,988802.0,988802.0,0.0,0.01625
C4_P1_M23,Post_P3,Post,993831.1,993831.1,-0.0,0.00893
C4_P3_M23,Post_P3,Post,989580.8,989580.8,-0.0,0.01511
C4_P4_M23,Post_P3,Post,992440.4,991691.8,748.6,0.01204
C5_P3_M23,Post_P3,Post,993830.7,993830.7,-0.0,0.00893
C5_P4_M23,Post_P3,Post,992135.0,992135.0,-0.0,0.01139
C6_P2_M23,Post_P3,Post,996482.1,996343.0,139.1,0.00529
C6_P3_M23,Post_P3,Post,997059.4,997059.4,0.0,0.00425
C6_P4_M23,Post_P3,Post,995418.1,995418.1,-0.0,0.00663
C7_P3_M23,Post_P3,Post,991220.1,991220.1,0.0,0.01272
C7_P4_M23,Post_P3,Post,993840.8,993840.8,-0.0,0.00891
C8_P1_M23,Post_P3,Post,992918.4,992918.4,0.0,0.01025
C8_P2_M23,Post_P3,Post,991002.2,991002.2,0.0,0.01304
C8_P3_M23,Post_P3,Post,996213.8,994766.7,1447.1,0.00757
C8_P4_M23,Post_P3,Post,993807.6,993781.1,26.5,0.009
C9_P1_M23,Post_P3,Post,994169.3,994169.3,-0.0,0.00844
C9_P2_M23,Post_P3,Post,994878.4,994878.4,0.0,0.00741
C9_P3_M23,Post_P3,Post,992115.1,991911.0,204.1,0.01172
C9_P4_M23,Post_P3,Post,996714.6,995547.5,1167.1,0.00644
D10_P1_M23,Post_P3,Post,995405.7,995405.7,0.0,0.00664
D10_P2_M23,Post_P3,Post,994383.6,994383.6,0.0,0.00813
D10_P3_M23,Post_P3,Post,988151.3,988151.3,-0.0,0.0172
D10_P4_M23,Post_P3,Post,993373.3,993345.4,27.9,0.00963
D11_P1_M23,Post_P3,Post,992129.2,992129.2,0.0,0.0114
D11_P2_M23,Post_P3,Post,995947.3,995947.3,0.0,0.00586
D11_P3_M23,Post_P3,Post,991046.4,991046.4,0.0,0.01298
D11_P4_M23,Post_P3,Post,995437.4,995314.8,122.6,0.00678
D12_P1_M23,Post_P3,Post,995470.5,995470.5,-0.0,0.00655
D12_P2_M23,Post_P3,Post,993162.5,991500.0,1662.5,0.01232
D12_P3_M23,Post_P3,Post,989679.0,989679.0,-0.0,0.01497
D12_P4_M23,Post_P3,Post,993836.6,993836.6,0.0,0.00892
D1_P1_M23,Post_P3,Post,995307.2,995307.2,-0.0,0.00679
D1_P2_M23,Post_P3,Post,992060.0,992060.0,-0.0,0.0115
D1_P3_M23,Post_P3,Post,996070.9,996070.9,0.0,0.00568
D1_P4_M23,Post_P3,Post,994525.3,994525.3,0.0,0.00792
D2_P1_M23,Post_P3,Post,994038.2,994038.2,0.0,0.00863
D2_P2_M23,Post_P3,Post,990501.3,990417.8,83.5,0.01389
D2_P3_M23,Post_P3,Post,992088.6,991533.1,555.5,0.01227
D2_P4_M23,Post_P3,Post,994782.2,994782.2,0.0,0.00755
D3_P1_M23,Post_P3,Post,995912.0,995912.0,0.0,0.00591
D3_P2_M23,Post_P3,Post,992334.6,992334.6,-0.0,0.0111
D3_P3_M23,Post_P3,Post,983509.6,981174.4,2335.2,0.02742
D3_P4_M23,Post_P3,Post,994740.8,994740.8,-0.0,0.00761
D4_P1_M23,Post_P3,Post,992287.2,990806.6,1480.6,0.01332
D4_P2_M23,Post_P3,Post,993896.6,993896.6,-0.0,0.00883
D4_P4_M23,Post_P3,Post,995016.8,995016.8,-0.0,0.00721
D5_P1_M23,Post_P3,Post,987081.7,987081.7,0.0,0.01876
D5_P2_M23,Post_P3,Post,993779.0,993779.0,0.0,0.009
D5_P3_M23,Post_P3,Post,995904.3,995904.3,-0.0,0.00592
D5_P4_M23,Post_P3,Post,995962.4,995962.4,-0.0,0.00584
D6_P1_M23,Post_P3,Post,984023.6,983830.6,193.0,0.02352
D6_P2_M23,Post_P3,Post,994082.1,994082.1,-0.0,0.00856
D6_P3_M23,Post_P3,Post,996164.8,996164.8,-0.0,0.00554
D6_P4_M23,Post_P3,Post,994164.0,994164.0,-0.0,0.00844
D7_P1_M23,Post_P3,Post,997090.5,996387.2,703.3,0.00522
D7_P2_M23,Post_P3,Post,994021.2,994021.2,0.0,0.00865
D7_P3_M23,Post_P3,Post,995729.2,995729.2,-0.0,0.00617
D7_P4_M23,Post_P3,Post,991390.1,990453.2,936.9,0.01384
D8_P1_M23,Post_P3,Post,993552.7,993552.7,-0.0,0.00933
D8_P2_M23,Post_P3,Post,995986.2,995986.2,0.0,0.0058
D8_P3_M23,Post_P3,Post,989526.2,989526.2,0.0,0.01519
D8_P4_M23,Post_P3,Post,989583.8,989583.8,-0.0,0.01511
D9_P1_M23,Post_P3,Post,994548.0,994534.6,13.4,0.00791
D9_P2_M23,Post_P3,Post,995553.1,995553.1,-0.0,0.00643
D9_P3_M23,Post_P3,Post,990847.2,989852.2,995.0,0.01471
D9_P4_M23,Post_P3,Post,995364.9,995364.9,0.0,0.0067
E10_P1_M23,Post_P3,Post,996029.6,996029.6,0.0,0.00574
E10_P2_M23,Post_P3,Post,993753.0,993326.5,426.5,0.00966
E10_P3_M23,Post_P3,Post,992865.1,992865.1,-0.0,0.01033
E10_P4_M23,Post_P3,Post,992018.4,991956.3,62.1,0.01165
E11_P1_M23,Post_P3,Post,995106.4,995096.7,9.7,0.00709
E11_P2_M23,Post_P3,Post,997182.0,997182.0,0.0,0.00407
E11_P3_M23,Post_P3,Post,995558.5,995558.5,-0.0,0.00642
E11_P4_M23,Post_P3,Post,994989.8,994989.8,-0.0,0.00725
E12_P1_M23,Post_P3,Post,992888.5,991056.5,1832.0,0.01296
E12_P2_M23,Post_P3,Post,993533.2,993533.2,0.0,0.00936
E12_P3_M23,Post_P3,Post,988254.9,986637.9,1617.0,0.01941
E12_P4_M23,Post_P3,Post,986844.7,986844.7,-0.0,0.01911
E1_P1_M23,Post_P3,Post,995895.4,994500.8,1394.6,0.00796
E1_P2_M23,Post_P3,Post,994516.5,994516.5,-0.0,0.00793
E1_P3_M23,Post_P3,Post,995020.2,994569.3,450.9,0.00786
E1_P4_M23,Post_P3,Post,993683.6,993683.6,-0.0,0.00914
E2_P1_M23,Post_P3,Post,993534.2,993534.2,-0.0,0.00936
E2_P2_M23,Post_P3,Post,993976.2,993976.2,0.0,0.00872
E2_P3_M23,Post_P3,Post,993388.8,993388.8,-0.0,0.00957
E2_P4_M23,Post_P3,Post,993919.7,993919.7,-0.0,0.0088
E3_P1_M23,Post_P3,Post,995657.7,995657.7,-0.0,0.00628
E3_P2_M23,Post_P3,Post,994101.1,994101.1,-0.0,0.00854
E3_P4_M23,Post_P3,Post,993730.4,993730.4,-0.0,0.00907
E4_P1_M23,Post_P3,Post,989252.0,989252.0,-0.0,0.01559
E4_P2_M23,Post_P3,Post,995522.4,995522.4,0.0,0.00647
E4_P3_M23,Post_P3,Post,990893.7,990893.7,-0.0,0.0132
E4_P4_M23,Post_P3,Post,992828.2,992828.2,-0.0,0.01038
E5_P1_M23,Post_P3,Post,992468.3,992468.3,0.0,0.01091
E5_P2_M23,Post_P3,Post,992829.7,992781.6,48.1,0.01045
E5_P3_M23,Post_P3,Post,995086.7,995086.7,0.0,0.00711
E5_P4_M23,Post_P3,Post,993144.3,993144.3,-0.0,0.00992
E6_P1_M23,Post_P3,Post,995023.0,995023.0,0.0,0.0072
E6_P2_M23,Post_P3,Post,995778.1,995778.1,-0.0,0.0061
E6_P3_M23,Post_P3,Post,994703.8,994703.8,-0.0,0.00766
E6_P4_M23,Post_P3,Post,1000070.3,1000070.3,0.0,-0.0001
E7_P1_M23,Post_P3,Post,990455.1,990455.1,0.0,0.01384
E7_P2_M23,Post_P3,Post,996469.2,996469.2,0.0,0.0051
E7_P3_M23,Post_P3,Post,987539.7,987507.5,32.2,0.01814
E7_P4_M23,Post_P3,Post,995029.7,994461.6,568.1,0.00801
E8_P1_M23,Post_P3,Post,994109.8,994109.8,-0.0,0.00852
E8_P2_M23,Post_P3,Post,994597.5,994597.5,0.0,0.00782
E8_P4_M23,Post_P3,Post,990708.6,990708.6,-0.0,0.01347
E9_P1_M23,Post_P3,Post,990194.9,989737.0,457.9,0.01488
E9_P2_M23,Post_P3,Post,996661.0,996652.8,8.2,0.00484
E9_P3_M23,Post_P3,Post,991493.4,991248.8,244.6,0.01268
F10_P1_M23,Post_P3,Post,993561.6,993555.3,6.3,0.00933
F10_P2_M23,Post_P3,Post,994293.8,994293.8,-0.0,0.00826
F10_P3_M23,Post_P3,Post,995066.1,995066.1,-0.0,0.00714
F10_P4_M23,Post_P3,Post,993684.4,993618.2,66.2,0.00924
F11_P1_M23,Post_P3,Post,994174.2,994174.2,-0.0,0.00843
F11_P2_M23,Post_P3,Post,996974.6,996974.6,-0.0,0.00437
F11_P3_M23,Post_P3,Post,992894.7,992894.7,0.0,0.01029
F11_P4_M23,Post_P3,Post,995842.1,995842.1,-0.0,0.00601
F12_P1_M23,Post_P3,Post,996883.8,996883.8,-0.0,0.0045
F12_P2_M23,Post_P3,Post,989728.6,989728.6,0.0,0.0149
F12_P3_M23,Post_P3,Post,995610.3,995610.3,-0.0,0.00635
F12_P4_M23,Post_P3,Post,996846.5,995956.0,890.5,0.00585
F1_P1_M23,Post_P3,Post,994149.5,994149.5,-0.0,0.00847
F1_P2_M23,Post_P3,Post,996712.5,996705.5,7.0,0.00476
F1_P3_M23,Post_P3,Post,994908.2,994908.2,0.0,0.00736
F1_P4_M23,Post_P3,Post,994480.4,994480.4,0.0,0.00799
F2_P1_M23,Post_P3,Post,995096.1,995096.1,0.0,0.00709
F2_P3_M23,Post_P3,Post,992766.3,992766.3,0.0,0.01047
F2_P4_M23,Post_P3,Post,993126.7,993126.7,-0.0,0.00995
F3_P1_M23,Post_P3,Post,993861.9,993861.9,0.0,0.00888
F3_P2_M23,Post_P3,Post,994438.1,994438.1,0.0,0.00805
F3_P4_M23,Post_P3,Post,991256.9,991256.9,0.0,0.01267
F4_P1_M23,Post_P3,Post,994091.6,994091.6,-0.0,0.00855
F4_P2_M23,Post_P3,Post,994608.4,994608.4,0.0,0.0078
F4_P4_M23,Post_P3,Post,994214.9,994214.9,-0.0,0.00837
F5_P1_M23,Post_P3,Post,996334.6,996334.6,0.0,0.0053
F5_P2_M23,Post_P3,Post,993093.9,993093.9,-0.0,0.01
F5_P3_M23,Post_P3,Post,991660.2,991660.2,-0.0,0.01208
F5_P4_M23,Post_P3,Post,994881.7,994786.4,95.3,0.00754
F6_P1_M23,Post_P3,Post,993404.3,993177.7,226.6,0.00988
F6_P2_M23,Post_P3,Post,995809.8,995809.8,0.0,0.00606
F6_P3_M23,Post_P3,Post,996768.9,996768.9,0.0,0.00467
F6_P4_M23,Post_P3,Post,992426.6,991863.4,563.2,0.01179
F7_P1_M23,Post_P3,Post,993534.0,993354.0,180.0,0.00962
F7_P2_M23,Post_P3,Post,990879.7,990879.7,-0.0,0.01322
F7_P3_M23,Post_P3,Post,989681.2,989001.9,679.3,0.01595
F7_P4_M23,Post_P3,Post,992650.0,991309.2,1340.8,0.01259
F8_P1_M23,Post_P3,Post,992407.3,992407.3,0.0,0.011
F8_P2_M23,Post_P3,Post,987981.5,987974.7,6.8,0.01745
F8_P3_M23,Post_P3,Post,993639.0,993639.0,-0.0,0.00921
F8_P4_M23,Post_P3,Post,991948.5,991948.5,0.0,0.01166
F9_P1_M23,Post_P3,Post,991059.4,991059.4,0.0,0.01296
F9_P2_M23,Post_P3,Post,994454.5,994454.5,-0.0,0.00802
F9_P3_M23,Post_P3,Post,990225.7,990206.9,18.8,0.0142
F9_P4_M23,Post_P3,Post,992176.2,992176.2,0.0,0.01133
G10_P2_M23,Post_P3,Post,991873.9,991873.9,-0.0,0.01177
G10_P3_M23,Post_P3,Post,990623.3,990623.3,-0.0,0.01359
G10_P4_M23,Post_P3,Post,992844.3,992844.3,-0.0,0.01036
G11_P2_M23,Post_P3,Post,995697.3,995697.3,-0.0,0.00622
G11_P3_M23,Post_P3,Post,994751.1,994751.1,0.0,0.00759
G11_P4_M23,Post_P3,Post,993929.7,993929.7,0.0,0.00878
G12_P1_M23,Post_P3,Post,994013.4,994013.4,0.0,0.00866
G12_P2_M23,Post_P3,Post,994557.3,994557.3,-0.0,0.00787
G12_P3_M23,Post_P3,Post,997924.0,997924.0,-0.0,0.003
G12_P4_M23,Post_P3,Post,993313.7,993313.7,0.0,0.00968
G1_P1_M23,Post_P3,Post,995996.9,995996.9,0.0,0.00579
G1_P2_M23,Post_P3,Post,995623.7,993272.2,2351.5,0.00974
G1_P3_M23,Post_P3,Post,997301.7,997301.7,0.0,0.0039
G1_P4_M23,Post_P3,Post,990019.9,990019.9,0.0,0.01447
G2_P1_M23,Post_P3,Post,990967.2,990967.2,0.0,0.01309
G2_P2_M23,Post_P3,Post,994202.1,994202.1,-0.0,0.00839
G2_P3_M23,Post_P3,Post,993952.1,993952.1,0.0,0.00875
G2_P4_M23,Post_P3,Post,993172.5,993172.5,-0.0,0.00988
G3_P1_M23,Post_P3,Post,996529.8,996527.1,2.7,0.00502
G3_P2_M23,Post_P3,Post,993852.4,993852.4,-0.0,0.0089
G3_P3_M23,Post_P3,Post,996680.1,996680.1,-0.0,0.0048
G3_P4_M23,Post_P3,Post,996149.9,996149.9,0.0,0.00557
G4_P1_M23,Post_P3,Post,994506.8,994506.8,0.0,0.00795
G4_P2_M23,Post_P3,Post,997480.6,997480.6,0.0,0.00364
G4_P4_M23,Post_P3,Post,989183.0,989183.0,-0.0,0.01569
G5_P1_M23,Post_P3,Post,994648.3,994648.3,0.0,0.00774
G5_P2_M23,Post_P3,Post,995865.8,995865.8,0.0,0.00598
G5_P3_M23,Post_P3,Post,991983.3,991983.3,-0.0,0.01161
G6_P1_M23,Post_P3,Post,992411.2,992411.2,-0.0,0.01099
G6_P2_M23,Post_P3,Post,992975.4,992975.4,-0.0,0.01017
G6_P3_M23,Post_P3,Post,996234.5,996234.5,0.0,0.00544
G6_P4_M23,Post_P3,Post,992631.0,992109.3,521.7,0.01143
G7_P1_M23,Post_P3,Post,994811.3,994584.8,226.5,0.00783
G7_P2_M23,Post_P3,Post,994971.0,994411.7,559.3,0.00808
G7_P3_M23,Post_P3,Post,994087.3,993322.9,764.4,0.00967
G7_P4_M23,Post_P3,Post,993569.5,993354.8,214.7,0.00962
G8_P1_M23,Post_P3,Post,997862.9,997862.9,0.0,0.00309
G8_P2_M23,Post_P3,Post,995380.7,995380.7,0.0,0.00668
G8_P3_M23,Post_P3,Post,994335.6,994335.6,-0.0,0.0082
G8_P4_M23,Post_P3,Post,993909.5,993909.5,-0.0,0.00881
G9_P1_M23,Post_P3,Post,996896.6,996896.6,0.0,0.00448
G9_P2_M23,Post_P3,Post,991523.1,991523.1,0.0,0.01228
G9_P3_M23,Post_P3,Post,993800.8,993799.4,1.4,0.00897
G9_P4_M23,Post_P3,Post,995652.8,995652.8,0.0,0.00629
H10_P1_M23,Post_P3,Post,995145.5,995145.5,-0.0,0.00702
H10_P2_M23,Post_P3,Post,993713.7,993713.7,-0.0,0.0091
H10_P3_M23,Post_P3,Post,995294.7,995273.0,21.7,0.00684
H10_P4_M23,Post_P3,Post,993120.8,993120.8,0.0,0.00996
H11_P1_M23,Post_P3,Post,992738.2,992738.2,-0.0,0.01051
H11_P2_M23,Post_P3,Post,994476.2,994476.2,0.0,0.00799
H11_P3_M23,Post_P3,Post,996865.2,996865.2,0.0,0.00453
H11_P4_M23,Post_P3,Post,994319.5,993929.8,389.7,0.00878
H12_P1_M23,Post_P3,Post,992084.5,992084.5,-0.0,0.01147
H12_P2_M23,Post_P3,Post,994930.4,994607.4,323.0,0.0078
H12_P3_M23,Post_P3,Post,989062.2,987440.5,1621.7,0.01823
H12_P4_M23,Post_P3,Post,991472.6,991472.6,-0.0,0.01236
H1_P1_M23,Post_P3,Post,993009.3,993009.3,0.0,0.01012
H1_P2_M23,Post_P3,Post,989622.2,989622.2,0.0,0.01505
H1_P3_M23,Post_P3,Post,993270.9,993263.7,7.2,0.00975
H1_P4_M23,Post_P3,Post,993674.2,992826.0,848.2,0.01039
H2_P1_M23,Post_P3,Post,993459.0,993459.0,-0.0,0.00947
H2_P2_M23,Post_P3,Post,994194.1,994194.1,0.0,0.0084
H2_P3_M23,Post_P3,Post,995099.8,995099.8,0.0,0.00709
H2_P4_M23,Post_P3,Post,994622.9,994622.9,-0.0,0.00778
H3_P1_M23,Post_P3,Post,996061.0,995820.1,240.9,0.00604
H3_P2_M23,Post_P3,Post,996696.4,996678.3,18.1,0.0048
H3_P3_M23,Post_P3,Post,994567.7,994519.5,48.2,0.00793
H3_P4_M23,Post_P3,Post,995106.3,995106.3,0.0,0.00708
H4_P1_M23,Post_P3,Post,992771.3,992771.3,-0.0,0.01047
H4_P4_M23,Post_P3,Post,991908.1,991908.1,-0.0,0.01172
H5_P1_M23,Post_P3,Post,996071.7,995527.8,543.9,0.00647
H5_P2_M23,Post_P3,Post,991737.4,991316.8,420.6,0.01258
H5_P3_M23,Post_P3,Post,993962.1,993962.1,-0.0,0.00874
H6_P1_M23,Post_P3,Post,993865.6,993865.6,0.0,0.00888
H6_P2_M23,Post_P3,Post,992599.0,992599.0,0.0,0.01072
H6_P3_M23,Post_P3,Post,994327.9,994314.3,13.6,0.00823
H7_P1_M23,Post_P3,Post,990165.6,990165.6,-0.0,0.01426
H7_P2_M23,Post_P3,Post,995445.2,995445.2,0.0,0.00659
H7_P3_M23,Post_P3,Post,994284.6,994237.8,46.8,0.00834
H7_P4_M23,Post_P3,Post,992396.4,992104.8,291.6,0.01144
H8_P1_M23,Post_P3,Post,993461.1,993461.1,-0.0,0.00946
H8_P2_M23,Post_P3,Post,991706.6,991706.6,-0.0,0.01201
H8_P3_M23,Post_P3,Post,992095.4,992030.1,65.3,0.01154
H8_P4_M23,Post_P3,Post,992578.8,992578.8,0.0,0.01075
H9_P1_M23,Post_P3,Post,996643.5,996643.5,0.0,0.00485
H9_P2_M23,Post_P3,Post,996272.9,996272.9,-0.0,0.00539
H9_P3_M23,Post_P3,Post,993447.8,993447.8,-0.0,0.00948
H9_P4_M23,Post_P3,Post,995495.4,995495.4,-0.0,0.00651
A10_P6_M36_L001,Post_P3_2,Post,995335.3,995335.3,0.0,0.00675
A10_P7_M36_L001,Post_P3_2,Post,996698.1,996698.1,0.0,0.00477
A10_P8_M36_L001,Post_P3_2,Post,993691.1,993610.5,80.6,0.00925
A10_P9_M36_L001,Post_P3_2,Post,994352.6,994280.4,72.2,0.00828
A11_P6_M36_L001,Post_P3_2,Post,995721.6,995721.6,0.0,0.00619
A11_P7_M36_L001,Post_P3_2,Post,995671.8,995671.8,0.0,0.00626
A11_P8_M36_L001,Post_P3_2,Post,985154.4,985154.4,0.0,0.02158
A11_P9_M36_L001,Post_P3_2,Post,993958.0,993958.0,-0.0,0.00874
A12_P6_M36_L001,Post_P3_2,Post,995652.2,994600.4,1051.8,0.00781
A12_P7_M36_L001,Post_P3_2,Post,994325.6,994325.6,-0.0,0.00821
A12_P8_M36_L001,Post_P3_2,Post,994803.8,994803.8,0.0,0.00752
A12_P9_M36_L001,Post_P3_2,Post,993939.2,993939.2,-0.0,0.00877
A2_P7_M36_L001,Post_P3_2,Post,989304.0,988826.9,477.1,0.01621
A3_P6_M36_L001,Post_P3_2,Post,995929.5,995929.5,-0.0,0.00588
A3_P7_M36_L001,Post_P3_2,Post,998116.9,997636.8,480.1,0.00341
A3_P8_M36_L001,Post_P3_2,Post,995492.6,995492.6,-0.0,0.00652
A3_P9_M36_L001,Post_P3_2,Post,991139.5,991139.5,-0.0,0.01284
A4_P6_M36_L001,Post_P3_2,Post,992038.1,992038.1,0.0,0.01153
A4_P7_M36_L001,Post_P3_2,Post,997561.8,997561.8,-0.0,0.00352
A4_P8_M36_L001,Post_P3_2,Post,990388.5,990388.5,-0.0,0.01393
A4_P9_M36_L001,Post_P3_2,Post,994518.9,994518.9,-0.0,0.00793
A5_P6_M36_L001,Post_P3_2,Post,998098.9,998070.3,28.6,0.00279
A5_P7_M36_L001,Post_P3_2,Post,996110.5,996034.3,76.2,0.00573
A5_P8_M36_L001,Post_P3_2,Post,993239.8,993239.8,0.0,0.00979
A5_P9_M36_L001,Post_P3_2,Post,992655.4,992647.2,8.2,0.01065
A6_P6_M36_L001,Post_P3_2,Post,994836.8,994836.8,-0.0,0.00747
A6_P7_M36_L001,Post_P3_2,Post,997040.6,997036.8,3.8,0.00428
A6_P8_M36_L001,Post_P3_2,Post,994062.2,994062.2,0.0,0.00859
A6_P9_M36_L001,Post_P3_2,Post,996744.5,996744.5,0.0,0.0047
A7_P6_M36_L001,Post_P3_2,Post,997131.0,996996.5,134.5,0.00434
A7_P7_M36_L001,Post_P3_2,Post,995642.7,995642.7,0.0,0.0063
A7_P8_M36_L001,Post_P3_2,Post,981222.4,981222.4,-0.0,0.02735
A7_P9_M36_L001,Post_P3_2,Post,992612.2,992598.2,14.0,0.01072
A8_P6_M36_L001,Post_P3_2,Post,991523.6,991523.6,-0.0,0.01228
A8_P7_M36_L001,Post_P3_2,Post,995740.8,995576.3,164.5,0.0064
A8_P8_M36_L001,Post_P3_2,Post,990432.0,990432.0,0.0,0.01387
A8_P9_M36_L001,Post_P3_2,Post,993116.2,993116.2,0.0,0.00997
A9_P6_M36_L001,Post_P3_2,Post,990421.2,990023.0,398.2,0.01447
A9_P7_M36_L001,Post_P3_2,Post,994731.8,994731.8,-0.0,0.00762
A9_P8_M36_L001,Post_P3_2,Post,997352.0,997352.0,0.0,0.00383
A9_P9_M36_L001,Post_P3_2,Post,996507.5,996507.5,-0.0,0.00505
B10_P6_M36_L001,Post_P3_2,Post,993238.0,993238.0,0.0,0.00979
B10_P7_M36_L001,Post_P3_2,Post,992330.2,992330.2,-0.0,0.01111
B10_P8_M36_L001,Post_P3_2,Post,994672.9,994672.9,-0.0,0.00771
B10_P9_M36_L001,Post_P3_2,Post,996898.7,996896.3,2.4,0.00448
B11_P7_M36_L001,Post_P3_2,Post,993631.3,993631.3,0.0,0.00922
B11_P8_M36_L001,Post_P3_2,Post,996242.1,996242.1,0.0,0.00543
B11_P9_M36_L001,Post_P3_2,Post,994517.7,994517.7,0.0,0.00793
B12_P6_M36_L001,Post_P3_2,Post,993651.9,993651.9,-0.0,0.00919
B12_P7_M36_L001,Post_P3_2,Post,993033.9,993016.6,17.3,0.01011
B12_P8_M36_L001,Post_P3_2,Post,993217.4,993217.4,-0.0,0.00982
B12_P9_M36_L001,Post_P3_2,Post,993313.3,993313.3,0.0,0.00968
B1_P6_M36_L001,Post_P3_2,Post,996892.0,996515.2,376.8,0.00504
B1_P7_M36_L001,Post_P3_2,Post,991991.8,991991.8,-0.0,0.0116
B1_P8_M36_L001,Post_P3_2,Post,997267.1,997267.1,-0.0,0.00395
B1_P9_M36_L001,Post_P3_2,Post,993620.5,993620.5,0.0,0.00923
B2_P6_M36_L001,Post_P3_2,Post,993553.4,993553.4,-0.0,0.00933
B2_P7_M36_L001,Post_P3_2,Post,995890.8,995890.8,-0.0,0.00594
B2_P8_M36_L001,Post_P3_2,Post,997413.5,997370.1,43.4,0.0038
B2_P9_M36_L001,Post_P3_2,Post,993757.3,993757.3,-0.0,0.00903
B3_P6_M36_L001,Post_P3_2,Post,993126.4,993126.4,-0.0,0.00995
B3_P7_M36_L001,Post_P3_2,Post,995044.4,995044.4,0.0,0.00717
B3_P9_M36_L001,Post_P3_2,Post,989928.3,989928.3,0.0,0.0146
B4_P6_M36_L001,Post_P3_2,Post,996263.7,996263.7,-0.0,0.0054
B4_P7_M36_L001,Post_P3_2,Post,995066.3,995066.3,0.0,0.00714
B4_P8_M36_L001,Post_P3_2,Post,995557.3,995557.3,0.0,0.00642
B4_P9_M36_L001,Post_P3_2,Post,993424.0,993424.0,0.0,0.00952
B5_P6_M36_L001,Post_P3_2,Post,992963.7,992963.7,0.0,0.01019
B5_P7_M36_L001,Post_P3_2,Post,995930.3,995898.7,31.6,0.00593
B5_P8_M36_L001,Post_P3_2,Post,981359.8,981359.8,0.0,0.02715
B5_P9_M36_L001,Post_P3_2,Post,994493.1,994493.1,-0.0,0.00797
B6_P6_M36_L001,Post_P3_2,Post,991502.4,991502.4,0.0,0.01231
B6_P7_M36_L001,Post_P3_2,Post,994824.0,994824.0,-0.0,0.00749
B6_P8_M36_L001,Post_P3_2,Post,986916.3,986916.3,0.0,0.019
B6_P9_M36_L001,Post_P3_2,Post,991838.8,990266.0,1572.8,0.01411
B7_P6_M36_L001,Post_P3_2,Post,993465.4,993465.4,0.0,0.00946
B7_P7_M36_L001,Post_P3_2,Post,992882.0,992882.0,-0.0,0.01031
B7_P8_M36_L001,Post_P3_2,Post,997204.6,997204.6,-0.0,0.00404
B7_P9_M36_L001,Post_P3_2,Post,996620.3,996331.2,289.1,0.0053
B8_P6_M36_L001,Post_P3_2,Post,994541.4,994541.4,-0.0,0.0079
B8_P7_M36_L001,Post_P3_2,Post,994849.4,994228.7,620.7,0.00835
B8_P8_M36_L001,Post_P3_2,Post,996071.8,996071.8,-0.0,0.00568
B8_P9_M36_L001,Post_P3_2,Post,996304.7,996304.7,0.0,0.00534
B9_P6_M36_L001,Post_P3_2,Post,994451.8,994451.8,0.0,0.00803
B9_P7_M36_L001,Post_P3_2,Post,996417.3,996369.5,47.8,0.00525
B9_P8_M36_L001,Post_P3_2,Post,996044.4,996035.8,8.6,0.00573
B9_P9_M36_L001,Post_P3_2,Post,991545.5,991545.5,0.0,0.01225
C10_P6_M36_L001,Post_P3_2,Post,990800.7,990020.3,780.4,0.01447
C10_P7_M36_L001,Post_P3_2,Post,994762.0,994762.0,0.0,0.00758
C10_P8_M36_L001,Post_P3_2,Post,995516.3,993213.2,2303.1,0.00982
C10_P9_M36_L001,Post_P3_2,Post,993176.4,993176.4,-0.0,0.00988
C11_P6_M36_L001,Post_P3_2,Post,993089.0,993089.0,0.0,0.01001
C11_P7_M36_L001,Post_P3_2,Post,995177.2,995177.2,-0.0,0.00697
C11_P8_M36_L001,Post_P3_2,Post,995536.6,995536.6,0.0,0.00645
C11_P9_M36_L001,Post_P3_2,Post,992142.7,990559.0,1583.7,0.01369
C12_P6_M36_L001,Post_P3_2,Post,994800.9,994800.9,-0.0,0.00752
C12_P7_M36_L001,Post_P3_2,Post,996162.8,996162.8,0.0,0.00555
C12_P8_M36_L001,Post_P3_2,Post,992429.0,992429.0,0.0,0.01096
C1_P6_M36_L001,Post_P3_2,Post,990953.2,990953.2,0.0,0.01311
C1_P7_M36_L001,Post_P3_2,Post,991758.8,991758.8,-0.0,0.01194
C1_P8_M36_L001,Post_P3_2,Post,992216.5,992216.5,-0.0,0.01127
C1_P9_M36_L001,Post_P3_2,Post,995258.6,995258.6,0.0,0.00686
C2_P6_M36_L001,Post_P3_2,Post,994266.6,994266.6,0.0,0.0083
C2_P7_M36_L001,Post_P3_2,Post,993765.7,993765.7,-0.0,0.00902
C2_P8_M36_L001,Post_P3_2,Post,987270.6,986835.1,435.5,0.01912
C2_P9_M36_L001,Post_P3_2,Post,994497.8,994497.8,-0.0,0.00796
C3_P6_M36_L001,Post_P3_2,Post,992305.3,992305.3,0.0,0.01114
C3_P7_M36_L001,Post_P3_2,Post,994628.1,994628.1,-0.0,0.00777
C3_P8_M36_L001,Post_P3_2,Post,994277.9,994277.9,0.0,0.00828
C3_P9_M36_L001,Post_P3_2,Post,994475.3,994475.3,0.0,0.00799
C4_P6_M36_L001,Post_P3_2,Post,994542.8,994542.8,-0.0,0.00789
C4_P7_M36_L001,Post_P3_2,Post,997853.2,997853.2,0.0,0.0031
C4_P8_M36_L001,Post_P3_2,Post,993701.2,993701.2,0.0,0.00912
C4_P9_M36_L001,Post_P3_2,Post,998331.2,998331.2,-0.0,0.00241
C5_P6_M36_L001,Post_P3_2,Post,995655.5,995655.5,-0.0,0.00628
C5_P7_M36_L001,Post_P3_2,Post,994748.5,994457.5,291.0,0.00802
C5_P9_M36_L001,Post_P3_2,Post,986923.8,986923.8,-0.0,0.01899
C6_P6_M36_L001,Post_P3_2,Post,982675.5,981586.6,1088.9,0.02681
C6_P7_M36_L001,Post_P3_2,Post,993733.4,993733.4,0.0,0.00907
C6_P8_M36_L001,Post_P3_2,Post,996006.1,996006.1,-0.0,0.00577
C6_P9_M36_L001,Post_P3_2,Post,995665.3,995665.3,0.0,0.00627
C7_P6_M36_L001,Post_P3_2,Post,995827.4,995827.4,0.0,0.00603
C7_P7_M36_L001,Post_P3_2,Post,997791.0,997713.2,77.8,0.0033
C7_P8_M36_L001,Post_P3_2,Post,988660.6,988660.6,0.0,0.01645
C7_P9_M36_L001,Post_P3_2,Post,992644.8,992644.8,-0.0,0.01065
C8_P6_M36_L001,Post_P3_2,Post,994837.7,994837.7,-0.0,0.00747
C8_P7_M36_L001,Post_P3_2,Post,995651.5,995636.0,15.5,0.00631
C8_P9_M36_L001,Post_P3_2,Post,994237.2,994237.2,-0.0,0.00834
C9_P6_M36_L001,Post_P3_2,Post,992343.8,991908.2,435.6,0.01172
C9_P7_M36_L001,Post_P3_2,Post,990654.0,990654.0,0.0,0.01355
C9_P9_M36_L001,Post_P3_2,Post,995601.5,995601.5,-0.0,0.00636
D10_P6_M36_L001,Post_P3_2,Post,996995.7,996995.7,0.0,0.00434
D10_P7_M36_L001,Post_P3_2,Post,995189.1,995189.1,0.0,0.00696
D10_P8_M36_L001,Post_P3_2,Post,995993.5,995993.5,0.0,0.00579
D10_P9_M36_L001,Post_P3_2,Post,989729.8,989729.8,-0.0,0.01489
D11_P6_M36_L001,Post_P3_2,Post,996772.0,996772.0,-0.0,0.00466
D11_P7_M36_L001,Post_P3_2,Post,996095.9,996095.9,-0.0,0.00564
D11_P8_M36_L001,Post_P3_2,Post,995009.3,995009.3,0.0,0.00722
D11_P9_M36_L001,Post_P3_2,Post,991492.5,991492.5,0.0,0.01233
D12_P6_M36_L001,Post_P3_2,Post,994453.7,994453.7,-0.0,0.00802
D12_P7_M36_L001,Post_P3_2,Post,993751.0,993751.0,-0.0,0.00904
D12_P8_M36_L001,Post_P3_2,Post,993635.5,993635.5,0.0,0.00921
D12_P9_M36_L001,Post_P3_2,Post,993113.9,993113.9,0.0,0.00997
D1_P6_M36_L001,Post_P3_2,Post,993843.4,992496.4,1347.0,0.01087
D1_P7_M36_L001,Post_P3_2,Post,993231.3,993231.3,0.0,0.0098
D1_P8_M36_L001,Post_P3_2,Post,995404.3,995404.3,-0.0,0.00665
D1_P9_M36_L001,Post_P3_2,Post,989565.1,989565.1,0.0,0.01513
D2_P6_M36_L001,Post_P3_2,Post,993934.9,993934.9,0.0,0.00878
D2_P7_M36_L001,Post_P3_2,Post,995038.0,995038.0,0.0,0.00718
D2_P8_M36_L001,Post_P3_2,Post,994785.9,994785.9,-0.0,0.00754
D2_P9_M36_L001,Post_P3_2,Post,994018.5,994018.5,-0.0,0.00866
D3_P6_M36_L001,Post_P3_2,Post,991344.9,991344.9,0.0,0.01254
D3_P7_M36_L001,Post_P3_2,Post,996699.2,996699.2,0.0,0.00477
D3_P8_M36_L001,Post_P3_2,Post,996974.5,996974.5,0.0,0.00437
D3_P9_M36_L001,Post_P3_2,Post,990567.1,989139.9,1427.2,0.01575
D4_P6_M36_L001,Post_P3_2,Post,996274.8,996003.4,271.4,0.00578
D4_P7_M36_L001,Post_P3_2,Post,997174.4,997174.4,-0.0,0.00408
D4_P8_M36_L001,Post_P3_2,Post,997144.5,997144.5,-0.0,0.00413
D4_P9_M36_L001,Post_P3_2,Post,995374.0,995374.0,0.0,0.00669
D5_P6_M36_L001,Post_P3_2,Post,996110.9,995967.8,143.1,0.00583
D5_P7_M36_L001,Post_P3_2,Post,996687.1,996687.1,0.0,0.00479
D5_P8_M36_L001,Post_P3_2,Post,994116.7,994116.7,-0.0,0.00851
D5_P9_M36_L001,Post_P3_2,Post,996345.4,996345.4,-0.0,0.00528
D6_P7_M36_L001,Post_P3_2,Post,990635.4,990635.4,-0.0,0.01357
D6_P8_M36_L001,Post_P3_2,Post,997639.6,997639.6,0.0,0.00341
D6_P9_M36_L001,Post_P3_2,Post,989255.4,989255.4,-0.0,0.01559
D7_P6_M36_L001,Post_P3_2,Post,993636.5,993619.8,16.7,0.00923
D7_P7_M36_L001,Post_P3_2,Post,994579.0,993979.5,599.5,0.00871
D7_P8_M36_L001,Post_P3_2,Post,996399.9,995640.8,759.1,0.0063
D7_P9_M36_L001,Post_P3_2,Post,995079.4,995079.4,-0.0,0.00712
D8_P6_M36_L001,Post_P3_2,Post,992588.1,992588.1,-0.0,0.01073
D8_P7_M36_L001,Post_P3_2,Post,993950.3,993950.3,-0.0,0.00875
D8_P8_M36_L001,Post_P3_2,Post,993784.3,993784.3,0.0,0.009
D8_P9_M36_L001,Post_P3_2,Post,993355.3,993355.3,-0.0,0.00962
D9_P6_M36_L001,Post_P3_2,Post,992282.7,992282.7,0.0,0.01118
D9_P7_M36_L001,Post_P3_2,Post,995361.5,995361.5,0.0,0.00671
D9_P8_M36_L001,Post_P3_2,Post,995690.1,995690.1,0.0,0.00623
D9_P9_M36_L001,Post_P3_2,Post,992740.4,992032.3,708.1,0.01154
E10_P6_M36_L001,Post_P3_2,Post,996085.1,996085.1,0.0,0.00566
E10_P7_M36_L001,Post_P3_2,Post,995299.6,995299.6,-0.0,0.0068
E10_P8_M36_L001,Post_P3_2,Post,997857.2,997857.2,-0.0,0.00309
E10_P9_M36_L001,Post_P3_2,Post,993638.7,993638.7,0.0,0.00921
E11_P6_M36_L001,Post_P3_2,Post,991628.8,991628.8,-0.0,0.01213
E11_P7_M36_L001,Post_P3_2,Post,993738.5,993738.5,0.0,0.00906
E11_P8_M36_L001,Post_P3_2,Post,993643.7,991861.8,1781.9,0.01179
E11_P9_M36_L001,Post_P3_2,Post,995421.1,995421.1,0.0,0.00662
E12_P6_M36_L001,Post_P3_2,Post,995971.1,995971.1,-0.0,0.00582
E12_P7_M36_L001,Post_P3_2,Post,995497.6,995497.6,0.0,0.00651
E12_P8_M36_L001,Post_P3_2,Post,991549.0,991008.8,540.2,0.01303
E12_P9_M36_L001,Post_P3_2,Post,991242.9,991242.9,0.0,0.01269
E1_P6_M36_L001,Post_P3_2,Post,991894.6,991656.8,237.8,0.01209
E1_P7_M36_L001,Post_P3_2,Post,996796.8,996796.8,-0.0,0.00463
E1_P8_M36_L001,Post_P3_2,Post,992975.2,991749.9,1225.3,0.01195
E1_P9_M36_L001,Post_P3_2,Post,997129.2,997129.2,-0.0,0.00415
E2_P6_M36_L001,Post_P3_2,Post,992949.1,992949.1,0.0,0.01021
E2_P7_M36_L001,Post_P3_2,Post,996577.9,993752.9,2825.0,0.00904
E2_P8_M36_L001,Post_P3_2,Post,998062.1,998062.1,-0.0,0.0028
E2_P9_M36_L001,Post_P3_2,Post,996615.1,996541.8,73.3,0.005
E3_P6_M36_L001,Post_P3_2,Post,997390.6,997390.6,0.0,0.00377
E3_P7_M36_L001,Post_P3_2,Post,994159.9,994159.9,0.0,0.00845
E3_P8_M36_L001,Post_P3_2,Post,994973.0,994973.0,0.0,0.00727
E4_P6_M36_L001,Post_P3_2,Post,995561.9,995561.9,-0.0,0.00642
E4_P7_M36_L001,Post_P3_2,Post,995139.9,993938.4,1201.5,0.00877
E4_P8_M36_L001,Post_P3_2,Post,995371.4,995371.4,-0.0,0.00669
E4_P9_M36_L001,Post_P3_2,Post,997303.5,997303.5,-0.0,0.0039
E5_P7_M36_L001,Post_P3_2,Post,997533.8,997533.8,-0.0,0.00356
E5_P8_M36_L001,Post_P3_2,Post,985451.7,985451.7,-0.0,0.02114
E5_P9_M36_L001,Post_P3_2,Post,995212.3,995212.3,-0.0,0.00692
E6_P7_M36_L001,Post_P3_2,Post,994540.6,994540.6,-0.0,0.0079
E6_P9_M36_L001,Post_P3_2,Post,993663.9,993663.9,-0.0,0.00917
E7_P6_M36_L001,Post_P3_2,Post,995185.3,995185.3,0.0,0.00696
E7_P8_M36_L001,Post_P3_2,Post,994281.8,994281.8,0.0,0.00827
E7_P9_M36_L001,Post_P3_2,Post,997461.6,997461.6,-0.0,0.00367
E8_P6_M36_L001,Post_P3_2,Post,987121.0,986654.1,466.9,0.01938
E8_P7_M36_L001,Post_P3_2,Post,994673.9,994673.9,0.0,0.0077
E8_P8_M36_L001,Post_P3_2,Post,994242.1,994242.1,0.0,0.00833
E8_P9_M36_L001,Post_P3_2,Post,993863.1,993863.1,-0.0,0.00888
E9_P6_M36_L001,Post_P3_2,Post,995246.5,995246.5,-0.0,0.00687
E9_P7_M36_L001,Post_P3_2,Post,996450.6,996450.6,-0.0,0.00513
E9_P8_M36_L001,Post_P3_2,Post,991327.5,991327.5,0.0,0.01257
E9_P9_M36_L001,Post_P3_2,Post,988959.4,988951.3,8.1,0.01603
F10_P6_M36_L001,Post_P3_2,Post,994006.0,992814.3,1191.7,0.0104
F10_P7_M36_L001,Post_P3_2,Post,987890.2,987884.2,6.0,0.01759
F10_P8_M36_L001,Post_P3_2,Post,995733.1,995733.1,-0.0,0.00617
F11_P6_M36_L001,Post_P3_2,Post,996308.6,996308.6,-0.0,0.00534
F11_P7_M36_L001,Post_P3_2,Post,994975.9,994975.9,0.0,0.00727
F11_P8_M36_L001,Post_P3_2,Post,994846.7,994846.7,0.0,0.00745
F11_P9_M36_L001,Post_P3_2,Post,995142.2,995142.2,0.0,0.00703
F12_P6_M36_L001,Post_P3_2,Post,987965.3,987965.3,-0.0,0.01747
F12_P7_M36_L001,Post_P3_2,Post,994592.0,994592.0,0.0,0.00782
F12_P8_M36_L001,Post_P3_2,Post,995249.1,995249.1,0.0,0.00687
F12_P9_M36_L001,Post_P3_2,Post,998543.5,998543.5,0.0,0.0021
F1_P6_M36_L001,Post_P3_2,Post,991389.1,991382.9,6.2,0.01249
F1_P7_M36_L001,Post_P3_2,Post,992953.8,992913.4,40.4,0.01026
F1_P8_M36_L001,Post_P3_2,Post,988065.7,988065.7,-0.0,0.01732
F1_P9_M36_L001,Post_P3_2,Post,994819.0,994819.0,0.0,0.00749
F2_P6_M36_L001,Post_P3_2,Post,990172.8,989914.2,258.6,0.01462
F2_P7_M36_L001,Post_P3_2,Post,997464.1,997464.1,0.0,0.00366
F2_P8_M36_L001,Post_P3_2,Post,992786.6,992786.6,0.0,0.01044
F2_P9_M36_L001,Post_P3_2,Post,993524.1,993325.7,198.4,0.00966
F3_P6_M36_L001,Post_P3_2,Post,995163.2,995163.2,-0.0,0.00699
F3_P7_M36_L001,Post_P3_2,Post,995663.6,995663.6,0.0,0.00627
F3_P8_M36_L001,Post_P3_2,Post,991235.2,991235.2,0.0,0.0127
F3_P9_M36_L001,Post_P3_2,Post,997033.5,997033.5,0.0,0.00429
F4_P6_M36_L001,Post_P3_2,Post,994778.8,993239.7,1539.1,0.00979
F4_P7_M36_L001,Post_P3_2,Post,996114.9,996089.8,25.1,0.00565
F4_P9_M36_L001,Post_P3_2,Post,993677.3,993677.3,0.0,0.00915
F5_P7_M36_L001,Post_P3_2,Post,997424.1,997424.1,-0.0,0.00372
F5_P8_M36_L001,Post_P3_2,Post,995808.0,995808.0,-0.0,0.00606
F5_P9_M36_L001,Post_P3_2,Post,996045.2,996045.2,0.0,0.00572
F6_P6_M36_L001,Post_P3_2,Post,993218.5,993218.5,-0.0,0.00982
F6_P7_M36_L001,Post_P3_2,Post,991713.0,991713.0,-0.0,0.01201
F6_P8_M36_L001,Post_P3_2,Post,990356.1,990356.1,-0.0,0.01398
F6_P9_M36_L001,Post_P3_2,Post,994982.3,994982.3,-0.0,0.00726
F7_P6_M36_L001,Post_P3_2,Post,996164.2,996164.2,0.0,0.00554
F7_P7_M36_L001,Post_P3_2,Post,994616.0,994616.0,-0.0,0.00779
F7_P8_M36_L001,Post_P3_2,Post,996523.4,996523.4,-0.0,0.00502
F7_P9_M36_L001,Post_P3_2,Post,993176.7,993176.7,-0.0,0.00988
F8_P6_M36_L001,Post_P3_2,Post,995789.5,995704.3,85.2,0.00621
F8_P7_M36_L001,Post_P3_2,Post,991470.1,991470.1,-0.0,0.01236
F8_P8_M36_L001,Post_P3_2,Post,979121.4,979121.4,0.0,0.03044
F8_P9_M36_L001,Post_P3_2,Post,996266.8,996266.8,-0.0,0.0054
F9_P7_M36_L001,Post_P3_2,Post,991896.9,991896.9,-0.0,0.01174
F9_P8_M36_L001,Post_P3_2,Post,992894.7,992894.7,0.0,0.01029
F9_P9_M36_L001,Post_P3_2,Post,992794.3,992794.3,0.0,0.01043
G10_P6_M36_L001,Post_P3_2,Post,994511.9,994460.9,51.0,0.00801
G10_P7_M36_L001,Post_P3_2,Post,997280.9,997280.9,-0.0,0.00393
G10_P8_M36_L001,Post_P3_2,Post,990070.6,988431.0,1639.6,0.01679
G10_P9_M36_L001,Post_P3_2,Post,997065.1,997065.1,-0.0,0.00424
G11_P6_M36_L001,Post_P3_2,Post,993030.4,992826.4,204.0,0.01039
G11_P7_M36_L001,Post_P3_2,Post,992897.3,992863.3,34.0,0.01033
G11_P8_M36_L001,Post_P3_2,Post,993108.6,993108.6,0.0,0.00998
G11_P9_M36_L001,Post_P3_2,Post,995921.0,995921.0,0.0,0.0059
G12_P6_M36_L001,Post_P3_2,Post,998594.4,995927.6,2666.8,0.00589
G12_P7_M36_L001,Post_P3_2,Post,991691.8,991187.9,503.9,0.01277
G12_P8_M36_L001,Post_P3_2,Post,988893.0,988893.0,-0.0,0.01611
G12_P9_M36_L001,Post_P3_2,Post,994356.8,993993.2,363.6,0.00869
G1_P6_M36_L001,Post_P3_2,Post,994352.1,994352.1,0.0,0.00817
G1_P7_M36_L001,Post_P3_2,Post,993741.3,993520.9,220.4,0.00938
G1_P8_M36_L001,Post_P3_2,Post,995045.6,995040.6,5.0,0.00717
G1_P9_M36_L001,Post_P3_2,Post,994417.3,994417.3,0.0,0.00808
G2_P6_M36_L001,Post_P3_2,Post,994227.7,994227.7,0.0,0.00835
G2_P7_M36_L001,Post_P3_2,Post,995053.9,995053.9,-0.0,0.00715
G2_P8_M36_L001,Post_P3_2,Post,994484.8,994484.8,0.0,0.00798
G2_P9_M36_L001,Post_P3_2,Post,995940.7,995924.8,15.9,0.00589
G3_P6_M36_L001,Post_P3_2,Post,994350.7,994350.7,0.0,0.00817
G3_P7_M36_L001,Post_P3_2,Post,993681.5,993681.5,0.0,0.00914
G3_P8_M36_L001,Post_P3_2,Post,991077.9,991077.9,0.0,0.01293
G3_P9_M36_L001,Post_P3_2,Post,996210.6,995809.9,400.7,0.00606
G4_P6_M36_L001,Post_P3_2,Post,994615.7,994398.4,217.3,0.0081
G4_P7_M36_L001,Post_P3_2,Post,996147.6,996147.6,0.0,0.00557
G4_P8_M36_L001,Post_P3_2,Post,995398.2,995398.2,0.0,0.00665
G4_P9_M36_L001,Post_P3_2,Post,992634.7,992634.7,-0.0,0.01067
G5_P7_M36_L001,Post_P3_2,Post,990451.7,990451.7,-0.0,0.01384
G5_P8_M36_L001,Post_P3_2,Post,996574.5,996574.5,0.0,0.00495
G5_P9_M36_L001,Post_P3_2,Post,993956.1,993276.8,679.3,0.00973
G6_P7_M36_L001,Post_P3_2,Post,994119.6,994119.6,0.0,0.00851
G6_P8_M36_L001,Post_P3_2,Post,989344.1,985602.1,3742.0,0.02092
G6_P9_M36_L001,Post_P3_2,Post,996426.0,996426.0,-0.0,0.00517
G7_P6_M36_L001,Post_P3_2,Post,994457.9,994457.9,0.0,0.00802
G7_P7_M36_L001,Post_P3_2,Post,993898.8,993898.8,0.0,0.00883
G7_P8_M36_L001,Post_P3_2,Post,995342.5,995342.5,0.0,0.00674
G7_P9_M36_L001,Post_P3_2,Post,995823.0,995823.0,0.0,0.00604
G8_P6_M36_L001,Post_P3_2,Post,993087.9,991477.9,1610.0,0.01235
G8_P7_M36_L001,Post_P3_2,Post,994029.3,994029.3,-0.0,0.00864
G8_P8_M36_L001,Post_P3_2,Post,993127.3,993127.3,0.0,0.00995
G8_P9_M36_L001,Post_P3_2,Post,993075.4,993075.4,-0.0,0.01002
G9_P6_M36_L001,Post_P3_2,Post,997661.9,997661.9,0.0,0.00338
G9_P7_M36_L001,Post_P3_2,Post,992720.1,992720.1,0.0,0.01054
G9_P8_M36_L001,Post_P3_2,Post,993111.9,993111.9,0.0,0.00997
G9_P9_M36_L001,Post_P3_2,Post,997146.6,997136.7,9.9,0.00414
H10_P6_M36_L001,Post_P3_2,Post,995815.1,995815.1,0.0,0.00605
H10_P7_M36_L001,Post_P3_2,Post,990410.0,990410.0,-0.0,0.0139
H10_P8_M36_L001,Post_P3_2,Post,993009.1,993009.1,0.0,0.01012
H10_P9_M36_L001,Post_P3_2,Post,998299.4,998124.3,175.1,0.00271
H11_P6_M36_L001,Post_P3_2,Post,994134.4,994134.4,0.0,0.00849
H11_P7_M36_L001,Post_P3_2,Post,996586.9,996586.9,-0.0,0.00493
H11_P8_M36_L001,Post_P3_2,Post,990893.5,986156.7,4736.8,0.02011
H11_P9_M36_L001,Post_P3_2,Post,993591.2,993591.2,0.0,0.00928
H12_P6_M36_L001,Post_P3_2,Post,995477.9,995477.9,0.0,0.00654
H12_P7_M36_L001,Post_P3_2,Post,990853.9,990853.9,-0.0,0.01326
H12_P9_M36_L001,Post_P3_2,Post,994272.2,994272.2,-0.0,0.00829
H1_P6_M36_L001,Post_P3_2,Post,989755.0,989755.0,-0.0,0.01486
H1_P7_M36_L001,Post_P3_2,Post,995696.4,995278.7,417.7,0.00683
H1_P8_M36_L001,Post_P3_2,Post,996193.1,996193.1,0.0,0.0055
H1_P9_M36_L001,Post_P3_2,Post,995669.9,995392.7,277.2,0.00666
H2_P6_M36_L001,Post_P3_2,Post,992930.3,992930.3,0.0,0.01024
H2_P7_M36_L001,Post_P3_2,Post,991064.3,990628.7,435.6,0.01358
H2_P8_M36_L001,Post_P3_2,Post,988582.9,988582.9,-0.0,0.01657
H2_P9_M36_L001,Post_P3_2,Post,994455.3,994455.3,0.0,0.00802
H3_P6_M36_L001,Post_P3_2,Post,991421.5,990362.4,1059.1,0.01397
H3_P7_M36_L001,Post_P3_2,Post,993546.8,993546.8,0.0,0.00934
H3_P8_M36_L001,Post_P3_2,Post,994031.4,994031.4,-0.0,0.00864
H3_P9_M36_L001,Post_P3_2,Post,996786.9,996448.0,338.9,0.00513
H4_P7_M36_L001,Post_P3_2,Post,994925.4,994925.4,0.0,0.00734
H4_P8_M36_L001,Post_P3_2,Post,997930.9,997930.9,0.0,0.00299
H4_P9_M36_L001,Post_P3_2,Post,994563.6,994563.6,0.0,0.00786
H5_P6_M36_L001,Post_P3_2,Post,993007.9,993007.9,0.0,0.01012
H5_P7_M36_L001,Post_P3_2,Post,996384.8,996384.8,-0.0,0.00523
H5_P8_M36_L001,Post_P3_2,Post,992194.9,992194.9,0.0,0.0113
H5_P9_M36_L001,Post_P3_2,Post,967572.4,967572.4,-0.0,0.04756
H6_P6_M36_L001,Post_P3_2,Post,993234.5,993234.5,0.0,0.00979
H6_P7_M36_L001,Post_P3_2,Post,996082.2,996082.2,0.0,0.00566
H6_P9_M36_L001,Post_P3_2,Post,997180.3,997180.3,0.0,0.00407
H7_P6_M36_L001,Post_P3_2,Post,996497.8,996467.9,29.9,0.0051
H7_P7_M36_L001,Post_P3_2,Post,985987.3,985987.3,-0.0,0.02036
H7_P8_M36_L001,Post_P3_2,Post,995231.6,995231.6,-0.0,0.0069
H8_P6_M36_L001,Post_P3_2,Post,990402.4,990402.4,0.0,0.01391
H8_P7_M36_L001,Post_P3_2,Post,990351.2,990351.2,-0.0,0.01399
H8_P8_M36_L001,Post_P3_2,Post,995316.6,991193.1,4123.5,0.01276
H8_P9_M36_L001,Post_P3_2,Post,994273.3,994112.3,161.0,0.00852
H9_P6_M36_L001,Post_P3_2,Post,993044.3,993044.3,0.0,0.01007
H9_P7_M36_L001,Post_P3_2,Post,996426.1,994752.0,1674.1,0.00759
H9_P8_M36_L001,Post_P3_2,Post,994314.5,994314.5,0.0,0.00823
A10_P1_M42,Pre_P4,Pre,998494.0,998494.0,-0.0,0.00217
A10_P2_M42,Pre_P4,Pre,993879.7,990997.7,2882.0,0.01305
A10_P3_M42,Pre_P4,Pre,991709.6,991709.6,0.0,0.01201
A10_P4_M42,Pre_P4,Pre,996059.2,996059.2,-0.0,0.0057
A11_P1_M42,Pre_P4,Pre,995896.4,995896.4,0.0,0.00593
A11_P2_M42,Pre_P4,Pre,990690.2,990690.2,-0.0,0.01349
A11_P3_M42,Pre_P4,Pre,996278.8,996278.8,0.0,0.00538
A11_P4_M42,Pre_P4,Pre,994318.8,994318.8,-0.0,0.00822
A12_P1_M42,Pre_P4,Pre,997178.2,995935.8,1242.4,0.00588
A12_P2_M42,Pre_P4,Pre,993689.8,993689.8,0.0,0.00913
A12_P3_M42,Pre_P4,Pre,995528.2,995528.2,0.0,0.00647
A12_P4_M42,Pre_P4,Pre,994909.7,994909.7,0.0,0.00736
A2_P1_M42,Pre_P4,Pre,996327.6,996327.6,0.0,0.00531
A2_P2_M42,Pre_P4,Pre,993685.0,993685.0,0.0,0.00914
A2_P3_M42,Pre_P4,Pre,996082.4,996082.4,-0.0,0.00566
A2_P4_M42,Pre_P4,Pre,997308.1,997308.1,-0.0,0.00389
A3_P1_M42,Pre_P4,Pre,992897.3,992897.3,0.0,0.01028
A3_P2_M42,Pre_P4,Pre,993190.1,993190.1,0.0,0.00986
A3_P3_M42,Pre_P4,Pre,995492.6,995344.5,148.1,0.00673
A4_P1_M42,Pre_P4,Pre,992229.6,992223.2,6.4,0.01126
A4_P2_M42,Pre_P4,Pre,998744.5,998744.5,0.0,0.00181
A4_P3_M42,Pre_P4,Pre,991005.3,990994.7,10.6,0.01305
A4_P4_M42,Pre_P4,Pre,997248.0,997248.0,0.0,0.00398
A5_P2_M42,Pre_P4,Pre,991307.5,991173.0,134.5,0.01279
A5_P3_M42,Pre_P4,Pre,995614.7,995063.6,551.1,0.00714
A5_P4_M42,Pre_P4,Pre,985185.8,985185.8,0.0,0.02153
A6_P2_M42,Pre_P4,Pre,988139.4,988139.4,-0.0,0.01721
A6_P3_M42,Pre_P4,Pre,992709.9,992702.2,7.7,0.01057
A6_P4_M42,Pre_P4,Pre,997582.2,997560.6,21.6,0.00352
A7_P2_M42,Pre_P4,Pre,996533.0,995690.7,842.3,0.00623
A7_P3_M42,Pre_P4,Pre,998450.7,998421.8,28.9,0.00228
A7_P4_M42,Pre_P4,Pre,993890.1,993885.3,4.8,0.00885
A8_P1_M42,Pre_P4,Pre,996427.7,996427.7,-0.0,0.00516
A8_P2_M42,Pre_P4,Pre,995984.9,995984.9,0.0,0.0058
A8_P3_M42,Pre_P4,Pre,991725.5,991693.6,31.9,0.01203
A8_P4_M42,Pre_P4,Pre,998579.9,998579.9,-0.0,0.00205
A9_P1_M42,Pre_P4,Pre,992639.8,991554.4,1085.4,0.01224
A9_P2_M42,Pre_P4,Pre,995087.1,995087.1,-0.0,0.00711
A9_P3_M42,Pre_P4,Pre,995538.1,995538.1,0.0,0.00645
A9_P4_M42,Pre_P4,Pre,995705.4,995705.4,-0.0,0.00621
B10_P1_M42,Pre_P4,Pre,997575.6,997575.6,0.0,0.0035
B10_P2_M42,Pre_P4,Pre,993943.6,993943.6,0.0,0.00876
B10_P3_M42,Pre_P4,Pre,995513.3,995513.3,-0.0,0.00649
B10_P4_M42,Pre_P4,Pre,989069.6,989051.5,18.1,0.01588
B11_P1_M42,Pre_P4,Pre,987228.5,987228.5,-0.0,0.01854
B11_P2_M42,Pre_P4,Pre,993533.7,993533.7,-0.0,0.00936
B11_P3_M42,Pre_P4,Pre,994662.8,994662.8,0.0,0.00772
B11_P4_M42,Pre_P4,Pre,994077.4,994077.4,-0.0,0.00857
B12_P1_M42,Pre_P4,Pre,996026.4,996026.4,-0.0,0.00574
B12_P3_M42,Pre_P4,Pre,998882.5,998882.5,-0.0,0.00161
B12_P4_M42,Pre_P4,Pre,997224.7,997224.7,-0.0,0.00401
B1_P1_M42,Pre_P4,Pre,989986.1,989986.1,0.0,0.01452
B1_P2_M42,Pre_P4,Pre,997156.3,996981.2,175.1,0.00436
B1_P4_M42,Pre_P4,Pre,995615.8,994107.1,1508.7,0.00853
B2_P1_M42,Pre_P4,Pre,996270.3,996270.3,0.0,0.00539
B2_P4_M42,Pre_P4,Pre,994731.9,992861.4,1870.5,0.01034
B3_P1_M42,Pre_P4,Pre,992115.3,991463.7,651.6,0.01237
B3_P2_M42,Pre_P4,Pre,994216.8,994216.8,-0.0,0.00837
B3_P4_M42,Pre_P4,Pre,993757.5,992340.1,1417.4,0.01109
B4_P1_M42,Pre_P4,Pre,993301.4,993301.4,-0.0,0.0097
B4_P2_M42,Pre_P4,Pre,995346.5,995346.5,-0.0,0.00673
B4_P4_M42,Pre_P4,Pre,994012.7,994012.7,0.0,0.00866
B5_P1_M42,Pre_P4,Pre,993087.3,992988.5,98.8,0.01015
B5_P2_M42,Pre_P4,Pre,996507.2,996507.2,-0.0,0.00505
B5_P3_M42,Pre_P4,Pre,994507.6,994507.6,-0.0,0.00795
B5_P4_M42,Pre_P4,Pre,993879.9,993879.9,0.0,0.00886
B6_P1_M42,Pre_P4,Pre,993555.0,993555.0,0.0,0.00933
B6_P2_M42,Pre_P4,Pre,993177.4,993177.4,-0.0,0.00988
B6_P3_M42,Pre_P4,Pre,993516.0,993510.2,5.8,0.00939
B6_P4_M42,Pre_P4,Pre,996058.8,996058.8,0.0,0.0057
B7_P1_M42,Pre_P4,Pre,996051.6,996051.6,-0.0,0.00571
B7_P2_M42,Pre_P4,Pre,994274.2,994274.2,0.0,0.00828
B7_P3_M42,Pre_P4,Pre,1000140.9,1000140.9,0.0,-0.0002
B8_P2_M42,Pre_P4,Pre,992007.0,992007.0,-0.0,0.01158
B8_P3_M42,Pre_P4,Pre,992795.7,990950.9,1844.8,0.01311
B8_P4_M42,Pre_P4,Pre,995294.7,995294.7,0.0,0.0068
B9_P1_M42,Pre_P4,Pre,996494.7,996494.7,0.0,0.00507
B9_P2_M42,Pre_P4,Pre,989532.6,988678.5,854.1,0.01643
B9_P3_M42,Pre_P4,Pre,996730.2,996730.2,0.0,0.00473
B9_P4_M42,Pre_P4,Pre,996797.5,996797.5,0.0,0.00463
C10_P1_M42,Pre_P4,Pre,998378.4,998378.4,-0.0,0.00234
C10_P2_M42,Pre_P4,Pre,996312.1,995967.3,344.8,0.00583
C10_P3_M42,Pre_P4,Pre,994291.9,994291.9,0.0,0.00826
C10_P4_M42,Pre_P4,Pre,996050.3,996050.3,0.0,0.00571
C11_P1_M42,Pre_P4,Pre,996402.9,996374.3,28.6,0.00524
C11_P2_M42,Pre_P4,Pre,994987.2,994987.2,0.0,0.00725
C11_P3_M42,Pre_P4,Pre,994499.9,994499.9,0.0,0.00796
C11_P4_M42,Pre_P4,Pre,996866.7,996842.3,24.4,0.00456
C12_P1_M42,Pre_P4,Pre,996126.4,996126.4,0.0,0.0056
C12_P2_M42,Pre_P4,Pre,993782.6,993782.6,0.0,0.009
C12_P3_M42,Pre_P4,Pre,992164.8,992164.8,-0.0,0.01135
C12_P4_M42,Pre_P4,Pre,995796.0,995796.0,-0.0,0.00608
C1_P1_M42,Pre_P4,Pre,995867.1,995867.1,0.0,0.00597
C1_P2_M42,Pre_P4,Pre,995156.2,995151.4,4.8,0.00701
C1_P3_M42,Pre_P4,Pre,986712.8,986712.8,0.0,0.0193
C1_P4_M42,Pre_P4,Pre,995211.4,995194.1,17.3,0.00695
C2_P1_M42,Pre_P4,Pre,999027.5,997759.1,1268.4,0.00324
C2_P4_M42,Pre_P4,Pre,996149.9,996149.9,0.0,0.00557
C3_P1_M42,Pre_P4,Pre,992340.5,992340.5,-0.0,0.01109
C3_P2_M42,Pre_P4,Pre,989784.9,989784.9,-0.0,0.01481
C3_P4_M42,Pre_P4,Pre,996715.4,995907.4,808.0,0.00592
C4_P1_M42,Pre_P4,Pre,992828.0,992828.0,-0.0,0.01038
C4_P2_M42,Pre_P4,Pre,996040.8,995988.0,52.8,0.0058
C4_P3_M42,Pre_P4,Pre,988301.0,988301.0,0.0,0.01698
C4_P4_M42,Pre_P4,Pre,992299.2,992286.1,13.1,0.01117
C5_P1_M42,Pre_P4,Pre,997313.2,997313.2,-0.0,0.00388
C5_P2_M42,Pre_P4,Pre,995306.9,995306.9,-0.0,0.00679
C5_P3_M42,Pre_P4,Pre,992291.2,990617.1,1674.1,0.0136
C5_P4_M42,Pre_P4,Pre,996966.0,996619.7,346.3,0.00489
C6_P2_M42,Pre_P4,Pre,994244.5,994244.5,0.0,0.00833
C6_P3_M42,Pre_P4,Pre,994306.0,994294.3,11.7,0.00826
C7_P1_M42,Pre_P4,Pre,995401.1,995394.3,6.8,0.00666
C7_P3_M42,Pre_P4,Pre,994822.1,994454.0,368.1,0.00802
C8_P3_M42,Pre_P4,Pre,991244.8,991244.8,-0.0,0.01269
C9_P2_M42,Pre_P4,Pre,994465.6,994456.2,9.4,0.00802
C9_P3_M42,Pre_P4,Pre,992610.8,991797.1,813.7,0.01188
C9_P4_M42,Pre_P4,Pre,996611.7,996138.2,473.5,0.00558
D10_P1_M42,Pre_P4,Pre,999295.0,998958.2,336.8,0.0015
D10_P2_M42,Pre_P4,Pre,992257.7,992152.5,105.2,0.01137
D10_P3_M42,Pre_P4,Pre,995026.2,995026.2,0.0,0.00719
D10_P4_M42,Pre_P4,Pre,995421.7,995421.7,-0.0,0.00662
D11_P1_M42,Pre_P4,Pre,992457.2,992251.7,205.5,0.01122
D11_P2_M42,Pre_P4,Pre,988713.2,988437.9,275.3,0.01678
D11_P3_M42,Pre_P4,Pre,993699.4,993699.4,0.0,0.00912
D12_P1_M42,Pre_P4,Pre,995041.9,995041.9,-0.0,0.00717
D12_P2_M42,Pre_P4,Pre,997281.1,997266.6,14.5,0.00395
D12_P3_M42,Pre_P4,Pre,995362.4,995362.4,0.0,0.00671
D1_P1_M42,Pre_P4,Pre,991307.3,991307.3,0.0,0.0126
D1_P2_M42,Pre_P4,Pre,997976.7,997962.1,14.6,0.00294
D1_P3_M42,Pre_P4,Pre,994118.7,994118.7,0.0,0.00851
D1_P4_M42,Pre_P4,Pre,993901.4,993901.4,0.0,0.00883
D2_P1_M42,Pre_P4,Pre,996585.7,996585.7,-0.0,0.00493
D2_P2_M42,Pre_P4,Pre,994448.7,994448.7,0.0,0.00803
D2_P3_M42,Pre_P4,Pre,997421.5,997421.5,0.0,0.00372
D2_P4_M42,Pre_P4,Pre,994297.3,994122.3,175.0,0.0085
D3_P1_M42,Pre_P4,Pre,997233.4,997233.4,-0.0,0.004
D3_P2_M42,Pre_P4,Pre,995450.8,995333.2,117.6,0.00675
D3_P4_M42,Pre_P4,Pre,996307.7,996307.7,0.0,0.00534
D4_P1_M42,Pre_P4,Pre,996317.3,996317.3,-0.0,0.00532
D4_P2_M42,Pre_P4,Pre,992044.7,991945.3,99.4,0.01167
D4_P3_M42,Pre_P4,Pre,987513.8,987513.8,-0.0,0.01813
D5_P1_M42,Pre_P4,Pre,994589.0,994188.3,400.7,0.00841
D5_P2_M42,Pre_P4,Pre,995681.0,995681.0,-0.0,0.00624
D5_P3_M42,Pre_P4,Pre,988525.1,984226.4,4298.7,0.02294
D6_P2_M42,Pre_P4,Pre,996603.4,996603.4,0.0,0.00491
D6_P3_M42,Pre_P4,Pre,992335.3,992335.3,-0.0,0.0111
D6_P4_M42,Pre_P4,Pre,995670.6,995670.6,-0.0,0.00626
D7_P2_M42,Pre_P4,Pre,987088.0,987015.5,72.5,0.01886
D7_P3_M42,Pre_P4,Pre,995529.4,995529.4,-0.0,0.00646
D7_P4_M42,Pre_P4,Pre,992091.6,991377.6,714.0,0.01249
D8_P1_M42,Pre_P4,Pre,993176.7,992438.4,738.3,0.01095
D8_P2_M42,Pre_P4,Pre,993982.5,993982.5,-0.0,0.00871
D8_P3_M42,Pre_P4,Pre,990543.6,990543.6,-0.0,0.01371
D8_P4_M42,Pre_P4,Pre,987684.5,987684.5,0.0,0.01788
D9_P1_M42,Pre_P4,Pre,994675.2,993334.4,1340.8,0.00965
D9_P3_M42,Pre_P4,Pre,994177.2,994177.2,0.0,0.00843
D9_P4_M42,Pre_P4,Pre,995224.7,995063.6,161.1,0.00714
E10_P1_M42,Pre_P4,Pre,991613.8,991613.8,-0.0,0.01215
E10_P2_M42,Pre_P4,Pre,993343.8,993343.8,-0.0,0.00963
E10_P4_M42,Pre_P4,Pre,994859.2,994859.2,0.0,0.00744
E11_P2_M42,Pre_P4,Pre,990466.9,990466.9,-0.0,0.01382
E11_P4_M42,Pre_P4,Pre,996129.7,996111.2,18.5,0.00562
E12_P1_M42,Pre_P4,Pre,995927.1,995792.6,134.5,0.00608
E12_P3_M42,Pre_P4,Pre,996156.8,996156.8,0.0,0.00556
E12_P4_M42,Pre_P4,Pre,994047.6,994047.6,-0.0,0.00861
E1_P1_M42,Pre_P4,Pre,994569.4,994569.4,0.0,0.00786
E1_P2_M42,Pre_P4,Pre,996932.9,996910.8,22.1,0.00446
E1_P3_M42,Pre_P4,Pre,994847.5,994847.5,-0.0,0.00745
E1_P4_M42,Pre_P4,Pre,994439.8,994439.8,-0.0,0.00804
E2_P1_M42,Pre_P4,Pre,988890.4,988890.4,0.0,0.01612
E2_P2_M42,Pre_P4,Pre,996857.9,996857.9,-0.0,0.00454
E2_P3_M42,Pre_P4,Pre,994509.1,994509.1,-0.0,0.00794
E2_P4_M42,Pre_P4,Pre,996237.9,995300.8,937.1,0.0068
E3_P1_M42,Pre_P4,Pre,995639.0,995280.5,358.5,0.00682
E3_P2_M42,Pre_P4,Pre,992551.1,992551.1,-0.0,0.01079
E3_P3_M42,Pre_P4,Pre,993961.7,993837.3,124.4,0.00892
E4_P1_M42,Pre_P4,Pre,996550.3,996550.3,0.0,0.00499
E4_P2_M42,Pre_P4,Pre,998231.7,998180.4,51.3,0.00263
E4_P3_M42,Pre_P4,Pre,994537.1,993862.5,674.6,0.00888
E5_P1_M42,Pre_P4,Pre,992079.1,992072.0,7.1,0.01148
E5_P2_M42,Pre_P4,Pre,990045.1,990045.1,0.0,0.01443
E5_P3_M42,Pre_P4,Pre,991905.6,989771.7,2133.9,0.01483
E5_P4_M42,Pre_P4,Pre,997768.7,994992.3,2776.4,0.00724
E6_P1_M42,Pre_P4,Pre,995017.8,995017.8,-0.0,0.00721
E6_P2_M42,Pre_P4,Pre,994756.9,994756.9,0.0,0.00758
E6_P3_M42,Pre_P4,Pre,994332.7,994332.7,0.0,0.0082
E6_P4_M42,Pre_P4,Pre,991502.0,991491.5,10.5,0.01233
E7_P1_M42,Pre_P4,Pre,995105.4,995105.4,-0.0,0.00708
E7_P2_M42,Pre_P4,Pre,992632.9,992632.9,0.0,0.01067
E7_P3_M42,Pre_P4,Pre,994454.7,994454.7,0.0,0.00802
E7_P4_M42,Pre_P4,Pre,994131.6,994131.6,0.0,0.00849
E8_P1_M42,Pre_P4,Pre,993896.5,993896.5,0.0,0.00883
E8_P2_M42,Pre_P4,Pre,996781.4,996771.5,9.9,0.00467
E8_P3_M42,Pre_P4,Pre,990950.9,990877.3,73.6,0.01322
E8_P4_M42,Pre_P4,Pre,995370.2,995370.2,-0.0,0.00669
E9_P1_M42,Pre_P4,Pre,995363.2,994630.0,733.2,0.00777
E9_P2_M42,Pre_P4,Pre,997046.8,997046.8,-0.0,0.00427
E9_P4_M42,Pre_P4,Pre,994275.3,994275.3,-0.0,0.00828
F10_P1_M42,Pre_P4,Pre,993176.6,993062.2,114.4,0.01004
F10_P2_M42,Pre_P4,Pre,994400.1,994385.5,14.6,0.00812
F10_P3_M42,Pre_P4,Pre,990953.7,990953.7,-0.0,0.01311
F10_P4_M42,Pre_P4,Pre,996726.7,996726.7,0.0,0.00473
F11_P1_M42,Pre_P4,Pre,995091.6,995091.6,-0.0,0.0071
F11_P2_M42,Pre_P4,Pre,990586.8,990586.8,-0.0,0.01364
F12_P1_M42,Pre_P4,Pre,997011.1,997011.1,0.0,0.00432
F12_P2_M42,Pre_P4,Pre,996574.2,996474.8,99.4,0.00509
F12_P3_M42,Pre_P4,Pre,994387.7,994387.7,-0.0,0.00812
F12_P4_M42,Pre_P4,Pre,992814.8,992814.8,-0.0,0.0104
F1_P1_M42,Pre_P4,Pre,991546.2,991546.2,-0.0,0.01225
F1_P3_M42,Pre_P4,Pre,994260.0,994260.0,-0.0,0.0083
F1_P4_M42,Pre_P4,Pre,997132.6,997084.4,48.2,0.00421
F2_P1_M42,Pre_P4,Pre,992286.7,987371.5,4915.2,0.01834
F2_P2_M42,Pre_P4,Pre,990319.6,990313.3,6.3,0.01404
F3_P1_M42,Pre_P4,Pre,996383.2,996383.2,-0.0,0.00523
F3_P2_M42,Pre_P4,Pre,996860.5,995945.0,915.5,0.00586
F4_P2_M42,Pre_P4,Pre,996750.6,996750.6,0.0,0.0047
F4_P3_M42,Pre_P4,Pre,997408.5,997408.5,0.0,0.00374
F5_P1_M42,Pre_P4,Pre,993781.2,993777.4,3.8,0.00901
F5_P2_M42,Pre_P4,Pre,991864.2,991864.2,-0.0,0.01179
F5_P3_M42,Pre_P4,Pre,995289.5,995087.3,202.2,0.0071
F5_P4_M42,Pre_P4,Pre,988617.1,988617.1,-0.0,0.01652
F6_P3_M42,Pre_P4,Pre,992872.5,992872.5,0.0,0.01032
F6_P4_M42,Pre_P4,Pre,995346.6,995346.6,-0.0,0.00673
F7_P1_M42,Pre_P4,Pre,996567.5,996559.4,8.1,0.00497
F7_P4_M42,Pre_P4,Pre,990040.7,989221.4,819.3,0.01563
F8_P1_M42,Pre_P4,Pre,995295.1,994095.0,1200.1,0.00854
F8_P3_M42,Pre_P4,Pre,995404.7,995404.7,0.0,0.00664
F8_P4_M42,Pre_P4,Pre,994495.7,992248.4,2247.3,0.01123
F9_P1_M42,Pre_P4,Pre,992656.3,992656.3,0.0,0.01063
F9_P3_M42,Pre_P4,Pre,995183.2,995183.2,-0.0,0.00697
F9_P4_M42,Pre_P4,Pre,994719.9,994719.9,-0.0,0.00764
G10_P1_M42,Pre_P4,Pre,995758.1,995733.0,25.1,0.00617
G10_P2_M42,Pre_P4,Pre,993722.2,993722.2,-0.0,0.00909
G10_P4_M42,Pre_P4,Pre,992893.4,992850.0,43.4,0.01035
G11_P1_M42,Pre_P4,Pre,991435.7,991435.7,0.0,0.01241
G11_P2_M42,Pre_P4,Pre,989661.8,989661.8,-0.0,0.01499
G12_P1_M42,Pre_P4,Pre,996463.0,996463.0,0.0,0.00511
G12_P2_M42,Pre_P4,Pre,994863.7,994863.7,0.0,0.00743
G12_P3_M42,Pre_P4,Pre,995686.0,995646.4,39.6,0.00629
G12_P4_M42,Pre_P4,Pre,996497.6,996497.6,0.0,0.00506
G1_P1_M42,Pre_P4,Pre,993590.6,993590.6,-0.0,0.00928
G1_P2_M42,Pre_P4,Pre,996065.4,995171.6,893.8,0.00698
G1_P3_M42,Pre_P4,Pre,990098.0,988757.1,1340.9,0.01631
G1_P4_M42,Pre_P4,Pre,993497.8,993497.8,0.0,0.00941
G2_P2_M42,Pre_P4,Pre,995875.2,995875.2,-0.0,0.00596
G2_P3_M42,Pre_P4,Pre,993630.0,993630.0,-0.0,0.00922
G2_P4_M42,Pre_P4,Pre,996404.1,996354.1,50.0,0.00527
G3_P1_M42,Pre_P4,Pre,990303.1,990151.2,151.9,0.01428
G3_P3_M42,Pre_P4,Pre,993102.1,993102.1,-0.0,0.00999
G3_P4_M42,Pre_P4,Pre,995057.7,994387.8,669.9,0.00812
G4_P1_M42,Pre_P4,Pre,994155.3,994155.3,-0.0,0.00846
G4_P3_M42,Pre_P4,Pre,996031.2,995929.0,102.2,0.00589
G4_P4_M42,Pre_P4,Pre,993083.5,993083.5,-0.0,0.01001
G5_P1_M42,Pre_P4,Pre,995506.8,995506.8,-0.0,0.0065
G5_P2_M42,Pre_P4,Pre,993493.1,993428.3,64.8,0.00951
G5_P4_M42,Pre_P4,Pre,989969.4,989969.4,0.0,0.01454
G6_P2_M42,Pre_P4,Pre,994509.2,994502.3,6.9,0.00795
G6_P3_M42,Pre_P4,Pre,990911.0,990911.0,0.0,0.01317
G7_P1_M42,Pre_P4,Pre,991239.2,991120.8,118.4,0.01287
G7_P2_M42,Pre_P4,Pre,996112.4,996112.4,-0.0,0.00562
G7_P3_M42,Pre_P4,Pre,997936.3,997936.3,0.0,0.00298
G8_P2_M42,Pre_P4,Pre,995894.1,995894.1,-0.0,0.00594
G8_P3_M42,Pre_P4,Pre,996023.3,993064.8,2958.5,0.01004
G8_P4_M42,Pre_P4,Pre,998093.3,998093.3,0.0,0.00275
G9_P1_M42,Pre_P4,Pre,996535.9,996535.9,-0.0,0.00501
G9_P2_M42,Pre_P4,Pre,996836.3,996836.3,-0.0,0.00457
G9_P3_M42,Pre_P4,Pre,990715.8,990715.8,0.0,0.01346
G9_P4_M42,Pre_P4,Pre,996780.6,996780.6,0.0,0.00465
H10_P1_M42,Pre_P4,Pre,996544.9,996533.0,11.9,0.00501
H10_P2_M42,Pre_P4,Pre,997531.5,997531.5,0.0,0.00357
H10_P3_M42,Pre_P4,Pre,993245.6,993245.6,-0.0,0.00978
H10_P4_M42,Pre_P4,Pre,994799.4,994799.4,-0.0,0.00752
H11_P1_M42,Pre_P4,Pre,996812.1,996812.1,-0.0,0.00461
H11_P2_M42,Pre_P4,Pre,995775.3,994558.5,1216.8,0.00787
H11_P3_M42,Pre_P4,Pre,994738.6,994738.6,-0.0,0.00761
H11_P4_M42,Pre_P4,Pre,995689.6,995689.6,0.0,0.00623
H12_P1_M42,Pre_P4,Pre,996807.2,996807.2,0.0,0.00461
H12_P2_M42,Pre_P4,Pre,994664.4,994664.4,-0.0,0.00772
H12_P3_M42,Pre_P4,Pre,995539.4,995539.4,0.0,0.00645
H12_P4_M42,Pre_P4,Pre,987672.4,987672.4,-0.0,0.0179
H1_P1_M42,Pre_P4,Pre,994682.2,994682.2,-0.0,0.00769
H1_P2_M42,Pre_P4,Pre,995992.5,995991.8,0.7,0.00579
H1_P3_M42,Pre_P4,Pre,997123.5,997123.5,-0.0,0.00416
H1_P4_M42,Pre_P4,Pre,991648.5,991648.5,-0.0,0.0121
H2_P1_M42,Pre_P4,Pre,997294.0,997294.0,-0.0,0.00391
H2_P2_M42,Pre_P4,Pre,996461.7,996461.7,0.0,0.00511
H2_P3_M42,Pre_P4,Pre,994006.6,994006.6,0.0,0.00867
H2_P4_M42,Pre_P4,Pre,994984.2,993189.5,1794.7,0.00986
H3_P1_M42,Pre_P4,Pre,992086.5,992086.5,0.0,0.01146
H3_P2_M42,Pre_P4,Pre,990559.7,990559.7,-0.0,0.01368
H3_P3_M42,Pre_P4,Pre,993735.8,993735.8,-0.0,0.00907
H3_P4_M42,Pre_P4,Pre,993395.5,993395.5,0.0,0.00956
H4_P1_M42,Pre_P4,Pre,992661.2,992661.2,-0.0,0.01063
H4_P2_M42,Pre_P4,Pre,995792.6,995792.6,-0.0,0.00608
H4_P4_M42,Pre_P4,Pre,993207.4,993187.4,20.0,0.00986
H5_P1_M42,Pre_P4,Pre,996944.4,996944.4,0.0,0.00442
H5_P2_M42,Pre_P4,Pre,995768.1,995762.6,5.5,0.00613
H5_P3_M42,Pre_P4,Pre,993953.2,993953.2,-0.0,0.00875
H6_P2_M42,Pre_P4,Pre,994512.7,994281.4,231.3,0.00827
H6_P3_M42,Pre_P4,Pre,993569.9,993569.9,-0.0,0.00931
H7_P1_M42,Pre_P4,Pre,993548.1,993548.1,-0.0,0.00934
H7_P2_M42,Pre_P4,Pre,992440.8,992440.8,0.0,0.01095
H7_P3_M42,Pre_P4,Pre,996319.0,996319.0,-0.0,0.00532
H7_P4_M42,Pre_P4,Pre,997383.4,997383.4,-0.0,0.00378
H8_P2_M42,Pre_P4,Pre,993049.1,993049.1,0.0,0.01006
H8_P3_M42,Pre_P4,Pre,994484.7,994484.7,-0.0,0.00798
H8_P4_M42,Pre_P4,Pre,990304.0,990304.0,-0.0,0.01406
H9_P2_M42,Pre_P4,Pre,995903.5,995903.5,0.0,0.00592
H9_P4_M42,Pre_P4,Pre,989507.9,989507.9,-0.0,0.01522
A10_P1_M47,Post_P4,Post,997132.9,997132.9,-0.0,0.00414
A10_P2_M47,Post_P4,Post,990414.2,990414.2,-0.0,0.0139
A10_P3_M47,Post_P4,Post,993818.2,993818.2,0.0,0.00895
A10_P4_M47,Post_P4,Post,996827.4,996827.4,-0.0,0.00458
A11_P2_M47,Post_P4,Post,995679.6,995679.6,-0.0,0.00625
A11_P3_M47,Post_P4,Post,994526.1,994346.1,180.0,0.00818
A11_P4_M47,Post_P4,Post,997075.9,997071.0,4.9,0.00423
A12_P1_M47,Post_P4,Post,997869.4,997869.4,-0.0,0.00308
A12_P2_M47,Post_P4,Post,997969.7,997969.7,0.0,0.00293
A12_P3_M47,Post_P4,Post,994649.2,994649.2,0.0,0.00774
A2_P1_M47,Post_P4,Post,997640.9,997640.9,-0.0,0.00341
A2_P2_M47,Post_P4,Post,996899.6,996899.6,0.0,0.00448
A2_P3_M47,Post_P4,Post,996371.5,996371.5,0.0,0.00524
A2_P4_M47,Post_P4,Post,996325.7,996325.7,0.0,0.00531
A3_P1_M47,Post_P4,Post,995932.9,995932.9,0.0,0.00588
A3_P2_M47,Post_P4,Post,995429.0,995429.0,0.0,0.00661
A3_P3_M47,Post_P4,Post,996544.6,996544.6,-0.0,0.00499
A3_P4_M47,Post_P4,Post,994347.2,994347.2,0.0,0.00818
A4_P1_M47,Post_P4,Post,997761.0,997690.1,70.9,0.00334
A4_P2_M47,Post_P4,Post,995671.5,995671.5,0.0,0.00626
A4_P3_M47,Post_P4,Post,992876.1,992876.1,-0.0,0.01031
A4_P4_M47,Post_P4,Post,994421.9,994421.9,-0.0,0.00807
A5_P1_M47,Post_P4,Post,996000.0,996000.0,-0.0,0.00578
A5_P2_M47,Post_P4,Post,993388.2,992955.6,432.6,0.0102
A5_P3_M47,Post_P4,Post,990111.2,990111.2,-0.0,0.01434
A5_P4_M47,Post_P4,Post,995354.2,995354.2,-0.0,0.00672
A6_P1_M47,Post_P4,Post,995834.7,995629.2,205.5,0.00632
A6_P2_M47,Post_P4,Post,995317.0,994973.1,343.9,0.00727
A6_P3_M47,Post_P4,Post,996149.3,996149.3,-0.0,0.00557
A6_P4_M47,Post_P4,Post,995153.7,995153.7,-0.0,0.00701
A7_P1_M47,Post_P4,Post,997120.5,997120.5,-0.0,0.00416
A7_P2_M47,Post_P4,Post,996407.2,996407.2,-0.0,0.00519
A7_P3_M47,Post_P4,Post,997942.2,997942.2,0.0,0.00297
A7_P4_M47,Post_P4,Post,995347.5,995347.5,0.0,0.00673
A8_P1_M47,Post_P4,Post,995744.7,995744.7,-0.0,0.00615
A8_P2_M47,Post_P4,Post,991873.1,991873.1,-0.0,0.01177
A8_P3_M47,Post_P4,Post,991743.4,991743.4,-0.0,0.01196
A8_P4_M47,Post_P4,Post,995083.5,995083.5,-0.0,0.00711
A9_P1_M47,Post_P4,Post,997000.7,997000.7,0.0,0.00433
A9_P2_M47,Post_P4,Post,998073.9,998029.0,44.9,0.00285
A9_P3_M47,Post_P4,Post,995102.6,995102.6,0.0,0.00708
A9_P4_M47,Post_P4,Post,994839.1,994287.5,551.6,0.00827
B10_P1_M47,Post_P4,Post,995465.7,995465.7,-0.0,0.00656
B10_P2_M47,Post_P4,Post,993290.1,993290.1,-0.0,0.00971
B10_P3_M47,Post_P4,Post,995520.6,995516.1,4.5,0.00648
B10_P4_M47,Post_P4,Post,996794.1,996794.1,-0.0,0.00463
B11_P1_M47,Post_P4,Post,996113.1,996113.1,-0.0,0.00562
B11_P3_M47,Post_P4,Post,996413.8,996013.1,400.7,0.00576
B11_P4_M47,Post_P4,Post,995809.3,995809.3,0.0,0.00606
B12_P1_M47,Post_P4,Post,993976.4,993976.4,-0.0,0.00872
B12_P2_M47,Post_P4,Post,999677.6,999677.6,-0.0,0.00047
B12_P4_M47,Post_P4,Post,992063.0,992063.0,-0.0,0.0115
B1_P1_M47,Post_P4,Post,994609.6,994609.6,-0.0,0.0078
B1_P2_M47,Post_P4,Post,997804.1,997801.4,2.7,0.00318
B1_P4_M47,Post_P4,Post,994915.9,994915.9,0.0,0.00735
B2_P1_M47,Post_P4,Post,996614.5,996610.1,4.4,0.0049
B2_P2_M47,Post_P4,Post,994334.2,994275.3,58.9,0.00828
B2_P3_M47,Post_P4,Post,995359.0,995359.0,0.0,0.00671
B2_P4_M47,Post_P4,Post,996399.2,996399.2,-0.0,0.0052
B3_P1_M47,Post_P4,Post,994799.2,994799.2,-0.0,0.00752
B3_P2_M47,Post_P4,Post,995244.0,994956.9,287.1,0.00729
B3_P3_M47,Post_P4,Post,996978.1,996746.8,231.3,0.0047
B3_P4_M47,Post_P4,Post,996640.1,996640.1,0.0,0.00486
B4_P1_M47,Post_P4,Post,995685.6,995638.7,46.9,0.00631
B4_P2_M47,Post_P4,Post,991253.6,991253.6,-0.0,0.01267
B4_P3_M47,Post_P4,Post,995540.7,995379.9,160.8,0.00668
B4_P4_M47,Post_P4,Post,996353.9,996353.9,-0.0,0.00527
B5_P1_M47,Post_P4,Post,996723.9,996723.9,0.0,0.00473
B5_P2_M47,Post_P4,Post,994931.9,994931.9,0.0,0.00733
B5_P3_M47,Post_P4,Post,994740.9,994740.9,0.0,0.00761
B5_P4_M47,Post_P4,Post,997648.7,997648.7,0.0,0.0034
B6_P1_M47,Post_P4,Post,992627.7,992627.7,-0.0,0.01068
B6_P2_M47,Post_P4,Post,996864.5,996864.5,-0.0,0.00453
B6_P3_M47,Post_P4,Post,993929.5,993929.5,0.0,0.00878
B6_P4_M47,Post_P4,Post,995973.3,995973.3,-0.0,0.00582
B7_P1_M47,Post_P4,Post,995133.6,995133.6,-0.0,0.00704
B7_P2_M47,Post_P4,Post,995484.9,995484.9,0.0,0.00653
B7_P3_M47,Post_P4,Post,994098.4,994098.4,0.0,0.00854
B7_P4_M47,Post_P4,Post,995192.8,995192.8,0.0,0.00695
B8_P1_M47,Post_P4,Post,994827.3,994827.3,0.0,0.00748
B8_P2_M47,Post_P4,Post,995798.9,995791.4,7.5,0.00608
B8_P3_M47,Post_P4,Post,995165.5,995137.0,28.5,0.00703
B8_P4_M47,Post_P4,Post,995743.8,995743.8,0.0,0.00615
B9_P1_M47,Post_P4,Post,997314.5,997314.5,-0.0,0.00388
B9_P2_M47,Post_P4,Post,996545.5,996545.5,-0.0,0.00499
B9_P3_M47,Post_P4,Post,996265.5,996265.5,0.0,0.0054
B9_P4_M47,Post_P4,Post,993345.5,993345.5,0.0,0.00963
C10_P1_M47,Post_P4,Post,994468.3,994310.6,157.7,0.00823
C10_P2_M47,Post_P4,Post,997147.0,997147.0,-0.0,0.00412
C10_P3_M47,Post_P4,Post,996780.7,996780.7,-0.0,0.00465
C10_P4_M47,Post_P4,Post,998184.4,998184.4,-0.0,0.00262
C11_P1_M47,Post_P4,Post,995262.5,995262.5,0.0,0.00685
C11_P2_M47,Post_P4,Post,997675.8,997675.8,-0.0,0.00336
C11_P3_M47,Post_P4,Post,995470.6,995470.6,0.0,0.00655
C11_P4_M47,Post_P4,Post,996467.8,996467.8,-0.0,0.0051
C12_P1_M47,Post_P4,Post,996098.9,996098.9,0.0,0.00564
C12_P2_M47,Post_P4,Post,996226.2,995416.9,809.3,0.00663
C12_P3_M47,Post_P4,Post,997297.2,997297.2,0.0,0.0039
C12_P4_M47,Post_P4,Post,998009.1,998009.1,-0.0,0.00288
C1_P1_M47,Post_P4,Post,1000540.8,1000495.9,44.9,-0.00072
C1_P2_M47,Post_P4,Post,996531.6,996263.9,267.7,0.0054
C1_P3_M47,Post_P4,Post,998255.2,998255.2,-0.0,0.00252
C1_P4_M47,Post_P4,Post,997513.5,997513.5,-0.0,0.00359
C2_P1_M47,Post_P4,Post,992673.2,992669.1,4.1,0.01062
C2_P2_M47,Post_P4,Post,995895.0,995895.0,0.0,0.00593
C2_P3_M47,Post_P4,Post,994829.1,994644.0,185.1,0.00775
C2_P4_M47,Post_P4,Post,996307.0,996307.0,0.0,0.00534
C3_P1_M47,Post_P4,Post,995027.3,994469.6,557.7,0.008
C3_P2_M47,Post_P4,Post,995127.3,995127.3,0.0,0.00705
C3_P3_M47,Post_P4,Post,998836.7,998836.7,0.0,0.00168
C3_P4_M47,Post_P4,Post,996308.4,995929.3,379.1,0.00588
C4_P1_M47,Post_P4,Post,996674.2,996364.4,309.8,0.00525
C4_P2_M47,Post_P4,Post,995741.2,995741.2,0.0,0.00616
C4_P4_M47,Post_P4,Post,999356.7,998428.4,928.3,0.00227
C5_P1_M47,Post_P4,Post,997469.4,996790.1,679.3,0.00464
C5_P2_M47,Post_P4,Post,993861.3,993861.3,-0.0,0.00888
C5_P3_M47,Post_P4,Post,997693.5,997693.5,-0.0,0.00333
C5_P4_M47,Post_P4,Post,998384.7,998384.7,0.0,0.00233
C6_P1_M47,Post_P4,Post,998073.8,997949.4,124.4,0.00296
C6_P2_M47,Post_P4,Post,991451.0,991451.0,0.0,0.01239
C6_P3_M47,Post_P4,Post,995399.1,995399.1,0.0,0.00665
C6_P4_M47,Post_P4,Post,995712.0,995712.0,-0.0,0.0062
C7_P1_M47,Post_P4,Post,998389.8,998389.8,0.0,0.00232
C7_P2_M47,Post_P4,Post,995696.7,995696.7,0.0,0.00622
C7_P3_M47,Post_P4,Post,997262.4,997142.3,120.1,0.00413
C7_P4_M47,Post_P4,Post,995042.7,994943.2,99.5,0.00731
C8_P1_M47,Post_P4,Post,995213.6,994970.7,242.9,0.00727
C8_P2_M47,Post_P4,Post,996373.6,996335.7,37.9,0.0053
C8_P3_M47,Post_P4,Post,998680.1,998680.1,-0.0,0.00191
C8_P4_M47,Post_P4,Post,993227.5,993142.3,85.2,0.00993
C9_P1_M47,Post_P4,Post,995181.7,995163.9,17.8,0.00699
C9_P2_M47,Post_P4,Post,995896.4,995896.4,0.0,0.00593
C9_P3_M47,Post_P4,Post,996411.0,996302.1,108.9,0.00534
C9_P4_M47,Post_P4,Post,994025.4,994025.4,-0.0,0.00865
D10_P1_M47,Post_P4,Post,995408.2,995408.2,-0.0,0.00664
D10_P2_M47,Post_P4,Post,999502.7,999502.7,-0.0,0.00072
D10_P3_M47,Post_P4,Post,996593.1,996593.1,-0.0,0.00492
D10_P4_M47,Post_P4,Post,997253.8,997253.8,-0.0,0.00397
D11_P1_M47,Post_P4,Post,995652.8,995652.8,-0.0,0.00629
D11_P2_M47,Post_P4,Post,997434.2,997434.2,-0.0,0.00371
D11_P3_M47,Post_P4,Post,995723.0,995313.9,409.1,0.00678
D11_P4_M47,Post_P4,Post,996861.2,996861.2,0.0,0.00454
D12_P1_M47,Post_P4,Post,997850.6,997850.6,0.0,0.0031
D12_P2_M47,Post_P4,Post,995621.0,995621.0,-0.0,0.00633
D12_P3_M47,Post_P4,Post,996166.8,996166.8,0.0,0.00554
D12_P4_M47,Post_P4,Post,993361.5,993361.5,0.0,0.00961
D1_P1_M47,Post_P4,Post,996443.0,996443.0,-0.0,0.00514
D1_P2_M47,Post_P4,Post,997949.8,997949.8,-0.0,0.00296
D1_P3_M47,Post_P4,Post,993390.2,993390.2,0.0,0.00957
D1_P4_M47,Post_P4,Post,996272.5,996272.5,-0.0,0.00539
D2_P1_M47,Post_P4,Post,997059.5,996688.2,371.3,0.00479
D2_P2_M47,Post_P4,Post,994471.5,994273.0,198.5,0.00829
D2_P3_M47,Post_P4,Post,994007.7,994007.7,0.0,0.00867
D2_P4_M47,Post_P4,Post,996206.1,996100.2,105.9,0.00564
D3_P1_M47,Post_P4,Post,994250.0,993927.0,323.0,0.00879
D3_P2_M47,Post_P4,Post,995181.8,995181.8,-0.0,0.00697
D3_P3_M47,Post_P4,Post,996105.9,996105.9,0.0,0.00563
D3_P4_M47,Post_P4,Post,995573.5,995573.5,-0.0,0.0064
D4_P1_M47,Post_P4,Post,994145.2,994119.9,25.3,0.00851
D4_P2_M47,Post_P4,Post,997667.8,996672.8,995.0,0.00481
D4_P3_M47,Post_P4,Post,996042.0,996042.0,-0.0,0.00572
D4_P4_M47,Post_P4,Post,994876.7,994876.7,0.0,0.00741
D5_P1_M47,Post_P4,Post,996948.0,996948.0,-0.0,0.00441
D5_P2_M47,Post_P4,Post,994575.0,994567.1,7.9,0.00786
D5_P3_M47,Post_P4,Post,989060.9,989060.9,-0.0,0.01587
D5_P4_M47,Post_P4,Post,998122.6,998122.6,-0.0,0.00271
D6_P1_M47,Post_P4,Post,997177.5,997177.5,-0.0,0.00408
D6_P2_M47,Post_P4,Post,993224.6,993002.7,221.9,0.01013
D6_P3_M47,Post_P4,Post,995677.2,995677.2,0.0,0.00625
D6_P4_M47,Post_P4,Post,995056.0,995056.0,0.0,0.00715
D7_P1_M47,Post_P4,Post,996209.2,996209.2,0.0,0.00548
D7_P2_M47,Post_P4,Post,997893.3,997893.3,0.0,0.00304
D7_P3_M47,Post_P4,Post,996368.6,996368.6,-0.0,0.00525
D7_P4_M47,Post_P4,Post,994643.2,994643.2,-0.0,0.00775
D8_P1_M47,Post_P4,Post,996757.0,996431.7,325.3,0.00516
D8_P2_M47,Post_P4,Post,995419.7,995380.5,39.2,0.00668
D8_P3_M47,Post_P4,Post,995674.3,995674.3,-0.0,0.00625
D8_P4_M47,Post_P4,Post,992191.6,992191.6,0.0,0.01131
D9_P1_M47,Post_P4,Post,993350.1,993350.1,0.0,0.00963
D9_P2_M47,Post_P4,Post,997207.2,997207.2,-0.0,0.00403
D9_P3_M47,Post_P4,Post,996071.6,995972.2,99.4,0.00582
D9_P4_M47,Post_P4,Post,993525.8,993525.8,0.0,0.00937
E10_P1_M47,Post_P4,Post,994707.2,994707.2,-0.0,0.00766
E10_P2_M47,Post_P4,Post,994928.2,994782.2,146.0,0.00755
E10_P3_M47,Post_P4,Post,995258.8,995258.8,-0.0,0.00686
E10_P4_M47,Post_P4,Post,994653.8,994653.8,-0.0,0.00773
E11_P1_M47,Post_P4,Post,998331.1,998331.1,-0.0,0.00241
E11_P2_M47,Post_P4,Post,994116.6,994116.6,-0.0,0.00851
E11_P3_M47,Post_P4,Post,997832.6,997832.6,0.0,0.00313
E11_P4_M47,Post_P4,Post,994178.7,994178.7,-0.0,0.00842
E12_P1_M47,Post_P4,Post,996521.5,996521.5,0.0,0.00503
E12_P2_M47,Post_P4,Post,995970.3,995969.2,1.1,0.00583
E12_P3_M47,Post_P4,Post,996914.3,996914.3,-0.0,0.00446
E12_P4_M47,Post_P4,Post,997225.1,997225.1,0.0,0.00401
E1_P1_M47,Post_P4,Post,994960.5,994960.5,-0.0,0.00729
E1_P2_M47,Post_P4,Post,995970.8,995970.8,0.0,0.00582
E1_P3_M47,Post_P4,Post,995239.4,995239.4,0.0,0.00688
E1_P4_M47,Post_P4,Post,994662.9,994662.9,-0.0,0.00772
E2_P1_M47,Post_P4,Post,996480.6,996442.4,38.2,0.00514
E2_P2_M47,Post_P4,Post,993947.3,993947.3,0.0,0.00876
E2_P3_M47,Post_P4,Post,996092.9,996092.9,0.0,0.00565
E2_P4_M47,Post_P4,Post,996725.3,996725.3,-0.0,0.00473
E3_P1_M47,Post_P4,Post,996131.8,996131.8,0.0,0.00559
E3_P2_M47,Post_P4,Post,995328.1,995328.1,-0.0,0.00676
E3_P3_M47,Post_P4,Post,994574.5,994574.5,-0.0,0.00785
E3_P4_M47,Post_P4,Post,996153.0,996153.0,0.0,0.00556
E4_P1_M47,Post_P4,Post,998091.4,998091.4,0.0,0.00276
E4_P2_M47,Post_P4,Post,998155.3,997958.2,197.1,0.00295
E4_P3_M47,Post_P4,Post,996900.7,996900.7,0.0,0.00448
E4_P4_M47,Post_P4,Post,995877.8,995877.8,-0.0,0.00596
E5_P1_M47,Post_P4,Post,998168.6,997691.9,476.7,0.00333
E5_P2_M47,Post_P4,Post,997153.9,997153.9,-0.0,0.00411
E5_P3_M47,Post_P4,Post,995033.7,994971.6,62.1,0.00727
E5_P4_M47,Post_P4,Post,994499.4,993881.7,617.7,0.00885
E6_P1_M47,Post_P4,Post,995350.8,995350.8,-0.0,0.00672
E6_P2_M47,Post_P4,Post,995627.7,995361.9,265.8,0.00671
E6_P3_M47,Post_P4,Post,995250.4,995250.4,-0.0,0.00687
E6_P4_M47,Post_P4,Post,996994.4,996772.6,221.8,0.00466
E7_P1_M47,Post_P4,Post,996340.1,996340.1,0.0,0.00529
E7_P2_M47,Post_P4,Post,995327.3,995327.3,0.0,0.00676
E7_P3_M47,Post_P4,Post,996079.3,996001.5,77.8,0.00578
E7_P4_M47,Post_P4,Post,996436.3,996436.3,-0.0,0.00515
E8_P1_M47,Post_P4,Post,992237.9,992214.2,23.7,0.01128
E8_P2_M47,Post_P4,Post,995845.6,995845.6,-0.0,0.00601
E8_P3_M47,Post_P4,Post,997721.1,997060.4,660.7,0.00425
E8_P4_M47,Post_P4,Post,995553.0,995553.0,0.0,0.00643
E9_P1_M47,Post_P4,Post,995213.3,994672.8,540.5,0.00771
E9_P2_M47,Post_P4,Post,997674.3,997674.3,0.0,0.00336
E9_P3_M47,Post_P4,Post,996453.1,995639.5,813.6,0.0063
E9_P4_M47,Post_P4,Post,996741.0,996740.3,0.7,0.00471
F10_P1_M47,Post_P4,Post,994956.8,994956.8,0.0,0.00729
F10_P2_M47,Post_P4,Post,996636.3,996636.3,-0.0,0.00486
F10_P3_M47,Post_P4,Post,996665.1,996656.1,9.0,0.00483
F10_P4_M47,Post_P4,Post,993728.5,993728.5,0.0,0.00908
F11_P1_M47,Post_P4,Post,994842.7,994842.7,0.0,0.00746
F11_P2_M47,Post_P4,Post,995118.1,995118.1,-0.0,0.00706
F11_P3_M47,Post_P4,Post,995114.5,994966.4,148.1,0.00728
F11_P4_M47,Post_P4,Post,997488.8,997488.8,0.0,0.00363
F12_P1_M47,Post_P4,Post,994048.0,994048.0,0.0,0.00861
F12_P2_M47,Post_P4,Post,995533.0,995533.0,-0.0,0.00646
F12_P3_M47,Post_P4,Post,997524.2,997447.5,76.7,0.00369
F12_P4_M47,Post_P4,Post,997982.9,997982.9,-0.0,0.00291
F1_P1_M47,Post_P4,Post,995701.5,995665.7,35.8,0.00627
F1_P2_M47,Post_P4,Post,996657.5,996657.5,-0.0,0.00483
F1_P3_M47,Post_P4,Post,993816.6,993816.6,0.0,0.00895
F1_P4_M47,Post_P4,Post,997218.5,997218.5,-0.0,0.00402
F2_P1_M47,Post_P4,Post,994825.0,994825.0,-0.0,0.00749
F2_P2_M47,Post_P4,Post,995804.3,995719.7,84.6,0.00619
F2_P3_M47,Post_P4,Post,997801.0,997801.0,-0.0,0.00318
F2_P4_M47,Post_P4,Post,993902.4,993902.4,-0.0,0.00882
F3_P1_M47,Post_P4,Post,993697.7,993697.7,-0.0,0.00912
F3_P2_M47,Post_P4,Post,992819.3,992819.3,0.0,0.0104
F3_P3_M47,Post_P4,Post,993815.3,993749.9,65.4,0.00905
F3_P4_M47,Post_P4,Post,996334.5,996307.1,27.4,0.00534
F4_P1_M47,Post_P4,Post,998390.8,998371.3,19.5,0.00235
F4_P2_M47,Post_P4,Post,994152.5,993838.3,314.2,0.00892
F4_P3_M47,Post_P4,Post,992978.6,992978.6,0.0,0.01017
F4_P4_M47,Post_P4,Post,992469.8,992327.7,142.1,0.01111
F5_P1_M47,Post_P4,Post,996757.0,996692.7,64.3,0.00478
F5_P2_M47,Post_P4,Post,996740.1,996740.1,0.0,0.00471
F5_P3_M47,Post_P4,Post,997099.9,997099.9,0.0,0.00419
F5_P4_M47,Post_P4,Post,997247.9,997247.9,0.0,0.00398
F6_P1_M47,Post_P4,Post,995281.8,995281.8,-0.0,0.00682
F6_P2_M47,Post_P4,Post,995580.3,995580.3,-0.0,0.00639
F6_P3_M47,Post_P4,Post,996236.5,996236.5,-0.0,0.00544
F6_P4_M47,Post_P4,Post,996237.1,996237.1,0.0,0.00544
F7_P1_M47,Post_P4,Post,995661.4,995661.4,-0.0,0.00627
F7_P2_M47,Post_P4,Post,995220.6,995220.6,0.0,0.00691
F7_P3_M47,Post_P4,Post,994705.4,994705.4,-0.0,0.00766
F7_P4_M47,Post_P4,Post,989137.4,989071.4,66.0,0.01585
F8_P1_M47,Post_P4,Post,994899.8,994899.8,0.0,0.00738
F8_P2_M47,Post_P4,Post,995548.6,995548.6,0.0,0.00644
F8_P3_M47,Post_P4,Post,993485.8,993485.8,0.0,0.00943
F8_P4_M47,Post_P4,Post,995574.9,995574.9,-0.0,0.0064
F9_P1_M47,Post_P4,Post,995202.5,995172.3,30.2,0.00698
F9_P2_M47,Post_P4,Post,997806.3,997806.3,-0.0,0.00317
G10_P1_M47,Post_P4,Post,995856.9,995853.5,3.4,0.00599
G10_P2_M47,Post_P4,Post,992825.3,992825.3,0.0,0.01039
G11_P1_M47,Post_P4,Post,996083.3,996083.3,-0.0,0.00566
G11_P2_M47,Post_P4,Post,994856.9,994856.9,0.0,0.00744
G12_P1_M47,Post_P4,Post,995530.9,995530.9,0.0,0.00646
G12_P2_M47,Post_P4,Post,995092.0,995065.3,26.7,0.00714
G1_P1_M47,Post_P4,Post,996638.2,996638.2,-0.0,0.00486
G1_P2_M47,Post_P4,Post,997938.9,997938.9,0.0,0.00298
G2_P1_M47,Post_P4,Post,995080.5,993682.3,1398.2,0.00914
G2_P2_M47,Post_P4,Post,995691.8,995691.8,-0.0,0.00623
G3_P1_M47,Post_P4,Post,998423.2,998423.2,-0.0,0.00228
G3_P2_M47,Post_P4,Post,993756.0,993756.0,0.0,0.00904
G4_P1_M47,Post_P4,Post,996222.5,996222.5,0.0,0.00546
G5_P1_M47,Post_P4,Post,996435.5,996391.6,43.9,0.00522
G5_P2_M47,Post_P4,Post,993056.7,993056.7,-0.0,0.01005
G6_P1_M47,Post_P4,Post,995744.8,995744.8,0.0,0.00615
G7_P1_M47,Post_P4,Post,996806.9,996660.7,146.2,0.00483
G8_P1_M47,Post_P4,Post,997541.9,997528.2,13.7,0.00357
G8_P2_M47,Post_P4,Post,996491.3,996399.2,92.1,0.0052
G9_P1_M47,Post_P4,Post,997310.4,997310.4,-0.0,0.00389
G9_P2_M47,Post_P4,Post,994819.3,994819.3,-0.0,0.00749
G9_P3_M47,Post_P4,Post,994569.6,994569.6,0.0,0.00786
H10_P1_M47,Post_P4,Post,995971.3,995971.3,-0.0,0.00582
H10_P2_M47,Post_P4,Post,988484.5,988484.5,-0.0,0.01671
H10_P3_M47,Post_P4,Post,997011.8,997011.8,-0.0,0.00432
H11_P1_M47,Post_P4,Post,995338.7,995338.7,-0.0,0.00674
H11_P2_M47,Post_P4,Post,995800.9,995800.9,0.0,0.00607
H11_P3_M47,Post_P4,Post,994508.5,994508.5,-0.0,0.00794
H11_P4_M47,Post_P4,Post,995937.3,995937.3,0.0,0.00587
H12_P1_M47,Post_P4,Post,995190.2,995190.2,0.0,0.00696
H12_P2_M47,Post_P4,Post,995851.9,995851.9,0.0,0.006
H12_P3_M47,Post_P4,Post,994138.0,994138.0,-0.0,0.00848
H12_P4_M47,Post_P4,Post,997263.3,996806.0,457.3,0.00462
H1_P1_M47,Post_P4,Post,993390.3,993021.7,368.6,0.0101
H1_P2_M47,Post_P4,Post,995187.7,995187.7,0.0,0.00696
H1_P3_M47,Post_P4,Post,987446.9,987431.9,15.0,0.01825
H1_P4_M47,Post_P4,Post,997001.7,997001.7,0.0,0.00433
H2_P1_M47,Post_P4,Post,995372.8,995372.8,0.0,0.00669
H2_P2_M47,Post_P4,Post,994361.4,994361.4,-0.0,0.00816
H2_P3_M47,Post_P4,Post,996967.1,993801.7,3165.4,0.00897
H2_P4_M47,Post_P4,Post,994828.2,994819.8,8.4,0.00749
H3_P1_M47,Post_P4,Post,996071.5,996071.5,0.0,0.00568
H3_P2_M47,Post_P4,Post,994184.5,994184.5,-0.0,0.00841
H3_P3_M47,Post_P4,Post,994612.7,994612.7,-0.0,0.00779
H3_P4_M47,Post_P4,Post,994184.2,994184.2,0.0,0.00841
H4_P1_M47,Post_P4,Post,995060.5,995034.3,26.2,0.00718
H4_P2_M47,Post_P4,Post,996192.0,995796.9,395.1,0.00608
H4_P3_M47,Post_P4,Post,993277.4,993277.4,0.0,0.00973
H4_P4_M47,Post_P4,Post,995566.2,995566.2,0.0,0.00641
H5_P1_M47,Post_P4,Post,992394.9,992394.9,-0.0,0.01101
H5_P2_M47,Post_P4,Post,995153.7,995153.7,-0.0,0.00701
H5_P3_M47,Post_P4,Post,995443.6,995303.5,140.1,0.00679
H6_P1_M47,Post_P4,Post,995502.1,995497.1,5.0,0.00651
H6_P2_M47,Post_P4,Post,996519.3,996363.5,155.8,0.00526
H6_P3_M47,Post_P4,Post,991120.0,991120.0,-0.0,0.01287
H6_P4_M47,Post_P4,Post,994424.5,994413.2,11.3,0.00808
H7_P1_M47,Post_P4,Post,996203.6,996203.6,-0.0,0.00549
H7_P2_M47,Post_P4,Post,994614.3,994614.3,0.0,0.00779
H7_P3_M47,Post_P4,Post,992281.6,991677.9,603.7,0.01206
H8_P1_M47,Post_P4,Post,997635.2,997635.2,0.0,0.00342
H8_P2_M47,Post_P4,Post,996070.6,996070.6,-0.0,0.00568
H8_P3_M47,Post_P4,Post,995860.5,995860.5,-0.0,0.00598
H8_P4_M47,Post_P4,Post,993012.3,993012.3,-0.0,0.01012
H9_P1_M47,Post_P4,Post,992307.3,992307.3,-0.0,0.01114
H9_P2_M47,Post_P4,Post,992017.4,992017.4,0.0,0.01156
H9_P3_M47,Post_P4,Post,994671.9,994323.2,348.7,0.00821
H9_P4_M47,Post_P4,Post,995325.2,995325.2,-0.0,0.00676
A10_P5_M47_L001,Post_P4,Post,995388.2,993690.8,1697.4,0.00913
A11_P5_M47_L001,Post_P4,Post,993589.3,993589.3,0.0,0.00928
A12_P5_M47_L001,Post_P4,Post,999225.1,999214.3,10.8,0.00113
A4_P5_M47_L001,Post_P4,Post,994512.7,994512.7,0.0,0.00794
A5_P5_M47_L001,Post_P4,Post,994744.0,994567.7,176.3,0.00786
A6_P5_M47_L001,Post_P4,Post,994424.4,994424.4,-0.0,0.00807
A7_P5_M47_L001,Post_P4,Post,994554.4,993545.5,1008.9,0.00934
A8_P5_M47_L001,Post_P4,Post,996594.6,996594.6,0.0,0.00492
A9_P5_M47_L001,Post_P4,Post,994784.0,994784.0,0.0,0.00754
B10_P5_M47_L001,Post_P4,Post,994534.4,994534.4,0.0,0.00791
B11_P5_M47_L001,Post_P4,Post,996954.7,995158.9,1795.8,0.007
B12_P5_M47_L001,Post_P4,Post,995004.3,995004.3,-0.0,0.00723
B1_P5_M47_L001,Post_P4,Post,992981.2,992981.2,-0.0,0.01016
B2_P5_M47_L001,Post_P4,Post,992011.8,992011.8,0.0,0.01157
B3_P5_M47_L001,Post_P4,Post,982967.1,980111.7,2855.4,0.02898
B4_P5_M47_L001,Post_P4,Post,997209.6,997209.6,-0.0,0.00403
B5_P5_M47_L001,Post_P4,Post,997150.8,997150.8,-0.0,0.00412
B6_P5_M47_L001,Post_P4,Post,992739.3,992739.3,0.0,0.01051
B7_P5_M47_L001,Post_P4,Post,995823.1,995823.1,0.0,0.00604
B8_P5_M47_L001,Post_P4,Post,998214.0,998214.0,0.0,0.00258
B9_P5_M47_L001,Post_P4,Post,994819.5,994819.5,-0.0,0.00749
C10_P5_M47_L001,Post_P4,Post,995794.2,995791.6,2.6,0.00608
C11_P5_M47_L001,Post_P4,Post,998301.2,998301.2,-0.0,0.00245
C1_P5_M47_L001,Post_P4,Post,994948.8,994948.8,0.0,0.00731
C2_P5_M47_L001,Post_P4,Post,996710.8,996710.8,0.0,0.00475
C3_P5_M47_L001,Post_P4,Post,995667.3,995667.3,0.0,0.00626
C4_P5_M47_L001,Post_P4,Post,996184.2,996184.2,-0.0,0.00552
C6_P5_M47_L001,Post_P4,Post,995275.9,995275.9,0.0,0.00683
C7_P5_M47_L001,Post_P4,Post,993632.8,993632.8,-0.0,0.00922
C8_P5_M47_L001,Post_P4,Post,997349.8,997349.8,0.0,0.00383
C9_P5_M47_L001,Post_P4,Post,991930.7,991260.8,669.9,0.01266
D10_P5_M47_L001,Post_P4,Post,994739.3,994739.3,-0.0,0.00761
D11_P5_M47_L001,Post_P4,Post,994055.3,994055.3,-0.0,0.0086
D12_P5_M47_L001,Post_P4,Post,994141.5,994141.5,0.0,0.00848
D1_P5_M47_L001,Post_P4,Post,993788.7,993788.7,0.0,0.00899
D2_P5_M47_L001,Post_P4,Post,995629.5,995629.5,0.0,0.00632
D3_P5_M47_L001,Post_P4,Post,993504.8,992445.7,1059.1,0.01094
D4_P5_M47_L001,Post_P4,Post,996548.5,996548.5,-0.0,0.00499
D6_P5_M47_L001,Post_P4,Post,992885.3,992873.4,11.9,0.01032
D9_P5_M47_L001,Post_P4,Post,998492.8,998492.8,-0.0,0.00218
E10_P5_M47_L001,Post_P4,Post,993409.6,993409.6,0.0,0.00954
E11_P5_M47_L001,Post_P4,Post,993176.5,993176.5,-0.0,0.00988
E12_P5_M47_L001,Post_P4,Post,992159.4,992159.4,-0.0,0.01136
E1_P5_M47_L001,Post_P4,Post,992466.4,992466.4,0.0,0.01091
E3_P5_M47_L001,Post_P4,Post,995817.1,995817.1,0.0,0.00605
E4_P5_M47_L001,Post_P4,Post,996525.5,996525.5,0.0,0.00502
E5_P5_M47_L001,Post_P4,Post,993669.8,993669.8,-0.0,0.00916
E6_P5_M47_L001,Post_P4,Post,990311.1,988694.1,1617.0,0.0164
E8_P5_M47_L001,Post_P4,Post,997244.6,997244.6,0.0,0.00398
F11_P5_M47_L001,Post_P4,Post,990202.9,990202.9,0.0,0.0142
F12_P5_M47_L001,Post_P4,Post,996654.5,996654.5,0.0,0.00483
F1_P5_M47_L001,Post_P4,Post,997984.2,997984.2,0.0,0.00291
F3_P5_M47_L001,Post_P4,Post,995436.5,995436.5,-0.0,0.0066
F4_P5_M47_L001,Post_P4,Post,990834.1,990834.1,0.0,0.01328
F5_P5_M47_L001,Post_P4,Post,990813.6,990813.6,-0.0,0.01331
F6_P5_M47_L001,Post_P4,Post,991091.7,991091.7,-0.0,0.01291
F8_P5_M47_L001,Post_P4,Post,994873.3,994873.3,0.0,0.00742
F9_P5_M47_L001,Post_P4,Post,996434.4,996434.4,-0.0,0.00515
G11_P5_M47_L001,Post_P4,Post,989343.7,989343.7,0.0,0.01546
G12_P5_M47_L001,Post_P4,Post,994564.7,994564.7,0.0,0.00786
G2_P5_M47_L001,Post_P4,Post,994030.7,994030.7,-0.0,0.00864
G3_P5_M47_L001,Post_P4,Post,994076.9,994076.9,-0.0,0.00857
G4_P5_M47_L001,Post_P4,Post,995494.2,995494.2,-0.0,0.00652
G5_P5_M47_L001,Post_P4,Post,996584.9,996584.9,-0.0,0.00494
G7_P5_M47_L001,Post_P4,Post,992302.8,992302.8,-0.0,0.01115
H10_P5_M47_L001,Post_P4,Post,995105.1,994979.9,125.2,0.00726
H11_P5_M47_L001,Post_P4,Post,995275.5,995275.5,0.0,0.00683
H12_P5_M47_L001,Post_P4,Post,994565.0,994565.0,-0.0,0.00786
H1_P5_M47_L001,Post_P4,Post,997823.8,997823.8,-0.0,0.00314
H2_P5_M47_L001,Post_P4,Post,995610.8,995586.7,24.1,0.00638
H3_P5_M47_L001,Post_P4,Post,995737.5,995737.5,-0.0,0.00616
H4_P5_M47_L001,Post_P4,Post,995203.2,995203.2,0.0,0.00694
H5_P5_M47_L001,Post_P4,Post,994997.4,994997.4,0.0,0.00724
H7_P5_M47_L001,Post_P4,Post,994330.1,994316.0,14.1,0.00822
H8_P5_M47_L001,Post_P4,Post,992959.7,992959.7,0.0,0.01019
H9_P5_M47_L001,Post_P4,Post,995301.7,995301.7,-0.0,0.00679
A10_P1_MMD1-84A_L001,Post_P5,Post,997360.3,997360.3,-0.0,0.00381
A10_P3_MMD1-84A_L001,Post_P5,Post,989158.9,989010.6,148.3,0.01594
A11_P1_MMD1-84A_L001,Post_P5,Post,996875.3,996875.3,0.0,0.00452
A11_P2_MMD1-84A_L001,Post_P5,Post,991033.2,990477.8,555.4,0.0138
A11_P3_MMD1-84A_L001,Post_P5,Post,991140.5,991140.5,-0.0,0.01284
A12_P1_MMD1-84A_L001,Post_P5,Post,995735.0,995735.0,-0.0,0.00617
A12_P2_MMD1-84A_L001,Post_P5,Post,994454.4,994454.4,-0.0,0.00802
A12_P3_MMD1-84A_L001,Post_P5,Post,992291.6,992291.6,-0.0,0.01116
A12_P4_MMD1-84A_L001,Post_P5,Post,993495.2,993495.2,0.0,0.00942
A1_P2_MMD1-84A_L001,Post_P5,Post,997135.9,997135.9,0.0,0.00414
A1_P3_MMD1-84A_L001,Post_P5,Post,993772.3,993772.3,0.0,0.00901
A1_P4_MMD1-84A_L001,Post_P5,Post,996941.9,996941.9,0.0,0.00442
A2_P1_MMD1-84A_L001,Post_P5,Post,995841.7,995836.3,5.4,0.00602
A2_P2_MMD1-84A_L001,Post_P5,Post,994683.2,994683.2,-0.0,0.00769
A2_P3_MMD1-84A_L001,Post_P5,Post,997583.8,997575.1,8.7,0.0035
A2_P4_MMD1-84A_L001,Post_P5,Post,994801.6,994801.6,-0.0,0.00752
A3_P1_MMD1-84A_L001,Post_P5,Post,994771.8,994771.8,-0.0,0.00756
A3_P2_MMD1-84A_L001,Post_P5,Post,994089.4,994089.4,0.0,0.00855
A3_P3_MMD1-84A_L001,Post_P5,Post,994004.7,993531.2,473.5,0.00936
A3_P4_MMD1-84A_L001,Post_P5,Post,996643.1,995207.2,1435.9,0.00693
A4_P1_MMD1-84A_L001,Post_P5,Post,994432.7,994375.2,57.5,0.00814
A4_P2_MMD1-84A_L001,Post_P5,Post,998209.0,997250.3,958.7,0.00397
A4_P3_MMD1-84A_L001,Post_P5,Post,993087.7,992958.0,129.7,0.0102
A4_P4_MMD1-84A_L001,Post_P5,Post,991834.9,991834.9,-0.0,0.01183
A5_P1_MMD1-84A_L001,Post_P5,Post,989908.8,989903.1,5.7,0.01464
A5_P2_MMD1-84A_L001,Post_P5,Post,996067.2,996067.2,-0.0,0.00569
A5_P3_MMD1-84A_L001,Post_P5,Post,995541.0,995400.9,140.1,0.00665
A6_P1_MMD1-84A_L001,Post_P5,Post,998136.3,998136.3,-0.0,0.00269
A6_P2_MMD1-84A_L001,Post_P5,Post,996506.1,996506.1,0.0,0.00505
A6_P3_MMD1-84A_L001,Post_P5,Post,997465.7,997465.7,-0.0,0.00366
A6_P4_MMD1-84A_L001,Post_P5,Post,994650.0,994613.3,36.7,0.00779
A7_P2_MMD1-84A_L001,Post_P5,Post,994743.2,994743.2,-0.0,0.0076
A7_P4_MMD1-84A_L001,Post_P5,Post,996608.2,996608.2,-0.0,0.0049
A8_P1_MMD1-84A_L001,Post_P5,Post,994075.8,994075.8,-0.0,0.00857
A9_P1_MMD1-84A_L001,Post_P5,Post,992011.6,989862.8,2148.8,0.0147
A9_P2_MMD1-84A_L001,Post_P5,Post,989595.2,984281.5,5313.7,0.02286
A9_P3_MMD1-84A_L001,Post_P5,Post,994139.0,991999.7,2139.3,0.01159
A9_P4_MMD1-84A_L001,Post_P5,Post,991688.1,991086.0,602.1,0.01292
B10_P1_MMD1-84A_L001,Post_P5,Post,996198.8,996198.8,0.0,0.00549
B10_P2_MMD1-84A_L001,Post_P5,Post,986932.8,986010.9,921.9,0.02032
B10_P3_MMD1-84A_L001,Post_P5,Post,991026.7,991026.7,0.0,0.013
B10_P4_MMD1-84A_L001,Post_P5,Post,993994.8,993994.8,-0.0,0.00869
B11_P1_MMD1-84A_L001,Post_P5,Post,996057.8,996057.8,0.0,0.0057
B11_P2_MMD1-84A_L001,Post_P5,Post,995922.4,995917.6,4.8,0.0059
B11_P3_MMD1-84A_L001,Post_P5,Post,993981.8,993981.8,-0.0,0.00871
B11_P4_MMD1-84A_L001,Post_P5,Post,994576.9,994576.9,0.0,0.00785
B12_P1_MMD1-84A_L001,Post_P5,Post,990582.0,990582.0,-0.0,0.01365
B12_P4_MMD1-84A_L001,Post_P5,Post,995747.7,995747.7,0.0,0.00615
B1_P2_MMD1-84A_L001,Post_P5,Post,995445.9,995445.9,-0.0,0.00659
B2_P1_MMD1-84A_L001,Post_P5,Post,996100.0,996100.0,-0.0,0.00564
B2_P2_MMD1-84A_L001,Post_P5,Post,997658.7,997658.7,-0.0,0.00338
B2_P3_MMD1-84A_L001,Post_P5,Post,989954.6,989832.9,121.7,0.01474
B2_P4_MMD1-84A_L001,Post_P5,Post,995920.5,995885.4,35.1,0.00595
B3_P1_MMD1-84A_L001,Post_P5,Post,992907.4,992907.4,-0.0,0.01027
B3_P2_MMD1-84A_L001,Post_P5,Post,996368.1,996368.1,-0.0,0.00525
B3_P4_MMD1-84A_L001,Post_P5,Post,987477.3,987477.3,0.0,0.01818
B4_P1_MMD1-84A_L001,Post_P5,Post,994890.5,994890.5,-0.0,0.00739
B4_P2_MMD1-84A_L001,Post_P5,Post,992531.9,992531.9,-0.0,0.01081
B4_P3_MMD1-84A_L001,Post_P5,Post,989913.2,989695.9,217.3,0.01494
B5_P2_MMD1-84A_L001,Post_P5,Post,993098.1,993098.1,-0.0,0.00999
B5_P3_MMD1-84A_L001,Post_P5,Post,998103.0,996998.9,1104.1,0.00434
B5_P4_MMD1-84A_L001,Post_P5,Post,994452.9,994452.9,0.0,0.00803
B6_P1_MMD1-84A_L001,Post_P5,Post,997440.2,997440.2,0.0,0.0037
B6_P3_MMD1-84A_L001,Post_P5,Post,990238.7,990238.7,0.0,0.01415
B6_P4_MMD1-84A_L001,Post_P5,Post,995593.9,995593.9,0.0,0.00637
B7_P1_MMD1-84A_L001,Post_P5,Post,995358.5,995355.6,2.9,0.00672
B7_P2_MMD1-84A_L001,Post_P5,Post,996839.7,996839.7,-0.0,0.00457
B7_P3_MMD1-84A_L001,Post_P5,Post,996391.9,996391.9,0.0,0.00521
B7_P4_MMD1-84A_L001,Post_P5,Post,996839.4,996839.4,0.0,0.00457
B8_P1_MMD1-84A_L001,Post_P5,Post,994751.8,994751.8,0.0,0.00759
B8_P3_MMD1-84A_L001,Post_P5,Post,995577.3,995577.3,-0.0,0.00639
B8_P4_MMD1-84A_L001,Post_P5,Post,994335.3,994335.3,-0.0,0.0082
B9_P4_MMD1-84A_L001,Post_P5,Post,990129.7,985017.6,5112.1,0.02178
C10_P1_MMD1-84A_L001,Post_P5,Post,992613.8,992613.8,0.0,0.0107
C10_P2_MMD1-84A_L001,Post_P5,Post,993532.0,993532.0,-0.0,0.00936
C10_P3_MMD1-84A_L001,Post_P5,Post,996943.1,996943.1,0.0,0.00442
C10_P4_MMD1-84A_L001,Post_P5,Post,996874.3,996874.3,0.0,0.00452
C11_P1_MMD1-84A_L001,Post_P5,Post,988458.4,988458.4,-0.0,0.01675
C11_P2_MMD1-84A_L001,Post_P5,Post,992893.1,992893.1,0.0,0.01029
C11_P3_MMD1-84A_L001,Post_P5,Post,990390.5,990390.5,0.0,0.01393
C11_P4_MMD1-84A_L001,Post_P5,Post,997638.7,997410.6,228.1,0.00374
C12_P1_MMD1-84A_L001,Post_P5,Post,996052.7,996052.7,0.0,0.00571
C12_P2_MMD1-84A_L001,Post_P5,Post,995307.1,993383.9,1923.2,0.00958
C12_P4_MMD1-84A_L001,Post_P5,Post,995581.1,995581.1,-0.0,0.00639
C1_P1_MMD1-84A_L001,Post_P5,Post,1000927.1,1000927.1,-0.0,-0.00134
C1_P2_MMD1-84A_L001,Post_P5,Post,997349.3,997349.3,-0.0,0.00383
C1_P3_MMD1-84A_L001,Post_P5,Post,997469.3,997469.3,0.0,0.00366
C2_P1_MMD1-84A_L001,Post_P5,Post,993487.3,993487.3,0.0,0.00943
C2_P2_MMD1-84A_L001,Post_P5,Post,991816.0,991816.0,0.0,0.01186
C2_P3_MMD1-84A_L001,Post_P5,Post,994142.6,994142.6,0.0,0.00848
C2_P4_MMD1-84A_L001,Post_P5,Post,984040.5,984040.5,0.0,0.02321
C3_P1_MMD1-84A_L001,Post_P5,Post,990147.6,990147.6,-0.0,0.01428
C3_P2_MMD1-84A_L001,Post_P5,Post,992460.3,992460.3,-0.0,0.01092
C3_P4_MMD1-84A_L001,Post_P5,Post,994823.6,994823.6,-0.0,0.00749
C4_P1_MMD1-84A_L001,Post_P5,Post,988298.4,988298.4,0.0,0.01698
C4_P3_MMD1-84A_L001,Post_P5,Post,992773.0,992773.0,0.0,0.01046
C5_P1_MMD1-84A_L001,Post_P5,Post,995729.4,995729.4,-0.0,0.00617
C5_P3_MMD1-84A_L001,Post_P5,Post,991216.6,991155.0,61.6,0.01282
C5_P4_MMD1-84A_L001,Post_P5,Post,996478.8,996187.7,291.1,0.00551
C6_P2_MMD1-84A_L001,Post_P5,Post,994095.3,994095.3,-0.0,0.00854
C6_P4_MMD1-84A_L001,Post_P5,Post,994758.1,994758.1,0.0,0.00758
C7_P1_MMD1-84A_L001,Post_P5,Post,996996.4,996996.4,0.0,0.00434
C7_P3_MMD1-84A_L001,Post_P5,Post,993656.8,993656.8,-0.0,0.00918
C7_P4_MMD1-84A_L001,Post_P5,Post,997218.7,997218.7,0.0,0.00402
C8_P1_MMD1-84A_L001,Post_P5,Post,995473.0,995473.0,-0.0,0.00655
C8_P2_MMD1-84A_L001,Post_P5,Post,992790.9,992790.9,-0.0,0.01044
C8_P3_MMD1-84A_L001,Post_P5,Post,989689.3,989689.3,0.0,0.01495
C9_P1_MMD1-84A_L001,Post_P5,Post,997278.8,996683.5,595.3,0.00479
C9_P3_MMD1-84A_L001,Post_P5,Post,993689.3,993689.3,-0.0,0.00913
C9_P4_MMD1-84A_L001,Post_P5,Post,994456.6,994456.6,0.0,0.00802
D10_P1_MMD1-84A_L001,Post_P5,Post,993923.8,993923.8,-0.0,0.00879
D10_P3_MMD1-84A_L001,Post_P5,Post,994405.5,994396.9,8.6,0.00811
D10_P4_MMD1-84A_L001,Post_P5,Post,996514.2,996514.2,-0.0,0.00504
D11_P1_MMD1-84A_L001,Post_P5,Post,995779.5,995779.5,-0.0,0.0061
D11_P2_MMD1-84A_L001,Post_P5,Post,994876.3,994876.3,0.0,0.00741
D11_P3_MMD1-84A_L001,Post_P5,Post,995060.4,995060.4,0.0,0.00714
D11_P4_MMD1-84A_L001,Post_P5,Post,996791.8,996791.8,0.0,0.00464
D12_P1_MMD1-84A_L001,Post_P5,Post,996126.6,996006.5,120.1,0.00577
D12_P2_MMD1-84A_L001,Post_P5,Post,997219.1,997219.1,-0.0,0.00402
D12_P3_MMD1-84A_L001,Post_P5,Post,995465.2,995465.2,-0.0,0.00656
D12_P4_MMD1-84A_L001,Post_P5,Post,994295.9,992630.7,1665.2,0.01067
D1_P1_MMD1-84A_L001,Post_P5,Post,986289.3,986289.3,-0.0,0.01992
D1_P2_MMD1-84A_L001,Post_P5,Post,993343.5,992791.9,551.6,0.01044
D1_P3_MMD1-84A_L001,Post_P5,Post,992756.0,992756.0,0.0,0.01049
D1_P4_MMD1-84A_L001,Post_P5,Post,994465.7,994186.6,279.1,0.00841
D2_P1_MMD1-84A_L001,Post_P5,Post,994053.8,994053.8,-0.0,0.0086
D2_P4_MMD1-84A_L001,Post_P5,Post,994546.6,994546.6,-0.0,0.00789
D3_P1_MMD1-84A_L001,Post_P5,Post,991479.4,991479.4,0.0,0.01235
D3_P2_MMD1-84A_L001,Post_P5,Post,995071.1,995071.1,-0.0,0.00713
D4_P1_MMD1-84A_L001,Post_P5,Post,988347.9,988347.9,0.0,0.01691
D4_P2_MMD1-84A_L001,Post_P5,Post,996313.2,996313.2,-0.0,0.00533
D4_P4_MMD1-84A_L001,Post_P5,Post,994333.4,994333.4,0.0,0.0082
D5_P1_MMD1-84A_L001,Post_P5,Post,992713.1,992713.1,0.0,0.01055
D5_P2_MMD1-84A_L001,Post_P5,Post,995581.8,995581.8,-0.0,0.00639
D5_P3_MMD1-84A_L001,Post_P5,Post,993788.1,993788.1,-0.0,0.00899
D6_P1_MMD1-84A_L001,Post_P5,Post,996252.2,996252.2,-0.0,0.00542
D6_P2_MMD1-84A_L001,Post_P5,Post,997173.3,996245.0,928.3,0.00543
D6_P3_MMD1-84A_L001,Post_P5,Post,992439.1,992439.1,-0.0,0.01095
D6_P4_MMD1-84A_L001,Post_P5,Post,998083.8,998083.8,-0.0,0.00277
D7_P1_MMD1-84A_L001,Post_P5,Post,993003.1,993003.1,-0.0,0.01013
D7_P2_MMD1-84A_L001,Post_P5,Post,989181.5,989181.5,0.0,0.01569
D7_P3_MMD1-84A_L001,Post_P5,Post,995269.1,995269.1,-0.0,0.00684
D7_P4_MMD1-84A_L001,Post_P5,Post,998115.8,998115.8,-0.0,0.00272
D8_P1_MMD1-84A_L001,Post_P5,Post,994818.8,994671.8,147.0,0.00771
D8_P2_MMD1-84A_L001,Post_P5,Post,995447.2,995357.0,90.2,0.00671
D8_P3_MMD1-84A_L001,Post_P5,Post,991771.5,991771.5,-0.0,0.01192
D8_P4_MMD1-84A_L001,Post_P5,Post,995430.1,995430.1,0.0,0.00661
D9_P1_MMD1-84A_L001,Post_P5,Post,994277.0,994277.0,-0.0,0.00828
D9_P2_MMD1-84A_L001,Post_P5,Post,986890.7,986890.7,-0.0,0.01904
D9_P4_MMD1-84A_L001,Post_P5,Post,997728.2,997560.3,167.9,0.00352
E10_P1_MMD1-84A_L001,Post_P5,Post,993050.9,993050.9,-0.0,0.01006
E10_P2_MMD1-84A_L001,Post_P5,Post,995309.0,991098.9,4210.1,0.0129
E10_P4_MMD1-84A_L001,Post_P5,Post,994671.7,994671.7,0.0,0.00771
E11_P1_MMD1-84A_L001,Post_P5,Post,995803.3,995803.3,-0.0,0.00607
E11_P2_MMD1-84A_L001,Post_P5,Post,996750.7,996750.7,0.0,0.0047
E11_P3_MMD1-84A_L001,Post_P5,Post,984637.6,984637.6,-0.0,0.02234
E12_P1_MMD1-84A_L001,Post_P5,Post,993394.6,993218.3,176.3,0.00982
E12_P2_MMD1-84A_L001,Post_P5,Post,987064.9,987064.9,-0.0,0.01878
E12_P4_MMD1-84A_L001,Post_P5,Post,990366.1,990366.1,0.0,0.01397
E1_P1_MMD1-84A_L001,Post_P5,Post,999708.2,999708.2,0.0,0.00042
E1_P2_MMD1-84A_L001,Post_P5,Post,993476.0,992337.0,1139.0,0.0111
E2_P1_MMD1-84A_L001,Post_P5,Post,994939.5,994939.5,-0.0,0.00732
E2_P2_MMD1-84A_L001,Post_P5,Post,994735.9,993691.4,1044.5,0.00913
E2_P3_MMD1-84A_L001,Post_P5,Post,990855.7,990855.7,0.0,0.01325
E3_P1_MMD1-84A_L001,Post_P5,Post,995538.4,995538.4,0.0,0.00645
E3_P2_MMD1-84A_L001,Post_P5,Post,996336.9,996336.9,0.0,0.00529
E3_P4_MMD1-84A_L001,Post_P5,Post,981452.4,981452.4,-0.0,0.02701
E4_P2_MMD1-84A_L001,Post_P5,Post,997972.6,997972.6,0.0,0.00293
E4_P3_MMD1-84A_L001,Post_P5,Post,994560.5,994560.5,0.0,0.00787
E5_P1_MMD1-84A_L001,Post_P5,Post,991234.5,991223.0,11.5,0.01272
E5_P2_MMD1-84A_L001,Post_P5,Post,983655.7,982581.8,1073.9,0.02535
E6_P4_MMD1-84A_L001,Post_P5,Post,996581.7,996452.0,129.7,0.00513
E7_P2_MMD1-84A_L001,Post_P5,Post,997024.7,997024.7,-0.0,0.0043
E7_P4_MMD1-84A_L001,Post_P5,Post,990492.3,990492.3,0.0,0.01378
E8_P1_MMD1-84A_L001,Post_P5,Post,994623.2,994623.2,-0.0,0.00778
E9_P1_MMD1-84A_L001,Post_P5,Post,994144.8,994144.8,-0.0,0.00847
E9_P2_MMD1-84A_L001,Post_P5,Post,996697.6,996697.6,-0.0,0.00477
E9_P3_MMD1-84A_L001,Post_P5,Post,996240.7,996240.7,-0.0,0.00543
F10_P1_MMD1-84A_L001,Post_P5,Post,988964.7,988964.7,-0.0,0.01601
F10_P2_MMD1-84A_L001,Post_P5,Post,987955.6,987955.6,-0.0,0.01748
F10_P3_MMD1-84A_L001,Post_P5,Post,995276.7,995276.7,-0.0,0.00683
F10_P4_MMD1-84A_L001,Post_P5,Post,995240.0,995240.0,-0.0,0.00688
F11_P2_MMD1-84A_L001,Post_P5,Post,994902.3,994902.3,-0.0,0.00737
F11_P3_MMD1-84A_L001,Post_P5,Post,993825.2,993825.2,0.0,0.00894
F11_P4_MMD1-84A_L001,Post_P5,Post,994979.0,994979.0,0.0,0.00726
F12_P1_MMD1-84A_L001,Post_P5,Post,997556.9,997556.9,0.0,0.00353
F12_P4_MMD1-84A_L001,Post_P5,Post,997262.1,997262.1,0.0,0.00396
F1_P1_MMD1-84A_L001,Post_P5,Post,991492.9,990602.5,890.4,0.01362
F1_P2_MMD1-84A_L001,Post_P5,Post,991936.1,991936.1,-0.0,0.01168
F2_P1_MMD1-84A_L001,Post_P5,Post,991422.2,991422.2,-0.0,0.01243
F2_P3_MMD1-84A_L001,Post_P5,Post,996820.9,996820.9,-0.0,0.00459
F2_P4_MMD1-84A_L001,Post_P5,Post,996385.7,996385.7,-0.0,0.00522
F3_P1_MMD1-84A_L001,Post_P5,Post,993712.1,993496.3,215.8,0.00941
F3_P2_MMD1-84A_L001,Post_P5,Post,995211.9,995206.1,5.8,0.00693
F3_P4_MMD1-84A_L001,Post_P5,Post,997420.8,997420.8,0.0,0.00373
F4_P2_MMD1-84A_L001,Post_P5,Post,995915.3,995915.3,0.0,0.00591
F4_P3_MMD1-84A_L001,Post_P5,Post,992143.4,992143.4,-0.0,0.01138
F4_P4_MMD1-84A_L001,Post_P5,Post,998348.8,998348.8,-0.0,0.00238
F5_P1_MMD1-84A_L001,Post_P5,Post,989457.6,989453.3,4.3,0.0153
F5_P2_MMD1-84A_L001,Post_P5,Post,991538.6,991538.6,0.0,0.01226
F5_P4_MMD1-84A_L001,Post_P5,Post,988268.3,988268.3,0.0,0.01703
F6_P1_MMD1-84A_L001,Post_P5,Post,996169.9,996169.9,-0.0,0.00554
F6_P2_MMD1-84A_L001,Post_P5,Post,992545.2,992545.2,0.0,0.0108
F6_P3_MMD1-84A_L001,Post_P5,Post,994094.2,994094.2,-0.0,0.00855
F7_P1_MMD1-84A_L001,Post_P5,Post,995880.7,995880.7,0.0,0.00596
F7_P2_MMD1-84A_L001,Post_P5,Post,995997.1,995965.5,31.6,0.00583
F7_P3_MMD1-84A_L001,Post_P5,Post,993027.5,993027.5,-0.0,0.01009
F7_P4_MMD1-84A_L001,Post_P5,Post,987795.6,987795.6,0.0,0.01772
F8_P1_MMD1-84A_L001,Post_P5,Post,993286.1,993286.1,0.0,0.00972
F8_P2_MMD1-84A_L001,Post_P5,Post,992937.3,992843.9,93.4,0.01036
F8_P3_MMD1-84A_L001,Post_P5,Post,992436.6,992436.6,-0.0,0.01095
F8_P4_MMD1-84A_L001,Post_P5,Post,995129.8,995129.8,0.0,0.00704
F9_P1_MMD1-84A_L001,Post_P5,Post,996329.2,996245.8,83.4,0.00543
F9_P2_MMD1-84A_L001,Post_P5,Post,995447.2,992511.5,2935.7,0.01084
F9_P3_MMD1-84A_L001,Post_P5,Post,998242.4,998242.4,0.0,0.00254
F9_P4_MMD1-84A_L001,Post_P5,Post,993410.4,993410.4,-0.0,0.00954
G10_P3_MMD1-84A_L001,Post_P5,Post,998547.8,998547.8,-0.0,0.0021
G10_P4_MMD1-84A_L001,Post_P5,Post,996911.4,996911.4,-0.0,0.00446
G11_P1_MMD1-84A_L001,Post_P5,Post,992919.7,992919.7,0.0,0.01025
G11_P2_MMD1-84A_L001,Post_P5,Post,991653.1,991653.1,0.0,0.01209
G11_P3_MMD1-84A_L001,Post_P5,Post,991891.1,991891.1,-0.0,0.01175
G11_P4_MMD1-84A_L001,Post_P5,Post,992411.3,992381.8,29.5,0.01103
G12_P1_MMD1-84A_L001,Post_P5,Post,996302.4,996302.4,-0.0,0.00534
G12_P2_MMD1-84A_L001,Post_P5,Post,997834.4,997834.4,-0.0,0.00313
G12_P3_MMD1-84A_L001,Post_P5,Post,996305.0,996285.9,19.1,0.00537
G12_P4_MMD1-84A_L001,Post_P5,Post,996451.3,996451.3,0.0,0.00513
G1_P1_MMD1-84A_L001,Post_P5,Post,993581.6,993581.6,0.0,0.00929
G1_P2_MMD1-84A_L001,Post_P5,Post,993914.3,993899.9,14.4,0.00883
G1_P3_MMD1-84A_L001,Post_P5,Post,992767.1,992767.1,0.0,0.01047
G1_P4_MMD1-84A_L001,Post_P5,Post,989435.0,989435.0,0.0,0.01532
G2_P2_MMD1-84A_L001,Post_P5,Post,993846.0,993846.0,-0.0,0.00891
G2_P3_MMD1-84A_L001,Post_P5,Post,994642.8,994642.8,-0.0,0.00775
G2_P4_MMD1-84A_L001,Post_P5,Post,995643.6,995643.6,-0.0,0.0063
G3_P1_MMD1-84A_L001,Post_P5,Post,993613.7,992552.3,1061.4,0.01078
G3_P3_MMD1-84A_L001,Post_P5,Post,988747.8,988747.8,-0.0,0.01633
G4_P2_MMD1-84A_L001,Post_P5,Post,995822.3,995822.3,-0.0,0.00604
G4_P4_MMD1-84A_L001,Post_P5,Post,983283.7,983283.7,-0.0,0.02432
G5_P2_MMD1-84A_L001,Post_P5,Post,991736.7,991736.7,-0.0,0.01197
G6_P1_MMD1-84A_L001,Post_P5,Post,993793.6,993793.6,-0.0,0.00898
G6_P4_MMD1-84A_L001,Post_P5,Post,993895.4,993895.4,-0.0,0.00883
G7_P1_MMD1-84A_L001,Post_P5,Post,996264.9,996240.6,24.3,0.00543
G7_P2_MMD1-84A_L001,Post_P5,Post,985565.1,985565.1,0.0,0.02098
G7_P4_MMD1-84A_L001,Post_P5,Post,988549.1,988549.1,0.0,0.01662
G8_P1_MMD1-84A_L001,Post_P5,Post,993073.8,993073.8,0.0,0.01003
G8_P2_MMD1-84A_L001,Post_P5,Post,996075.3,996060.1,15.2,0.0057
G8_P3_MMD1-84A_L001,Post_P5,Post,994209.2,994209.2,-0.0,0.00838
G9_P1_MMD1-84A_L001,Post_P5,Post,992464.1,992464.1,0.0,0.01091
G9_P2_MMD1-84A_L001,Post_P5,Post,995050.8,995050.8,0.0,0.00716
G9_P3_MMD1-84A_L001,Post_P5,Post,996159.2,996159.2,0.0,0.00555
G9_P4_MMD1-84A_L001,Post_P5,Post,992058.0,992058.0,-0.0,0.0115
H10_P1_MMD1-84A_L001,Post_P5,Post,996678.5,996678.5,-0.0,0.0048
H10_P2_MMD1-84A_L001,Post_P5,Post,992953.9,992953.9,-0.0,0.0102
H10_P3_MMD1-84A_L001,Post_P5,Post,993553.7,993553.7,0.0,0.00933
H10_P4_MMD1-84A_L001,Post_P5,Post,993386.6,993356.2,30.4,0.00962
H11_P1_MMD1-84A_L001,Post_P5,Post,993635.2,993631.5,3.7,0.00922
H11_P2_MMD1-84A_L001,Post_P5,Post,995022.4,994786.2,236.2,0.00754
H11_P3_MMD1-84A_L001,Post_P5,Post,988937.3,988937.3,0.0,0.01605
H11_P4_MMD1-84A_L001,Post_P5,Post,994345.8,994345.8,0.0,0.00818
H12_P1_MMD1-84A_L001,Post_P5,Post,995333.0,995333.0,0.0,0.00675
H12_P2_MMD1-84A_L001,Post_P5,Post,993795.6,993795.6,0.0,0.00898
H12_P4_MMD1-84A_L001,Post_P5,Post,996825.4,996825.4,-0.0,0.00459
H1_P1_MMD1-84A_L001,Post_P5,Post,1001585.1,1001585.1,0.0,-0.00229
H1_P2_MMD1-84A_L001,Post_P5,Post,996538.4,996538.4,0.0,0.005
H1_P3_MMD1-84A_L001,Post_P5,Post,991456.1,991456.1,-0.0,0.01238
H2_P1_MMD1-84A_L001,Post_P5,Post,995384.6,995384.6,0.0,0.00667
H2_P2_MMD1-84A_L001,Post_P5,Post,993464.3,993464.3,-0.0,0.00946
H2_P3_MMD1-84A_L001,Post_P5,Post,996320.2,996320.2,-0.0,0.00532
H2_P4_MMD1-84A_L001,Post_P5,Post,995928.1,995928.1,0.0,0.00589
H3_P1_MMD1-84A_L001,Post_P5,Post,996644.4,996644.4,0.0,0.00485
H3_P2_MMD1-84A_L001,Post_P5,Post,994849.9,994831.9,18.0,0.00748
H3_P3_MMD1-84A_L001,Post_P5,Post,991609.7,991609.7,-0.0,0.01216
H3_P4_MMD1-84A_L001,Post_P5,Post,996187.8,996187.8,-0.0,0.00551
H4_P1_MMD1-84A_L001,Post_P5,Post,991163.3,990772.4,390.9,0.01337
H4_P2_MMD1-84A_L001,Post_P5,Post,992645.5,992645.5,0.0,0.01065
H4_P4_MMD1-84A_L001,Post_P5,Post,992348.2,991723.2,625.0,0.01199
H5_P1_MMD1-84A_L001,Post_P5,Post,993670.7,993670.7,-0.0,0.00916
H5_P2_MMD1-84A_L001,Post_P5,Post,990844.8,990781.4,63.4,0.01336
H5_P3_MMD1-84A_L001,Post_P5,Post,995644.4,995644.4,0.0,0.0063
H6_P1_MMD1-84A_L001,Post_P5,Post,991195.5,991195.5,0.0,0.01276
H6_P2_MMD1-84A_L001,Post_P5,Post,996707.2,996707.2,0.0,0.00476
H6_P3_MMD1-84A_L001,Post_P5,Post,993129.7,993129.7,-0.0,0.00995
H6_P4_MMD1-84A_L001,Post_P5,Post,992241.8,992241.8,0.0,0.01124
H7_P1_MMD1-84A_L001,Post_P5,Post,990342.1,990342.1,0.0,0.014
H7_P2_MMD1-84A_L001,Post_P5,Post,997158.6,995629.9,1528.7,0.00632
H7_P4_MMD1-84A_L001,Post_P5,Post,993186.1,993186.1,-0.0,0.00986
H8_P1_MMD1-84A_L001,Post_P5,Post,992336.3,992336.3,0.0,0.0111
H8_P2_MMD1-84A_L001,Post_P5,Post,996596.1,996566.0,30.1,0.00496
H9_P1_MMD1-84A_L001,Post_P5,Post,993433.6,993433.6,-0.0,0.0095
H9_P2_MMD1-84A_L001,Post_P5,Post,992883.0,992883.0,-0.0,0.0103
H9_P3_MMD1-84A_L001,Post_P5,Post,995986.5,995986.5,-0.0,0.0058
A10_P1_MMD1-84B_L001,Post_P5_2,Post,990583.1,990583.1,0.0,0.01365
A10_P2_MMD1-84B_L001,Post_P5_2,Post,990801.3,990801.3,-0.0,0.01333
A10_P3_MMD1-84B_L001,Post_P5_2,Post,996652.3,996652.3,0.0,0.00484
A10_P4_MMD1-84B_L001,Post_P5_2,Post,994896.7,994896.7,0.0,0.00738
A11_P1_MMD1-84B_L001,Post_P5_2,Post,996901.6,996612.6,289.0,0.0049
A11_P2_MMD1-84B_L001,Post_P5_2,Post,993196.0,993196.0,0.0,0.00985
A11_P3_MMD1-84B_L001,Post_P5_2,Post,991349.6,991349.6,0.0,0.01253
A11_P4_MMD1-84B_L001,Post_P5_2,Post,997142.1,997142.1,0.0,0.00413
A12_P1_MMD1-84B_L001,Post_P5_2,Post,995515.7,995515.7,-0.0,0.00648
A12_P2_MMD1-84B_L001,Post_P5_2,Post,997655.2,997655.2,0.0,0.00339
A12_P3_MMD1-84B_L001,Post_P5_2,Post,993515.5,993515.5,0.0,0.00939
A12_P4_MMD1-84B_L001,Post_P5_2,Post,995018.3,994973.7,44.6,0.00727
A1_P1_MMD1-84B_L001,Post_P5_2,Post,997153.5,996983.3,170.2,0.00436
A1_P2_MMD1-84B_L001,Post_P5_2,Post,996782.6,996782.6,0.0,0.00465
A1_P4_MMD1-84B_L001,Post_P5_2,Post,997101.6,997101.6,0.0,0.00419
A2_P1_MMD1-84B_L001,Post_P5_2,Post,995617.4,995617.4,-0.0,0.00634
A2_P2_MMD1-84B_L001,Post_P5_2,Post,993376.3,992982.6,393.7,0.01016
A2_P4_MMD1-84B_L001,Post_P5_2,Post,995870.0,995337.2,532.8,0.00674
A3_P1_MMD1-84B_L001,Post_P5_2,Post,994925.1,994925.1,0.0,0.00734
A3_P2_MMD1-84B_L001,Post_P5_2,Post,995783.9,995783.9,0.0,0.0061
A3_P3_MMD1-84B_L001,Post_P5_2,Post,977666.8,977666.8,-0.0,0.03259
A4_P1_MMD1-84B_L001,Post_P5_2,Post,996214.1,996214.1,0.0,0.00547
A4_P2_MMD1-84B_L001,Post_P5_2,Post,996829.9,996829.9,0.0,0.00458
A4_P4_MMD1-84B_L001,Post_P5_2,Post,995225.2,995225.2,-0.0,0.00691
A5_P1_MMD1-84B_L001,Post_P5_2,Post,994529.0,994529.0,-0.0,0.00791
A5_P2_MMD1-84B_L001,Post_P5_2,Post,993319.1,993319.1,0.0,0.00967
A5_P3_MMD1-84B_L001,Post_P5_2,Post,998032.0,998032.0,0.0,0.00284
A6_P1_MMD1-84B_L001,Post_P5_2,Post,995929.1,995929.1,-0.0,0.00589
A6_P2_MMD1-84B_L001,Post_P5_2,Post,992775.6,992327.8,447.8,0.01111
A6_P3_MMD1-84B_L001,Post_P5_2,Post,997039.1,997039.1,-0.0,0.00428
A6_P4_MMD1-84B_L001,Post_P5_2,Post,994503.7,994495.4,8.3,0.00796
A7_P1_MMD1-84B_L001,Post_P5_2,Post,996370.1,995671.7,698.4,0.00626
A7_P2_MMD1-84B_L001,Post_P5_2,Post,994616.6,994616.6,0.0,0.00779
A7_P3_MMD1-84B_L001,Post_P5_2,Post,996191.4,996191.4,0.0,0.00551
A7_P4_MMD1-84B_L001,Post_P5_2,Post,997188.6,996402.8,785.8,0.0052
A8_P1_MMD1-84B_L001,Post_P5_2,Post,999320.4,999320.4,0.0,0.00098
A8_P2_MMD1-84B_L001,Post_P5_2,Post,996653.6,996577.9,75.7,0.00495
A8_P4_MMD1-84B_L001,Post_P5_2,Post,994679.7,994679.7,0.0,0.0077
A9_P1_MMD1-84B_L001,Post_P5_2,Post,994912.5,994912.5,-0.0,0.00736
A9_P2_MMD1-84B_L001,Post_P5_2,Post,993161.5,993161.5,-0.0,0.0099
A9_P3_MMD1-84B_L001,Post_P5_2,Post,996173.3,996173.3,-0.0,0.00553
A9_P4_MMD1-84B_L001,Post_P5_2,Post,995631.4,995631.4,0.0,0.00632
B10_P1_MMD1-84B_L001,Post_P5_2,Post,993461.6,993235.0,226.6,0.00979
B10_P2_MMD1-84B_L001,Post_P5_2,Post,989777.2,989777.2,0.0,0.01482
B10_P3_MMD1-84B_L001,Post_P5_2,Post,995481.5,995454.6,26.9,0.00657
B10_P4_MMD1-84B_L001,Post_P5_2,Post,991783.2,991783.2,-0.0,0.0119
B11_P1_MMD1-84B_L001,Post_P5_2,Post,996667.9,996580.3,87.6,0.00494
B11_P2_MMD1-84B_L001,Post_P5_2,Post,996415.2,996415.2,0.0,0.00518
B11_P3_MMD1-84B_L001,Post_P5_2,Post,995894.9,995894.9,-0.0,0.00593
B12_P1_MMD1-84B_L001,Post_P5_2,Post,995577.8,995577.8,0.0,0.00639
B12_P3_MMD1-84B_L001,Post_P5_2,Post,988734.7,988293.1,441.6,0.01699
B12_P4_MMD1-84B_L001,Post_P5_2,Post,994032.2,994032.2,0.0,0.00864
B1_P1_MMD1-84B_L001,Post_P5_2,Post,992487.4,992179.7,307.7,0.01133
B1_P2_MMD1-84B_L001,Post_P5_2,Post,996065.6,996060.5,5.1,0.00569
B1_P4_MMD1-84B_L001,Post_P5_2,Post,996566.9,996566.9,0.0,0.00496
B2_P1_MMD1-84B_L001,Post_P5_2,Post,996173.4,995323.7,849.7,0.00676
B2_P2_MMD1-84B_L001,Post_P5_2,Post,994645.0,994645.0,-0.0,0.00775
B2_P4_MMD1-84B_L001,Post_P5_2,Post,996906.9,996906.9,-0.0,0.00447
B3_P1_MMD1-84B_L001,Post_P5_2,Post,997388.1,997388.1,0.0,0.00377
B3_P2_MMD1-84B_L001,Post_P5_2,Post,996078.3,996078.3,0.0,0.00567
B3_P3_MMD1-84B_L001,Post_P5_2,Post,997003.8,997003.8,0.0,0.00433
B4_P1_MMD1-84B_L001,Post_P5_2,Post,995200.8,995200.8,0.0,0.00694
B4_P2_MMD1-84B_L001,Post_P5_2,Post,993101.8,993101.8,0.0,0.00999
B4_P3_MMD1-84B_L001,Post_P5_2,Post,997751.3,997751.3,0.0,0.00325
B4_P4_MMD1-84B_L001,Post_P5_2,Post,996146.8,996146.8,-0.0,0.00557
B5_P1_MMD1-84B_L001,Post_P5_2,Post,995921.3,995921.3,-0.0,0.0059
B5_P2_MMD1-84B_L001,Post_P5_2,Post,995915.0,995140.0,775.0,0.00703
B5_P3_MMD1-84B_L001,Post_P5_2,Post,996825.0,996825.0,-0.0,0.00459
B5_P4_MMD1-84B_L001,Post_P5_2,Post,994805.1,994338.3,466.8,0.00819
B6_P2_MMD1-84B_L001,Post_P5_2,Post,995784.1,995784.1,0.0,0.0061
B6_P3_MMD1-84B_L001,Post_P5_2,Post,997620.8,997620.8,-0.0,0.00344
B6_P4_MMD1-84B_L001,Post_P5_2,Post,995729.0,995729.0,0.0,0.00617
B7_P1_MMD1-84B_L001,Post_P5_2,Post,995320.0,995320.0,0.0,0.00677
B7_P2_MMD1-84B_L001,Post_P5_2,Post,996286.0,996286.0,-0.0,0.00537
B7_P4_MMD1-84B_L001,Post_P5_2,Post,997720.8,997720.8,-0.0,0.00329
B8_P1_MMD1-84B_L001,Post_P5_2,Post,994468.6,994468.6,-0.0,0.008
B8_P2_MMD1-84B_L001,Post_P5_2,Post,995298.0,995288.6,9.4,0.00681
B8_P3_MMD1-84B_L001,Post_P5_2,Post,996802.2,996802.2,-0.0,0.00462
B8_P4_MMD1-84B_L001,Post_P5_2,Post,994614.2,994614.2,-0.0,0.00779
B9_P1_MMD1-84B_L001,Post_P5_2,Post,996566.9,996566.9,0.0,0.00496
B9_P3_MMD1-84B_L001,Post_P5_2,Post,996244.7,996244.7,-0.0,0.00543
B9_P4_MMD1-84B_L001,Post_P5_2,Post,987180.1,986998.8,181.3,0.01888
C10_P2_MMD1-84B_L001,Post_P5_2,Post,995868.3,995868.3,-0.0,0.00597
C10_P4_MMD1-84B_L001,Post_P5_2,Post,997338.2,996694.5,643.7,0.00478
C11_P3_MMD1-84B_L001,Post_P5_2,Post,996988.3,996646.7,341.6,0.00485
C11_P4_MMD1-84B_L001,Post_P5_2,Post,998524.0,998524.0,-0.0,0.00213
C12_P2_MMD1-84B_L001,Post_P5_2,Post,998780.3,998780.3,0.0,0.00176
C12_P3_MMD1-84B_L001,Post_P5_2,Post,997329.7,992625.6,4704.1,0.01068
C12_P4_MMD1-84B_L001,Post_P5_2,Post,996139.4,996139.4,0.0,0.00558
C1_P1_MMD1-84B_L001,Post_P5_2,Post,993636.9,993636.9,-0.0,0.00921
C1_P3_MMD1-84B_L001,Post_P5_2,Post,994165.1,994165.1,-0.0,0.00844
C1_P4_MMD1-84B_L001,Post_P5_2,Post,997272.5,997272.5,-0.0,0.00394
C2_P1_MMD1-84B_L001,Post_P5_2,Post,993856.0,993856.0,0.0,0.00889
C2_P2_MMD1-84B_L001,Post_P5_2,Post,996485.0,996485.0,0.0,0.00508
C2_P3_MMD1-84B_L001,Post_P5_2,Post,995685.0,995685.0,0.0,0.00624
C2_P4_MMD1-84B_L001,Post_P5_2,Post,995365.6,995365.6,0.0,0.0067
C3_P1_MMD1-84B_L001,Post_P5_2,Post,995814.5,995814.5,-0.0,0.00605
C3_P2_MMD1-84B_L001,Post_P5_2,Post,989047.7,988907.6,140.1,0.01609
C3_P3_MMD1-84B_L001,Post_P5_2,Post,984650.1,984408.9,241.2,0.02267
C3_P4_MMD1-84B_L001,Post_P5_2,Post,997344.3,997344.3,0.0,0.00384
C4_P1_MMD1-84B_L001,Post_P5_2,Post,997177.9,997062.0,115.9,0.00424
C4_P2_MMD1-84B_L001,Post_P5_2,Post,997272.6,997272.6,-0.0,0.00394
C4_P3_MMD1-84B_L001,Post_P5_2,Post,993906.1,993906.1,-0.0,0.00882
C4_P4_MMD1-84B_L001,Post_P5_2,Post,994767.7,994767.7,0.0,0.00757
C5_P1_MMD1-84B_L001,Post_P5_2,Post,999122.0,999122.0,0.0,0.00127
C5_P2_MMD1-84B_L001,Post_P5_2,Post,997353.8,997353.8,-0.0,0.00382
C5_P3_MMD1-84B_L001,Post_P5_2,Post,996488.0,996480.7,7.3,0.00509
C5_P4_MMD1-84B_L001,Post_P5_2,Post,994861.3,994861.3,-0.0,0.00743
C6_P1_MMD1-84B_L001,Post_P5_2,Post,990684.5,990684.5,0.0,0.0135
C6_P2_MMD1-84B_L001,Post_P5_2,Post,991216.9,991212.7,4.2,0.01273
C6_P3_MMD1-84B_L001,Post_P5_2,Post,993221.8,993221.8,0.0,0.00981
C6_P4_MMD1-84B_L001,Post_P5_2,Post,996350.7,996350.7,-0.0,0.00527
C7_P1_MMD1-84B_L001,Post_P5_2,Post,995506.2,995506.2,0.0,0.0065
C7_P2_MMD1-84B_L001,Post_P5_2,Post,997209.4,997209.4,-0.0,0.00403
C7_P3_MMD1-84B_L001,Post_P5_2,Post,997747.6,997747.6,-0.0,0.00325
C7_P4_MMD1-84B_L001,Post_P5_2,Post,996395.9,996395.9,0.0,0.00521
C8_P1_MMD1-84B_L001,Post_P5_2,Post,987962.1,987962.1,-0.0,0.01747
C8_P2_MMD1-84B_L001,Post_P5_2,Post,996862.7,996862.7,-0.0,0.00453
C8_P3_MMD1-84B_L001,Post_P5_2,Post,995821.0,995818.9,2.1,0.00604
C8_P4_MMD1-84B_L001,Post_P5_2,Post,994025.8,994025.8,0.0,0.00864
C9_P1_MMD1-84B_L001,Post_P5_2,Post,995299.9,995271.2,28.7,0.00684
C9_P2_MMD1-84B_L001,Post_P5_2,Post,996085.3,996085.3,-0.0,0.00566
C9_P3_MMD1-84B_L001,Post_P5_2,Post,998145.5,998145.5,0.0,0.00268
C9_P4_MMD1-84B_L001,Post_P5_2,Post,995621.0,995621.0,-0.0,0.00633
D10_P1_MMD1-84B_L001,Post_P5_2,Post,992165.5,992165.5,0.0,0.01135
D10_P2_MMD1-84B_L001,Post_P5_2,Post,993680.7,993680.7,0.0,0.00915
D10_P3_MMD1-84B_L001,Post_P5_2,Post,994198.7,993943.7,255.0,0.00876
D10_P4_MMD1-84B_L001,Post_P5_2,Post,988335.2,988196.1,139.1,0.01713
D11_P1_MMD1-84B_L001,Post_P5_2,Post,995094.6,994452.0,642.6,0.00803
D11_P2_MMD1-84B_L001,Post_P5_2,Post,995149.5,995149.5,0.0,0.00701
D11_P3_MMD1-84B_L001,Post_P5_2,Post,997388.2,997388.2,0.0,0.00377
D11_P4_MMD1-84B_L001,Post_P5_2,Post,997511.4,997511.4,-0.0,0.00359
D12_P1_MMD1-84B_L001,Post_P5_2,Post,997120.1,997026.8,93.3,0.0043
D12_P2_MMD1-84B_L001,Post_P5_2,Post,994819.1,994819.1,-0.0,0.00749
D12_P3_MMD1-84B_L001,Post_P5_2,Post,992370.8,992370.8,-0.0,0.01105
D12_P4_MMD1-84B_L001,Post_P5_2,Post,996219.1,996209.4,9.7,0.00548
D1_P1_MMD1-84B_L001,Post_P5_2,Post,990729.5,990366.0,363.5,0.01397
D1_P2_MMD1-84B_L001,Post_P5_2,Post,992208.6,992208.6,0.0,0.01128
D1_P3_MMD1-84B_L001,Post_P5_2,Post,994435.6,994433.2,2.4,0.00805
D1_P4_MMD1-84B_L001,Post_P5_2,Post,995987.4,995987.4,0.0,0.0058
D2_P1_MMD1-84B_L001,Post_P5_2,Post,991111.3,991111.3,-0.0,0.01288
D2_P2_MMD1-84B_L001,Post_P5_2,Post,994859.0,994859.0,-0.0,0.00744
D2_P3_MMD1-84B_L001,Post_P5_2,Post,989862.1,989862.1,-0.0,0.0147
D2_P4_MMD1-84B_L001,Post_P5_2,Post,995243.6,994834.4,409.2,0.00747
D3_P1_MMD1-84B_L001,Post_P5_2,Post,996409.1,996409.1,0.0,0.00519
D3_P4_MMD1-84B_L001,Post_P5_2,Post,993439.1,993439.1,0.0,0.0095
D4_P1_MMD1-84B_L001,Post_P5_2,Post,995731.3,995731.3,-0.0,0.00617
D4_P2_MMD1-84B_L001,Post_P5_2,Post,993324.0,993324.0,0.0,0.00966
D4_P3_MMD1-84B_L001,Post_P5_2,Post,997259.0,997259.0,-0.0,0.00396
D4_P4_MMD1-84B_L001,Post_P5_2,Post,993582.9,993582.9,-0.0,0.00929
D5_P2_MMD1-84B_L001,Post_P5_2,Post,996835.3,996835.3,-0.0,0.00457
D5_P3_MMD1-84B_L001,Post_P5_2,Post,996594.5,996555.8,38.7,0.00498
D5_P4_MMD1-84B_L001,Post_P5_2,Post,992567.9,992567.9,-0.0,0.01076
D6_P1_MMD1-84B_L001,Post_P5_2,Post,995937.8,995937.8,-0.0,0.00587
D6_P2_MMD1-84B_L001,Post_P5_2,Post,993268.5,993268.5,-0.0,0.00974
D6_P3_MMD1-84B_L001,Post_P5_2,Post,998156.2,998156.2,-0.0,0.00266
D6_P4_MMD1-84B_L001,Post_P5_2,Post,995374.1,995374.1,-0.0,0.00669
D7_P1_MMD1-84B_L001,Post_P5_2,Post,993574.3,993574.3,-0.0,0.0093
D7_P2_MMD1-84B_L001,Post_P5_2,Post,992657.5,992657.5,-0.0,0.01063
D7_P3_MMD1-84B_L001,Post_P5_2,Post,996038.1,995584.6,453.5,0.00638
D7_P4_MMD1-84B_L001,Post_P5_2,Post,992948.0,992948.0,-0.0,0.01021
D8_P1_MMD1-84B_L001,Post_P5_2,Post,996661.2,996466.8,194.4,0.00511
D8_P2_MMD1-84B_L001,Post_P5_2,Post,986324.1,986324.1,0.0,0.01987
D8_P3_MMD1-84B_L001,Post_P5_2,Post,996089.5,996089.5,-0.0,0.00565
D8_P4_MMD1-84B_L001,Post_P5_2,Post,994981.2,994868.4,112.8,0.00742
D9_P1_MMD1-84B_L001,Post_P5_2,Post,996494.9,996494.9,0.0,0.00507
D9_P2_MMD1-84B_L001,Post_P5_2,Post,993108.8,993108.8,-0.0,0.00998
D9_P3_MMD1-84B_L001,Post_P5_2,Post,997522.4,997522.4,0.0,0.00358
D9_P4_MMD1-84B_L001,Post_P5_2,Post,995397.8,994443.4,954.4,0.00804
E10_P1_MMD1-84B_L001,Post_P5_2,Post,995343.8,995343.8,-0.0,0.00673
E10_P3_MMD1-84B_L001,Post_P5_2,Post,996496.2,996496.2,-0.0,0.00506
E10_P4_MMD1-84B_L001,Post_P5_2,Post,997737.9,997737.9,0.0,0.00327
E11_P1_MMD1-84B_L001,Post_P5_2,Post,997328.0,996689.8,638.2,0.00478
E11_P2_MMD1-84B_L001,Post_P5_2,Post,992789.7,992789.7,0.0,0.01044
E11_P3_MMD1-84B_L001,Post_P5_2,Post,996237.2,996237.2,0.0,0.00544
E11_P4_MMD1-84B_L001,Post_P5_2,Post,995557.3,995547.0,10.3,0.00644
E12_P1_MMD1-84B_L001,Post_P5_2,Post,997043.3,997043.3,-0.0,0.00427
E12_P2_MMD1-84B_L001,Post_P5_2,Post,997437.6,997437.6,-0.0,0.0037
E12_P3_MMD1-84B_L001,Post_P5_2,Post,995829.3,995829.3,-0.0,0.00603
E12_P4_MMD1-84B_L001,Post_P5_2,Post,994918.3,994857.9,60.4,0.00744
E1_P1_MMD1-84B_L001,Post_P5_2,Post,994433.6,994433.6,0.0,0.00805
E1_P2_MMD1-84B_L001,Post_P5_2,Post,994564.3,994564.3,0.0,0.00786
E1_P3_MMD1-84B_L001,Post_P5_2,Post,995976.1,995976.1,0.0,0.00582
E1_P4_MMD1-84B_L001,Post_P5_2,Post,995276.0,995276.0,0.0,0.00683
E2_P3_MMD1-84B_L001,Post_P5_2,Post,995182.0,995182.0,0.0,0.00697
E2_P4_MMD1-84B_L001,Post_P5_2,Post,997570.8,997501.8,69.0,0.00361
E3_P1_MMD1-84B_L001,Post_P5_2,Post,993590.5,992771.2,819.3,0.01047
E3_P2_MMD1-84B_L001,Post_P5_2,Post,992644.6,992644.6,0.0,0.01065
E3_P3_MMD1-84B_L001,Post_P5_2,Post,997458.7,997458.7,-0.0,0.00367
E3_P4_MMD1-84B_L001,Post_P5_2,Post,996972.0,996972.0,-0.0,0.00438
E4_P1_MMD1-84B_L001,Post_P5_2,Post,994614.9,994614.9,-0.0,0.00779
E4_P2_MMD1-84B_L001,Post_P5_2,Post,997081.2,996788.2,293.0,0.00464
E4_P3_MMD1-84B_L001,Post_P5_2,Post,994012.9,994012.9,-0.0,0.00866
E4_P4_MMD1-84B_L001,Post_P5_2,Post,995834.9,995834.9,-0.0,0.00602
E5_P1_MMD1-84B_L001,Post_P5_2,Post,995788.9,995788.9,-0.0,0.00609
E5_P2_MMD1-84B_L001,Post_P5_2,Post,994775.6,994775.6,-0.0,0.00756
E5_P3_MMD1-84B_L001,Post_P5_2,Post,996120.1,996120.1,-0.0,0.00561
E5_P4_MMD1-84B_L001,Post_P5_2,Post,993871.7,993642.0,229.7,0.0092
E6_P1_MMD1-84B_L001,Post_P5_2,Post,994843.0,994843.0,-0.0,0.00746
E6_P3_MMD1-84B_L001,Post_P5_2,Post,992907.5,992763.5,144.0,0.01048
E6_P4_MMD1-84B_L001,Post_P5_2,Post,991462.7,991462.7,-0.0,0.01237
E7_P1_MMD1-84B_L001,Post_P5_2,Post,996785.7,996382.2,403.5,0.00523
E7_P2_MMD1-84B_L001,Post_P5_2,Post,996840.1,996840.1,0.0,0.00457
E7_P3_MMD1-84B_L001,Post_P5_2,Post,994712.4,994546.8,165.6,0.00789
E7_P4_MMD1-84B_L001,Post_P5_2,Post,998077.5,998077.5,0.0,0.00278
E8_P1_MMD1-84B_L001,Post_P5_2,Post,997128.2,997128.2,-0.0,0.00415
E8_P2_MMD1-84B_L001,Post_P5_2,Post,994563.2,994563.2,-0.0,0.00787
E8_P3_MMD1-84B_L001,Post_P5_2,Post,985397.3,985397.3,-0.0,0.02122
E8_P4_MMD1-84B_L001,Post_P5_2,Post,996749.9,996749.9,-0.0,0.0047
E9_P1_MMD1-84B_L001,Post_P5_2,Post,993342.9,993342.9,-0.0,0.00964
E9_P2_MMD1-84B_L001,Post_P5_2,Post,995968.5,995968.5,0.0,0.00583
E9_P3_MMD1-84B_L001,Post_P5_2,Post,995448.9,995448.9,-0.0,0.00658
E9_P4_MMD1-84B_L001,Post_P5_2,Post,998160.7,998160.7,0.0,0.00266
F10_P1_MMD1-84B_L001,Post_P5_2,Post,995656.0,995656.0,-0.0,0.00628
F10_P3_MMD1-84B_L001,Post_P5_2,Post,992356.4,992356.4,0.0,0.01107
F10_P4_MMD1-84B_L001,Post_P5_2,Post,997544.8,997485.6,59.2,0.00363
F11_P1_MMD1-84B_L001,Post_P5_2,Post,996800.7,996760.7,40.0,0.00468
F11_P2_MMD1-84B_L001,Post_P5_2,Post,994712.8,994712.8,0.0,0.00765
F12_P1_MMD1-84B_L001,Post_P5_2,Post,991028.2,991028.2,-0.0,0.013
F12_P3_MMD1-84B_L001,Post_P5_2,Post,994961.4,994961.4,0.0,0.00729
F12_P4_MMD1-84B_L001,Post_P5_2,Post,995608.1,995608.1,-0.0,0.00635
F1_P1_MMD1-84B_L001,Post_P5_2,Post,993749.2,993749.2,-0.0,0.00905
F1_P2_MMD1-84B_L001,Post_P5_2,Post,989285.0,989285.0,-0.0,0.01554
F1_P4_MMD1-84B_L001,Post_P5_2,Post,994961.1,994961.1,-0.0,0.00729
F2_P3_MMD1-84B_L001,Post_P5_2,Post,992567.5,992466.7,100.8,0.01091
F2_P4_MMD1-84B_L001,Post_P5_2,Post,996653.2,996653.2,-0.0,0.00484
F3_P1_MMD1-84B_L001,Post_P5_2,Post,994994.5,994994.5,0.0,0.00724
F3_P2_MMD1-84B_L001,Post_P5_2,Post,996804.4,996804.4,-0.0,0.00462
F3_P3_MMD1-84B_L001,Post_P5_2,Post,986247.6,986247.6,0.0,0.01998
F3_P4_MMD1-84B_L001,Post_P5_2,Post,994729.2,994729.2,-0.0,0.00762
F4_P2_MMD1-84B_L001,Post_P5_2,Post,994919.1,994900.4,18.7,0.00738
F4_P3_MMD1-84B_L001,Post_P5_2,Post,995163.3,995163.3,-0.0,0.00699
F4_P4_MMD1-84B_L001,Post_P5_2,Post,995924.9,995464.4,460.5,0.00656
F5_P1_MMD1-84B_L001,Post_P5_2,Post,994042.3,993652.5,389.8,0.00919
F5_P2_MMD1-84B_L001,Post_P5_2,Post,996181.8,996181.8,0.0,0.00552
F5_P3_MMD1-84B_L001,Post_P5_2,Post,998253.6,998248.3,5.3,0.00253
F5_P4_MMD1-84B_L001,Post_P5_2,Post,990492.3,990492.3,-0.0,0.01378
F6_P1_MMD1-84B_L001,Post_P5_2,Post,996100.3,996100.3,-0.0,0.00564
F6_P2_MMD1-84B_L001,Post_P5_2,Post,996050.3,996050.3,0.0,0.00571
F7_P1_MMD1-84B_L001,Post_P5_2,Post,993066.3,993066.3,0.0,0.01004
F7_P2_MMD1-84B_L001,Post_P5_2,Post,995735.8,995735.8,0.0,0.00617
F7_P3_MMD1-84B_L001,Post_P5_2,Post,994249.6,994211.7,37.9,0.00838
F7_P4_MMD1-84B_L001,Post_P5_2,Post,987719.1,987719.1,-0.0,0.01783
F8_P1_MMD1-84B_L001,Post_P5_2,Post,994530.8,994530.8,0.0,0.00791
F8_P2_MMD1-84B_L001,Post_P5_2,Post,993429.1,993404.9,24.2,0.00955
F8_P3_MMD1-84B_L001,Post_P5_2,Post,995390.3,995390.3,0.0,0.00667
F8_P4_MMD1-84B_L001,Post_P5_2,Post,994941.4,994941.4,-0.0,0.00732
F9_P1_MMD1-84B_L001,Post_P5_2,Post,994655.9,994421.3,234.6,0.00807
F9_P2_MMD1-84B_L001,Post_P5_2,Post,988164.7,988164.7,0.0,0.01718
F9_P3_MMD1-84B_L001,Post_P5_2,Post,995382.8,995382.8,0.0,0.00668
F9_P4_MMD1-84B_L001,Post_P5_2,Post,996407.0,996401.1,5.9,0.0052
G10_P1_MMD1-84B_L001,Post_P5_2,Post,994645.7,992788.1,1857.6,0.01044
G10_P2_MMD1-84B_L001,Post_P5_2,Post,996220.5,996220.5,0.0,0.00546
G10_P4_MMD1-84B_L001,Post_P5_2,Post,996597.6,996597.6,0.0,0.00492
G11_P1_MMD1-84B_L001,Post_P5_2,Post,994431.5,994431.5,0.0,0.00806
G11_P2_MMD1-84B_L001,Post_P5_2,Post,995878.8,994862.8,1016.0,0.00743
G11_P3_MMD1-84B_L001,Post_P5_2,Post,991579.9,991579.9,0.0,0.0122
G12_P1_MMD1-84B_L001,Post_P5_2,Post,994398.5,994398.5,0.0,0.0081
G12_P3_MMD1-84B_L001,Post_P5_2,Post,996377.6,996377.6,-0.0,0.00524
G12_P4_MMD1-84B_L001,Post_P5_2,Post,993965.3,993965.3,-0.0,0.00873
G1_P1_MMD1-84B_L001,Post_P5_2,Post,997220.8,997220.8,-0.0,0.00402
G1_P2_MMD1-84B_L001,Post_P5_2,Post,990254.2,989892.7,361.5,0.01466
G1_P4_MMD1-84B_L001,Post_P5_2,Post,996697.1,996697.1,-0.0,0.00477
G2_P1_MMD1-84B_L001,Post_P5_2,Post,998543.7,995483.3,3060.4,0.00653
G2_P2_MMD1-84B_L001,Post_P5_2,Post,996255.0,996255.0,0.0,0.00541
G2_P3_MMD1-84B_L001,Post_P5_2,Post,991343.4,990870.0,473.4,0.01323
G2_P4_MMD1-84B_L001,Post_P5_2,Post,993460.3,993460.3,0.0,0.00947
G3_P2_MMD1-84B_L001,Post_P5_2,Post,996373.8,995650.7,723.1,0.00629
G3_P3_MMD1-84B_L001,Post_P5_2,Post,992382.4,988817.6,3564.8,0.01622
G3_P4_MMD1-84B_L001,Post_P5_2,Post,995791.8,995791.8,-0.0,0.00608
G4_P1_MMD1-84B_L001,Post_P5_2,Post,996190.3,996190.3,-0.0,0.00551
G4_P2_MMD1-84B_L001,Post_P5_2,Post,995712.5,995712.5,0.0,0.0062
G4_P3_MMD1-84B_L001,Post_P5_2,Post,996126.0,996126.0,0.0,0.0056
G5_P1_MMD1-84B_L001,Post_P5_2,Post,996727.3,996702.2,25.1,0.00477
G5_P2_MMD1-84B_L001,Post_P5_2,Post,991872.1,991872.1,0.0,0.01177
G5_P3_MMD1-84B_L001,Post_P5_2,Post,984675.2,982496.4,2178.8,0.02548
G5_P4_MMD1-84B_L001,Post_P5_2,Post,997227.4,997227.4,-0.0,0.00401
G6_P2_MMD1-84B_L001,Post_P5_2,Post,996938.7,996938.7,0.0,0.00442
G6_P3_MMD1-84B_L001,Post_P5_2,Post,992009.9,991986.9,23.0,0.01161
G6_P4_MMD1-84B_L001,Post_P5_2,Post,994127.0,994127.0,0.0,0.0085
G7_P2_MMD1-84B_L001,Post_P5_2,Post,996454.8,996454.8,0.0,0.00512
G7_P3_MMD1-84B_L001,Post_P5_2,Post,992352.1,992352.1,0.0,0.01108
G7_P4_MMD1-84B_L001,Post_P5_2,Post,995500.3,995500.3,-0.0,0.00651
G8_P2_MMD1-84B_L001,Post_P5_2,Post,994930.6,994930.6,0.0,0.00733
G8_P3_MMD1-84B_L001,Post_P5_2,Post,996046.1,996046.1,0.0,0.00572
G8_P4_MMD1-84B_L001,Post_P5_2,Post,996570.9,996570.9,0.0,0.00496
G9_P1_MMD1-84B_L001,Post_P5_2,Post,987942.8,987942.8,-0.0,0.0175
G9_P2_MMD1-84B_L001,Post_P5_2,Post,995402.9,995402.9,0.0,0.00665
G9_P3_MMD1-84B_L001,Post_P5_2,Post,995986.8,995986.8,-0.0,0.0058
G9_P4_MMD1-84B_L001,Post_P5_2,Post,994569.1,994569.1,-0.0,0.00786
H10_P1_MMD1-84B_L001,Post_P5_2,Post,995501.6,995501.6,-0.0,0.0065
H10_P2_MMD1-84B_L001,Post_P5_2,Post,998031.4,997965.7,65.7,0.00294
H10_P3_MMD1-84B_L001,Post_P5_2,Post,987853.1,987853.1,0.0,0.01763
H10_P4_MMD1-84B_L001,Post_P5_2,Post,989790.6,989790.6,-0.0,0.0148
H11_P1_MMD1-84B_L001,Post_P5_2,Post,993385.2,993385.2,0.0,0.00957
H11_P2_MMD1-84B_L001,Post_P5_2,Post,992277.1,992277.1,0.0,0.01119
H11_P3_MMD1-84B_L001,Post_P5_2,Post,998792.5,998755.2,37.3,0.0018
H11_P4_MMD1-84B_L001,Post_P5_2,Post,995848.1,995489.5,358.6,0.00652
H12_P1_MMD1-84B_L001,Post_P5_2,Post,991768.1,991768.1,-0.0,0.01193
H12_P2_MMD1-84B_L001,Post_P5_2,Post,996661.1,996661.1,-0.0,0.00483
H12_P3_MMD1-84B_L001,Post_P5_2,Post,994149.7,994149.7,-0.0,0.00846
H12_P4_MMD1-84B_L001,Post_P5_2,Post,989176.8,989170.7,6.1,0.01571
H1_P1_MMD1-84B_L001,Post_P5_2,Post,996007.8,996007.8,-0.0,0.00577
H1_P2_MMD1-84B_L001,Post_P5_2,Post,992619.3,992619.3,0.0,0.01069
H1_P3_MMD1-84B_L001,Post_P5_2,Post,987961.1,987961.1,0.0,0.01747
H1_P4_MMD1-84B_L001,Post_P5_2,Post,1000577.4,1000577.4,-0.0,-0.00083
H2_P2_MMD1-84B_L001,Post_P5_2,Post,994628.2,994628.2,0.0,0.00777
H2_P3_MMD1-84B_L001,Post_P5_2,Post,987794.5,984712.8,3081.7,0.02223
H2_P4_MMD1-84B_L001,Post_P5_2,Post,996737.8,996737.8,0.0,0.00471
H3_P1_MMD1-84B_L001,Post_P5_2,Post,996232.6,996227.9,4.7,0.00545
H3_P2_MMD1-84B_L001,Post_P5_2,Post,996154.4,996154.4,-0.0,0.00556
H3_P3_MMD1-84B_L001,Post_P5_2,Post,991439.1,980998.9,10440.2,0.02768
H4_P1_MMD1-84B_L001,Post_P5_2,Post,995097.6,995097.6,-0.0,0.00709
H4_P2_MMD1-84B_L001,Post_P5_2,Post,990599.4,990599.4,0.0,0.01363
H4_P3_MMD1-84B_L001,Post_P5_2,Post,994277.2,994277.2,-0.0,0.00828
H4_P4_MMD1-84B_L001,Post_P5_2,Post,994701.9,994691.9,10.0,0.00768
H5_P1_MMD1-84B_L001,Post_P5_2,Post,996986.8,996986.8,-0.0,0.00435
H5_P2_MMD1-84B_L001,Post_P5_2,Post,998299.8,998299.8,0.0,0.00245
H5_P3_MMD1-84B_L001,Post_P5_2,Post,987626.4,987626.4,0.0,0.01796
H5_P4_MMD1-84B_L001,Post_P5_2,Post,997999.4,997999.4,0.0,0.00289
H6_P1_MMD1-84B_L001,Post_P5_2,Post,991944.1,991879.3,64.8,0.01176
H6_P2_MMD1-84B_L001,Post_P5_2,Post,995575.6,995575.6,-0.0,0.0064
H6_P3_MMD1-84B_L001,Post_P5_2,Post,995900.5,995830.4,70.1,0.00603
H6_P4_MMD1-84B_L001,Post_P5_2,Post,994798.6,994798.6,0.0,0.00752
H7_P1_MMD1-84B_L001,Post_P5_2,Post,991517.5,991517.5,0.0,0.01229
H7_P2_MMD1-84B_L001,Post_P5_2,Post,998061.5,998061.5,0.0,0.0028
H7_P3_MMD1-84B_L001,Post_P5_2,Post,992000.8,991963.7,37.1,0.01164
H7_P4_MMD1-84B_L001,Post_P5_2,Post,996564.2,996564.2,0.0,0.00497
H8_P1_MMD1-84B_L001,Post_P5_2,Post,994706.9,993249.6,1457.3,0.00977
H8_P2_MMD1-84B_L001,Post_P5_2,Post,991601.4,991601.4,0.0,0.01217
H8_P3_MMD1-84B_L001,Post_P5_2,Post,992047.0,992047.0,-0.0,0.01152
H8_P4_MMD1-84B_L001,Post_P5_2,Post,987559.3,987559.3,-0.0,0.01806
H9_P1_MMD1-84B_L001,Post_P5_2,Post,998111.2,998111.2,0.0,0.00273
H9_P2_MMD1-84B_L001,Post_P5_2,Post,991230.4,990922.8,307.6,0.01316
H9_P3_MMD1-84B_L001,Post_P5_2,Post,992699.7,992699.7,0.0,0.01057
H9_P4_MMD1-84B_L001,Post_P5_2,Post,995933.3,995933.3,-0.0,0.00588
A10_P1_M8_L001,Pre_P6,Pre,993908.4,993908.4,-0.0,0.00882
A10_P2_M8_L001,Pre_P6,Pre,996423.1,996423.1,-0.0,0.00517
A10_P4_M8_L001,Pre_P6,Pre,996568.5,996568.5,0.0,0.00496
A11_P1_M8_L001,Pre_P6,Pre,992570.2,992531.3,38.9,0.01082
A11_P4_M8_L001,Pre_P6,Pre,999240.8,999232.5,8.3,0.00111
A12_P1_M8_L001,Pre_P6,Pre,994753.7,994753.7,-0.0,0.00759
A12_P2_M8_L001,Pre_P6,Pre,999918.4,999918.4,-0.0,0.00012
A12_P3_M8_L001,Pre_P6,Pre,996292.5,996275.4,17.1,0.00538
A12_P4_M8_L001,Pre_P6,Pre,996525.6,996525.6,0.0,0.00502
A2_P1_M8_L001,Pre_P6,Pre,998892.8,998892.8,0.0,0.0016
A2_P2_M8_L001,Pre_P6,Pre,993033.5,992924.6,108.9,0.01024
A2_P3_M8_L001,Pre_P6,Pre,995014.4,995014.4,-0.0,0.00721
A2_P4_M8_L001,Pre_P6,Pre,998573.3,998573.3,-0.0,0.00206
A3_P2_M8_L001,Pre_P6,Pre,998451.1,998451.1,-0.0,0.00224
A3_P3_M8_L001,Pre_P6,Pre,991204.0,991204.0,-0.0,0.01275
A3_P4_M8_L001,Pre_P6,Pre,994419.6,994419.6,-0.0,0.00807
A4_P1_M8_L001,Pre_P6,Pre,999057.5,999057.5,0.0,0.00136
A4_P2_M8_L001,Pre_P6,Pre,997341.6,997341.6,0.0,0.00384
A4_P3_M8_L001,Pre_P6,Pre,995028.4,995025.7,2.7,0.00719
A4_P4_M8_L001,Pre_P6,Pre,995725.1,995692.0,33.1,0.00623
A5_P1_M8_L001,Pre_P6,Pre,1000003.2,1000003.2,0.0,-0.0
A5_P2_M8_L001,Pre_P6,Pre,994470.9,994372.2,98.7,0.00814
A5_P3_M8_L001,Pre_P6,Pre,992938.2,992823.8,114.4,0.01039
A5_P4_M8_L001,Pre_P6,Pre,992664.4,992664.4,0.0,0.01062
A6_P1_M8_L001,Pre_P6,Pre,995934.2,995934.2,0.0,0.00588
A6_P2_M8_L001,Pre_P6,Pre,992093.3,992093.3,0.0,0.01145
A6_P3_M8_L001,Pre_P6,Pre,995065.4,995065.4,-0.0,0.00714
A6_P4_M8_L001,Pre_P6,Pre,992350.9,992350.9,0.0,0.01108
A7_P1_M8_L001,Pre_P6,Pre,993549.2,993549.2,0.0,0.00934
A7_P2_M8_L001,Pre_P6,Pre,997430.1,997430.1,-0.0,0.00371
A7_P3_M8_L001,Pre_P6,Pre,993413.9,993413.9,0.0,0.00953
A7_P4_M8_L001,Pre_P6,Pre,995899.2,995899.2,-0.0,0.00593
A8_P2_M8_L001,Pre_P6,Pre,992789.5,992789.5,-0.0,0.01044
A8_P3_M8_L001,Pre_P6,Pre,999771.4,999771.4,0.0,0.00033
A8_P4_M8_L001,Pre_P6,Pre,993798.6,993798.6,0.0,0.00897
A9_P1_M8_L001,Pre_P6,Pre,997859.3,997859.3,0.0,0.00309
A9_P2_M8_L001,Pre_P6,Pre,999294.8,999294.8,0.0,0.00102
A9_P3_M8_L001,Pre_P6,Pre,995025.8,995012.3,13.5,0.00721
A9_P4_M8_L001,Pre_P6,Pre,995291.5,995291.5,0.0,0.00681
B10_P1_M8_L001,Pre_P6,Pre,996658.0,996658.0,-0.0,0.00483
B10_P2_M8_L001,Pre_P6,Pre,992690.3,992690.3,0.0,0.01058
B10_P3_M8_L001,Pre_P6,Pre,996351.8,996351.8,-0.0,0.00527
B10_P4_M8_L001,Pre_P6,Pre,995795.4,995795.4,0.0,0.00608
B11_P1_M8_L001,Pre_P6,Pre,993366.5,993366.5,0.0,0.0096
B11_P2_M8_L001,Pre_P6,Pre,994986.3,994273.2,713.1,0.00829
B11_P3_M8_L001,Pre_P6,Pre,993268.8,993268.8,0.0,0.00974
B11_P4_M8_L001,Pre_P6,Pre,996316.0,996316.0,0.0,0.00532
B12_P1_M8_L001,Pre_P6,Pre,1001277.6,1001277.6,0.0,-0.00184
B12_P2_M8_L001,Pre_P6,Pre,995312.8,995312.8,-0.0,0.00678
B12_P3_M8_L001,Pre_P6,Pre,995336.6,995334.1,2.5,0.00675
B12_P4_M8_L001,Pre_P6,Pre,992431.7,992431.7,0.0,0.01096
B1_P2_M8_L001,Pre_P6,Pre,998721.6,998721.6,0.0,0.00185
B1_P3_M8_L001,Pre_P6,Pre,995499.1,995434.7,64.4,0.0066
B1_P4_M8_L001,Pre_P6,Pre,992920.1,992920.1,-0.0,0.01025
B2_P1_M8_L001,Pre_P6,Pre,994056.3,994056.3,-0.0,0.0086
B2_P4_M8_L001,Pre_P6,Pre,996050.0,996050.0,-0.0,0.00571
B3_P1_M8_L001,Pre_P6,Pre,992926.6,992926.6,0.0,0.01024
B3_P3_M8_L001,Pre_P6,Pre,993183.1,993183.1,-0.0,0.00987
B3_P4_M8_L001,Pre_P6,Pre,994358.7,994358.7,0.0,0.00816
B4_P1_M8_L001,Pre_P6,Pre,994090.8,994051.0,39.8,0.00861
B4_P4_M8_L001,Pre_P6,Pre,999432.6,999432.6,-0.0,0.00082
B5_P1_M8_L001,Pre_P6,Pre,993240.3,992819.6,420.7,0.0104
B5_P4_M8_L001,Pre_P6,Pre,998344.1,998344.1,0.0,0.00239
B6_P2_M8_L001,Pre_P6,Pre,999401.3,999401.3,-0.0,0.00086
B6_P3_M8_L001,Pre_P6,Pre,992874.5,992874.5,0.0,0.01032
B6_P4_M8_L001,Pre_P6,Pre,993866.6,993847.3,19.3,0.0089
B7_P1_M8_L001,Pre_P6,Pre,998949.6,998947.8,1.8,0.00152
B7_P3_M8_L001,Pre_P6,Pre,995225.9,995225.9,0.0,0.0069
B7_P4_M8_L001,Pre_P6,Pre,998395.4,998395.4,-0.0,0.00232
B8_P1_M8_L001,Pre_P6,Pre,997811.6,997811.6,0.0,0.00316
B8_P3_M8_L001,Pre_P6,Pre,998254.7,998254.7,-0.0,0.00252
B8_P4_M8_L001,Pre_P6,Pre,999304.0,999304.0,0.0,0.001
B9_P2_M8_L001,Pre_P6,Pre,997706.3,997706.3,-0.0,0.00331
B9_P4_M8_L001,Pre_P6,Pre,996835.1,996835.1,-0.0,0.00457
C10_P3_M8_L001,Pre_P6,Pre,991961.6,989929.3,2032.3,0.0146
C10_P4_M8_L001,Pre_P6,Pre,999386.1,999386.1,-0.0,0.00089
C11_P1_M8_L001,Pre_P6,Pre,998227.1,998225.8,1.3,0.00256
C11_P3_M8_L001,Pre_P6,Pre,993067.0,992879.3,187.7,0.01031
C12_P2_M8_L001,Pre_P6,Pre,999946.2,999937.0,9.2,9e-05
C12_P3_M8_L001,Pre_P6,Pre,994829.1,994829.1,-0.0,0.00748
C12_P4_M8_L001,Pre_P6,Pre,999630.9,999630.9,-0.0,0.00053
C1_P1_M8_L001,Pre_P6,Pre,996129.5,996129.5,-0.0,0.00559
C1_P3_M8_L001,Pre_P6,Pre,994259.2,994259.2,-0.0,0.00831
C1_P4_M8_L001,Pre_P6,Pre,995590.7,995590.7,0.0,0.00638
C2_P1_M8_L001,Pre_P6,Pre,998954.0,998954.0,-0.0,0.00151
C2_P3_M8_L001,Pre_P6,Pre,994127.0,992786.2,1340.8,0.01045
C2_P4_M8_L001,Pre_P6,Pre,994852.5,994852.5,0.0,0.00745
C3_P2_M8_L001,Pre_P6,Pre,994510.3,994510.3,0.0,0.00794
C3_P3_M8_L001,Pre_P6,Pre,996403.8,996340.8,63.0,0.00529
C3_P4_M8_L001,Pre_P6,Pre,994504.2,993778.4,725.8,0.009
C4_P1_M8_L001,Pre_P6,Pre,995489.4,995489.4,-0.0,0.00652
C4_P2_M8_L001,Pre_P6,Pre,996828.9,996828.9,0.0,0.00458
C4_P3_M8_L001,Pre_P6,Pre,995037.9,994885.6,152.3,0.0074
C4_P4_M8_L001,Pre_P6,Pre,997566.6,997566.6,0.0,0.00351
C5_P1_M8_L001,Pre_P6,Pre,998802.8,998552.9,249.9,0.00209
C5_P2_M8_L001,Pre_P6,Pre,992835.7,992835.7,-0.0,0.01037
C5_P3_M8_L001,Pre_P6,Pre,995602.3,995602.3,0.0,0.00636
C5_P4_M8_L001,Pre_P6,Pre,995622.7,995622.7,0.0,0.00633
C6_P2_M8_L001,Pre_P6,Pre,993769.6,993769.6,0.0,0.00902
C6_P3_M8_L001,Pre_P6,Pre,993596.3,992601.3,995.0,0.01071
C6_P4_M8_L001,Pre_P6,Pre,994851.0,994842.1,8.9,0.00746
C7_P1_M8_L001,Pre_P6,Pre,997603.2,997603.2,-0.0,0.00346
C7_P2_M8_L001,Pre_P6,Pre,997307.6,997307.6,-0.0,0.00389
C7_P3_M8_L001,Pre_P6,Pre,990513.8,990513.8,0.0,0.01375
C7_P4_M8_L001,Pre_P6,Pre,998559.4,998559.4,-0.0,0.00208
C8_P1_M8_L001,Pre_P6,Pre,999144.1,999144.1,-0.0,0.00124
C8_P2_M8_L001,Pre_P6,Pre,998813.0,998813.0,-0.0,0.00171
C8_P3_M8_L001,Pre_P6,Pre,999873.9,999873.9,-0.0,0.00018
C8_P4_M8_L001,Pre_P6,Pre,995919.9,995919.9,0.0,0.0059
C9_P3_M8_L001,Pre_P6,Pre,993258.1,993258.1,-0.0,0.00976
C9_P4_M8_L001,Pre_P6,Pre,998574.1,998574.1,-0.0,0.00206
D10_P1_M8_L001,Pre_P6,Pre,995090.1,995090.1,0.0,0.0071
D10_P2_M8_L001,Pre_P6,Pre,996661.0,996661.0,-0.0,0.00483
D10_P3_M8_L001,Pre_P6,Pre,989972.4,989972.4,0.0,0.01454
D10_P4_M8_L001,Pre_P6,Pre,994406.5,994406.5,0.0,0.00809
D11_P1_M8_L001,Pre_P6,Pre,994309.3,994309.3,0.0,0.00823
D11_P2_M8_L001,Pre_P6,Pre,999149.9,999149.9,-0.0,0.00123
D11_P3_M8_L001,Pre_P6,Pre,999522.6,999522.6,-0.0,0.00069
D12_P4_M8_L001,Pre_P6,Pre,992504.2,992504.2,-0.0,0.01085
D1_P1_M8_L001,Pre_P6,Pre,998020.9,998020.9,0.0,0.00286
D1_P3_M8_L001,Pre_P6,Pre,994093.2,994093.2,0.0,0.00855
D1_P4_M8_L001,Pre_P6,Pre,993849.0,993849.0,0.0,0.0089
D2_P3_M8_L001,Pre_P6,Pre,995783.4,995783.4,0.0,0.0061
D2_P4_M8_L001,Pre_P6,Pre,997989.4,997989.4,0.0,0.0029
D3_P2_M8_L001,Pre_P6,Pre,999057.5,999057.5,-0.0,0.00136
D3_P3_M8_L001,Pre_P6,Pre,994553.0,994553.0,0.0,0.00788
D4_P1_M8_L001,Pre_P6,Pre,998107.3,998107.3,-0.0,0.00273
D4_P3_M8_L001,Pre_P6,Pre,995474.4,995474.4,-0.0,0.00654
D4_P4_M8_L001,Pre_P6,Pre,994191.2,994191.2,0.0,0.0084
D5_P1_M8_L001,Pre_P6,Pre,997233.0,997233.0,0.0,0.004
D5_P3_M8_L001,Pre_P6,Pre,996496.6,996496.6,-0.0,0.00506
D5_P4_M8_L001,Pre_P6,Pre,1000928.8,1000928.8,-0.0,-0.00134
D6_P1_M8_L001,Pre_P6,Pre,995936.0,995936.0,0.0,0.00588
D6_P2_M8_L001,Pre_P6,Pre,999399.5,999399.5,0.0,0.00087
D7_P1_M8_L001,Pre_P6,Pre,999131.2,999131.2,0.0,0.00125
D7_P2_M8_L001,Pre_P6,Pre,999562.0,999562.0,0.0,0.00063
D7_P3_M8_L001,Pre_P6,Pre,994543.6,994543.6,-0.0,0.00789
D7_P4_M8_L001,Pre_P6,Pre,995855.3,995855.3,-0.0,0.00599
D8_P1_M8_L001,Pre_P6,Pre,995203.7,995203.7,-0.0,0.00694
D8_P2_M8_L001,Pre_P6,Pre,997844.4,997844.4,0.0,0.00311
D8_P3_M8_L001,Pre_P6,Pre,992704.9,992704.9,0.0,0.01056
D8_P4_M8_L001,Pre_P6,Pre,1000753.0,1000753.0,0.0,-0.00109
D9_P1_M8_L001,Pre_P6,Pre,998457.7,997987.5,470.2,0.00291
D9_P3_M8_L001,Pre_P6,Pre,994083.4,994083.4,-0.0,0.00856
E10_P1_M8_L001,Pre_P6,Pre,995111.9,994177.1,934.8,0.00843
E10_P2_M8_L001,Pre_P6,Pre,990949.3,990949.3,-0.0,0.01312
E10_P3_M8_L001,Pre_P6,Pre,994218.9,994218.9,-0.0,0.00836
E10_P4_M8_L001,Pre_P6,Pre,998880.8,998880.8,0.0,0.00162
E11_P1_M8_L001,Pre_P6,Pre,986177.3,986177.3,0.0,0.02008
E11_P2_M8_L001,Pre_P6,Pre,996619.6,996619.6,0.0,0.00489
E11_P3_M8_L001,Pre_P6,Pre,997595.7,997595.7,-0.0,0.00347
E12_P1_M8_L001,Pre_P6,Pre,998789.0,998789.0,-0.0,0.00175
E12_P2_M8_L001,Pre_P6,Pre,992294.1,992294.1,-0.0,0.01116
E12_P3_M8_L001,Pre_P6,Pre,999516.2,999516.2,-0.0,0.0007
E12_P4_M8_L001,Pre_P6,Pre,1000153.7,1000153.7,-0.0,-0.00022
E1_P2_M8_L001,Pre_P6,Pre,994965.7,994965.7,-0.0,0.00728
E1_P3_M8_L001,Pre_P6,Pre,996867.0,996824.4,42.6,0.00459
E1_P4_M8_L001,Pre_P6,Pre,994627.1,994627.1,0.0,0.00777
E2_P1_M8_L001,Pre_P6,Pre,994640.0,994640.0,-0.0,0.00775
E2_P2_M8_L001,Pre_P6,Pre,999661.3,999661.3,0.0,0.00049
E2_P3_M8_L001,Pre_P6,Pre,997004.0,997004.0,0.0,0.00433
E2_P4_M8_L001,Pre_P6,Pre,996963.4,996963.4,-0.0,0.00439
E3_P3_M8_L001,Pre_P6,Pre,998844.5,998844.5,-0.0,0.00167
E3_P4_M8_L001,Pre_P6,Pre,994294.0,994294.0,0.0,0.00826
E4_P1_M8_L001,Pre_P6,Pre,999350.5,998490.6,859.9,0.00218
E5_P1_M8_L001,Pre_P6,Pre,994374.7,994374.7,-0.0,0.00814
E5_P4_M8_L001,Pre_P6,Pre,993628.5,993628.5,0.0,0.00922
E6_P2_M8_L001,Pre_P6,Pre,995513.9,995495.2,18.7,0.00651
E6_P3_M8_L001,Pre_P6,Pre,999115.6,999028.6,87.0,0.0014
E6_P4_M8_L001,Pre_P6,Pre,996270.6,996257.6,13.0,0.00541
E7_P1_M8_L001,Pre_P6,Pre,995971.9,995940.9,31.0,0.00587
E7_P3_M8_L001,Pre_P6,Pre,998751.9,998751.9,0.0,0.0018
E7_P4_M8_L001,Pre_P6,Pre,995646.5,995641.0,5.5,0.0063
E8_P1_M8_L001,Pre_P6,Pre,1001096.3,1001096.3,-0.0,-0.00158
E8_P3_M8_L001,Pre_P6,Pre,1000218.9,1000218.9,-0.0,-0.00032
E8_P4_M8_L001,Pre_P6,Pre,997693.5,997693.5,0.0,0.00333
E9_P1_M8_L001,Pre_P6,Pre,998817.9,998807.5,10.4,0.00172
E9_P2_M8_L001,Pre_P6,Pre,1000056.2,1000056.2,-0.0,-8e-05
E9_P4_M8_L001,Pre_P6,Pre,996401.0,996401.0,0.0,0.0052
F10_P3_M8_L001,Pre_P6,Pre,998184.9,998184.9,0.0,0.00262
F10_P4_M8_L001,Pre_P6,Pre,994954.6,994954.6,0.0,0.0073
F11_P1_M8_L001,Pre_P6,Pre,1000265.7,1000203.6,62.1,-0.00029
F11_P3_M8_L001,Pre_P6,Pre,993163.9,993163.9,0.0,0.0099
F11_P4_M8_L001,Pre_P6,Pre,997128.0,997118.9,9.1,0.00416
F12_P2_M8_L001,Pre_P6,Pre,995620.0,995557.8,62.2,0.00642
F12_P4_M8_L001,Pre_P6,Pre,1000320.6,1000320.6,0.0,-0.00046
F1_P1_M8_L001,Pre_P6,Pre,1000671.6,1000671.6,-0.0,-0.00097
F1_P2_M8_L001,Pre_P6,Pre,996825.5,996825.5,-0.0,0.00459
F2_P2_M8_L001,Pre_P6,Pre,992844.4,992798.9,45.5,0.01043
F2_P3_M8_L001,Pre_P6,Pre,999536.3,999529.3,7.0,0.00068
F3_P2_M8_L001,Pre_P6,Pre,994354.4,992483.9,1870.5,0.01088
F3_P3_M8_L001,Pre_P6,Pre,991223.6,991223.6,-0.0,0.01272
F3_P4_M8_L001,Pre_P6,Pre,995381.7,995381.7,0.0,0.00668
F4_P3_M8_L001,Pre_P6,Pre,994580.7,994580.7,0.0,0.00784
F4_P4_M8_L001,Pre_P6,Pre,996693.3,996693.3,-0.0,0.00478
F5_P2_M8_L001,Pre_P6,Pre,999776.1,999776.1,0.0,0.00032
F5_P4_M8_L001,Pre_P6,Pre,992002.4,992002.4,0.0,0.01158
F6_P1_M8_L001,Pre_P6,Pre,998751.3,998751.3,-0.0,0.0018
F6_P3_M8_L001,Pre_P6,Pre,1000696.9,1000696.9,0.0,-0.00101
F7_P1_M8_L001,Pre_P6,Pre,999348.9,999348.9,-0.0,0.00094
F7_P2_M8_L001,Pre_P6,Pre,994555.9,994555.9,0.0,0.00788
F7_P3_M8_L001,Pre_P6,Pre,995615.4,995615.4,0.0,0.00634
F8_P1_M8_L001,Pre_P6,Pre,993153.5,993153.5,0.0,0.00991
F8_P2_M8_L001,Pre_P6,Pre,997947.4,997947.4,-0.0,0.00296
F8_P3_M8_L001,Pre_P6,Pre,997691.7,997691.7,0.0,0.00333
F8_P4_M8_L001,Pre_P6,Pre,993542.3,993542.3,0.0,0.00935
F9_P1_M8_L001,Pre_P6,Pre,996766.1,996760.9,5.2,0.00468
F9_P2_M8_L001,Pre_P6,Pre,994430.2,994430.2,-0.0,0.00806
F9_P3_M8_L001,Pre_P6,Pre,996226.5,996226.5,0.0,0.00545
F9_P4_M8_L001,Pre_P6,Pre,998708.7,998708.7,0.0,0.00186
G10_P1_M8_L001,Pre_P6,Pre,993631.8,993627.8,4.0,0.00922
G10_P2_M8_L001,Pre_P6,Pre,994345.3,994345.3,0.0,0.00818
G10_P4_M8_L001,Pre_P6,Pre,999282.2,999282.2,-0.0,0.00104
G11_P1_M8_L001,Pre_P6,Pre,997213.7,996851.1,362.6,0.00455
G11_P2_M8_L001,Pre_P6,Pre,991711.4,991711.4,0.0,0.01201
G12_P1_M8_L001,Pre_P6,Pre,997858.6,997858.6,0.0,0.00309
G12_P2_M8_L001,Pre_P6,Pre,994569.9,994569.9,0.0,0.00786
G12_P3_M8_L001,Pre_P6,Pre,997273.9,997268.9,5.0,0.00395
G12_P4_M8_L001,Pre_P6,Pre,993454.1,993454.1,0.0,0.00947
G1_P2_M8_L001,Pre_P6,Pre,993725.4,993725.4,-0.0,0.00908
G1_P4_M8_L001,Pre_P6,Pre,997604.8,997604.8,-0.0,0.00346
G2_P4_M8_L001,Pre_P6,Pre,993402.8,993402.8,0.0,0.00955
G3_P1_M8_L001,Pre_P6,Pre,995292.7,995292.7,0.0,0.00681
G3_P2_M8_L001,Pre_P6,Pre,995835.9,995835.9,-0.0,0.00602
G3_P4_M8_L001,Pre_P6,Pre,993546.6,993546.6,-0.0,0.00934
G4_P2_M8_L001,Pre_P6,Pre,993727.9,993727.9,0.0,0.00908
G5_P1_M8_L001,Pre_P6,Pre,988729.2,988729.2,0.0,0.01635
G5_P2_M8_L001,Pre_P6,Pre,999890.5,999890.5,-0.0,0.00016
G5_P3_M8_L001,Pre_P6,Pre,994800.6,994800.6,-0.0,0.00752
G6_P1_M8_L001,Pre_P6,Pre,988153.2,988153.2,0.0,0.01719
G6_P3_M8_L001,Pre_P6,Pre,994636.7,994636.7,0.0,0.00776
G7_P1_M8_L001,Pre_P6,Pre,995023.3,995023.3,0.0,0.0072
G7_P2_M8_L001,Pre_P6,Pre,995306.1,995306.1,0.0,0.00679
G7_P3_M8_L001,Pre_P6,Pre,998113.6,998113.6,-0.0,0.00272
G7_P4_M8_L001,Pre_P6,Pre,991694.9,991694.9,0.0,0.01203
G8_P1_M8_L001,Pre_P6,Pre,999358.3,999358.3,-0.0,0.00093
G8_P2_M8_L001,Pre_P6,Pre,995024.0,994445.0,579.0,0.00804
G8_P4_M8_L001,Pre_P6,Pre,995161.6,995161.6,0.0,0.007
G9_P1_M8_L001,Pre_P6,Pre,999121.7,999121.7,0.0,0.00127
G9_P2_M8_L001,Pre_P6,Pre,998121.5,997707.7,413.8,0.00331
G9_P3_M8_L001,Pre_P6,Pre,996093.7,996093.7,0.0,0.00565
G9_P4_M8_L001,Pre_P6,Pre,990535.8,990535.8,-0.0,0.01372
H10_P2_M8_L001,Pre_P6,Pre,995080.6,995080.6,-0.0,0.00711
H10_P3_M8_L001,Pre_P6,Pre,995142.0,995142.0,0.0,0.00703
H10_P4_M8_L001,Pre_P6,Pre,999613.5,999613.5,0.0,0.00056
H11_P1_M8_L001,Pre_P6,Pre,992470.2,992470.2,0.0,0.0109
H11_P2_M8_L001,Pre_P6,Pre,995644.9,995644.9,-0.0,0.0063
H11_P3_M8_L001,Pre_P6,Pre,1000501.9,1000501.9,-0.0,-0.00072
H11_P4_M8_L001,Pre_P6,Pre,996775.3,996775.3,-0.0,0.00466
H12_P1_M8_L001,Pre_P6,Pre,994402.6,994402.6,0.0,0.0081
H12_P2_M8_L001,Pre_P6,Pre,999614.6,999614.6,0.0,0.00056
H12_P3_M8_L001,Pre_P6,Pre,995434.9,995169.0,265.9,0.00699
H12_P4_M8_L001,Pre_P6,Pre,996342.9,996237.8,105.1,0.00544
H1_P1_M8_L001,Pre_P6,Pre,999787.8,999787.8,0.0,0.00031
H1_P2_M8_L001,Pre_P6,Pre,994112.9,993210.1,902.8,0.00983
H1_P3_M8_L001,Pre_P6,Pre,994651.9,994651.9,0.0,0.00774
H1_P4_M8_L001,Pre_P6,Pre,999582.6,999558.8,23.8,0.00064
H2_P2_M8_L001,Pre_P6,Pre,1000858.9,1000858.9,0.0,-0.00124
H2_P3_M8_L001,Pre_P6,Pre,996073.0,996073.0,-0.0,0.00568
H3_P1_M8_L001,Pre_P6,Pre,995492.0,995492.0,-0.0,0.00652
H3_P3_M8_L001,Pre_P6,Pre,998575.3,998575.3,-0.0,0.00206
H3_P4_M8_L001,Pre_P6,Pre,995920.2,995920.2,-0.0,0.0059
H4_P2_M8_L001,Pre_P6,Pre,994395.4,994395.4,0.0,0.00811
H4_P4_M8_L001,Pre_P6,Pre,992246.6,992246.6,0.0,0.01123
H5_P1_M8_L001,Pre_P6,Pre,1000143.7,1000143.7,0.0,-0.00021
H5_P2_M8_L001,Pre_P6,Pre,995706.0,995706.0,0.0,0.00621
H5_P3_M8_L001,Pre_P6,Pre,998966.3,998954.7,11.6,0.00151
H5_P4_M8_L001,Pre_P6,Pre,996045.6,996045.6,0.0,0.00572
H6_P2_M8_L001,Pre_P6,Pre,994300.0,994300.0,-0.0,0.00825
H6_P3_M8_L001,Pre_P6,Pre,991722.7,991590.2,132.5,0.01218
H6_P4_M8_L001,Pre_P6,Pre,997057.9,997057.9,-0.0,0.00425
H7_P1_M8_L001,Pre_P6,Pre,994196.7,994196.7,-0.0,0.0084
H7_P2_M8_L001,Pre_P6,Pre,996119.4,996119.4,-0.0,0.00561
H7_P3_M8_L001,Pre_P6,Pre,993377.9,993377.9,0.0,0.00959
H8_P2_M8_L001,Pre_P6,Pre,994099.0,994099.0,0.0,0.00854
H8_P3_M8_L001,Pre_P6,Pre,988992.5,988992.5,-0.0,0.01597
H8_P4_M8_L001,Pre_P6,Pre,994391.3,994391.3,-0.0,0.00811
H9_P1_M8_L001,Pre_P6,Pre,996718.2,996718.2,0.0,0.00474
H9_P2_M8_L001,Pre_P6,Pre,997557.7,997557.7,0.0,0.00353
H9_P3_M8_L001,Pre_P6,Pre,995273.3,995196.1,77.2,0.00695
H9_P4_M8_L001,Pre_P6,Pre,995328.2,995328.2,0.0,0.00676
A10_P1_M67_L001,Post_P6,Post,994397.5,994397.5,-0.0,0.00811
A10_P2_M67_L001,Post_P6,Post,995706.1,995706.1,-0.0,0.00621
A10_P3_M67_L001,Post_P6,Post,992914.9,992914.9,-0.0,0.01026
A11_P1_M67_L001,Post_P6,Post,995455.8,995455.8,-0.0,0.00657
A11_P2_M67_L001,Post_P6,Post,995901.7,995901.7,-0.0,0.00592
A11_P3_M67_L001,Post_P6,Post,995171.6,995171.6,0.0,0.00698
A11_P4_M67_L001,Post_P6,Post,996537.4,996537.4,-0.0,0.005
A12_P1_M67_L001,Post_P6,Post,995612.7,995612.7,-0.0,0.00634
A12_P2_M67_L001,Post_P6,Post,994217.7,994073.7,144.0,0.00858
A12_P3_M67_L001,Post_P6,Post,997362.3,997351.0,11.3,0.00383
A12_P4_M67_L001,Post_P6,Post,996022.0,995949.8,72.2,0.00586
A2_P1_M67_L001,Post_P6,Post,994902.1,994902.1,0.0,0.00737
A2_P3_M67_L001,Post_P6,Post,993296.9,993296.9,-0.0,0.0097
A2_P4_M67_L001,Post_P6,Post,995371.7,995371.7,-0.0,0.00669
A3_P1_M67_L001,Post_P6,Post,997961.4,997961.4,-0.0,0.00294
A3_P2_M67_L001,Post_P6,Post,993939.8,993761.2,178.6,0.00903
A3_P4_M67_L001,Post_P6,Post,996566.7,996566.7,-0.0,0.00496
A4_P1_M67_L001,Post_P6,Post,996030.3,995973.7,56.6,0.00582
A4_P2_M67_L001,Post_P6,Post,992140.5,992140.5,0.0,0.01138
A4_P3_M67_L001,Post_P6,Post,994836.5,994830.2,6.3,0.00748
A5_P1_M67_L001,Post_P6,Post,996031.5,996025.5,6.0,0.00575
A5_P2_M67_L001,Post_P6,Post,993560.9,993560.9,0.0,0.00932
A5_P3_M67_L001,Post_P6,Post,997632.0,997572.0,60.0,0.00351
A5_P4_M67_L001,Post_P6,Post,994318.1,994029.3,288.8,0.00864
A6_P2_M67_L001,Post_P6,Post,994389.3,994389.3,-0.0,0.00812
A6_P3_M67_L001,Post_P6,Post,993118.5,993067.1,51.4,0.01004
A6_P4_M67_L001,Post_P6,Post,995145.8,995145.8,0.0,0.00702
A7_P1_M67_L001,Post_P6,Post,986301.2,986301.2,-0.0,0.0199
A7_P2_M67_L001,Post_P6,Post,996103.8,996089.7,14.1,0.00565
A7_P3_M67_L001,Post_P6,Post,996246.0,996220.7,25.3,0.00546
A7_P4_M67_L001,Post_P6,Post,994888.6,994888.6,-0.0,0.00739
A8_P1_M67_L001,Post_P6,Post,996141.7,996141.7,0.0,0.00558
A8_P2_M67_L001,Post_P6,Post,995610.3,995610.3,0.0,0.00635
A8_P3_M67_L001,Post_P6,Post,992942.8,992922.4,20.4,0.01025
A9_P2_M67_L001,Post_P6,Post,995337.9,995337.9,0.0,0.00674
A9_P3_M67_L001,Post_P6,Post,997877.6,997877.6,-0.0,0.00307
A9_P4_M67_L001,Post_P6,Post,995559.2,995559.2,0.0,0.00642
B10_P3_M67_L001,Post_P6,Post,995155.8,995155.8,-0.0,0.00701
B10_P4_M67_L001,Post_P6,Post,992758.5,992710.7,47.8,0.01055
B11_P1_M67_L001,Post_P6,Post,995774.2,995774.2,-0.0,0.00611
B11_P2_M67_L001,Post_P6,Post,993490.8,993490.8,0.0,0.00942
B11_P3_M67_L001,Post_P6,Post,994653.8,994653.8,0.0,0.00773
B11_P4_M67_L001,Post_P6,Post,995344.0,995344.0,-0.0,0.00673
B12_P1_M67_L001,Post_P6,Post,994285.4,994285.4,0.0,0.00827
B12_P2_M67_L001,Post_P6,Post,989610.5,989610.5,0.0,0.01507
B12_P3_M67_L001,Post_P6,Post,993976.4,993976.4,-0.0,0.00872
B12_P4_M67_L001,Post_P6,Post,994904.1,994904.1,-0.0,0.00737
B1_P1_M67_L001,Post_P6,Post,992393.2,992393.2,0.0,0.01102
B1_P3_M67_L001,Post_P6,Post,995729.5,995729.5,0.0,0.00617
B1_P4_M67_L001,Post_P6,Post,993648.9,993648.9,0.0,0.00919
B2_P1_M67_L001,Post_P6,Post,995903.6,995903.6,0.0,0.00592
B2_P2_M67_L001,Post_P6,Post,994070.4,994070.4,-0.0,0.00858
B2_P4_M67_L001,Post_P6,Post,998777.5,998777.5,-0.0,0.00176
B3_P1_M67_L001,Post_P6,Post,997297.6,997297.6,0.0,0.0039
B3_P2_M67_L001,Post_P6,Post,995073.2,995073.2,-0.0,0.00713
B3_P3_M67_L001,Post_P6,Post,994338.7,994338.7,-0.0,0.00819
B3_P4_M67_L001,Post_P6,Post,998436.8,998436.8,-0.0,0.00226
B4_P1_M67_L001,Post_P6,Post,995540.6,995540.6,0.0,0.00645
B4_P2_M67_L001,Post_P6,Post,995830.8,995818.7,12.1,0.00604
B4_P3_M67_L001,Post_P6,Post,995319.8,995215.7,104.1,0.00692
B4_P4_M67_L001,Post_P6,Post,994944.9,994944.9,-0.0,0.00731
B5_P1_M67_L001,Post_P6,Post,993993.4,993980.6,12.8,0.00871
B5_P2_M67_L001,Post_P6,Post,996566.6,996392.8,173.8,0.00521
B5_P3_M67_L001,Post_P6,Post,995286.6,995286.6,-0.0,0.00682
B6_P1_M67_L001,Post_P6,Post,996144.7,996144.7,0.0,0.00557
B6_P2_M67_L001,Post_P6,Post,995604.0,995604.0,-0.0,0.00636
B6_P3_M67_L001,Post_P6,Post,993541.1,993541.1,-0.0,0.00935
B6_P4_M67_L001,Post_P6,Post,996262.6,996262.6,-0.0,0.0054
B7_P2_M67_L001,Post_P6,Post,989818.3,989818.3,-0.0,0.01476
B7_P3_M67_L001,Post_P6,Post,995341.0,995341.0,-0.0,0.00674
B7_P4_M67_L001,Post_P6,Post,994730.1,994730.1,0.0,0.00762
B8_P1_M67_L001,Post_P6,Post,997084.7,997084.7,-0.0,0.00421
B8_P2_M67_L001,Post_P6,Post,993872.9,993872.9,-0.0,0.00887
B8_P3_M67_L001,Post_P6,Post,994791.7,994791.7,-0.0,0.00753
B8_P4_M67_L001,Post_P6,Post,994275.3,994275.3,0.0,0.00828
B9_P1_M67_L001,Post_P6,Post,993789.6,993296.3,493.3,0.0097
B9_P2_M67_L001,Post_P6,Post,992354.5,992316.9,37.6,0.01113
B9_P4_M67_L001,Post_P6,Post,997544.6,997544.6,0.0,0.00355
C10_P1_M67_L001,Post_P6,Post,994270.7,994270.7,0.0,0.00829
C10_P2_M67_L001,Post_P6,Post,995888.5,995888.5,-0.0,0.00594
C10_P3_M67_L001,Post_P6,Post,991945.6,991945.6,0.0,0.01167
C11_P1_M67_L001,Post_P6,Post,995445.3,995445.3,0.0,0.00659
C11_P2_M67_L001,Post_P6,Post,993440.4,993440.4,0.0,0.00949
C11_P3_M67_L001,Post_P6,Post,994243.3,994243.3,0.0,0.00833
C11_P4_M67_L001,Post_P6,Post,995231.0,995231.0,-0.0,0.0069
C12_P2_M67_L001,Post_P6,Post,993131.7,993131.7,0.0,0.00994
C12_P3_M67_L001,Post_P6,Post,996696.4,996696.4,-0.0,0.00477
C12_P4_M67_L001,Post_P6,Post,996380.8,996380.8,0.0,0.00523
C1_P1_M67_L001,Post_P6,Post,992901.7,992901.7,0.0,0.01028
C1_P2_M67_L001,Post_P6,Post,996114.2,996114.2,-0.0,0.00562
C1_P3_M67_L001,Post_P6,Post,991970.7,991964.8,5.9,0.01164
C1_P4_M67_L001,Post_P6,Post,995177.1,995177.1,0.0,0.00697
C2_P1_M67_L001,Post_P6,Post,995293.8,995293.8,0.0,0.00681
C2_P2_M67_L001,Post_P6,Post,998010.9,998010.9,-0.0,0.00287
C3_P1_M67_L001,Post_P6,Post,993549.6,993549.6,0.0,0.00934
C3_P2_M67_L001,Post_P6,Post,990627.4,990478.3,149.1,0.0138
C3_P3_M67_L001,Post_P6,Post,994264.9,994264.9,-0.0,0.0083
C3_P4_M67_L001,Post_P6,Post,996689.6,996689.6,0.0,0.00478
C4_P1_M67_L001,Post_P6,Post,993539.8,993539.8,0.0,0.00935
C4_P2_M67_L001,Post_P6,Post,996547.6,995422.6,1125.0,0.00662
C4_P3_M67_L001,Post_P6,Post,995335.2,992534.0,2801.2,0.01081
C4_P4_M67_L001,Post_P6,Post,995039.1,995039.1,0.0,0.00717
C5_P1_M67_L001,Post_P6,Post,996248.8,996248.8,-0.0,0.00542
C5_P2_M67_L001,Post_P6,Post,990886.8,990886.8,-0.0,0.01321
C5_P3_M67_L001,Post_P6,Post,992286.4,992286.4,-0.0,0.01117
C5_P4_M67_L001,Post_P6,Post,995112.1,995112.1,0.0,0.00707
C6_P2_M67_L001,Post_P6,Post,995087.8,995087.8,-0.0,0.0071
C6_P3_M67_L001,Post_P6,Post,991240.1,991197.1,43.0,0.01276
C6_P4_M67_L001,Post_P6,Post,994828.1,994828.1,0.0,0.00748
C7_P1_M67_L001,Post_P6,Post,992753.3,992256.3,497.0,0.01122
C7_P2_M67_L001,Post_P6,Post,996033.4,996033.4,0.0,0.00573
C7_P4_M67_L001,Post_P6,Post,995725.1,995725.1,-0.0,0.00618
C8_P1_M67_L001,Post_P6,Post,992170.2,992170.2,0.0,0.01134
C8_P2_M67_L001,Post_P6,Post,989891.6,989873.7,17.9,0.01468
C8_P3_M67_L001,Post_P6,Post,994548.1,994548.1,-0.0,0.00789
C8_P4_M67_L001,Post_P6,Post,993169.9,993146.8,23.1,0.00992
C9_P1_M67_L001,Post_P6,Post,998344.4,997647.6,696.8,0.0034
C9_P2_M67_L001,Post_P6,Post,999814.0,999808.3,5.7,0.00028
C9_P3_M67_L001,Post_P6,Post,997030.6,997030.6,0.0,0.00429
C9_P4_M67_L001,Post_P6,Post,992958.8,992958.8,0.0,0.01019
D10_P1_M67_L001,Post_P6,Post,992448.9,992448.9,-0.0,0.01094
D10_P2_M67_L001,Post_P6,Post,991695.4,991671.4,24.0,0.01207
D10_P3_M67_L001,Post_P6,Post,994469.9,994469.9,-0.0,0.008
D10_P4_M67_L001,Post_P6,Post,996589.0,996569.3,19.7,0.00496
D11_P1_M67_L001,Post_P6,Post,992710.2,992525.0,185.2,0.01082
D11_P2_M67_L001,Post_P6,Post,994228.5,994228.5,-0.0,0.00835
D11_P3_M67_L001,Post_P6,Post,993384.9,993384.9,0.0,0.00958
D11_P4_M67_L001,Post_P6,Post,995289.9,995106.1,183.8,0.00708
D12_P2_M67_L001,Post_P6,Post,994811.7,994811.7,0.0,0.0075
D12_P3_M67_L001,Post_P6,Post,995241.8,995241.8,0.0,0.00688
D12_P4_M67_L001,Post_P6,Post,996180.5,996180.5,-0.0,0.00552
D1_P1_M67_L001,Post_P6,Post,992945.4,992945.4,0.0,0.01021
D1_P3_M67_L001,Post_P6,Post,993818.3,993818.3,-0.0,0.00895
D1_P4_M67_L001,Post_P6,Post,997059.6,996683.2,376.4,0.00479
D2_P1_M67_L001,Post_P6,Post,993531.4,993531.4,-0.0,0.00936
D2_P2_M67_L001,Post_P6,Post,999229.1,999229.1,-0.0,0.00111
D2_P3_M67_L001,Post_P6,Post,993628.2,993592.0,36.2,0.00927
D2_P4_M67_L001,Post_P6,Post,997312.5,997283.7,28.8,0.00392
D3_P1_M67_L001,Post_P6,Post,997939.5,997939.5,0.0,0.00298
D3_P2_M67_L001,Post_P6,Post,995774.6,995721.1,53.5,0.00619
D3_P3_M67_L001,Post_P6,Post,993231.6,993223.9,7.7,0.00981
D4_P1_M67_L001,Post_P6,Post,995794.0,995686.5,107.5,0.00624
D4_P3_M67_L001,Post_P6,Post,992366.4,992366.4,0.0,0.01106
D4_P4_M67_L001,Post_P6,Post,998325.1,998296.9,28.2,0.00246
D5_P2_M67_L001,Post_P6,Post,996450.6,996450.6,-0.0,0.00513
D5_P4_M67_L001,Post_P6,Post,996742.5,996663.6,78.9,0.00482
D6_P1_M67_L001,Post_P6,Post,996024.8,996024.8,0.0,0.00575
D6_P2_M67_L001,Post_P6,Post,994926.9,994926.9,0.0,0.00734
D6_P3_M67_L001,Post_P6,Post,994565.8,994531.6,34.2,0.00791
D6_P4_M67_L001,Post_P6,Post,994659.8,994659.8,-0.0,0.00772
D7_P1_M67_L001,Post_P6,Post,995007.3,994893.8,113.5,0.00739
D7_P2_M67_L001,Post_P6,Post,995991.3,995745.7,245.6,0.00615
D7_P3_M67_L001,Post_P6,Post,994982.9,994814.5,168.4,0.0075
D7_P4_M67_L001,Post_P6,Post,994227.1,994187.1,40.0,0.00841
D8_P1_M67_L001,Post_P6,Post,994399.5,994372.8,26.7,0.00814
D8_P3_M67_L001,Post_P6,Post,994586.0,994586.0,0.0,0.00783
D8_P4_M67_L001,Post_P6,Post,996738.6,996738.6,0.0,0.00471
D9_P1_M67_L001,Post_P6,Post,996291.3,996262.8,28.5,0.0054
D9_P2_M67_L001,Post_P6,Post,993752.7,993706.2,46.5,0.00911
D9_P3_M67_L001,Post_P6,Post,995971.8,995971.8,-0.0,0.00582
D9_P4_M67_L001,Post_P6,Post,993492.9,993492.9,0.0,0.00942
E10_P2_M67_L001,Post_P6,Post,994592.3,994592.3,-0.0,0.00782
E10_P3_M67_L001,Post_P6,Post,995478.1,995478.1,0.0,0.00654
E10_P4_M67_L001,Post_P6,Post,995253.8,995253.8,0.0,0.00686
E11_P1_M67_L001,Post_P6,Post,996326.5,996326.5,0.0,0.00531
E11_P2_M67_L001,Post_P6,Post,989978.8,989978.8,0.0,0.01453
E11_P3_M67_L001,Post_P6,Post,996710.5,996710.5,-0.0,0.00475
E11_P4_M67_L001,Post_P6,Post,997461.6,997461.6,0.0,0.00367
E12_P1_M67_L001,Post_P6,Post,995574.2,995574.2,-0.0,0.0064
E12_P2_M67_L001,Post_P6,Post,995445.1,995445.1,-0.0,0.00659
E12_P3_M67_L001,Post_P6,Post,995207.5,995093.9,113.6,0.0071
E12_P4_M67_L001,Post_P6,Post,995300.2,995300.2,-0.0,0.0068
E1_P1_M67_L001,Post_P6,Post,995640.7,995640.7,-0.0,0.0063
E1_P3_M67_L001,Post_P6,Post,994320.9,994320.9,0.0,0.00822
E1_P4_M67_L001,Post_P6,Post,994805.2,994799.2,6.0,0.00752
E2_P1_M67_L001,Post_P6,Post,996718.5,996718.5,0.0,0.00474
E2_P2_M67_L001,Post_P6,Post,992150.2,992150.2,-0.0,0.01137
E2_P3_M67_L001,Post_P6,Post,995536.4,995337.5,198.9,0.00674
E2_P4_M67_L001,Post_P6,Post,993242.0,993091.0,151.0,0.01
E3_P1_M67_L001,Post_P6,Post,993287.8,993287.8,0.0,0.00972
E3_P2_M67_L001,Post_P6,Post,995879.9,995875.0,4.9,0.00596
E3_P3_M67_L001,Post_P6,Post,995328.4,995328.4,0.0,0.00676
E3_P4_M67_L001,Post_P6,Post,997338.4,997338.4,0.0,0.00384
E4_P1_M67_L001,Post_P6,Post,994555.3,994555.3,0.0,0.00788
E4_P2_M67_L001,Post_P6,Post,995076.7,995076.7,-0.0,0.00712
E4_P3_M67_L001,Post_P6,Post,993316.4,993316.4,-0.0,0.00967
E5_P1_M67_L001,Post_P6,Post,995392.4,995392.4,0.0,0.00666
E5_P2_M67_L001,Post_P6,Post,993414.8,993163.3,251.5,0.0099
E5_P3_M67_L001,Post_P6,Post,992253.6,992253.6,-0.0,0.01122
E5_P4_M67_L001,Post_P6,Post,996369.8,996369.8,-0.0,0.00525
E6_P1_M67_L001,Post_P6,Post,985942.5,985506.9,435.6,0.02106
E6_P2_M67_L001,Post_P6,Post,996003.2,996000.7,2.5,0.00578
E6_P3_M67_L001,Post_P6,Post,994618.9,994618.9,-0.0,0.00778
E6_P4_M67_L001,Post_P6,Post,994570.7,994132.1,438.6,0.00849
E7_P1_M67_L001,Post_P6,Post,995440.2,995440.2,0.0,0.00659
E7_P2_M67_L001,Post_P6,Post,990094.6,990094.6,-0.0,0.01436
E7_P3_M67_L001,Post_P6,Post,994582.2,994582.2,-0.0,0.00784
E7_P4_M67_L001,Post_P6,Post,995426.1,995409.9,16.2,0.00664
E8_P1_M67_L001,Post_P6,Post,995256.5,995247.6,8.9,0.00687
E8_P2_M67_L001,Post_P6,Post,993816.3,993816.3,-0.0,0.00895
E8_P3_M67_L001,Post_P6,Post,992214.4,992179.9,34.5,0.01133
E8_P4_M67_L001,Post_P6,Post,995903.9,995532.6,371.3,0.00646
E9_P1_M67_L001,Post_P6,Post,991308.3,991308.3,-0.0,0.01259
E9_P3_M67_L001,Post_P6,Post,991733.4,991601.0,132.4,0.01217
E9_P4_M67_L001,Post_P6,Post,1001378.4,1001343.9,34.5,-0.00194
F10_P1_M67_L001,Post_P6,Post,995858.9,995858.9,0.0,0.00599
F10_P2_M67_L001,Post_P6,Post,995127.6,995127.6,-0.0,0.00705
F10_P3_M67_L001,Post_P6,Post,996597.5,996597.5,-0.0,0.00492
F10_P4_M67_L001,Post_P6,Post,993965.2,993965.2,-0.0,0.00873
F11_P1_M67_L001,Post_P6,Post,994997.4,994997.4,0.0,0.00724
F11_P2_M67_L001,Post_P6,Post,993841.0,993838.4,2.6,0.00892
F11_P3_M67_L001,Post_P6,Post,996072.5,996066.0,6.5,0.00569
F11_P4_M67_L001,Post_P6,Post,995751.4,995751.4,0.0,0.00614
F12_P1_M67_L001,Post_P6,Post,995409.9,995409.9,-0.0,0.00664
F12_P2_M67_L001,Post_P6,Post,996011.6,996011.6,-0.0,0.00577
F12_P4_M67_L001,Post_P6,Post,996251.5,996251.5,-0.0,0.00542
F1_P1_M67_L001,Post_P6,Post,994269.9,994269.9,-0.0,0.00829
F1_P2_M67_L001,Post_P6,Post,991834.7,991670.3,164.4,0.01207
F1_P3_M67_L001,Post_P6,Post,995010.7,994996.9,13.8,0.00724
F1_P4_M67_L001,Post_P6,Post,994929.4,994929.4,0.0,0.00733
F2_P1_M67_L001,Post_P6,Post,994777.9,994777.9,-0.0,0.00755
F2_P2_M67_L001,Post_P6,Post,990151.9,990151.9,0.0,0.01428
F2_P3_M67_L001,Post_P6,Post,996433.8,996433.8,0.0,0.00515
F3_P1_M67_L001,Post_P6,Post,998493.8,998493.8,0.0,0.00217
F3_P2_M67_L001,Post_P6,Post,993799.1,993731.5,67.6,0.00907
F3_P3_M67_L001,Post_P6,Post,995795.1,995714.1,81.0,0.0062
F4_P1_M67_L001,Post_P6,Post,991383.6,991383.6,0.0,0.01248
F4_P2_M67_L001,Post_P6,Post,999933.3,999933.3,-0.0,0.0001
F4_P3_M67_L001,Post_P6,Post,995682.7,995604.9,77.8,0.00635
F4_P4_M67_L001,Post_P6,Post,996352.3,996352.3,0.0,0.00527
F5_P2_M67_L001,Post_P6,Post,995171.4,995171.4,-0.0,0.00698
F5_P3_M67_L001,Post_P6,Post,994903.3,994903.3,-0.0,0.00737
F5_P4_M67_L001,Post_P6,Post,999568.2,999568.2,0.0,0.00062
F6_P1_M67_L001,Post_P6,Post,993741.9,993741.9,0.0,0.00906
F6_P2_M67_L001,Post_P6,Post,993284.5,993284.5,-0.0,0.00972
F6_P3_M67_L001,Post_P6,Post,993141.1,992818.0,323.1,0.0104
F6_P4_M67_L001,Post_P6,Post,994700.6,994700.6,-0.0,0.00767
F7_P1_M67_L001,Post_P6,Post,996272.0,996272.0,0.0,0.00539
F7_P2_M67_L001,Post_P6,Post,994783.1,994783.1,0.0,0.00755
F7_P3_M67_L001,Post_P6,Post,998181.9,998181.9,-0.0,0.00263
F7_P4_M67_L001,Post_P6,Post,996074.2,995975.5,98.7,0.00582
F8_P2_M67_L001,Post_P6,Post,996160.0,996160.0,0.0,0.00555
F8_P4_M67_L001,Post_P6,Post,994500.6,994500.6,-0.0,0.00796
F9_P1_M67_L001,Post_P6,Post,996190.3,996177.9,12.4,0.00552
F9_P3_M67_L001,Post_P6,Post,997333.7,997333.7,-0.0,0.00385
G10_P1_M67_L001,Post_P6,Post,997366.8,997366.8,0.0,0.0038
G10_P2_M67_L001,Post_P6,Post,994085.1,994085.1,-0.0,0.00856
G10_P3_M67_L001,Post_P6,Post,996421.6,996421.6,0.0,0.00517
G10_P4_M67_L001,Post_P6,Post,995786.7,995756.5,30.2,0.00614
G11_P1_M67_L001,Post_P6,Post,994971.8,994971.8,-0.0,0.00727
G11_P2_M67_L001,Post_P6,Post,994812.3,994812.3,0.0,0.0075
G11_P3_M67_L001,Post_P6,Post,996012.4,996012.4,-0.0,0.00576
G11_P4_M67_L001,Post_P6,Post,996362.6,996362.6,0.0,0.00526
G12_P2_M67_L001,Post_P6,Post,993954.3,993954.3,0.0,0.00875
G12_P3_M67_L001,Post_P6,Post,994710.6,994710.6,-0.0,0.00765
G12_P4_M67_L001,Post_P6,Post,994649.2,994641.5,7.7,0.00775
G1_P1_M67_L001,Post_P6,Post,994336.5,994336.5,0.0,0.00819
G1_P3_M67_L001,Post_P6,Post,993658.2,993658.2,-0.0,0.00918
G1_P4_M67_L001,Post_P6,Post,993716.7,993716.7,-0.0,0.00909
G2_P1_M67_L001,Post_P6,Post,993937.7,993937.7,0.0,0.00877
G2_P2_M67_L001,Post_P6,Post,990894.4,990894.4,-0.0,0.0132
G2_P3_M67_L001,Post_P6,Post,994876.4,994873.4,3.0,0.00742
G2_P4_M67_L001,Post_P6,Post,996083.1,996083.1,0.0,0.00566
G3_P2_M67_L001,Post_P6,Post,995870.7,995870.7,0.0,0.00597
G3_P3_M67_L001,Post_P6,Post,996068.3,995952.3,116.0,0.00585
G3_P4_M67_L001,Post_P6,Post,996130.8,996130.8,0.0,0.00559
G4_P1_M67_L001,Post_P6,Post,995051.8,994975.6,76.2,0.00727
G4_P3_M67_L001,Post_P6,Post,997557.1,997557.1,0.0,0.00353
G4_P4_M67_L001,Post_P6,Post,993457.6,993421.1,36.5,0.00952
G5_P2_M67_L001,Post_P6,Post,994149.2,994149.2,-0.0,0.00847
G5_P3_M67_L001,Post_P6,Post,992805.4,992805.4,0.0,0.01042
G5_P4_M67_L001,Post_P6,Post,995065.8,995065.8,-0.0,0.00714
G6_P1_M67_L001,Post_P6,Post,995295.7,995295.7,-0.0,0.0068
G6_P3_M67_L001,Post_P6,Post,994113.0,994113.0,-0.0,0.00852
G6_P4_M67_L001,Post_P6,Post,995952.5,995952.5,0.0,0.00585
G7_P1_M67_L001,Post_P6,Post,995256.6,995230.3,26.3,0.0069
G7_P2_M67_L001,Post_P6,Post,993543.0,993543.0,0.0,0.00935
G7_P3_M67_L001,Post_P6,Post,994936.7,994936.7,0.0,0.00732
G7_P4_M67_L001,Post_P6,Post,995942.6,995942.6,0.0,0.00587
G8_P1_M67_L001,Post_P6,Post,989592.2,989339.0,253.2,0.01546
G8_P2_M67_L001,Post_P6,Post,997956.4,996328.2,1628.2,0.00531
G8_P3_M67_L001,Post_P6,Post,995854.7,995854.7,-0.0,0.00599
G8_P4_M67_L001,Post_P6,Post,997960.5,997960.5,-0.0,0.00295
G9_P1_M67_L001,Post_P6,Post,994689.4,994689.4,0.0,0.00768
G9_P3_M67_L001,Post_P6,Post,993316.6,993316.6,-0.0,0.00967
G9_P4_M67_L001,Post_P6,Post,995678.7,995678.7,-0.0,0.00625
H10_P1_M67_L001,Post_P6,Post,995568.9,995568.9,0.0,0.00641
H11_P1_M67_L001,Post_P6,Post,994894.6,994894.6,0.0,0.00738
H11_P4_M67_L001,Post_P6,Post,995127.4,995127.4,0.0,0.00705
H12_P1_M67_L001,Post_P6,Post,996007.8,996007.8,0.0,0.00577
H12_P2_M67_L001,Post_P6,Post,996378.6,996370.7,7.9,0.00525
H12_P4_M67_L001,Post_P6,Post,996030.2,996030.2,-0.0,0.00574
H1_P1_M67_L001,Post_P6,Post,995613.5,995613.5,-0.0,0.00634
H1_P4_M67_L001,Post_P6,Post,995270.3,995270.3,0.0,0.00684
H3_P1_M67_L001,Post_P6,Post,995441.7,995422.5,19.2,0.00662
H3_P4_M67_L001,Post_P6,Post,996317.4,996317.4,-0.0,0.00532
H4_P1_M67_L001,Post_P6,Post,991728.3,991728.3,-0.0,0.01198
H5_P1_M67_L001,Post_P6,Post,994988.5,994988.5,0.0,0.00725
H5_P4_M67_L001,Post_P6,Post,994654.8,994650.2,4.6,0.00774
H6_P4_M67_L001,Post_P6,Post,995056.5,995056.5,-0.0,0.00715
H7_P1_M67_L001,Post_P6,Post,995768.1,995768.1,-0.0,0.00612
H7_P4_M67_L001,Post_P6,Post,993914.8,993914.8,-0.0,0.00881
H8_P4_M67_L001,Post_P6,Post,994271.9,994271.9,-0.0,0.00829
H9_P1_M67_L001,Post_P6,Post,996039.5,996039.5,-0.0,0.00573
H9_P4_M67_L001,Post_P6,Post,997219.8,997219.8,0.0,0.00402
A10_P6_M60-B1_L001,Pre_P7,Pre,994986.8,994986.8,0.0,0.00725
A10_P7_M60-B1_L001,Pre_P7,Pre,988152.4,988152.4,0.0,0.01719
A10_P8_M60-B1_L001,Pre_P7,Pre,996989.0,996989.0,-0.0,0.00435
A10_P9_M60-B1_L001,Pre_P7,Pre,994864.8,994864.8,0.0,0.00743
A11_P6_M60-B1_L001,Pre_P7,Pre,994921.2,994921.2,-0.0,0.00735
A11_P7_M60-B1_L001,Pre_P7,Pre,995733.9,995683.6,50.3,0.00624
A11_P8_M60-B1_L001,Pre_P7,Pre,997044.5,997022.9,21.6,0.0043
A11_P9_M60-B1_L001,Pre_P7,Pre,995847.0,995847.0,0.0,0.006
A12_P6_M60-B1_L001,Pre_P7,Pre,994187.1,994047.0,140.1,0.00861
A12_P7_M60-B1_L001,Pre_P7,Pre,992272.6,992272.6,-0.0,0.01119
A12_P8_M60-B1_L001,Pre_P7,Pre,995374.0,994336.7,1037.3,0.00819
A12_P9_M60-B1_L001,Pre_P7,Pre,997886.6,997886.6,-0.0,0.00305
A2_P6_M60-B1_L001,Pre_P7,Pre,991340.8,991340.8,0.0,0.01255
A2_P7_M60-B1_L001,Pre_P7,Pre,993112.5,993112.5,0.0,0.00997
A2_P8_M60-B1_L001,Pre_P7,Pre,995258.2,995258.2,-0.0,0.00686
A2_P9_M60-B1_L001,Pre_P7,Pre,997831.5,997184.4,647.1,0.00407
A3_P6_M60-B1_L001,Pre_P7,Pre,993551.9,993551.9,0.0,0.00933
A3_P7_M60-B1_L001,Pre_P7,Pre,994688.4,994688.4,0.0,0.00768
A3_P9_M60-B1_L001,Pre_P7,Pre,996372.0,996372.0,-0.0,0.00524
A4_P6_M60-B1_L001,Pre_P7,Pre,993182.4,993182.4,0.0,0.00987
A4_P7_M60-B1_L001,Pre_P7,Pre,995139.9,988668.9,6471.0,0.01644
A4_P8_M60-B1_L001,Pre_P7,Pre,998714.0,998714.0,0.0,0.00186
A4_P9_M60-B1_L001,Pre_P7,Pre,998427.8,998385.1,42.7,0.00233
A5_P6_M60-B1_L001,Pre_P7,Pre,995454.8,995454.8,0.0,0.00657
A5_P7_M60-B1_L001,Pre_P7,Pre,994883.3,994222.6,660.7,0.00836
A5_P8_M60-B1_L001,Pre_P7,Pre,993776.9,993776.9,0.0,0.00901
A5_P9_M60-B1_L001,Pre_P7,Pre,995454.8,995454.8,0.0,0.00657
A6_P6_M60-B1_L001,Pre_P7,Pre,996798.3,996403.5,394.8,0.0052
A6_P7_M60-B1_L001,Pre_P7,Pre,994589.0,994589.0,-0.0,0.00783
A6_P8_M60-B1_L001,Pre_P7,Pre,994454.2,994454.2,0.0,0.00802
A6_P9_M60-B1_L001,Pre_P7,Pre,996459.3,996459.3,0.0,0.00512
A7_P6_M60-B1_L001,Pre_P7,Pre,995328.0,995328.0,0.0,0.00676
A7_P8_M60-B1_L001,Pre_P7,Pre,995896.3,995896.3,0.0,0.00593
A7_P9_M60-B1_L001,Pre_P7,Pre,996712.1,996687.9,24.2,0.00479
A8_P6_M60-B1_L001,Pre_P7,Pre,996836.3,996836.3,-0.0,0.00457
A8_P7_M60-B1_L001,Pre_P7,Pre,995750.4,995750.4,0.0,0.00614
A8_P9_M60-B1_L001,Pre_P7,Pre,997433.5,997398.5,35.0,0.00376
A9_P6_M60-B1_L001,Pre_P7,Pre,994300.0,994300.0,-0.0,0.00825
A9_P7_M60-B1_L001,Pre_P7,Pre,994546.2,994546.2,0.0,0.00789
A9_P8_M60-B1_L001,Pre_P7,Pre,992023.2,991572.3,450.9,0.01221
A9_P9_M60-B1_L001,Pre_P7,Pre,995125.5,995125.5,-0.0,0.00705
B10_P6_M60-B1_L001,Pre_P7,Pre,995026.8,995026.8,-0.0,0.00719
B10_P7_M60-B1_L001,Pre_P7,Pre,995627.7,995627.7,0.0,0.00632
B10_P8_M60-B1_L001,Pre_P7,Pre,994248.4,992781.0,1467.4,0.01045
B10_P9_M60-B1_L001,Pre_P7,Pre,995875.1,995875.1,0.0,0.00596
B11_P6_M60-B1_L001,Pre_P7,Pre,994427.7,994427.7,-0.0,0.00806
B11_P7_M60-B1_L001,Pre_P7,Pre,994400.6,992993.1,1407.5,0.01014
B11_P8_M60-B1_L001,Pre_P7,Pre,994729.4,994729.4,-0.0,0.00762
B11_P9_M60-B1_L001,Pre_P7,Pre,997962.4,997962.4,0.0,0.00294
B12_P6_M60-B1_L001,Pre_P7,Pre,994598.8,994598.8,0.0,0.00781
B12_P7_M60-B1_L001,Pre_P7,Pre,996271.3,996258.8,12.5,0.00541
B12_P8_M60-B1_L001,Pre_P7,Pre,991774.3,991430.4,343.9,0.01242
B12_P9_M60-B1_L001,Pre_P7,Pre,996288.2,996288.2,-0.0,0.00536
B1_P6_M60-B1_L001,Pre_P7,Pre,993901.0,993901.0,0.0,0.00883
B1_P7_M60-B1_L001,Pre_P7,Pre,996900.4,996900.4,-0.0,0.00448
B1_P8_M60-B1_L001,Pre_P7,Pre,995303.3,995303.3,0.0,0.00679
B1_P9_M60-B1_L001,Pre_P7,Pre,997716.8,997716.8,-0.0,0.0033
B2_P6_M60-B1_L001,Pre_P7,Pre,987996.1,987996.1,0.0,0.01742
B2_P7_M60-B1_L001,Pre_P7,Pre,998852.6,998852.6,-0.0,0.00166
B2_P8_M60-B1_L001,Pre_P7,Pre,994282.6,994111.2,171.4,0.00852
B2_P9_M60-B1_L001,Pre_P7,Pre,992168.7,992168.7,0.0,0.01134
B3_P6_M60-B1_L001,Pre_P7,Pre,994770.7,994770.7,0.0,0.00756
B3_P7_M60-B1_L001,Pre_P7,Pre,998280.8,998280.8,0.0,0.00248
B3_P8_M60-B1_L001,Pre_P7,Pre,996826.8,996826.8,0.0,0.00459
B3_P9_M60-B1_L001,Pre_P7,Pre,993349.6,993286.6,63.0,0.00972
B4_P6_M60-B1_L001,Pre_P7,Pre,996729.5,996493.3,236.2,0.00507
B4_P7_M60-B1_L001,Pre_P7,Pre,990761.5,990761.5,0.0,0.01339
B4_P8_M60-B1_L001,Pre_P7,Pre,993675.4,993670.1,5.3,0.00916
B4_P9_M60-B1_L001,Pre_P7,Pre,993110.4,993110.4,-0.0,0.00997
B5_P6_M60-B1_L001,Pre_P7,Pre,996238.0,996238.0,0.0,0.00544
B5_P7_M60-B1_L001,Pre_P7,Pre,992985.9,992985.9,-0.0,0.01015
B5_P8_M60-B1_L001,Pre_P7,Pre,994473.2,994473.2,-0.0,0.008
B5_P9_M60-B1_L001,Pre_P7,Pre,996273.0,996273.0,0.0,0.00539
B6_P6_M60-B1_L001,Pre_P7,Pre,992512.9,992512.9,-0.0,0.01084
B6_P7_M60-B1_L001,Pre_P7,Pre,984471.6,984471.6,0.0,0.02258
B6_P9_M60-B1_L001,Pre_P7,Pre,991584.1,991584.1,-0.0,0.01219
B7_P6_M60-B1_L001,Pre_P7,Pre,992871.2,992871.2,0.0,0.01032
B7_P7_M60-B1_L001,Pre_P7,Pre,995568.9,995568.9,-0.0,0.00641
B7_P8_M60-B1_L001,Pre_P7,Pre,996256.1,996256.1,0.0,0.00541
B7_P9_M60-B1_L001,Pre_P7,Pre,996314.4,996314.4,0.0,0.00533
B8_P6_M60-B1_L001,Pre_P7,Pre,992489.5,992489.5,-0.0,0.01088
B8_P7_M60-B1_L001,Pre_P7,Pre,989267.7,989267.7,-0.0,0.01557
B8_P8_M60-B1_L001,Pre_P7,Pre,996319.0,996319.0,0.0,0.00532
B8_P9_M60-B1_L001,Pre_P7,Pre,991370.2,990999.3,370.9,0.01304
B9_P6_M60-B1_L001,Pre_P7,Pre,997154.8,997145.6,9.2,0.00412
B9_P7_M60-B1_L001,Pre_P7,Pre,996551.1,996551.1,0.0,0.00498
B9_P8_M60-B1_L001,Pre_P7,Pre,991171.7,991171.7,0.0,0.01279
B9_P9_M60-B1_L001,Pre_P7,Pre,996894.9,996887.3,7.6,0.0045
C10_P6_M60-B1_L001,Pre_P7,Pre,995434.4,995434.4,0.0,0.0066
C10_P7_M60-B1_L001,Pre_P7,Pre,990383.3,990383.3,-0.0,0.01394
C10_P8_M60-B1_L001,Pre_P7,Pre,994358.6,994358.6,-0.0,0.00816
C10_P9_M60-B1_L001,Pre_P7,Pre,995156.7,995156.7,-0.0,0.007
C11_P6_M60-B1_L001,Pre_P7,Pre,995958.8,995958.8,-0.0,0.00584
C11_P7_M60-B1_L001,Pre_P7,Pre,994751.4,994751.4,-0.0,0.00759
C11_P8_M60-B1_L001,Pre_P7,Pre,991755.8,991755.8,0.0,0.01194
C11_P9_M60-B1_L001,Pre_P7,Pre,998645.6,998645.6,-0.0,0.00196
C12_P6_M60-B1_L001,Pre_P7,Pre,996879.8,996879.8,-0.0,0.00451
C12_P7_M60-B1_L001,Pre_P7,Pre,996959.1,996959.1,0.0,0.00439
C12_P8_M60-B1_L001,Pre_P7,Pre,995866.6,995716.4,150.2,0.00619
C12_P9_M60-B1_L001,Pre_P7,Pre,995204.6,995204.6,0.0,0.00693
C1_P6_M60-B1_L001,Pre_P7,Pre,994946.2,994946.2,0.0,0.00731
C1_P7_M60-B1_L001,Pre_P7,Pre,995088.7,995088.7,-0.0,0.0071
C1_P8_M60-B1_L001,Pre_P7,Pre,995228.7,995228.7,0.0,0.0069
C1_P9_M60-B1_L001,Pre_P7,Pre,991105.0,991105.0,0.0,0.01289
C2_P6_M60-B1_L001,Pre_P7,Pre,996135.4,996135.4,-0.0,0.00559
C2_P7_M60-B1_L001,Pre_P7,Pre,993689.4,993689.4,0.0,0.00913
C2_P8_M60-B1_L001,Pre_P7,Pre,993686.6,993686.6,-0.0,0.00914
C2_P9_M60-B1_L001,Pre_P7,Pre,991304.0,991304.0,-0.0,0.0126
C3_P6_M60-B1_L001,Pre_P7,Pre,992794.6,992794.6,-0.0,0.01043
C3_P7_M60-B1_L001,Pre_P7,Pre,996428.5,996428.5,-0.0,0.00516
C3_P8_M60-B1_L001,Pre_P7,Pre,995569.1,995569.1,0.0,0.00641
C3_P9_M60-B1_L001,Pre_P7,Pre,995986.4,995986.4,-0.0,0.0058
C4_P6_M60-B1_L001,Pre_P7,Pre,997990.0,997990.0,-0.0,0.0029
C4_P7_M60-B1_L001,Pre_P7,Pre,993973.7,991839.8,2133.9,0.01182
C4_P9_M60-B1_L001,Pre_P7,Pre,997373.2,997373.2,-0.0,0.00379
C5_P6_M60-B1_L001,Pre_P7,Pre,995814.1,994989.1,825.0,0.00725
C5_P7_M60-B1_L001,Pre_P7,Pre,994889.6,994889.6,0.0,0.00739
C5_P8_M60-B1_L001,Pre_P7,Pre,992038.3,992038.3,-0.0,0.01153
C6_P6_M60-B1_L001,Pre_P7,Pre,995393.8,995393.8,-0.0,0.00666
C6_P7_M60-B1_L001,Pre_P7,Pre,991345.1,991299.2,45.9,0.01261
C6_P8_M60-B1_L001,Pre_P7,Pre,995702.0,993971.0,1731.0,0.00872
C6_P9_M60-B1_L001,Pre_P7,Pre,993349.6,993349.6,-0.0,0.00963
C7_P6_M60-B1_L001,Pre_P7,Pre,994266.2,994266.2,-0.0,0.0083
C7_P7_M60-B1_L001,Pre_P7,Pre,995067.9,995067.9,0.0,0.00713
C7_P8_M60-B1_L001,Pre_P7,Pre,997660.9,997660.9,0.0,0.00338
C8_P6_M60-B1_L001,Pre_P7,Pre,995833.7,995833.7,-0.0,0.00602
C8_P7_M60-B1_L001,Pre_P7,Pre,997467.4,997467.4,0.0,0.00366
C8_P8_M60-B1_L001,Pre_P7,Pre,992309.5,992309.5,-0.0,0.01114
C8_P9_M60-B1_L001,Pre_P7,Pre,996806.3,996806.3,-0.0,0.00461
C9_P7_M60-B1_L001,Pre_P7,Pre,996842.1,996842.1,-0.0,0.00456
C9_P8_M60-B1_L001,Pre_P7,Pre,996176.3,996176.3,-0.0,0.00553
C9_P9_M60-B1_L001,Pre_P7,Pre,993343.5,993343.5,0.0,0.00964
D10_P6_M60-B1_L001,Pre_P7,Pre,996114.0,995704.9,409.1,0.00621
D10_P7_M60-B1_L001,Pre_P7,Pre,997847.5,997847.5,-0.0,0.00311
D10_P8_M60-B1_L001,Pre_P7,Pre,997362.9,997362.9,-0.0,0.00381
D10_P9_M60-B1_L001,Pre_P7,Pre,994638.0,994638.0,0.0,0.00776
D11_P6_M60-B1_L001,Pre_P7,Pre,994399.7,994399.7,-0.0,0.0081
D11_P7_M60-B1_L001,Pre_P7,Pre,992438.9,992438.9,-0.0,0.01095
D11_P8_M60-B1_L001,Pre_P7,Pre,993263.5,993263.5,-0.0,0.00975
D11_P9_M60-B1_L001,Pre_P7,Pre,995011.2,995011.2,0.0,0.00722
D12_P6_M60-B1_L001,Pre_P7,Pre,994853.6,994853.6,0.0,0.00744
D12_P7_M60-B1_L001,Pre_P7,Pre,993987.7,993987.7,0.0,0.0087
D12_P8_M60-B1_L001,Pre_P7,Pre,991488.7,990193.6,1295.1,0.01422
D12_P9_M60-B1_L001,Pre_P7,Pre,998158.9,998154.2,4.7,0.00267
D1_P6_M60-B1_L001,Pre_P7,Pre,992738.2,992738.2,0.0,0.01051
D1_P7_M60-B1_L001,Pre_P7,Pre,996574.4,996574.4,0.0,0.00495
D1_P8_M60-B1_L001,Pre_P7,Pre,993854.0,993854.0,0.0,0.00889
D1_P9_M60-B1_L001,Pre_P7,Pre,995029.7,995025.7,4.0,0.00719
D2_P6_M60-B1_L001,Pre_P7,Pre,996507.7,996507.7,-0.0,0.00505
D2_P7_M60-B1_L001,Pre_P7,Pre,996762.6,996762.6,0.0,0.00468
D2_P8_M60-B1_L001,Pre_P7,Pre,996974.8,996974.8,0.0,0.00437
D2_P9_M60-B1_L001,Pre_P7,Pre,995992.8,995992.8,-0.0,0.00579
D3_P6_M60-B1_L001,Pre_P7,Pre,995902.0,994454.8,1447.2,0.00802
D3_P7_M60-B1_L001,Pre_P7,Pre,995073.2,995073.2,-0.0,0.00713
D3_P8_M60-B1_L001,Pre_P7,Pre,995992.1,995992.1,-0.0,0.00579
D3_P9_M60-B1_L001,Pre_P7,Pre,993888.7,993888.7,0.0,0.00884
D4_P6_M60-B1_L001,Pre_P7,Pre,996479.2,996479.2,0.0,0.00509
D4_P7_M60-B1_L001,Pre_P7,Pre,996589.2,996589.2,0.0,0.00493
D4_P8_M60-B1_L001,Pre_P7,Pre,998542.0,997632.8,909.2,0.00342
D4_P9_M60-B1_L001,Pre_P7,Pre,995638.7,995638.7,-0.0,0.00631
D5_P6_M60-B1_L001,Pre_P7,Pre,995972.6,995468.7,503.9,0.00655
D5_P7_M60-B1_L001,Pre_P7,Pre,994375.4,994375.4,0.0,0.00814
D5_P8_M60-B1_L001,Pre_P7,Pre,997003.5,997003.5,0.0,0.00433
D5_P9_M60-B1_L001,Pre_P7,Pre,993293.5,993293.5,-0.0,0.00971
D6_P6_M60-B1_L001,Pre_P7,Pre,993527.7,993527.7,0.0,0.00937
D6_P7_M60-B1_L001,Pre_P7,Pre,992983.5,992983.5,0.0,0.01016
D6_P8_M60-B1_L001,Pre_P7,Pre,994996.3,994996.3,0.0,0.00724
D6_P9_M60-B1_L001,Pre_P7,Pre,989805.6,989805.6,0.0,0.01478
D7_P6_M60-B1_L001,Pre_P7,Pre,993029.4,992999.9,29.5,0.01013
D7_P7_M60-B1_L001,Pre_P7,Pre,997148.6,997140.9,7.7,0.00413
D7_P8_M60-B1_L001,Pre_P7,Pre,994719.8,994719.8,-0.0,0.00764
D7_P9_M60-B1_L001,Pre_P7,Pre,994050.3,994050.3,0.0,0.00861
D8_P6_M60-B1_L001,Pre_P7,Pre,989475.6,989475.6,-0.0,0.01526
D8_P7_M60-B1_L001,Pre_P7,Pre,996028.9,996028.9,-0.0,0.00574
D8_P8_M60-B1_L001,Pre_P7,Pre,996639.6,996639.6,0.0,0.00486
D8_P9_M60-B1_L001,Pre_P7,Pre,993558.9,993510.4,48.5,0.00939
D9_P7_M60-B1_L001,Pre_P7,Pre,992779.3,991434.5,1344.8,0.01241
D9_P8_M60-B1_L001,Pre_P7,Pre,994000.4,994000.4,0.0,0.00868
D9_P9_M60-B1_L001,Pre_P7,Pre,996591.3,996591.3,-0.0,0.00493
E10_P6_M60-B1_L001,Pre_P7,Pre,996627.1,994753.9,1873.2,0.00759
E10_P8_M60-B1_L001,Pre_P7,Pre,995129.0,995129.0,0.0,0.00704
E10_P9_M60-B1_L001,Pre_P7,Pre,996521.1,995579.9,941.2,0.00639
E11_P6_M60-B1_L001,Pre_P7,Pre,994326.2,994326.2,0.0,0.00821
E11_P7_M60-B1_L001,Pre_P7,Pre,991625.1,991625.1,0.0,0.01213
E11_P8_M60-B1_L001,Pre_P7,Pre,995590.2,995590.2,-0.0,0.00638
E11_P9_M60-B1_L001,Pre_P7,Pre,995364.9,995364.9,0.0,0.0067
E12_P6_M60-B1_L001,Pre_P7,Pre,993617.5,993603.5,14.0,0.00926
E12_P7_M60-B1_L001,Pre_P7,Pre,995521.9,995521.9,0.0,0.00648
E12_P8_M60-B1_L001,Pre_P7,Pre,995133.1,995133.1,0.0,0.00704
E12_P9_M60-B1_L001,Pre_P7,Pre,996160.1,996160.1,-0.0,0.00555
E1_P6_M60-B1_L001,Pre_P7,Pre,995832.5,995832.5,0.0,0.00602
E1_P7_M60-B1_L001,Pre_P7,Pre,995122.6,995122.6,0.0,0.00705
E1_P8_M60-B1_L001,Pre_P7,Pre,986798.0,986784.7,13.3,0.01919
E1_P9_M60-B1_L001,Pre_P7,Pre,995118.3,995046.8,71.5,0.00716
E2_P6_M60-B1_L001,Pre_P7,Pre,996147.5,996147.5,0.0,0.00557
E2_P7_M60-B1_L001,Pre_P7,Pre,995483.0,995483.0,-0.0,0.00653
E2_P8_M60-B1_L001,Pre_P7,Pre,996383.1,996383.1,0.0,0.00523
E2_P9_M60-B1_L001,Pre_P7,Pre,995682.6,995669.2,13.4,0.00626
E3_P6_M60-B1_L001,Pre_P7,Pre,993534.4,993534.4,0.0,0.00936
E3_P7_M60-B1_L001,Pre_P7,Pre,995746.1,995723.5,22.6,0.00618
E3_P8_M60-B1_L001,Pre_P7,Pre,992944.4,992944.4,0.0,0.01022
E3_P9_M60-B1_L001,Pre_P7,Pre,993713.1,993713.1,0.0,0.0091
E4_P6_M60-B1_L001,Pre_P7,Pre,997634.1,997634.1,0.0,0.00342
E4_P7_M60-B1_L001,Pre_P7,Pre,994107.9,994107.9,0.0,0.00853
E4_P8_M60-B1_L001,Pre_P7,Pre,995940.5,995940.5,-0.0,0.00587
E4_P9_M60-B1_L001,Pre_P7,Pre,996042.5,996042.5,0.0,0.00572
E5_P6_M60-B1_L001,Pre_P7,Pre,990789.9,989773.9,1016.0,0.01483
E5_P7_M60-B1_L001,Pre_P7,Pre,991893.0,991893.0,0.0,0.01174
E5_P8_M60-B1_L001,Pre_P7,Pre,994263.3,994263.3,0.0,0.0083
E5_P9_M60-B1_L001,Pre_P7,Pre,990638.5,990638.5,-0.0,0.01357
E6_P6_M60-B1_L001,Pre_P7,Pre,994376.3,994376.3,0.0,0.00814
E6_P7_M60-B1_L001,Pre_P7,Pre,997500.9,997500.9,-0.0,0.00361
E6_P8_M60-B1_L001,Pre_P7,Pre,995771.9,995771.9,-0.0,0.00611
E6_P9_M60-B1_L001,Pre_P7,Pre,997360.2,997360.2,-0.0,0.00381
E7_P6_M60-B1_L001,Pre_P7,Pre,993051.0,993034.8,16.2,0.01008
E7_P7_M60-B1_L001,Pre_P7,Pre,992252.9,992252.9,0.0,0.01122
E7_P8_M60-B1_L001,Pre_P7,Pre,997752.8,997752.8,-0.0,0.00325
E7_P9_M60-B1_L001,Pre_P7,Pre,991278.2,991278.2,-0.0,0.01264
E8_P6_M60-B1_L001,Pre_P7,Pre,994484.8,994484.8,0.0,0.00798
E8_P7_M60-B1_L001,Pre_P7,Pre,990630.9,990578.0,52.9,0.01366
E8_P8_M60-B1_L001,Pre_P7,Pre,997469.4,997469.4,-0.0,0.00366
E8_P9_M60-B1_L001,Pre_P7,Pre,987856.0,987856.0,0.0,0.01763
E9_P6_M60-B1_L001,Pre_P7,Pre,997472.3,997472.3,-0.0,0.00365
E9_P7_M60-B1_L001,Pre_P7,Pre,997225.5,997225.5,0.0,0.00401
E9_P8_M60-B1_L001,Pre_P7,Pre,996429.1,996429.1,-0.0,0.00516
E9_P9_M60-B1_L001,Pre_P7,Pre,994556.5,994484.4,72.1,0.00798
F10_P6_M60-B1_L001,Pre_P7,Pre,994746.1,994746.1,0.0,0.0076
F10_P7_M60-B1_L001,Pre_P7,Pre,996324.0,996324.0,0.0,0.00531
F10_P8_M60-B1_L001,Pre_P7,Pre,996526.8,996526.8,-0.0,0.00502
F10_P9_M60-B1_L001,Pre_P7,Pre,992796.7,992796.7,0.0,0.01043
F11_P6_M60-B1_L001,Pre_P7,Pre,994246.6,994246.6,-0.0,0.00832
F11_P7_M60-B1_L001,Pre_P7,Pre,993893.9,993893.9,-0.0,0.00884
F11_P8_M60-B1_L001,Pre_P7,Pre,996998.6,996998.6,-0.0,0.00434
F11_P9_M60-B1_L001,Pre_P7,Pre,993760.8,993760.8,-0.0,0.00903
F12_P6_M60-B1_L001,Pre_P7,Pre,991628.7,991605.6,23.1,0.01216
F12_P7_M60-B1_L001,Pre_P7,Pre,996544.9,996544.9,0.0,0.00499
F12_P8_M60-B1_L001,Pre_P7,Pre,995315.9,995315.9,-0.0,0.00677
F12_P9_M60-B1_L001,Pre_P7,Pre,995353.7,995353.7,-0.0,0.00672
F1_P6_M60-B1_L001,Pre_P7,Pre,997215.2,997215.2,0.0,0.00402
F1_P7_M60-B1_L001,Pre_P7,Pre,987832.1,987203.8,628.3,0.01858
F1_P8_M60-B1_L001,Pre_P7,Pre,995299.4,995299.4,-0.0,0.0068
F1_P9_M60-B1_L001,Pre_P7,Pre,991368.1,991319.3,48.8,0.01258
F2_P6_M60-B1_L001,Pre_P7,Pre,996800.8,996800.8,-0.0,0.00462
F2_P7_M60-B1_L001,Pre_P7,Pre,994820.1,994820.1,0.0,0.00749
F2_P8_M60-B1_L001,Pre_P7,Pre,994237.2,994237.2,-0.0,0.00834
F2_P9_M60-B1_L001,Pre_P7,Pre,997247.3,997247.3,0.0,0.00398
F3_P6_M60-B1_L001,Pre_P7,Pre,995311.0,995267.7,43.3,0.00684
F3_P7_M60-B1_L001,Pre_P7,Pre,996366.0,996366.0,-0.0,0.00525
F3_P8_M60-B1_L001,Pre_P7,Pre,994235.0,994235.0,-0.0,0.00834
F3_P9_M60-B1_L001,Pre_P7,Pre,997143.4,997143.4,0.0,0.00413
F4_P6_M60-B1_L001,Pre_P7,Pre,993137.7,993137.7,0.0,0.00993
F4_P7_M60-B1_L001,Pre_P7,Pre,994958.6,994958.6,-0.0,0.00729
F4_P8_M60-B1_L001,Pre_P7,Pre,997322.2,997322.2,0.0,0.00387
F4_P9_M60-B1_L001,Pre_P7,Pre,994078.4,993538.2,540.2,0.00935
F5_P6_M60-B1_L001,Pre_P7,Pre,996509.3,996509.3,-0.0,0.00504
F5_P7_M60-B1_L001,Pre_P7,Pre,990249.0,989516.8,732.2,0.0152
F5_P8_M60-B1_L001,Pre_P7,Pre,995471.2,995452.6,18.6,0.00658
F5_P9_M60-B1_L001,Pre_P7,Pre,997946.6,997946.6,-0.0,0.00297
F6_P6_M60-B1_L001,Pre_P7,Pre,993839.1,992696.0,1143.1,0.01058
F6_P7_M60-B1_L001,Pre_P7,Pre,996530.9,996530.9,0.0,0.00501
F6_P8_M60-B1_L001,Pre_P7,Pre,995469.1,995469.1,-0.0,0.00655
F6_P9_M60-B1_L001,Pre_P7,Pre,998228.4,998228.4,-0.0,0.00256
F7_P6_M60-B1_L001,Pre_P7,Pre,993123.3,993123.3,-0.0,0.00996
F7_P7_M60-B1_L001,Pre_P7,Pre,997356.0,997356.0,-0.0,0.00382
F7_P8_M60-B1_L001,Pre_P7,Pre,995457.8,995457.8,0.0,0.00657
F7_P9_M60-B1_L001,Pre_P7,Pre,993626.9,993626.9,0.0,0.00922
F8_P6_M60-B1_L001,Pre_P7,Pre,996092.9,995232.9,860.0,0.00689
F8_P7_M60-B1_L001,Pre_P7,Pre,995252.2,995252.2,0.0,0.00687
F8_P8_M60-B1_L001,Pre_P7,Pre,995170.8,995170.8,-0.0,0.00698
F8_P9_M60-B1_L001,Pre_P7,Pre,992276.3,992260.0,16.3,0.01121
F9_P6_M60-B1_L001,Pre_P7,Pre,989196.8,989196.8,0.0,0.01567
F9_P7_M60-B1_L001,Pre_P7,Pre,994219.7,994172.5,47.2,0.00843
F9_P8_M60-B1_L001,Pre_P7,Pre,993160.4,993160.4,-0.0,0.0099
F9_P9_M60-B1_L001,Pre_P7,Pre,995804.7,995804.7,0.0,0.00607
G10_P6_M60-B1_L001,Pre_P7,Pre,992808.9,992800.9,8.0,0.01042
G10_P7_M60-B1_L001,Pre_P7,Pre,996653.5,995873.1,780.4,0.00597
G10_P8_M60-B1_L001,Pre_P7,Pre,994774.2,993505.7,1268.5,0.0094
G10_P9_M60-B1_L001,Pre_P7,Pre,996612.7,996599.3,13.4,0.00491
G11_P6_M60-B1_L001,Pre_P7,Pre,997302.1,997302.1,0.0,0.0039
G11_P7_M60-B1_L001,Pre_P7,Pre,996790.3,996790.3,0.0,0.00464
G11_P8_M60-B1_L001,Pre_P7,Pre,995996.4,995996.4,0.0,0.00579
G11_P9_M60-B1_L001,Pre_P7,Pre,997713.1,997713.1,-0.0,0.0033
G12_P6_M60-B1_L001,Pre_P7,Pre,997897.8,997897.8,0.0,0.00304
G12_P7_M60-B1_L001,Pre_P7,Pre,996271.4,996110.3,161.1,0.00562
G12_P8_M60-B1_L001,Pre_P7,Pre,997463.9,997463.9,0.0,0.00366
G12_P9_M60-B1_L001,Pre_P7,Pre,997519.9,997519.9,-0.0,0.00358
G1_P6_M60-B1_L001,Pre_P7,Pre,998112.3,997529.2,583.1,0.00357
G1_P7_M60-B1_L001,Pre_P7,Pre,997107.2,997107.2,-0.0,0.00418
G1_P8_M60-B1_L001,Pre_P7,Pre,996640.1,996640.1,0.0,0.00486
G1_P9_M60-B1_L001,Pre_P7,Pre,993099.8,993099.8,0.0,0.00999
G2_P6_M60-B1_L001,Pre_P7,Pre,987836.2,987836.2,-0.0,0.01766
G2_P7_M60-B1_L001,Pre_P7,Pre,995121.6,995121.6,0.0,0.00706
G2_P8_M60-B1_L001,Pre_P7,Pre,992289.6,992289.6,-0.0,0.01117
G2_P9_M60-B1_L001,Pre_P7,Pre,992279.7,992279.7,-0.0,0.01118
G3_P6_M60-B1_L001,Pre_P7,Pre,995864.2,995864.2,-0.0,0.00598
G3_P7_M60-B1_L001,Pre_P7,Pre,995260.5,995260.5,-0.0,0.00685
G3_P8_M60-B1_L001,Pre_P7,Pre,995281.8,995281.8,-0.0,0.00682
G3_P9_M60-B1_L001,Pre_P7,Pre,997776.5,997754.8,21.7,0.00324
G4_P6_M60-B1_L001,Pre_P7,Pre,995241.8,995241.8,0.0,0.00688
G4_P7_M60-B1_L001,Pre_P7,Pre,994114.0,994114.0,-0.0,0.00852
G4_P8_M60-B1_L001,Pre_P7,Pre,997802.9,997802.9,0.0,0.00317
G4_P9_M60-B1_L001,Pre_P7,Pre,997280.9,997275.3,5.6,0.00394
G5_P6_M60-B1_L001,Pre_P7,Pre,994550.0,994550.0,0.0,0.00788
G5_P7_M60-B1_L001,Pre_P7,Pre,994360.7,994360.7,0.0,0.00816
G5_P8_M60-B1_L001,Pre_P7,Pre,997989.2,997989.2,0.0,0.0029
G5_P9_M60-B1_L001,Pre_P7,Pre,996825.4,996825.4,0.0,0.00459
G6_P6_M60-B1_L001,Pre_P7,Pre,997140.8,997140.8,-0.0,0.00413
G6_P7_M60-B1_L001,Pre_P7,Pre,995412.2,995412.2,0.0,0.00663
G6_P8_M60-B1_L001,Pre_P7,Pre,997023.2,997023.2,-0.0,0.0043
G6_P9_M60-B1_L001,Pre_P7,Pre,996367.9,996282.7,85.2,0.00537
G7_P6_M60-B1_L001,Pre_P7,Pre,995673.3,995673.3,-0.0,0.00626
G7_P7_M60-B1_L001,Pre_P7,Pre,995791.9,995791.9,0.0,0.00608
G7_P8_M60-B1_L001,Pre_P7,Pre,997044.3,997044.3,0.0,0.00427
G7_P9_M60-B1_L001,Pre_P7,Pre,994122.7,994122.7,0.0,0.0085
G8_P6_M60-B1_L001,Pre_P7,Pre,995971.7,995971.7,-0.0,0.00582
G8_P7_M60-B1_L001,Pre_P7,Pre,995943.7,995943.7,0.0,0.00586
G8_P8_M60-B1_L001,Pre_P7,Pre,996313.9,996313.9,-0.0,0.00533
G8_P9_M60-B1_L001,Pre_P7,Pre,993270.1,993270.1,0.0,0.00974
G9_P6_M60-B1_L001,Pre_P7,Pre,996403.8,995436.1,967.7,0.0066
G9_P7_M60-B1_L001,Pre_P7,Pre,998235.6,996788.4,1447.2,0.00464
G9_P8_M60-B1_L001,Pre_P7,Pre,995523.8,995523.8,-0.0,0.00647
G9_P9_M60-B1_L001,Pre_P7,Pre,990847.7,990847.7,-0.0,0.01326
H10_P6_M60-B1_L001,Pre_P7,Pre,995651.6,995651.6,0.0,0.00629
H10_P8_M60-B1_L001,Pre_P7,Pre,991882.0,991882.0,0.0,0.01176
H10_P9_M60-B1_L001,Pre_P7,Pre,998146.5,998146.5,-0.0,0.00268
H11_P6_M60-B1_L001,Pre_P7,Pre,995374.4,995374.4,0.0,0.00669
H11_P7_M60-B1_L001,Pre_P7,Pre,993649.9,993636.6,13.3,0.00921
H11_P8_M60-B1_L001,Pre_P7,Pre,993972.2,993972.2,-0.0,0.00872
H11_P9_M60-B1_L001,Pre_P7,Pre,993810.7,993810.7,0.0,0.00896
H12_P6_M60-B1_L001,Pre_P7,Pre,995305.3,995305.3,-0.0,0.00679
H12_P7_M60-B1_L001,Pre_P7,Pre,994839.5,994839.5,0.0,0.00746
H12_P8_M60-B1_L001,Pre_P7,Pre,991184.3,991184.3,-0.0,0.01277
H12_P9_M60-B1_L001,Pre_P7,Pre,997793.8,997793.8,0.0,0.00319
H1_P6_M60-B1_L001,Pre_P7,Pre,993991.7,993991.7,0.0,0.00869
H1_P7_M60-B1_L001,Pre_P7,Pre,993667.5,993065.2,602.3,0.01004
H1_P8_M60-B1_L001,Pre_P7,Pre,992631.7,992631.7,0.0,0.01067
H1_P9_M60-B1_L001,Pre_P7,Pre,997442.2,997442.2,-0.0,0.00369
H2_P6_M60-B1_L001,Pre_P7,Pre,996179.5,996179.5,-0.0,0.00552
H2_P7_M60-B1_L001,Pre_P7,Pre,992170.9,992170.9,0.0,0.01134
H2_P8_M60-B1_L001,Pre_P7,Pre,992061.1,992061.1,-0.0,0.0115
H2_P9_M60-B1_L001,Pre_P7,Pre,996791.5,996791.5,-0.0,0.00464
H3_P6_M60-B1_L001,Pre_P7,Pre,995232.8,995232.8,-0.0,0.00689
H3_P7_M60-B1_L001,Pre_P7,Pre,991146.0,990811.3,334.7,0.01332
H3_P8_M60-B1_L001,Pre_P7,Pre,997014.1,997014.1,0.0,0.00431
H3_P9_M60-B1_L001,Pre_P7,Pre,997493.4,997493.4,-0.0,0.00362
H4_P6_M60-B1_L001,Pre_P7,Pre,995687.3,995687.3,0.0,0.00624
H4_P7_M60-B1_L001,Pre_P7,Pre,994299.5,994286.2,13.3,0.00827
H4_P8_M60-B1_L001,Pre_P7,Pre,993323.8,993323.8,0.0,0.00966
H4_P9_M60-B1_L001,Pre_P7,Pre,996671.2,996671.2,-0.0,0.00481
H5_P6_M60-B1_L001,Pre_P7,Pre,997308.8,996518.9,789.9,0.00503
H5_P7_M60-B1_L001,Pre_P7,Pre,995561.6,995561.6,-0.0,0.00642
H5_P8_M60-B1_L001,Pre_P7,Pre,994135.8,994135.8,-0.0,0.00849
H5_P9_M60-B1_L001,Pre_P7,Pre,990370.9,990370.9,-0.0,0.01396
H6_P6_M60-B1_L001,Pre_P7,Pre,995448.4,995448.4,-0.0,0.00658
H6_P7_M60-B1_L001,Pre_P7,Pre,996653.4,996653.4,-0.0,0.00484
H6_P8_M60-B1_L001,Pre_P7,Pre,998318.8,997955.3,363.5,0.00295
H6_P9_M60-B1_L001,Pre_P7,Pre,996318.1,996318.1,0.0,0.00532
H7_P6_M60-B1_L001,Pre_P7,Pre,991468.5,991468.5,-0.0,0.01236
H7_P7_M60-B1_L001,Pre_P7,Pre,994586.5,994577.7,8.8,0.00784
H7_P8_M60-B1_L001,Pre_P7,Pre,992410.0,992410.0,-0.0,0.01099
H7_P9_M60-B1_L001,Pre_P7,Pre,995926.2,995926.2,-0.0,0.00589
H8_P6_M60-B1_L001,Pre_P7,Pre,993862.8,993862.8,-0.0,0.00888
H8_P7_M60-B1_L001,Pre_P7,Pre,997146.9,997146.9,-0.0,0.00412
H8_P8_M60-B1_L001,Pre_P7,Pre,990102.1,990102.1,0.0,0.01435
H9_P6_M60-B1_L001,Pre_P7,Pre,996673.4,996673.4,0.0,0.00481
H9_P7_M60-B1_L001,Pre_P7,Pre,994235.4,994235.4,-0.0,0.00834
H9_P8_M60-B1_L001,Pre_P7,Pre,998374.2,998263.0,111.2,0.00251
H9_P9_M60-B1_L001,Pre_P7,Pre,995456.8,995124.6,332.2,0.00705
A10_P6_M63-B1,Post_P7,Post,994984.7,994984.7,0.0,0.00725
A10_P7_M63-B1,Post_P7,Post,988516.8,988516.8,-0.0,0.01666
A10_P8_M63-B1,Post_P7,Post,989270.4,989270.4,-0.0,0.01556
A10_P9_M63-B1,Post_P7,Post,992240.0,992197.3,42.7,0.0113
A11_P6_M63-B1,Post_P7,Post,991633.8,991447.3,186.5,0.01239
A11_P7_M63-B1,Post_P7,Post,992623.1,992623.1,0.0,0.01068
A11_P8_M63-B1,Post_P7,Post,993906.7,993906.7,0.0,0.00882
A11_P9_M63-B1,Post_P7,Post,995088.7,992161.2,2927.5,0.01135
A12_P7_M63-B1,Post_P7,Post,994368.2,994368.2,-0.0,0.00815
A12_P8_M63-B1,Post_P7,Post,993822.7,993822.7,-0.0,0.00894
A2_P6_M63-B1,Post_P7,Post,993641.8,992799.4,842.4,0.01043
A2_P8_M63-B1,Post_P7,Post,993966.2,992280.5,1685.7,0.01118
A2_P9_M63-B1,Post_P7,Post,992933.6,992933.6,-0.0,0.01023
A3_P7_M63-B1,Post_P7,Post,986755.5,986385.1,370.4,0.01978
A3_P8_M63-B1,Post_P7,Post,993550.7,991326.3,2224.4,0.01257
A3_P9_M63-B1,Post_P7,Post,995323.8,995323.8,0.0,0.00676
A4_P6_M63-B1,Post_P7,Post,994260.8,994260.8,-0.0,0.0083
A4_P7_M63-B1,Post_P7,Post,989433.5,989433.5,0.0,0.01533
A4_P8_M63-B1,Post_P7,Post,996688.2,996354.7,333.5,0.00527
A5_P6_M63-B1,Post_P7,Post,991806.2,991496.1,310.1,0.01232
A5_P8_M63-B1,Post_P7,Post,995477.0,995477.0,0.0,0.00654
A5_P9_M63-B1,Post_P7,Post,989405.3,989405.3,0.0,0.01537
A6_P7_M63-B1,Post_P7,Post,994307.6,994307.6,-0.0,0.00824
A6_P9_M63-B1,Post_P7,Post,991475.0,991307.3,167.7,0.0126
A7_P6_M63-B1,Post_P7,Post,991884.8,991843.6,41.2,0.01182
A7_P8_M63-B1,Post_P7,Post,990890.1,990890.1,-0.0,0.0132
A7_P9_M63-B1,Post_P7,Post,994350.2,992893.0,1457.2,0.01029
A8_P7_M63-B1,Post_P7,Post,994810.3,994810.3,-0.0,0.00751
A8_P9_M63-B1,Post_P7,Post,990941.1,990941.1,-0.0,0.01313
A9_P6_M63-B1,Post_P7,Post,991462.1,990805.8,656.3,0.01333
A9_P7_M63-B1,Post_P7,Post,995431.7,994575.5,856.2,0.00785
A9_P9_M63-B1,Post_P7,Post,995797.5,995773.9,23.6,0.00611
B10_P6_M63-B1,Post_P7,Post,995897.2,995897.2,-0.0,0.00593
B10_P7_M63-B1,Post_P7,Post,995665.3,995642.7,22.6,0.0063
B11_P6_M63-B1,Post_P7,Post,990969.7,990969.7,-0.0,0.01309
B11_P7_M63-B1,Post_P7,Post,990911.4,990822.5,88.9,0.0133
B11_P8_M63-B1,Post_P7,Post,994902.8,994902.8,-0.0,0.00737
B12_P6_M63-B1,Post_P7,Post,992903.6,992903.6,0.0,0.01027
B12_P8_M63-B1,Post_P7,Post,984653.2,984653.2,0.0,0.02231
B12_P9_M63-B1,Post_P7,Post,992327.8,992327.8,-0.0,0.01111
B1_P7_M63-B1,Post_P7,Post,987758.0,987758.0,-0.0,0.01777
B1_P9_M63-B1,Post_P7,Post,995192.8,995125.2,67.6,0.00705
B2_P8_M63-B1,Post_P7,Post,994536.4,994536.4,-0.0,0.0079
B3_P6_M63-B1,Post_P7,Post,989770.1,989545.4,224.7,0.01516
B3_P9_M63-B1,Post_P7,Post,990879.5,990879.5,0.0,0.01322
B4_P6_M63-B1,Post_P7,Post,995775.9,995657.4,118.5,0.00628
B4_P7_M63-B1,Post_P7,Post,992534.1,992534.1,0.0,0.01081
B4_P8_M63-B1,Post_P7,Post,995393.7,995393.7,-0.0,0.00666
B4_P9_M63-B1,Post_P7,Post,995871.4,995019.4,852.0,0.0072
B5_P6_M63-B1,Post_P7,Post,993593.8,993593.8,-0.0,0.00927
B5_P7_M63-B1,Post_P7,Post,992125.5,989711.9,2413.6,0.01492
B5_P8_M63-B1,Post_P7,Post,997838.6,996392.4,1446.2,0.00521
B5_P9_M63-B1,Post_P7,Post,997451.5,997442.6,8.9,0.00369
B6_P6_M63-B1,Post_P7,Post,994240.4,994240.4,-0.0,0.00833
B6_P8_M63-B1,Post_P7,Post,994318.2,993307.6,1010.6,0.00969
B6_P9_M63-B1,Post_P7,Post,993402.0,985873.8,7528.2,0.02053
B7_P7_M63-B1,Post_P7,Post,992565.3,992468.7,96.6,0.01091
B7_P9_M63-B1,Post_P7,Post,995528.3,995528.3,0.0,0.00647
B8_P6_M63-B1,Post_P7,Post,993948.5,993948.5,0.0,0.00876
B8_P7_M63-B1,Post_P7,Post,981597.4,981445.1,152.3,0.02702
B8_P8_M63-B1,Post_P7,Post,990786.1,990786.1,0.0,0.01335
B9_P6_M63-B1,Post_P7,Post,996910.4,996896.6,13.8,0.00448
B9_P7_M63-B1,Post_P7,Post,992471.1,992471.1,0.0,0.0109
B9_P8_M63-B1,Post_P7,Post,994950.9,994831.2,119.7,0.00748
B9_P9_M63-B1,Post_P7,Post,992727.6,992694.8,32.8,0.01058
C10_P7_M63-B1,Post_P7,Post,991492.3,991492.3,0.0,0.01233
C10_P8_M63-B1,Post_P7,Post,991946.4,991946.4,0.0,0.01167
C11_P6_M63-B1,Post_P7,Post,994806.2,994806.2,-0.0,0.00751
C11_P7_M63-B1,Post_P7,Post,996353.5,996302.9,50.6,0.00534
C11_P9_M63-B1,Post_P7,Post,992117.7,992113.3,4.4,0.01142
C12_P7_M63-B1,Post_P7,Post,991918.1,991918.1,-0.0,0.01171
C12_P9_M63-B1,Post_P7,Post,993772.5,993736.5,36.0,0.00906
C1_P7_M63-B1,Post_P7,Post,996859.5,992050.8,4808.7,0.01151
C2_P8_M63-B1,Post_P7,Post,992525.4,992462.4,63.0,0.01092
C3_P9_M63-B1,Post_P7,Post,988785.7,988746.1,39.6,0.01633
C5_P6_M63-B1,Post_P7,Post,993755.3,993755.3,0.0,0.00904
C5_P7_M63-B1,Post_P7,Post,991124.8,990016.3,1108.5,0.01448
C5_P9_M63-B1,Post_P7,Post,988995.9,988978.6,17.3,0.01599
C6_P6_M63-B1,Post_P7,Post,994269.0,994269.0,0.0,0.00829
C6_P7_M63-B1,Post_P7,Post,987335.8,985928.2,1407.6,0.02045
C6_P8_M63-B1,Post_P7,Post,990408.2,990408.2,-0.0,0.0139
C6_P9_M63-B1,Post_P7,Post,991572.4,991572.4,0.0,0.01221
C7_P7_M63-B1,Post_P7,Post,996067.1,995988.1,79.0,0.0058
C7_P8_M63-B1,Post_P7,Post,992752.1,992696.3,55.8,0.01058
C7_P9_M63-B1,Post_P7,Post,994759.1,994759.1,-0.0,0.00758
C8_P7_M63-B1,Post_P7,Post,992426.2,992420.7,5.5,0.01098
C8_P8_M63-B1,Post_P7,Post,992507.3,992158.6,348.7,0.01136
C8_P9_M63-B1,Post_P7,Post,995422.0,995422.0,-0.0,0.00662
C9_P6_M63-B1,Post_P7,Post,994629.3,991544.1,3085.2,0.01225
C9_P8_M63-B1,Post_P7,Post,996988.8,996977.0,11.8,0.00437
C9_P9_M63-B1,Post_P7,Post,994087.6,992467.4,1620.2,0.01091
D10_P7_M63-B1,Post_P7,Post,994720.2,993608.4,1111.8,0.00925
D10_P9_M63-B1,Post_P7,Post,982960.1,982819.1,141.0,0.025
D11_P6_M63-B1,Post_P7,Post,995634.7,995634.7,0.0,0.00631
D11_P8_M63-B1,Post_P7,Post,995477.0,993791.3,1685.7,0.00899
D11_P9_M63-B1,Post_P7,Post,986546.4,986546.4,0.0,0.01954
D12_P6_M63-B1,Post_P7,Post,991978.5,991978.5,-0.0,0.01162
D12_P7_M63-B1,Post_P7,Post,994869.0,994869.0,-0.0,0.00742
D12_P8_M63-B1,Post_P7,Post,986812.4,986812.4,-0.0,0.01915
D12_P9_M63-B1,Post_P7,Post,991887.7,991838.5,49.2,0.01182
D1_P6_M63-B1,Post_P7,Post,996554.0,996520.9,33.1,0.00503
D1_P8_M63-B1,Post_P7,Post,996280.1,995818.6,461.5,0.00605
D1_P9_M63-B1,Post_P7,Post,994925.3,994925.3,-0.0,0.00734
D2_P6_M63-B1,Post_P7,Post,990384.7,989700.7,684.0,0.01494
D2_P9_M63-B1,Post_P7,Post,990079.9,990079.9,0.0,0.01438
D3_P6_M63-B1,Post_P7,Post,993907.3,993907.3,-0.0,0.00882
D3_P7_M63-B1,Post_P7,Post,989868.5,989868.5,-0.0,0.01469
D3_P9_M63-B1,Post_P7,Post,994609.2,994609.2,-0.0,0.0078
D4_P6_M63-B1,Post_P7,Post,990300.8,990300.8,-0.0,0.01406
D4_P7_M63-B1,Post_P7,Post,990168.1,990168.1,-0.0,0.01425
D5_P6_M63-B1,Post_P7,Post,995978.7,995975.3,3.4,0.00582
D5_P7_M63-B1,Post_P7,Post,992136.6,992136.6,0.0,0.01139
D5_P8_M63-B1,Post_P7,Post,995630.2,995630.2,0.0,0.00632
D5_P9_M63-B1,Post_P7,Post,996046.2,996046.2,-0.0,0.00572
D6_P6_M63-B1,Post_P7,Post,995947.0,995492.8,454.2,0.00652
D6_P8_M63-B1,Post_P7,Post,991060.1,991060.1,-0.0,0.01296
D6_P9_M63-B1,Post_P7,Post,993393.5,993393.5,0.0,0.00956
D7_P6_M63-B1,Post_P7,Post,994685.2,994685.2,-0.0,0.00769
D7_P7_M63-B1,Post_P7,Post,996298.1,996298.1,-0.0,0.00535
D8_P7_M63-B1,Post_P7,Post,991799.8,991799.8,0.0,0.01188
D8_P8_M63-B1,Post_P7,Post,990337.2,990337.2,0.0,0.01401
D8_P9_M63-B1,Post_P7,Post,992594.7,992594.7,0.0,0.01072
D9_P6_M63-B1,Post_P7,Post,991896.9,991896.9,-0.0,0.01174
D9_P8_M63-B1,Post_P7,Post,993829.1,993829.1,0.0,0.00893
E10_P6_M63-B1,Post_P7,Post,992908.3,992908.3,0.0,0.01027
E10_P7_M63-B1,Post_P7,Post,993748.4,993748.4,0.0,0.00905
E10_P8_M63-B1,Post_P7,Post,989743.6,989713.9,29.7,0.01492
E10_P9_M63-B1,Post_P7,Post,990421.2,988788.3,1632.9,0.01627
E11_P7_M63-B1,Post_P7,Post,995922.5,994671.5,1251.0,0.00771
E12_P7_M63-B1,Post_P7,Post,994861.6,994693.7,167.9,0.00768
E12_P8_M63-B1,Post_P7,Post,992546.4,992546.4,0.0,0.01079
E1_P7_M63-B1,Post_P7,Post,994868.2,994788.2,80.0,0.00754
E1_P8_M63-B1,Post_P7,Post,994138.7,993551.5,587.2,0.00933
E1_P9_M63-B1,Post_P7,Post,990883.1,990876.2,6.9,0.01322
E2_P6_M63-B1,Post_P7,Post,991540.6,991540.6,-0.0,0.01226
E2_P7_M63-B1,Post_P7,Post,994813.8,994813.8,0.0,0.0075
E2_P9_M63-B1,Post_P7,Post,991069.1,991046.8,22.3,0.01297
E4_P6_M63-B1,Post_P7,Post,992160.8,992160.8,-0.0,0.01135
E4_P7_M63-B1,Post_P7,Post,992103.7,992084.7,19.0,0.01146
E5_P7_M63-B1,Post_P7,Post,991406.7,990419.4,987.3,0.01389
E5_P8_M63-B1,Post_P7,Post,995792.4,995792.4,-0.0,0.00608
E5_P9_M63-B1,Post_P7,Post,996469.1,996048.9,420.2,0.00571
E6_P7_M63-B1,Post_P7,Post,995779.4,995779.4,-0.0,0.0061
E6_P9_M63-B1,Post_P7,Post,990007.4,990007.4,0.0,0.01449
E7_P6_M63-B1,Post_P7,Post,994118.9,993225.8,893.1,0.00981
E7_P7_M63-B1,Post_P7,Post,992535.0,990057.0,2478.0,0.01442
E7_P8_M63-B1,Post_P7,Post,996275.3,996275.3,-0.0,0.00538
E8_P7_M63-B1,Post_P7,Post,994683.7,994683.7,-0.0,0.00769
E8_P9_M63-B1,Post_P7,Post,989191.2,989163.8,27.4,0.01572
E9_P7_M63-B1,Post_P7,Post,996434.3,996434.3,0.0,0.00515
E9_P8_M63-B1,Post_P7,Post,995619.9,995616.8,3.1,0.00634
F10_P8_M63-B1,Post_P7,Post,997991.0,997963.7,27.3,0.00294
F10_P9_M63-B1,Post_P7,Post,992506.2,992152.6,353.6,0.01137
F11_P6_M63-B1,Post_P7,Post,995835.9,995820.8,15.1,0.00604
F11_P7_M63-B1,Post_P7,Post,990331.5,990058.1,273.4,0.01441
F11_P8_M63-B1,Post_P7,Post,992751.8,992703.3,48.5,0.01057
F11_P9_M63-B1,Post_P7,Post,993538.7,993538.7,-0.0,0.00935
F12_P6_M63-B1,Post_P7,Post,990751.8,990751.8,-0.0,0.0134
F12_P8_M63-B1,Post_P7,Post,996597.4,996597.4,-0.0,0.00492
F12_P9_M63-B1,Post_P7,Post,991112.3,991112.3,0.0,0.01288
F1_P6_M63-B1,Post_P7,Post,992691.4,992630.2,61.2,0.01067
F1_P7_M63-B1,Post_P7,Post,993324.6,993324.6,0.0,0.00966
F1_P8_M63-B1,Post_P7,Post,990643.0,990608.0,35.0,0.01361
F2_P6_M63-B1,Post_P7,Post,993485.2,993452.3,32.9,0.00948
F2_P7_M63-B1,Post_P7,Post,992104.7,992104.7,-0.0,0.01144
F2_P8_M63-B1,Post_P7,Post,993445.2,993437.6,7.6,0.0095
F3_P7_M63-B1,Post_P7,Post,995876.1,995876.1,0.0,0.00596
F3_P9_M63-B1,Post_P7,Post,993455.5,993455.5,-0.0,0.00947
F4_P6_M63-B1,Post_P7,Post,988641.4,988641.4,0.0,0.01648
F4_P7_M63-B1,Post_P7,Post,991065.4,991065.4,-0.0,0.01295
F4_P9_M63-B1,Post_P7,Post,991252.7,990291.0,961.7,0.01408
F5_P6_M63-B1,Post_P7,Post,996119.4,996088.5,30.9,0.00565
F5_P7_M63-B1,Post_P7,Post,993708.6,993708.6,-0.0,0.00911
F6_P6_M63-B1,Post_P7,Post,995507.0,995507.0,0.0,0.0065
F6_P8_M63-B1,Post_P7,Post,993356.7,993356.7,-0.0,0.00962
F7_P6_M63-B1,Post_P7,Post,991666.0,991666.0,-0.0,0.01207
F7_P7_M63-B1,Post_P7,Post,994829.0,994829.0,0.0,0.00748
F7_P9_M63-B1,Post_P7,Post,994549.5,994538.4,11.1,0.0079
F8_P6_M63-B1,Post_P7,Post,997201.0,997201.0,0.0,0.00404
F8_P7_M63-B1,Post_P7,Post,994160.0,994160.0,0.0,0.00845
F8_P8_M63-B1,Post_P7,Post,995143.7,995143.7,-0.0,0.00702
F9_P7_M63-B1,Post_P7,Post,993744.2,993744.2,0.0,0.00905
F9_P8_M63-B1,Post_P7,Post,994893.4,994893.4,-0.0,0.00739
G10_P8_M63-B1,Post_P7,Post,993523.1,988626.0,4897.1,0.0165
G10_P9_M63-B1,Post_P7,Post,993567.8,993567.8,0.0,0.00931
G11_P9_M63-B1,Post_P7,Post,992178.0,991626.4,551.6,0.01213
G12_P6_M63-B1,Post_P7,Post,994767.4,994767.4,0.0,0.00757
G12_P9_M63-B1,Post_P7,Post,993498.4,993277.4,221.0,0.00973
G1_P6_M63-B1,Post_P7,Post,995340.9,994680.2,660.7,0.0077
G1_P8_M63-B1,Post_P7,Post,994754.2,994754.2,-0.0,0.00759
G2_P7_M63-B1,Post_P7,Post,996974.0,993232.0,3742.0,0.0098
G3_P9_M63-B1,Post_P7,Post,996476.0,995554.0,922.0,0.00643
G4_P6_M63-B1,Post_P7,Post,984747.4,984406.3,341.1,0.02267
G5_P6_M63-B1,Post_P7,Post,990821.7,990288.9,532.8,0.01408
G8_P7_M63-B1,Post_P7,Post,989539.8,989539.8,-0.0,0.01517
G8_P8_M63-B1,Post_P7,Post,991586.7,991586.7,0.0,0.01219
G8_P9_M63-B1,Post_P7,Post,993062.8,993062.8,-0.0,0.01004
G9_P6_M63-B1,Post_P7,Post,995210.1,995210.1,0.0,0.00693
H10_P6_M63-B1,Post_P7,Post,994302.9,994302.9,-0.0,0.00824
H10_P7_M63-B1,Post_P7,Post,989615.4,989615.4,0.0,0.01506
H10_P9_M63-B1,Post_P7,Post,995897.1,995887.1,10.0,0.00595
H11_P6_M63-B1,Post_P7,Post,991150.4,991150.4,-0.0,0.01282
H11_P7_M63-B1,Post_P7,Post,991438.9,991438.9,0.0,0.0124
H11_P8_M63-B1,Post_P7,Post,993622.5,991976.9,1645.6,0.01162
H12_P6_M63-B1,Post_P7,Post,994556.9,994556.9,-0.0,0.00787
H12_P9_M63-B1,Post_P7,Post,988932.8,987861.7,1071.1,0.01762
H1_P7_M63-B1,Post_P7,Post,991092.9,990650.4,442.5,0.01355
H1_P9_M63-B1,Post_P7,Post,992116.9,992116.9,-0.0,0.01142
H2_P6_M63-B1,Post_P7,Post,994140.4,994140.4,-0.0,0.00848
H2_P8_M63-B1,Post_P7,Post,997386.1,997386.1,0.0,0.00378
H3_P7_M63-B1,Post_P7,Post,994299.7,994279.5,20.2,0.00828
H3_P9_M63-B1,Post_P7,Post,996756.1,996756.1,0.0,0.00469
H4_P8_M63-B1,Post_P7,Post,992689.3,992662.3,27.0,0.01063
H4_P9_M63-B1,Post_P7,Post,992755.7,992693.1,62.6,0.01058
H5_P6_M63-B1,Post_P7,Post,988465.6,988465.6,0.0,0.01674
H5_P7_M63-B1,Post_P7,Post,992501.4,991945.9,555.5,0.01167
H5_P9_M63-B1,Post_P7,Post,999369.6,999369.6,0.0,0.00091
H6_P6_M63-B1,Post_P7,Post,991971.1,991971.1,0.0,0.01163
H6_P9_M63-B1,Post_P7,Post,993337.6,993337.6,-0.0,0.00964
H7_P6_M63-B1,Post_P7,Post,993930.6,993930.6,0.0,0.00878
H7_P7_M63-B1,Post_P7,Post,992659.7,992659.7,0.0,0.01063
H7_P9_M63-B1,Post_P7,Post,993869.0,993180.2,688.8,0.00987
H8_P6_M63-B1,Post_P7,Post,992409.7,992409.7,0.0,0.01099
H8_P7_M63-B1,Post_P7,Post,992678.9,990846.9,1832.0,0.01327
H8_P9_M63-B1,Post_P7,Post,995591.8,995591.8,-0.0,0.00637
H9_P6_M63-B1,Post_P7,Post,991971.2,991971.2,-0.0,0.01163
H9_P7_M63-B1,Post_P7,Post,992705.7,992705.7,0.0,0.01056
H9_P8_M63-B1,Post_P7,Post,996738.2,996683.1,55.1,0.00479
A10_P5_MMD4_L001,Pre_P8,Pre,995641.3,995641.3,-0.0,0.0063
A11_P2_MMD4_L001,Pre_P8,Pre,993719.8,993719.8,-0.0,0.00909
A11_P3_MMD4_L001,Pre_P8,Pre,993994.8,993994.8,-0.0,0.00869
A12_P2_MMD4_L001,Pre_P8,Pre,995473.0,995473.0,-0.0,0.00655
A12_P4_MMD4_L001,Pre_P8,Pre,995157.6,995157.6,-0.0,0.007
A3_P5_MMD4_L001,Pre_P8,Pre,995993.7,995993.7,-0.0,0.00579
A4_P4_MMD4_L001,Pre_P8,Pre,993162.6,993162.6,0.0,0.0099
A5_P2_MMD4_L001,Pre_P8,Pre,994052.4,993678.6,373.8,0.00915
A5_P3_MMD4_L001,Pre_P8,Pre,988438.8,988438.8,0.0,0.01678
A5_P4_MMD4_L001,Pre_P8,Pre,991000.3,990740.0,260.3,0.01342
A5_P5_MMD4_L001,Pre_P8,Pre,990848.2,990848.2,-0.0,0.01326
A6_P3_MMD4_L001,Pre_P8,Pre,996397.7,996397.7,0.0,0.00521
A6_P4_MMD4_L001,Pre_P8,Pre,997111.7,997007.3,104.4,0.00432
A6_P5_MMD4_L001,Pre_P8,Pre,993366.2,993366.2,-0.0,0.0096
A7_P2_MMD4_L001,Pre_P8,Pre,995079.6,995079.6,0.0,0.00712
A7_P4_MMD4_L001,Pre_P8,Pre,995520.7,995520.7,0.0,0.00648
A7_P5_MMD4_L001,Pre_P8,Pre,995712.2,995393.6,318.6,0.00666
A8_P2_MMD4_L001,Pre_P8,Pre,994679.8,994533.8,146.0,0.00791
A8_P3_MMD4_L001,Pre_P8,Pre,996947.1,996947.1,0.0,0.00441
A8_P5_MMD4_L001,Pre_P8,Pre,995794.4,995794.4,0.0,0.00608
A9_P3_MMD4_L001,Pre_P8,Pre,994758.5,994758.5,0.0,0.00758
A9_P5_MMD4_L001,Pre_P8,Pre,991978.1,991978.1,-0.0,0.01162
B10_P2_MMD4_L001,Pre_P8,Pre,995175.8,994660.7,515.1,0.00772
B10_P4_MMD4_L001,Pre_P8,Pre,994015.5,994015.5,-0.0,0.00866
B11_P4_MMD4_L001,Pre_P8,Pre,991469.4,991469.4,-0.0,0.01236
B11_P5_MMD4_L001,Pre_P8,Pre,992224.9,992224.9,-0.0,0.01126
B12_P5_MMD4_L001,Pre_P8,Pre,994202.7,994202.7,-0.0,0.00839
B1_P2_MMD4_L001,Pre_P8,Pre,996152.8,996152.8,0.0,0.00556
B1_P4_MMD4_L001,Pre_P8,Pre,994473.1,994473.1,-0.0,0.008
B2_P5_MMD4_L001,Pre_P8,Pre,993813.3,993813.3,-0.0,0.00895
B3_P3_MMD4_L001,Pre_P8,Pre,991399.2,991399.2,-0.0,0.01246
B3_P4_MMD4_L001,Pre_P8,Pre,994028.3,994028.3,0.0,0.00864
B4_P2_MMD4_L001,Pre_P8,Pre,996886.7,996886.7,-0.0,0.0045
B4_P4_MMD4_L001,Pre_P8,Pre,988327.3,988327.3,-0.0,0.01694
B5_P4_MMD4_L001,Pre_P8,Pre,996860.5,996860.5,-0.0,0.00454
B5_P5_MMD4_L001,Pre_P8,Pre,993235.5,993235.5,-0.0,0.00979
B6_P2_MMD4_L001,Pre_P8,Pre,996635.8,996635.8,-0.0,0.00486
B6_P4_MMD4_L001,Pre_P8,Pre,993794.4,993794.4,0.0,0.00898
B7_P2_MMD4_L001,Pre_P8,Pre,997114.8,997114.8,0.0,0.00417
B7_P4_MMD4_L001,Pre_P8,Pre,993765.7,993765.7,-0.0,0.00902
B7_P5_MMD4_L001,Pre_P8,Pre,994267.2,994267.2,0.0,0.00829
B8_P5_MMD4_L001,Pre_P8,Pre,993327.1,993319.3,7.8,0.00967
B9_P4_MMD4_L001,Pre_P8,Pre,988789.9,988789.9,0.0,0.01626
C10_P3_MMD4_L001,Pre_P8,Pre,993145.5,993145.5,-0.0,0.00992
C10_P5_MMD4_L001,Pre_P8,Pre,997849.8,997740.9,108.9,0.00326
C11_P3_MMD4_L001,Pre_P8,Pre,997363.5,997363.5,0.0,0.00381
C11_P5_MMD4_L001,Pre_P8,Pre,997505.3,997505.3,-0.0,0.0036
C12_P2_MMD4_L001,Pre_P8,Pre,987907.7,987890.2,17.5,0.01758
C12_P4_MMD4_L001,Pre_P8,Pre,994981.3,994981.3,0.0,0.00726
C12_P5_MMD4_L001,Pre_P8,Pre,995606.4,995606.4,0.0,0.00635
C1_P2_MMD4_L001,Pre_P8,Pre,995931.4,995931.4,-0.0,0.00588
C1_P3_MMD4_L001,Pre_P8,Pre,997240.6,997240.6,-0.0,0.00399
C1_P5_MMD4_L001,Pre_P8,Pre,995534.8,995534.8,0.0,0.00646
C2_P4_MMD4_L001,Pre_P8,Pre,993689.1,993689.1,-0.0,0.00913
C2_P5_MMD4_L001,Pre_P8,Pre,990173.5,990173.5,0.0,0.01425
C3_P2_MMD4_L001,Pre_P8,Pre,993833.8,993833.8,0.0,0.00892
C3_P5_MMD4_L001,Pre_P8,Pre,991470.2,991364.3,105.9,0.01251
C4_P2_MMD4_L001,Pre_P8,Pre,994242.5,994242.5,-0.0,0.00833
C4_P3_MMD4_L001,Pre_P8,Pre,996859.0,996859.0,-0.0,0.00454
C6_P4_MMD4_L001,Pre_P8,Pre,994992.4,994992.4,-0.0,0.00724
C7_P2_MMD4_L001,Pre_P8,Pre,997612.0,997612.0,0.0,0.00345
C7_P3_MMD4_L001,Pre_P8,Pre,998169.8,998169.8,0.0,0.00264
C7_P4_MMD4_L001,Pre_P8,Pre,989060.4,979344.2,9716.2,0.03011
C7_P5_MMD4_L001,Pre_P8,Pre,998095.4,998095.4,-0.0,0.00275
C8_P3_MMD4_L001,Pre_P8,Pre,993533.9,993533.9,0.0,0.00936
C8_P4_MMD4_L001,Pre_P8,Pre,994607.2,994607.2,0.0,0.0078
C8_P5_MMD4_L001,Pre_P8,Pre,996280.9,996137.9,143.0,0.00558
C9_P3_MMD4_L001,Pre_P8,Pre,996319.7,995805.2,514.5,0.00606
C9_P4_MMD4_L001,Pre_P8,Pre,995520.8,995520.8,0.0,0.00648
C9_P5_MMD4_L001,Pre_P8,Pre,995091.2,995084.3,6.9,0.00711
D10_P2_MMD4_L001,Pre_P8,Pre,989849.7,989849.7,0.0,0.01472
D11_P2_MMD4_L001,Pre_P8,Pre,993799.2,993799.2,0.0,0.00897
D11_P4_MMD4_L001,Pre_P8,Pre,998262.6,997817.8,444.8,0.00315
D12_P4_MMD4_L001,Pre_P8,Pre,992474.1,992474.1,0.0,0.0109
D12_P5_MMD4_L001,Pre_P8,Pre,992270.8,992270.8,0.0,0.01119
D1_P4_MMD4_L001,Pre_P8,Pre,994993.9,994993.9,0.0,0.00724
D2_P2_MMD4_L001,Pre_P8,Pre,997223.2,997223.2,0.0,0.00401
D3_P3_MMD4_L001,Pre_P8,Pre,992256.0,992224.8,31.2,0.01126
D3_P4_MMD4_L001,Pre_P8,Pre,993163.4,993163.4,0.0,0.0099
D4_P2_MMD4_L001,Pre_P8,Pre,994490.3,994466.2,24.1,0.00801
D5_P3_MMD4_L001,Pre_P8,Pre,990869.3,990869.3,0.0,0.01323
D6_P4_MMD4_L001,Pre_P8,Pre,990932.2,990932.2,0.0,0.01314
D7_P3_MMD4_L001,Pre_P8,Pre,990599.8,990599.8,-0.0,0.01363
D8_P2_MMD4_L001,Pre_P8,Pre,995735.6,995735.6,-0.0,0.00617
D9_P4_MMD4_L001,Pre_P8,Pre,996724.8,996724.8,0.0,0.00473
E10_P3_MMD4_L001,Pre_P8,Pre,998131.6,998131.6,-0.0,0.0027
E10_P4_MMD4_L001,Pre_P8,Pre,996987.5,996987.5,-0.0,0.00435
E10_P5_MMD4_L001,Pre_P8,Pre,994242.4,994242.4,0.0,0.00833
E11_P3_MMD4_L001,Pre_P8,Pre,992481.7,992481.7,-0.0,0.01089
E11_P4_MMD4_L001,Pre_P8,Pre,991915.2,991915.2,-0.0,0.01171
E11_P5_MMD4_L001,Pre_P8,Pre,995451.1,995451.1,0.0,0.00658
E12_P3_MMD4_L001,Pre_P8,Pre,995999.9,995999.9,0.0,0.00578
E1_P2_MMD4_L001,Pre_P8,Pre,995727.5,995710.1,17.4,0.0062
E1_P4_MMD4_L001,Pre_P8,Pre,993703.1,993703.1,-0.0,0.00911
E1_P5_MMD4_L001,Pre_P8,Pre,995926.6,995926.6,0.0,0.00589
E2_P3_MMD4_L001,Pre_P8,Pre,993964.9,993313.3,651.6,0.00968
E2_P4_MMD4_L001,Pre_P8,Pre,994748.4,994748.4,0.0,0.0076
E2_P5_MMD4_L001,Pre_P8,Pre,993520.2,993520.2,-0.0,0.00938
E3_P2_MMD4_L001,Pre_P8,Pre,989517.4,989517.4,-0.0,0.0152
E3_P3_MMD4_L001,Pre_P8,Pre,993604.8,993604.8,-0.0,0.00926
E3_P4_MMD4_L001,Pre_P8,Pre,992208.3,992208.3,-0.0,0.01129
E4_P3_MMD4_L001,Pre_P8,Pre,996796.0,995874.1,921.9,0.00596
E4_P4_MMD4_L001,Pre_P8,Pre,997004.7,997004.7,0.0,0.00433
E4_P5_MMD4_L001,Pre_P8,Pre,995063.3,995058.9,4.4,0.00715
E5_P4_MMD4_L001,Pre_P8,Pre,996293.3,996293.3,-0.0,0.00536
E5_P5_MMD4_L001,Pre_P8,Pre,993202.9,993202.9,0.0,0.00984
E6_P2_MMD4_L001,Pre_P8,Pre,990036.9,990036.9,-0.0,0.01445
E6_P3_MMD4_L001,Pre_P8,Pre,993962.2,993090.1,872.1,0.01
E7_P3_MMD4_L001,Pre_P8,Pre,996115.4,996115.4,0.0,0.00562
E7_P4_MMD4_L001,Pre_P8,Pre,993769.7,993769.7,-0.0,0.00902
E9_P3_MMD4_L001,Pre_P8,Pre,988946.7,988466.6,480.1,0.01674
F10_P4_MMD4_L001,Pre_P8,Pre,993824.4,992367.2,1457.2,0.01105
F10_P5_MMD4_L001,Pre_P8,Pre,995129.3,995129.3,0.0,0.00704
F11_P3_MMD4_L001,Pre_P8,Pre,987781.1,986322.0,1459.1,0.01987
F12_P2_MMD4_L001,Pre_P8,Pre,991573.0,991573.0,-0.0,0.01221
F12_P3_MMD4_L001,Pre_P8,Pre,995199.5,995199.5,0.0,0.00694
F12_P4_MMD4_L001,Pre_P8,Pre,994803.2,993729.3,1073.9,0.00908
F1_P4_MMD4_L001,Pre_P8,Pre,995713.1,994675.9,1037.2,0.0077
F2_P5_MMD4_L001,Pre_P8,Pre,993995.2,993995.2,0.0,0.00869
F3_P3_MMD4_L001,Pre_P8,Pre,989397.2,989397.2,0.0,0.01538
F4_P4_MMD4_L001,Pre_P8,Pre,994249.5,994110.4,139.1,0.00852
F5_P4_MMD4_L001,Pre_P8,Pre,992716.1,992716.1,-0.0,0.01055
F5_P5_MMD4_L001,Pre_P8,Pre,990311.6,989797.0,514.6,0.0148
F6_P3_MMD4_L001,Pre_P8,Pre,990879.0,990867.0,12.0,0.01324
F7_P3_MMD4_L001,Pre_P8,Pre,991692.4,991692.4,0.0,0.01204
F7_P4_MMD4_L001,Pre_P8,Pre,994349.0,994195.6,153.4,0.0084
F8_P4_MMD4_L001,Pre_P8,Pre,995671.6,995671.6,0.0,0.00626
F8_P5_MMD4_L001,Pre_P8,Pre,995401.5,994310.4,1091.1,0.00823
F9_P2_MMD4_L001,Pre_P8,Pre,997723.3,997723.3,0.0,0.00329
F9_P5_MMD4_L001,Pre_P8,Pre,995448.3,995448.3,-0.0,0.00658
G10_P2_MMD4_L001,Pre_P8,Pre,995186.0,995156.3,29.7,0.007
G10_P3_MMD4_L001,Pre_P8,Pre,995059.5,995054.4,5.1,0.00715
G10_P4_MMD4_L001,Pre_P8,Pre,995657.8,995657.8,0.0,0.00628
G10_P5_MMD4_L001,Pre_P8,Pre,993912.4,993912.4,0.0,0.00881
G11_P2_MMD4_L001,Pre_P8,Pre,995887.8,995887.8,0.0,0.00594
G11_P4_MMD4_L001,Pre_P8,Pre,995542.6,995542.6,-0.0,0.00645
G12_P2_MMD4_L001,Pre_P8,Pre,996297.2,996297.2,0.0,0.00535
G12_P4_MMD4_L001,Pre_P8,Pre,993976.4,993961.2,15.2,0.00874
G12_P5_MMD4_L001,Pre_P8,Pre,992381.7,992381.7,-0.0,0.01103
G1_P2_MMD4_L001,Pre_P8,Pre,994997.7,994997.7,-0.0,0.00723
G1_P4_MMD4_L001,Pre_P8,Pre,996685.8,996685.8,-0.0,0.00479
G1_P5_MMD4_L001,Pre_P8,Pre,998002.8,998002.8,-0.0,0.00288
G2_P2_MMD4_L001,Pre_P8,Pre,992830.1,992830.1,-0.0,0.01038
G2_P3_MMD4_L001,Pre_P8,Pre,994236.2,994236.2,0.0,0.00834
G2_P4_MMD4_L001,Pre_P8,Pre,996873.8,996873.8,0.0,0.00452
G3_P2_MMD4_L001,Pre_P8,Pre,995349.2,995349.2,-0.0,0.00673
G3_P3_MMD4_L001,Pre_P8,Pre,989979.4,989979.4,-0.0,0.01453
G3_P4_MMD4_L001,Pre_P8,Pre,993224.5,992105.0,1119.5,0.01144
G3_P5_MMD4_L001,Pre_P8,Pre,992806.9,992713.2,93.7,0.01055
G4_P3_MMD4_L001,Pre_P8,Pre,996677.6,996148.5,529.1,0.00557
G4_P5_MMD4_L001,Pre_P8,Pre,997890.1,997890.1,0.0,0.00305
G5_P3_MMD4_L001,Pre_P8,Pre,990683.8,990683.8,-0.0,0.0135
G5_P4_MMD4_L001,Pre_P8,Pre,997360.6,997360.6,0.0,0.00381
G5_P5_MMD4_L001,Pre_P8,Pre,995286.4,995286.4,0.0,0.00682
G6_P2_MMD4_L001,Pre_P8,Pre,995978.5,995978.5,0.0,0.00581
G6_P4_MMD4_L001,Pre_P8,Pre,991070.1,991070.1,0.0,0.01294
G6_P5_MMD4_L001,Pre_P8,Pre,996979.3,996979.3,-0.0,0.00436
G7_P2_MMD4_L001,Pre_P8,Pre,994015.2,994015.2,0.0,0.00866
G7_P3_MMD4_L001,Pre_P8,Pre,992658.5,992658.5,0.0,0.01063
G7_P4_MMD4_L001,Pre_P8,Pre,996062.7,996062.7,0.0,0.00569
G7_P5_MMD4_L001,Pre_P8,Pre,995807.6,995649.1,158.5,0.00629
G8_P2_MMD4_L001,Pre_P8,Pre,998579.1,998579.1,0.0,0.00205
G8_P3_MMD4_L001,Pre_P8,Pre,992316.1,992316.1,0.0,0.01113
G9_P2_MMD4_L001,Pre_P8,Pre,990647.0,990647.0,0.0,0.01356
G9_P3_MMD4_L001,Pre_P8,Pre,993801.0,993801.0,-0.0,0.00897
H10_P3_MMD4_L001,Pre_P8,Pre,992912.5,992912.5,0.0,0.01026
H10_P4_MMD4_L001,Pre_P8,Pre,994432.5,994432.5,-0.0,0.00805
H10_P5_MMD4_L001,Pre_P8,Pre,992282.5,984692.9,7589.6,0.02225
H11_P2_MMD4_L001,Pre_P8,Pre,994996.5,994954.0,42.5,0.0073
H11_P3_MMD4_L001,Pre_P8,Pre,996772.2,996772.2,-0.0,0.00466
H12_P2_MMD4_L001,Pre_P8,Pre,993591.7,993591.7,-0.0,0.00927
H12_P3_MMD4_L001,Pre_P8,Pre,994903.1,994903.1,0.0,0.00737
H12_P4_MMD4_L001,Pre_P8,Pre,995298.7,995289.2,9.5,0.00681
H12_P5_MMD4_L001,Pre_P8,Pre,994707.0,994707.0,-0.0,0.00766
H1_P4_MMD4_L001,Pre_P8,Pre,995181.7,994778.2,403.5,0.00755
H1_P5_MMD4_L001,Pre_P8,Pre,996509.8,996509.8,0.0,0.00504
H2_P2_MMD4_L001,Pre_P8,Pre,993722.4,993722.4,0.0,0.00909
H2_P3_MMD4_L001,Pre_P8,Pre,993326.3,993326.3,-0.0,0.00966
H2_P5_MMD4_L001,Pre_P8,Pre,996083.7,996083.7,0.0,0.00566
H3_P3_MMD4_L001,Pre_P8,Pre,995224.4,995224.4,0.0,0.00691
H3_P4_MMD4_L001,Pre_P8,Pre,994339.7,994007.6,332.1,0.00867
H3_P5_MMD4_L001,Pre_P8,Pre,997113.8,997113.8,-0.0,0.00417
H4_P3_MMD4_L001,Pre_P8,Pre,997750.9,997750.9,0.0,0.00325
H4_P5_MMD4_L001,Pre_P8,Pre,995640.5,995640.5,0.0,0.0063
H5_P4_MMD4_L001,Pre_P8,Pre,993038.7,993038.7,-0.0,0.01008
H7_P5_MMD4_L001,Pre_P8,Pre,996577.6,996577.6,-0.0,0.00495
H8_P5_MMD4_L001,Pre_P8,Pre,996844.1,996844.1,0.0,0.00456
H9_P2_MMD4_L001,Pre_P8,Pre,995518.5,995518.5,-0.0,0.00648
H9_P3_MMD4_L001,Pre_P8,Pre,994199.6,994199.6,-0.0,0.00839
A10_P6_MMD4_L001,Pre_P8,Pre,994154.1,993447.1,707.0,0.00948
A9_P6_MMD4_L001,Pre_P8,Pre,994983.7,994983.7,-0.0,0.00726
B4_P6_MMD4_L001,Pre_P8,Pre,989643.5,989364.4,279.1,0.01543
C4_P6_MMD4_L001,Pre_P8,Pre,994418.6,994418.6,-0.0,0.00807
C5_P6_MMD4_L001,Pre_P8,Pre,995537.3,995537.3,-0.0,0.00645
C8_P6_MMD4_L001,Pre_P8,Pre,993996.4,993996.4,-0.0,0.00869
C9_P6_MMD4_L001,Pre_P8,Pre,996160.3,996160.3,-0.0,0.00555
D10_P6_MMD4_L001,Pre_P8,Pre,998889.1,998889.1,0.0,0.0016
D9_P6_MMD4_L001,Pre_P8,Pre,992762.8,988807.3,3955.5,0.01624
E4_P6_MMD4_L001,Pre_P8,Pre,993860.0,993860.0,0.0,0.00889
E6_P6_MMD4_L001,Pre_P8,Pre,995308.0,995308.0,0.0,0.00679
E9_P6_MMD4_L001,Pre_P8,Pre,995437.8,995437.8,0.0,0.0066
F10_P6_MMD4_L001,Pre_P8,Pre,996488.3,996488.3,0.0,0.00508
F11_P6_MMD4_L001,Pre_P8,Pre,995902.3,995567.9,334.4,0.00641
F3_P6_MMD4_L001,Pre_P8,Pre,993716.9,993716.9,-0.0,0.00909
F4_P6_MMD4_L001,Pre_P8,Pre,985148.8,985148.8,-0.0,0.02159
F5_P6_MMD4_L001,Pre_P8,Pre,994307.6,994307.6,0.0,0.00824
F6_P6_MMD4_L001,Pre_P8,Pre,990510.3,989797.2,713.1,0.0148
F7_P6_MMD4_L001,Pre_P8,Pre,990680.9,989108.1,1572.8,0.0158
G12_P6_MMD4_L001,Pre_P8,Pre,994678.7,994678.7,-0.0,0.0077
G5_P6_MMD4_L001,Pre_P8,Pre,994416.6,994407.7,8.9,0.00809
H10_P6_MMD4_L001,Pre_P8,Pre,994632.1,994099.0,533.1,0.00854
H11_P6_MMD4_L001,Pre_P8,Pre,993342.7,992624.6,718.1,0.01068
H12_P6_MMD4_L001,Pre_P8,Pre,996719.7,996719.7,0.0,0.00474
H1_P6_MMD4_L001,Pre_P8,Pre,994223.7,994223.7,0.0,0.00836
H2_P6_MMD4_L001,Pre_P8,Pre,993393.3,993393.3,-0.0,0.00956
H3_P6_MMD4_L001,Pre_P8,Pre,994222.3,992428.0,1794.3,0.01097
H4_P6_MMD4_L001,Pre_P8,Pre,991632.5,991632.5,-0.0,0.01212
H5_P6_MMD4_L001,Pre_P8,Pre,992649.1,992649.1,0.0,0.01064
H6_P6_MMD4_L001,Pre_P8,Pre,993401.3,993401.3,-0.0,0.00955
H7_P6_MMD4_L001,Pre_P8,Pre,986448.6,986422.3,26.3,0.01972
H8_P6_MMD4_L001,Pre_P8,Pre,995297.1,995297.1,-0.0,0.0068
H9_P6_MMD4_L001,Pre_P8,Pre,997004.3,997004.3,0.0,0.00433
A10_P10_MMD5_L001,Post_P8,Post,995873.7,995270.5,603.2,0.00684
A10_P11_MMD5_L001,Post_P8,Post,994724.0,994724.0,-0.0,0.00763
A10_P3_MMD5_L001,Post_P8,Post,995574.8,995558.8,16.0,0.00642
A10_P9_MMD5_L001,Post_P8,Post,993827.2,993827.2,0.0,0.00893
A11_P10_MMD5_L001,Post_P8,Post,994334.2,994334.2,-0.0,0.0082
A11_P11_MMD5_L001,Post_P8,Post,995350.5,995350.5,0.0,0.00672
A11_P3_MMD5_L001,Post_P8,Post,992361.8,992361.8,-0.0,0.01106
A12_P10_MMD5_L001,Post_P8,Post,994808.4,994808.4,0.0,0.00751
A12_P11_MMD5_L001,Post_P8,Post,994244.5,994182.8,61.7,0.00842
A12_P3_MMD5_L001,Post_P8,Post,996728.3,996728.3,0.0,0.00473
A2_P10_MMD5_L001,Post_P8,Post,992216.7,992216.7,-0.0,0.01127
A2_P11_MMD5_L001,Post_P8,Post,991323.8,991292.5,31.3,0.01262
A2_P3_MMD5_L001,Post_P8,Post,996282.2,996282.2,0.0,0.00537
A2_P9_MMD5_L001,Post_P8,Post,992196.4,992196.4,-0.0,0.0113
A3_P11_MMD5_L001,Post_P8,Post,993239.6,993239.6,0.0,0.00979
A3_P3_MMD5_L001,Post_P8,Post,998875.2,998875.2,0.0,0.00162
A3_P9_MMD5_L001,Post_P8,Post,993327.8,993327.8,0.0,0.00966
A4_P10_MMD5_L001,Post_P8,Post,996184.2,996184.2,-0.0,0.00552
A4_P3_MMD5_L001,Post_P8,Post,998297.0,998273.8,23.2,0.00249
A4_P9_MMD5_L001,Post_P8,Post,994755.1,994755.1,-0.0,0.00759
A5_P10_MMD5_L001,Post_P8,Post,991279.1,991231.3,47.8,0.01271
A5_P11_MMD5_L001,Post_P8,Post,992546.8,992546.8,0.0,0.01079
A6_P10_MMD5_L001,Post_P8,Post,995959.3,995937.8,21.5,0.00587
A6_P11_MMD5_L001,Post_P8,Post,996765.7,996765.7,0.0,0.00467
A6_P3_MMD5_L001,Post_P8,Post,996118.7,996118.7,0.0,0.00561
A6_P9_MMD5_L001,Post_P8,Post,992864.8,992790.2,74.6,0.01044
A7_P10_MMD5_L001,Post_P8,Post,998159.9,996742.5,1417.4,0.00471
A7_P11_MMD5_L001,Post_P8,Post,994646.1,994646.1,0.0,0.00774
A7_P3_MMD5_L001,Post_P8,Post,995504.8,995504.8,0.0,0.0065
A7_P9_MMD5_L001,Post_P8,Post,992816.2,992816.2,0.0,0.0104
A8_P10_MMD5_L001,Post_P8,Post,994297.3,994297.3,-0.0,0.00825
A8_P11_MMD5_L001,Post_P8,Post,993851.8,993851.8,-0.0,0.0089
A8_P3_MMD5_L001,Post_P8,Post,994436.8,994436.8,-0.0,0.00805
A8_P9_MMD5_L001,Post_P8,Post,993614.7,993614.7,-0.0,0.00924
A9_P10_MMD5_L001,Post_P8,Post,997661.9,997661.9,-0.0,0.00338
A9_P11_MMD5_L001,Post_P8,Post,991452.3,991452.3,0.0,0.01238
A9_P3_MMD5_L001,Post_P8,Post,997052.2,997052.2,-0.0,0.00426
A9_P9_MMD5_L001,Post_P8,Post,994892.3,994892.3,-0.0,0.00739
B10_P10_MMD5_L001,Post_P8,Post,990694.2,990694.2,-0.0,0.01349
B10_P11_MMD5_L001,Post_P8,Post,990638.6,990638.6,-0.0,0.01357
B10_P3_MMD5_L001,Post_P8,Post,990519.7,990519.7,0.0,0.01374
B10_P9_MMD5_L001,Post_P8,Post,993924.6,993924.6,0.0,0.00879
B11_P10_MMD5_L001,Post_P8,Post,995537.5,995537.5,0.0,0.00645
B11_P11_MMD5_L001,Post_P8,Post,993286.1,993286.1,0.0,0.00972
B11_P3_MMD5_L001,Post_P8,Post,991816.0,990973.6,842.4,0.01308
B11_P9_MMD5_L001,Post_P8,Post,998757.1,998757.1,0.0,0.00179
B12_P11_MMD5_L001,Post_P8,Post,997072.7,996997.1,75.6,0.00434
B12_P3_MMD5_L001,Post_P8,Post,994848.0,994848.0,-0.0,0.00745
B12_P9_MMD5_L001,Post_P8,Post,992724.8,992724.8,-0.0,0.01053
B1_P10_MMD5_L001,Post_P8,Post,997724.2,997724.2,-0.0,0.00329
B1_P11_MMD5_L001,Post_P8,Post,993419.6,989884.9,3534.7,0.01467
B1_P3_MMD5_L001,Post_P8,Post,991489.6,991489.6,-0.0,0.01233
B2_P10_MMD5_L001,Post_P8,Post,995189.3,995189.3,0.0,0.00696
B2_P3_MMD5_L001,Post_P8,Post,994480.8,994480.8,-0.0,0.00798
B2_P9_MMD5_L001,Post_P8,Post,993753.4,993651.8,101.6,0.00919
B3_P10_MMD5_L001,Post_P8,Post,994754.7,994754.7,0.0,0.00759
B3_P11_MMD5_L001,Post_P8,Post,992666.9,992561.0,105.9,0.01077
B3_P3_MMD5_L001,Post_P8,Post,994274.8,994274.8,-0.0,0.00828
B3_P9_MMD5_L001,Post_P8,Post,993568.0,993568.0,-0.0,0.00931
B4_P10_MMD5_L001,Post_P8,Post,992944.1,992944.1,-0.0,0.01022
B4_P11_MMD5_L001,Post_P8,Post,987834.7,987834.7,-0.0,0.01766
B4_P3_MMD5_L001,Post_P8,Post,989431.7,989431.7,0.0,0.01533
B4_P9_MMD5_L001,Post_P8,Post,998180.0,998180.0,-0.0,0.00263
B5_P10_MMD5_L001,Post_P8,Post,995926.3,995748.7,177.6,0.00615
B5_P3_MMD5_L001,Post_P8,Post,995880.2,995797.9,82.3,0.00608
B6_P10_MMD5_L001,Post_P8,Post,991392.9,991376.3,16.6,0.0125
B6_P11_MMD5_L001,Post_P8,Post,994239.7,994239.7,-0.0,0.00833
B6_P3_MMD5_L001,Post_P8,Post,994701.8,994701.8,0.0,0.00766
B6_P9_MMD5_L001,Post_P8,Post,993770.4,993770.4,0.0,0.00902
B7_P10_MMD5_L001,Post_P8,Post,997876.6,997876.6,0.0,0.00307
B7_P11_MMD5_L001,Post_P8,Post,996915.3,995488.1,1427.2,0.00652
B7_P3_MMD5_L001,Post_P8,Post,995510.0,995510.0,-0.0,0.00649
B8_P10_MMD5_L001,Post_P8,Post,991934.5,991934.5,0.0,0.01168
B8_P11_MMD5_L001,Post_P8,Post,994780.5,994780.5,0.0,0.00755
B8_P3_MMD5_L001,Post_P8,Post,996770.2,995586.7,1183.5,0.00638
B8_P9_MMD5_L001,Post_P8,Post,991960.9,991960.9,-0.0,0.01164
B9_P11_MMD5_L001,Post_P8,Post,996656.1,996656.1,0.0,0.00483
B9_P3_MMD5_L001,Post_P8,Post,991935.4,991935.4,-0.0,0.01168
B9_P9_MMD5_L001,Post_P8,Post,993896.1,993896.1,0.0,0.00883
C10_P3_MMD5_L001,Post_P8,Post,994743.6,993789.2,954.4,0.00899
C10_P9_MMD5_L001,Post_P8,Post,994815.1,994815.1,0.0,0.0075
C11_P10_MMD5_L001,Post_P8,Post,995225.7,995225.7,0.0,0.0069
C11_P11_MMD5_L001,Post_P8,Post,985841.7,985841.7,-0.0,0.02057
C11_P3_MMD5_L001,Post_P8,Post,994594.8,994594.8,0.0,0.00782
C11_P9_MMD5_L001,Post_P8,Post,991790.2,991790.2,-0.0,0.01189
C12_P11_MMD5_L001,Post_P8,Post,995464.6,995464.6,0.0,0.00656
C12_P3_MMD5_L001,Post_P8,Post,996037.0,995767.4,269.6,0.00612
C1_P10_MMD5_L001,Post_P8,Post,995718.8,995286.3,432.5,0.00682
C1_P3_MMD5_L001,Post_P8,Post,994921.1,994921.1,0.0,0.00735
C1_P9_MMD5_L001,Post_P8,Post,992428.9,992428.9,0.0,0.01096
C2_P10_MMD5_L001,Post_P8,Post,990645.4,990645.4,0.0,0.01356
C2_P11_MMD5_L001,Post_P8,Post,996910.8,996910.8,0.0,0.00446
C2_P9_MMD5_L001,Post_P8,Post,989261.4,989261.4,0.0,0.01558
C3_P10_MMD5_L001,Post_P8,Post,989266.7,989266.7,0.0,0.01557
C3_P11_MMD5_L001,Post_P8,Post,995116.9,995116.9,0.0,0.00706
C3_P9_MMD5_L001,Post_P8,Post,994033.1,994033.1,-0.0,0.00863
C4_P10_MMD5_L001,Post_P8,Post,983579.4,983579.4,-0.0,0.02389
C4_P11_MMD5_L001,Post_P8,Post,989937.7,989937.7,0.0,0.01459
C4_P3_MMD5_L001,Post_P8,Post,996117.2,996117.2,0.0,0.00561
C5_P10_MMD5_L001,Post_P8,Post,993246.1,993246.1,0.0,0.00978
C5_P11_MMD5_L001,Post_P8,Post,994739.3,994739.3,-0.0,0.00761
C5_P3_MMD5_L001,Post_P8,Post,991555.5,991555.5,-0.0,0.01223
C5_P9_MMD5_L001,Post_P8,Post,990101.5,990101.5,0.0,0.01435
C6_P10_MMD5_L001,Post_P8,Post,992924.4,992924.4,-0.0,0.01024
C6_P11_MMD5_L001,Post_P8,Post,996495.9,996495.9,-0.0,0.00506
C6_P3_MMD5_L001,Post_P8,Post,996031.9,996031.9,-0.0,0.00574
C6_P9_MMD5_L001,Post_P8,Post,996765.5,996765.5,0.0,0.00467
C7_P10_MMD5_L001,Post_P8,Post,994307.7,994307.7,0.0,0.00824
C7_P11_MMD5_L001,Post_P8,Post,992892.3,992892.3,0.0,0.01029
C7_P3_MMD5_L001,Post_P8,Post,994641.4,994641.4,-0.0,0.00775
C7_P9_MMD5_L001,Post_P8,Post,996091.3,996083.7,7.6,0.00566
C8_P10_MMD5_L001,Post_P8,Post,993524.1,993524.1,0.0,0.00937
C8_P3_MMD5_L001,Post_P8,Post,993236.6,993236.6,0.0,0.00979
C8_P9_MMD5_L001,Post_P8,Post,991504.4,991504.4,0.0,0.01231
C9_P10_MMD5_L001,Post_P8,Post,993977.9,993977.9,0.0,0.00871
C9_P11_MMD5_L001,Post_P8,Post,993856.0,993812.6,43.4,0.00895
C9_P3_MMD5_L001,Post_P8,Post,997001.4,997001.4,0.0,0.00433
C9_P9_MMD5_L001,Post_P8,Post,993923.4,993909.0,14.4,0.00881
D10_P10_MMD5_L001,Post_P8,Post,996030.6,996030.6,0.0,0.00574
D10_P11_MMD5_L001,Post_P8,Post,998473.7,998473.7,0.0,0.0022
D10_P3_MMD5_L001,Post_P8,Post,993000.2,993000.2,-0.0,0.01013
D10_P9_MMD5_L001,Post_P8,Post,995163.1,995163.1,0.0,0.007
D11_P10_MMD5_L001,Post_P8,Post,992716.2,992716.2,-0.0,0.01055
D11_P11_MMD5_L001,Post_P8,Post,995180.5,995180.5,-0.0,0.00697
D11_P3_MMD5_L001,Post_P8,Post,995507.0,995507.0,0.0,0.0065
D11_P9_MMD5_L001,Post_P8,Post,992062.5,992037.5,25.0,0.01153
D12_P10_MMD5_L001,Post_P8,Post,993701.1,993625.4,75.7,0.00923
D12_P11_MMD5_L001,Post_P8,Post,995755.3,995755.3,-0.0,0.00614
D12_P3_MMD5_L001,Post_P8,Post,996623.4,996623.4,-0.0,0.00488
D12_P9_MMD5_L001,Post_P8,Post,992745.1,992745.1,0.0,0.0105
D1_P10_MMD5_L001,Post_P8,Post,995010.0,995010.0,0.0,0.00722
D1_P11_MMD5_L001,Post_P8,Post,996459.9,996421.8,38.1,0.00517
D1_P3_MMD5_L001,Post_P8,Post,993060.7,993060.7,-0.0,0.01005
D1_P9_MMD5_L001,Post_P8,Post,995237.9,994799.3,438.6,0.00752
D2_P10_MMD5_L001,Post_P8,Post,998611.3,998207.8,403.5,0.00259
D2_P11_MMD5_L001,Post_P8,Post,995019.1,995019.1,-0.0,0.0072
D2_P3_MMD5_L001,Post_P8,Post,997769.1,997769.1,-0.0,0.00322
D2_P9_MMD5_L001,Post_P8,Post,992353.4,992353.4,0.0,0.01107
D3_P10_MMD5_L001,Post_P8,Post,994893.2,993426.8,1466.4,0.00951
D3_P11_MMD5_L001,Post_P8,Post,992563.3,992563.3,-0.0,0.01077
D3_P3_MMD5_L001,Post_P8,Post,995386.5,995386.5,0.0,0.00667
D3_P9_MMD5_L001,Post_P8,Post,994487.1,994487.1,-0.0,0.00798
D4_P10_MMD5_L001,Post_P8,Post,996148.0,996148.0,0.0,0.00557
D4_P3_MMD5_L001,Post_P8,Post,995596.0,995596.0,-0.0,0.00637
D4_P9_MMD5_L001,Post_P8,Post,994842.0,994842.0,-0.0,0.00746
D5_P10_MMD5_L001,Post_P8,Post,993957.9,993957.9,-0.0,0.00874
D5_P11_MMD5_L001,Post_P8,Post,986720.5,986720.5,-0.0,0.01929
D5_P9_MMD5_L001,Post_P8,Post,992981.9,992972.7,9.2,0.01017
D6_P11_MMD5_L001,Post_P8,Post,992049.0,992049.0,0.0,0.01152
D6_P3_MMD5_L001,Post_P8,Post,997987.1,997987.1,0.0,0.00291
D6_P9_MMD5_L001,Post_P8,Post,994703.2,994703.2,-0.0,0.00766
D7_P11_MMD5_L001,Post_P8,Post,993433.1,993433.1,0.0,0.00951
D7_P3_MMD5_L001,Post_P8,Post,990774.5,990774.5,0.0,0.01337
D7_P9_MMD5_L001,Post_P8,Post,990580.5,989201.9,1378.6,0.01566
D8_P10_MMD5_L001,Post_P8,Post,997824.3,997824.3,0.0,0.00314
D8_P11_MMD5_L001,Post_P8,Post,996948.4,996881.2,67.2,0.00451
D8_P3_MMD5_L001,Post_P8,Post,995655.4,995655.4,0.0,0.00628
D8_P9_MMD5_L001,Post_P8,Post,995320.8,994239.4,1081.4,0.00833
D9_P10_MMD5_L001,Post_P8,Post,991393.2,990052.3,1340.9,0.01442
D9_P3_MMD5_L001,Post_P8,Post,992497.1,992438.0,59.1,0.01095
D9_P9_MMD5_L001,Post_P8,Post,994021.7,994021.7,-0.0,0.00865
E10_P10_MMD5_L001,Post_P8,Post,996011.9,996011.9,-0.0,0.00577
E10_P11_MMD5_L001,Post_P8,Post,992916.4,992916.4,0.0,0.01026
E10_P9_MMD5_L001,Post_P8,Post,991653.3,991653.3,-0.0,0.01209
E11_P11_MMD5_L001,Post_P8,Post,994579.5,994579.5,0.0,0.00784
E11_P3_MMD5_L001,Post_P8,Post,995924.0,995924.0,-0.0,0.00589
E11_P9_MMD5_L001,Post_P8,Post,992634.2,992634.2,-0.0,0.01067
E12_P10_MMD5_L001,Post_P8,Post,988643.1,988643.1,-0.0,0.01648
E12_P11_MMD5_L001,Post_P8,Post,995982.1,994944.8,1037.3,0.00731
E12_P3_MMD5_L001,Post_P8,Post,995825.5,995825.5,0.0,0.00604
E12_P9_MMD5_L001,Post_P8,Post,994719.3,994719.3,-0.0,0.00764
E1_P10_MMD5_L001,Post_P8,Post,994948.3,994948.3,-0.0,0.00731
E1_P11_MMD5_L001,Post_P8,Post,996211.3,996211.3,0.0,0.00548
E1_P3_MMD5_L001,Post_P8,Post,994923.7,994611.5,312.2,0.00779
E1_P9_MMD5_L001,Post_P8,Post,990803.8,990803.8,0.0,0.01333
E2_P10_MMD5_L001,Post_P8,Post,987122.8,987117.8,5.0,0.01871
E2_P11_MMD5_L001,Post_P8,Post,993333.2,993333.2,-0.0,0.00965
E2_P3_MMD5_L001,Post_P8,Post,995399.2,995399.2,-0.0,0.00665
E2_P9_MMD5_L001,Post_P8,Post,990381.4,990381.4,0.0,0.01394
E3_P11_MMD5_L001,Post_P8,Post,997838.9,997838.9,0.0,0.00312
E3_P3_MMD5_L001,Post_P8,Post,992111.9,992111.9,-0.0,0.01143
E3_P9_MMD5_L001,Post_P8,Post,991858.8,991858.8,-0.0,0.01179
E4_P10_MMD5_L001,Post_P8,Post,996862.7,996862.7,0.0,0.00453
E4_P11_MMD5_L001,Post_P8,Post,993219.9,989067.8,4152.1,0.01586
E4_P3_MMD5_L001,Post_P8,Post,996753.5,996458.4,295.1,0.00512
E4_P9_MMD5_L001,Post_P8,Post,994838.5,994838.5,0.0,0.00747
E5_P10_MMD5_L001,Post_P8,Post,997228.9,996728.5,500.4,0.00473
E5_P3_MMD5_L001,Post_P8,Post,995322.6,993577.4,1745.2,0.0093
E5_P9_MMD5_L001,Post_P8,Post,994279.0,994069.2,209.8,0.00858
E6_P11_MMD5_L001,Post_P8,Post,994428.2,994428.2,0.0,0.00806
E6_P3_MMD5_L001,Post_P8,Post,992849.7,992849.7,0.0,0.01035
E6_P9_MMD5_L001,Post_P8,Post,986194.4,986138.9,55.5,0.02014
E7_P10_MMD5_L001,Post_P8,Post,992767.2,992767.2,-0.0,0.01047
E7_P11_MMD5_L001,Post_P8,Post,993580.8,993580.8,-0.0,0.00929
E7_P3_MMD5_L001,Post_P8,Post,996614.1,996614.1,0.0,0.00489
E7_P9_MMD5_L001,Post_P8,Post,995844.2,995844.2,-0.0,0.00601
E8_P11_MMD5_L001,Post_P8,Post,983130.9,983130.9,0.0,0.02454
E8_P3_MMD5_L001,Post_P8,Post,997748.3,997748.3,0.0,0.00325
E8_P9_MMD5_L001,Post_P8,Post,998919.6,998919.6,0.0,0.00156
E9_P10_MMD5_L001,Post_P8,Post,994979.9,994979.9,0.0,0.00726
E9_P11_MMD5_L001,Post_P8,Post,993318.4,993318.4,-0.0,0.00967
E9_P3_MMD5_L001,Post_P8,Post,990984.6,990984.6,-0.0,0.01307
E9_P9_MMD5_L001,Post_P8,Post,994235.5,994235.5,0.0,0.00834
F10_P11_MMD5_L001,Post_P8,Post,994232.0,994232.0,0.0,0.00835
F10_P3_MMD5_L001,Post_P8,Post,997616.6,997616.6,0.0,0.00344
F10_P9_MMD5_L001,Post_P8,Post,992065.7,992065.7,-0.0,0.01149
F11_P10_MMD5_L001,Post_P8,Post,993419.4,993419.4,-0.0,0.00953
F11_P3_MMD5_L001,Post_P8,Post,996780.6,996780.6,-0.0,0.00465
F11_P9_MMD5_L001,Post_P8,Post,993800.3,993800.3,-0.0,0.00897
F12_P10_MMD5_L001,Post_P8,Post,996614.8,995866.2,748.6,0.00598
F12_P11_MMD5_L001,Post_P8,Post,996995.0,996995.0,0.0,0.00434
F12_P9_MMD5_L001,Post_P8,Post,997572.5,997572.5,-0.0,0.00351
F1_P10_MMD5_L001,Post_P8,Post,995333.6,990374.8,4958.8,0.01395
F1_P11_MMD5_L001,Post_P8,Post,993542.8,993542.8,0.0,0.00935
F1_P3_MMD5_L001,Post_P8,Post,992551.2,992551.2,0.0,0.01079
F1_P9_MMD5_L001,Post_P8,Post,996403.1,996403.1,0.0,0.0052
F2_P10_MMD5_L001,Post_P8,Post,996706.2,996706.2,-0.0,0.00476
F2_P11_MMD5_L001,Post_P8,Post,997310.8,997310.8,0.0,0.00388
F2_P3_MMD5_L001,Post_P8,Post,994610.8,994610.8,-0.0,0.0078
F2_P9_MMD5_L001,Post_P8,Post,993842.8,993573.2,269.6,0.0093
F3_P10_MMD5_L001,Post_P8,Post,992128.3,992096.6,31.7,0.01145
F3_P11_MMD5_L001,Post_P8,Post,995670.3,995670.3,-0.0,0.00626
F3_P3_MMD5_L001,Post_P8,Post,992054.4,992054.4,-0.0,0.01151
F4_P10_MMD5_L001,Post_P8,Post,996017.9,996017.9,-0.0,0.00576
F4_P3_MMD5_L001,Post_P8,Post,992822.9,992822.9,-0.0,0.01039
F4_P9_MMD5_L001,Post_P8,Post,990673.6,990673.6,-0.0,0.01352
F5_P10_MMD5_L001,Post_P8,Post,997074.4,997074.4,-0.0,0.00423
F5_P11_MMD5_L001,Post_P8,Post,993638.9,993638.9,-0.0,0.00921
F5_P3_MMD5_L001,Post_P8,Post,993944.8,993944.8,-0.0,0.00876
F5_P9_MMD5_L001,Post_P8,Post,997601.9,997601.9,-0.0,0.00346
F6_P10_MMD5_L001,Post_P8,Post,994700.9,994700.9,-0.0,0.00767
F6_P11_MMD5_L001,Post_P8,Post,993460.7,993460.7,0.0,0.00947
F6_P9_MMD5_L001,Post_P8,Post,998075.6,998075.6,0.0,0.00278
F7_P10_MMD5_L001,Post_P8,Post,994903.1,994903.1,-0.0,0.00737
F7_P11_MMD5_L001,Post_P8,Post,997463.7,997463.7,-0.0,0.00366
F7_P3_MMD5_L001,Post_P8,Post,995074.1,995074.1,0.0,0.00712
F7_P9_MMD5_L001,Post_P8,Post,995880.9,995876.9,4.0,0.00596
F8_P10_MMD5_L001,Post_P8,Post,993739.5,993739.5,0.0,0.00906
F8_P11_MMD5_L001,Post_P8,Post,996579.0,996579.0,-0.0,0.00494
F8_P3_MMD5_L001,Post_P8,Post,993005.3,993005.3,0.0,0.01013
F8_P9_MMD5_L001,Post_P8,Post,995198.2,994361.6,836.6,0.00816
F9_P10_MMD5_L001,Post_P8,Post,996341.2,996341.2,0.0,0.00529
F9_P3_MMD5_L001,Post_P8,Post,991266.4,991266.4,0.0,0.01266
F9_P9_MMD5_L001,Post_P8,Post,996493.5,996493.5,-0.0,0.00507
G10_P10_MMD5_L001,Post_P8,Post,994341.8,994341.8,0.0,0.00819
G10_P11_MMD5_L001,Post_P8,Post,998072.0,998072.0,-0.0,0.00278
G10_P3_MMD5_L001,Post_P8,Post,990519.8,990519.8,-0.0,0.01374
G11_P10_MMD5_L001,Post_P8,Post,995566.8,995559.8,7.0,0.00642
G11_P11_MMD5_L001,Post_P8,Post,991952.2,991952.2,-0.0,0.01166
G11_P3_MMD5_L001,Post_P8,Post,994648.9,994648.9,-0.0,0.00774
G11_P9_MMD5_L001,Post_P8,Post,991264.0,991264.0,0.0,0.01266
G12_P10_MMD5_L001,Post_P8,Post,982185.3,981721.6,463.7,0.02661
G12_P11_MMD5_L001,Post_P8,Post,996892.6,996892.6,0.0,0.00449
G12_P3_MMD5_L001,Post_P8,Post,997135.3,997135.3,-0.0,0.00414
G12_P9_MMD5_L001,Post_P8,Post,996132.4,995899.5,232.9,0.00593
G1_P10_MMD5_L001,Post_P8,Post,994995.0,994995.0,0.0,0.00724
G1_P11_MMD5_L001,Post_P8,Post,993724.7,993724.7,-0.0,0.00908
G1_P3_MMD5_L001,Post_P8,Post,995601.9,995601.9,0.0,0.00636
G1_P9_MMD5_L001,Post_P8,Post,990661.0,990661.0,-0.0,0.01354
G2_P11_MMD5_L001,Post_P8,Post,996099.9,996034.6,65.3,0.00573
G2_P3_MMD5_L001,Post_P8,Post,993550.1,993550.1,0.0,0.00934
G2_P9_MMD5_L001,Post_P8,Post,992531.2,992531.2,-0.0,0.01082
G3_P10_MMD5_L001,Post_P8,Post,993259.9,993259.9,0.0,0.00976
G3_P11_MMD5_L001,Post_P8,Post,993519.2,993519.2,0.0,0.00938
G3_P3_MMD5_L001,Post_P8,Post,992615.1,992615.1,0.0,0.01069
G4_P10_MMD5_L001,Post_P8,Post,996609.4,993570.1,3039.3,0.00931
G4_P11_MMD5_L001,Post_P8,Post,993906.4,993906.4,0.0,0.00882
G4_P3_MMD5_L001,Post_P8,Post,995025.0,993784.7,1240.3,0.00899
G4_P9_MMD5_L001,Post_P8,Post,987421.1,987421.1,0.0,0.01826
G5_P11_MMD5_L001,Post_P8,Post,988990.8,988990.8,-0.0,0.01597
G5_P3_MMD5_L001,Post_P8,Post,994530.8,994530.8,-0.0,0.00791
G6_P10_MMD5_L001,Post_P8,Post,988007.2,987934.2,73.0,0.01751
G6_P11_MMD5_L001,Post_P8,Post,992254.4,992254.4,-0.0,0.01122
G6_P3_MMD5_L001,Post_P8,Post,992520.5,992016.5,504.0,0.01156
G6_P9_MMD5_L001,Post_P8,Post,992532.4,992532.4,0.0,0.01081
G7_P10_MMD5_L001,Post_P8,Post,996514.2,996514.2,0.0,0.00504
G7_P11_MMD5_L001,Post_P8,Post,994073.1,994073.1,0.0,0.00858
G7_P3_MMD5_L001,Post_P8,Post,992526.1,992522.9,3.2,0.01083
G7_P9_MMD5_L001,Post_P8,Post,991735.9,991735.9,0.0,0.01197
G8_P11_MMD5_L001,Post_P8,Post,997720.1,997720.1,0.0,0.00329
G8_P3_MMD5_L001,Post_P8,Post,996537.1,996537.1,0.0,0.005
G8_P9_MMD5_L001,Post_P8,Post,994061.9,994061.9,0.0,0.00859
G9_P10_MMD5_L001,Post_P8,Post,996386.7,996386.7,0.0,0.00522
G9_P3_MMD5_L001,Post_P8,Post,992450.3,992450.3,-0.0,0.01093
G9_P9_MMD5_L001,Post_P8,Post,991399.0,991399.0,-0.0,0.01246
H10_P10_MMD5_L001,Post_P8,Post,989693.1,989688.8,4.3,0.01495
H10_P11_MMD5_L001,Post_P8,Post,992532.2,990147.8,2384.4,0.01428
H10_P3_MMD5_L001,Post_P8,Post,994263.7,994263.7,0.0,0.0083
H10_P9_MMD5_L001,Post_P8,Post,993393.9,993393.9,0.0,0.00956
H11_P10_MMD5_L001,Post_P8,Post,992198.2,992198.2,-0.0,0.0113
H11_P11_MMD5_L001,Post_P8,Post,994673.5,994673.5,0.0,0.00771
H11_P3_MMD5_L001,Post_P8,Post,997077.0,997077.0,0.0,0.00422
H11_P9_MMD5_L001,Post_P8,Post,995921.4,995330.3,591.1,0.00675
H12_P10_MMD5_L001,Post_P8,Post,991240.5,991240.5,0.0,0.01269
H12_P11_MMD5_L001,Post_P8,Post,995320.3,995320.3,0.0,0.00677
H12_P3_MMD5_L001,Post_P8,Post,993667.4,993667.4,-0.0,0.00917
H1_P10_MMD5_L001,Post_P8,Post,997783.3,997783.3,0.0,0.0032
H1_P11_MMD5_L001,Post_P8,Post,996584.6,996584.6,0.0,0.00494
H1_P3_MMD5_L001,Post_P8,Post,994608.3,994608.3,-0.0,0.0078
H1_P9_MMD5_L001,Post_P8,Post,990738.8,990570.9,167.9,0.01367
H2_P11_MMD5_L001,Post_P8,Post,996940.4,996212.3,728.1,0.00547
H2_P9_MMD5_L001,Post_P8,Post,995658.0,995658.0,0.0,0.00628
H3_P10_MMD5_L001,Post_P8,Post,997823.5,997823.5,-0.0,0.00314
H3_P3_MMD5_L001,Post_P8,Post,994501.8,994501.8,-0.0,0.00795
H3_P9_MMD5_L001,Post_P8,Post,994746.7,994746.7,0.0,0.0076
H4_P10_MMD5_L001,Post_P8,Post,995871.3,994745.6,1125.7,0.0076
H4_P11_MMD5_L001,Post_P8,Post,994362.3,994362.3,-0.0,0.00816
H4_P3_MMD5_L001,Post_P8,Post,996546.9,996546.9,0.0,0.00499
H5_P11_MMD5_L001,Post_P8,Post,990155.0,990155.0,0.0,0.01427
H5_P9_MMD5_L001,Post_P8,Post,985763.3,984620.2,1143.1,0.02236
H6_P10_MMD5_L001,Post_P8,Post,995297.4,995297.4,-0.0,0.0068
H6_P3_MMD5_L001,Post_P8,Post,989191.9,989191.9,0.0,0.01568
H6_P9_MMD5_L001,Post_P8,Post,993329.2,993329.2,-0.0,0.00966
H7_P10_MMD5_L001,Post_P8,Post,993671.8,993671.8,-0.0,0.00916
H7_P11_MMD5_L001,Post_P8,Post,995429.6,995429.6,0.0,0.00661
H7_P3_MMD5_L001,Post_P8,Post,988848.4,988848.4,0.0,0.01618
H7_P9_MMD5_L001,Post_P8,Post,993611.3,993527.2,84.1,0.00937
H8_P10_MMD5_L001,Post_P8,Post,995607.4,994982.4,625.0,0.00726
H8_P11_MMD5_L001,Post_P8,Post,996850.7,996850.7,-0.0,0.00455
H8_P3_MMD5_L001,Post_P8,Post,993338.6,993338.6,-0.0,0.00964
H8_P9_MMD5_L001,Post_P8,Post,992456.2,992456.2,0.0,0.01092
H9_P10_MMD5_L001,Post_P8,Post,994732.3,994732.3,0.0,0.00762
H9_P11_MMD5_L001,Post_P8,Post,992476.7,992476.7,0.0,0.01089
H9_P3_MMD5_L001,Post_P8,Post,986047.5,986047.5,0.0,0.02027
H9_P9_MMD5_L001,Post_P8,Post,991077.9,991077.9,-0.0,0.01293
A10_P10_MMD2-36B_L001,Post_P10,Post,995625.0,995623.3,1.7,0.00633
A10_P6_MMD2-36B_L001,Post_P10,Post,994531.4,994523.6,7.8,0.00792
A10_P8_MMD2-36B_L001,Post_P10,Post,996333.4,996312.6,20.8,0.00533
A10_P9_MMD2-36B_L001,Post_P10,Post,995238.4,994434.1,804.3,0.00805
A11_P10_MMD2-36B_L001,Post_P10,Post,992898.4,992898.4,0.0,0.01028
A11_P9_MMD2-36B_L001,Post_P10,Post,993366.6,993336.6,30.0,0.00965
A12_P10_MMD2-36B_L001,Post_P10,Post,996437.4,996437.4,-0.0,0.00515
A12_P6_MMD2-36B_L001,Post_P10,Post,995241.2,995230.3,10.9,0.0069
A12_P8_MMD2-36B_L001,Post_P10,Post,995958.9,995546.3,412.6,0.00644
A2_P10_MMD2-36B_L001,Post_P10,Post,997668.5,997668.5,0.0,0.00337
A2_P6_MMD2-36B_L001,Post_P10,Post,993597.8,993581.4,16.4,0.00929
A2_P8_MMD2-36B_L001,Post_P10,Post,993426.4,993426.4,0.0,0.00952
A2_P9_MMD2-36B_L001,Post_P10,Post,995808.1,995808.1,-0.0,0.00606
A3_P10_MMD2-36B_L001,Post_P10,Post,996112.0,994895.3,1216.7,0.00738
A3_P6_MMD2-36B_L001,Post_P10,Post,995138.6,995131.2,7.4,0.00704
A3_P9_MMD2-36B_L001,Post_P10,Post,991540.8,991540.8,0.0,0.01226
A4_P10_MMD2-36B_L001,Post_P10,Post,993293.9,993293.9,0.0,0.00971
A4_P8_MMD2-36B_L001,Post_P10,Post,995141.7,995141.7,-0.0,0.00703
A4_P9_MMD2-36B_L001,Post_P10,Post,994333.4,994310.6,22.8,0.00823
A5_P10_MMD2-36B_L001,Post_P10,Post,999548.8,999524.0,24.8,0.00069
A5_P6_MMD2-36B_L001,Post_P10,Post,998527.6,998522.6,5.0,0.00213
A5_P9_MMD2-36B_L001,Post_P10,Post,993568.9,993545.9,23.0,0.00934
A6_P10_MMD2-36B_L001,Post_P10,Post,995698.0,995681.4,16.6,0.00624
A6_P6_MMD2-36B_L001,Post_P10,Post,996821.2,996791.7,29.5,0.00464
A6_P8_MMD2-36B_L001,Post_P10,Post,995641.7,995641.7,-0.0,0.0063
A6_P9_MMD2-36B_L001,Post_P10,Post,995745.5,995709.8,35.7,0.0062
A7_P10_MMD2-36B_L001,Post_P10,Post,989560.7,989560.7,0.0,0.01514
A7_P6_MMD2-36B_L001,Post_P10,Post,988518.8,988513.1,5.7,0.01667
A7_P8_MMD2-36B_L001,Post_P10,Post,994779.4,994767.0,12.4,0.00757
A7_P9_MMD2-36B_L001,Post_P10,Post,996075.5,996057.6,17.9,0.0057
A8_P10_MMD2-36B_L001,Post_P10,Post,996940.9,996863.3,77.6,0.00453
A8_P6_MMD2-36B_L001,Post_P10,Post,995983.3,995830.9,152.4,0.00603
A8_P9_MMD2-36B_L001,Post_P10,Post,996941.8,996938.4,3.4,0.00442
A9_P10_MMD2-36B_L001,Post_P10,Post,992965.0,992962.1,2.9,0.01019
A9_P6_MMD2-36B_L001,Post_P10,Post,995645.1,995355.1,290.0,0.00672
B10_P10_MMD2-36B_L001,Post_P10,Post,995314.8,994479.4,835.4,0.00799
B10_P8_MMD2-36B_L001,Post_P10,Post,996463.8,996439.9,23.9,0.00515
B10_P9_MMD2-36B_L001,Post_P10,Post,991310.1,991282.9,27.2,0.01263
B11_P8_MMD2-36B_L001,Post_P10,Post,995597.0,995585.2,11.8,0.00638
B11_P9_MMD2-36B_L001,Post_P10,Post,997566.2,997250.6,315.6,0.00397
B12_P10_MMD2-36B_L001,Post_P10,Post,995239.9,995238.1,1.8,0.00689
B12_P6_MMD2-36B_L001,Post_P10,Post,993206.8,993206.8,-0.0,0.00983
B12_P8_MMD2-36B_L001,Post_P10,Post,992489.7,990413.2,2076.5,0.0139
B12_P9_MMD2-36B_L001,Post_P10,Post,993298.6,993294.8,3.8,0.00971
B1_P10_MMD2-36B_L001,Post_P10,Post,999889.3,999889.3,0.0,0.00016
B1_P6_MMD2-36B_L001,Post_P10,Post,993379.4,993379.4,0.0,0.00958
B1_P9_MMD2-36B_L001,Post_P10,Post,995908.9,995908.9,0.0,0.00591
B2_P10_MMD2-36B_L001,Post_P10,Post,995949.3,995949.3,-0.0,0.00586
B2_P6_MMD2-36B_L001,Post_P10,Post,994902.0,994902.0,-0.0,0.00737
B2_P8_MMD2-36B_L001,Post_P10,Post,987899.1,987899.1,-0.0,0.01756
B3_P10_MMD2-36B_L001,Post_P10,Post,992931.0,991608.6,1322.4,0.01216
B3_P6_MMD2-36B_L001,Post_P10,Post,994480.1,994480.1,-0.0,0.00799
B3_P8_MMD2-36B_L001,Post_P10,Post,993461.0,993461.0,-0.0,0.00946
B3_P9_MMD2-36B_L001,Post_P10,Post,992931.3,992931.3,0.0,0.01023
B4_P9_MMD2-36B_L001,Post_P10,Post,991985.5,991947.0,38.5,0.01167
B5_P10_MMD2-36B_L001,Post_P10,Post,992949.9,992949.9,0.0,0.01021
B5_P6_MMD2-36B_L001,Post_P10,Post,999318.7,999307.5,11.2,0.001
B5_P8_MMD2-36B_L001,Post_P10,Post,995655.1,995649.0,6.1,0.00629
B6_P10_MMD2-36B_L001,Post_P10,Post,995848.4,995653.2,195.2,0.00628
B6_P6_MMD2-36B_L001,Post_P10,Post,993344.5,993306.4,38.1,0.00969
B6_P8_MMD2-36B_L001,Post_P10,Post,994767.1,993406.7,1360.4,0.00954
B6_P9_MMD2-36B_L001,Post_P10,Post,999307.6,999304.9,2.7,0.001
B7_P6_MMD2-36B_L001,Post_P10,Post,993190.0,993177.6,12.4,0.00988
B7_P8_MMD2-36B_L001,Post_P10,Post,996346.3,996345.0,1.3,0.00528
B7_P9_MMD2-36B_L001,Post_P10,Post,997202.9,997181.8,21.1,0.00407
B8_P6_MMD2-36B_L001,Post_P10,Post,991139.2,991132.3,6.9,0.01285
B8_P8_MMD2-36B_L001,Post_P10,Post,997060.3,997053.2,7.1,0.00426
B8_P9_MMD2-36B_L001,Post_P10,Post,996192.4,995921.1,271.3,0.0059
B9_P10_MMD2-36B_L001,Post_P10,Post,993263.9,993263.9,0.0,0.00975
B9_P6_MMD2-36B_L001,Post_P10,Post,996350.2,996350.2,-0.0,0.00528
B9_P8_MMD2-36B_L001,Post_P10,Post,990359.9,990359.9,0.0,0.01398
B9_P9_MMD2-36B_L001,Post_P10,Post,992681.1,992666.2,14.9,0.01062
C10_P10_MMD2-36B_L001,Post_P10,Post,992850.2,992624.2,226.0,0.01068
C10_P6_MMD2-36B_L001,Post_P10,Post,990499.2,990443.6,55.6,0.01385
C10_P8_MMD2-36B_L001,Post_P10,Post,996912.4,996909.1,3.3,0.00447
C10_P9_MMD2-36B_L001,Post_P10,Post,996315.3,996315.3,-0.0,0.00533
C11_P10_MMD2-36B_L001,Post_P10,Post,993755.9,993736.0,19.9,0.00907
C11_P6_MMD2-36B_L001,Post_P10,Post,992561.0,992531.1,29.9,0.01082
C11_P8_MMD2-36B_L001,Post_P10,Post,994004.5,994003.5,1.0,0.00868
C12_P10_MMD2-36B_L001,Post_P10,Post,994682.9,994604.6,78.3,0.0078
C12_P6_MMD2-36B_L001,Post_P10,Post,990773.0,990750.2,22.8,0.01341
C12_P8_MMD2-36B_L001,Post_P10,Post,993492.9,993452.0,40.9,0.00948
C1_P10_MMD2-36B_L001,Post_P10,Post,993600.6,993597.5,3.1,0.00927
C1_P6_MMD2-36B_L001,Post_P10,Post,994518.3,994436.3,82.0,0.00805
C1_P8_MMD2-36B_L001,Post_P10,Post,992689.6,992689.6,-0.0,0.01059
C1_P9_MMD2-36B_L001,Post_P10,Post,990059.7,989899.8,159.9,0.01465
C2_P6_MMD2-36B_L001,Post_P10,Post,995042.7,995042.7,-0.0,0.00717
C2_P8_MMD2-36B_L001,Post_P10,Post,994099.2,994099.2,-0.0,0.00854
C2_P9_MMD2-36B_L001,Post_P10,Post,996781.9,996337.2,444.7,0.00529
C3_P8_MMD2-36B_L001,Post_P10,Post,993318.8,993318.8,-0.0,0.00967
C3_P9_MMD2-36B_L001,Post_P10,Post,995293.6,995293.6,-0.0,0.00681
C4_P10_MMD2-36B_L001,Post_P10,Post,998193.2,997934.6,258.6,0.00298
C4_P6_MMD2-36B_L001,Post_P10,Post,992995.4,992982.9,12.5,0.01016
C4_P9_MMD2-36B_L001,Post_P10,Post,991527.3,991128.6,398.7,0.01286
C5_P10_MMD2-36B_L001,Post_P10,Post,998482.6,998380.7,101.9,0.00234
C5_P6_MMD2-36B_L001,Post_P10,Post,996038.1,996028.9,9.2,0.00574
C6_P10_MMD2-36B_L001,Post_P10,Post,993597.6,993558.4,39.2,0.00932
C6_P6_MMD2-36B_L001,Post_P10,Post,994971.4,994969.8,1.6,0.00728
C6_P8_MMD2-36B_L001,Post_P10,Post,990215.3,989630.7,584.6,0.01504
C6_P9_MMD2-36B_L001,Post_P10,Post,993700.2,993692.6,7.6,0.00913
C7_P10_MMD2-36B_L001,Post_P10,Post,997596.7,997588.6,8.1,0.00348
C7_P8_MMD2-36B_L001,Post_P10,Post,994943.9,994943.9,0.0,0.00731
C8_P10_MMD2-36B_L001,Post_P10,Post,998226.3,998222.7,3.6,0.00257
C8_P8_MMD2-36B_L001,Post_P10,Post,994744.7,994733.7,11.0,0.00762
C8_P9_MMD2-36B_L001,Post_P10,Post,996297.0,996262.3,34.7,0.0054
C9_P10_MMD2-36B_L001,Post_P10,Post,992606.0,992604.6,1.4,0.01071
C9_P6_MMD2-36B_L001,Post_P10,Post,996269.7,995691.9,577.8,0.00623
C9_P9_MMD2-36B_L001,Post_P10,Post,992917.7,992903.8,13.9,0.01027
D10_P6_MMD2-36B_L001,Post_P10,Post,993352.8,993352.8,0.0,0.00962
D10_P8_MMD2-36B_L001,Post_P10,Post,993614.4,993610.5,3.9,0.00925
D10_P9_MMD2-36B_L001,Post_P10,Post,999682.4,999678.0,4.4,0.00046
D11_P10_MMD2-36B_L001,Post_P10,Post,994962.5,994957.3,5.2,0.00729
D11_P6_MMD2-36B_L001,Post_P10,Post,999371.8,998990.2,381.6,0.00146
D11_P9_MMD2-36B_L001,Post_P10,Post,994196.9,994196.9,-0.0,0.0084
D12_P10_MMD2-36B_L001,Post_P10,Post,994581.7,994581.7,0.0,0.00784
D12_P8_MMD2-36B_L001,Post_P10,Post,994207.1,994199.7,7.4,0.00839
D12_P9_MMD2-36B_L001,Post_P10,Post,995013.1,994993.4,19.7,0.00724
D1_P10_MMD2-36B_L001,Post_P10,Post,992426.6,992426.6,-0.0,0.01097
D1_P6_MMD2-36B_L001,Post_P10,Post,994978.3,994978.3,-0.0,0.00726
D1_P8_MMD2-36B_L001,Post_P10,Post,991902.1,991902.1,0.0,0.01173
D2_P10_MMD2-36B_L001,Post_P10,Post,991789.2,991789.2,0.0,0.01189
D2_P6_MMD2-36B_L001,Post_P10,Post,997987.7,997987.7,-0.0,0.00291
D2_P8_MMD2-36B_L001,Post_P10,Post,995669.0,995669.0,-0.0,0.00626
D2_P9_MMD2-36B_L001,Post_P10,Post,994755.2,994755.2,0.0,0.00759
D3_P10_MMD2-36B_L001,Post_P10,Post,991365.9,991365.9,0.0,0.01251
D3_P6_MMD2-36B_L001,Post_P10,Post,995398.1,994482.6,915.5,0.00798
D3_P8_MMD2-36B_L001,Post_P10,Post,994534.0,994534.0,-0.0,0.00791
D3_P9_MMD2-36B_L001,Post_P10,Post,996048.3,995900.2,148.1,0.00593
D4_P10_MMD2-36B_L001,Post_P10,Post,991561.1,991561.1,0.0,0.01223
D4_P9_MMD2-36B_L001,Post_P10,Post,994435.8,994429.2,6.6,0.00806
D5_P6_MMD2-36B_L001,Post_P10,Post,1001130.3,1001126.6,3.7,-0.00162
D5_P8_MMD2-36B_L001,Post_P10,Post,992989.5,992988.5,1.0,0.01015
D5_P9_MMD2-36B_L001,Post_P10,Post,1000260.5,1000260.5,-0.0,-0.00038
D6_P10_MMD2-36B_L001,Post_P10,Post,998152.5,998149.8,2.7,0.00267
D6_P6_MMD2-36B_L001,Post_P10,Post,999488.6,999488.6,-0.0,0.00074
D6_P8_MMD2-36B_L001,Post_P10,Post,992188.9,992182.8,6.1,0.01132
D6_P9_MMD2-36B_L001,Post_P10,Post,992422.0,992414.1,7.9,0.01099
D7_P10_MMD2-36B_L001,Post_P10,Post,996290.6,996262.6,28.0,0.0054
D7_P6_MMD2-36B_L001,Post_P10,Post,992525.0,990542.3,1982.7,0.01371
D7_P8_MMD2-36B_L001,Post_P10,Post,994893.9,994844.0,49.9,0.00746
D8_P10_MMD2-36B_L001,Post_P10,Post,991351.2,991100.3,250.9,0.0129
D8_P8_MMD2-36B_L001,Post_P10,Post,996964.0,996954.8,9.2,0.0044
D8_P9_MMD2-36B_L001,Post_P10,Post,995669.2,995651.5,17.7,0.00629
D9_P10_MMD2-36B_L001,Post_P10,Post,994321.0,994228.0,93.0,0.00835
D9_P8_MMD2-36B_L001,Post_P10,Post,997372.6,997262.2,110.4,0.00396
E10_P6_MMD2-36B_L001,Post_P10,Post,997662.2,997657.7,4.5,0.00338
E10_P9_MMD2-36B_L001,Post_P10,Post,995431.0,995422.9,8.1,0.00662
E11_P10_MMD2-36B_L001,Post_P10,Post,994344.3,994325.7,18.6,0.00821
E11_P6_MMD2-36B_L001,Post_P10,Post,992888.5,992888.5,0.0,0.0103
E11_P8_MMD2-36B_L001,Post_P10,Post,997438.9,997431.9,7.0,0.00371
E12_P10_MMD2-36B_L001,Post_P10,Post,995177.1,995140.9,36.2,0.00703
E12_P6_MMD2-36B_L001,Post_P10,Post,998903.3,998903.3,-0.0,0.00158
E12_P8_MMD2-36B_L001,Post_P10,Post,993985.2,993985.2,-0.0,0.0087
E12_P9_MMD2-36B_L001,Post_P10,Post,994105.4,994103.8,1.6,0.00853
E1_P6_MMD2-36B_L001,Post_P10,Post,994178.0,994178.0,0.0,0.00842
E1_P8_MMD2-36B_L001,Post_P10,Post,996918.8,996918.8,0.0,0.00445
E1_P9_MMD2-36B_L001,Post_P10,Post,995425.9,995425.9,0.0,0.00661
E2_P10_MMD2-36B_L001,Post_P10,Post,993956.7,993956.7,-0.0,0.00875
E2_P6_MMD2-36B_L001,Post_P10,Post,994501.8,994501.8,-0.0,0.00795
E2_P9_MMD2-36B_L001,Post_P10,Post,996450.5,996450.5,-0.0,0.00513
E3_P10_MMD2-36B_L001,Post_P10,Post,995523.8,995523.8,0.0,0.00647
E3_P6_MMD2-36B_L001,Post_P10,Post,993365.9,993365.9,0.0,0.0096
E3_P8_MMD2-36B_L001,Post_P10,Post,998530.8,998530.8,-0.0,0.00212
E3_P9_MMD2-36B_L001,Post_P10,Post,990173.9,990173.9,-0.0,0.01425
E4_P10_MMD2-36B_L001,Post_P10,Post,990725.9,990716.5,9.4,0.01346
E4_P6_MMD2-36B_L001,Post_P10,Post,988930.5,988093.3,837.2,0.01728
E4_P8_MMD2-36B_L001,Post_P10,Post,994922.4,994922.4,-0.0,0.00734
E4_P9_MMD2-36B_L001,Post_P10,Post,994205.0,994170.9,34.1,0.00843
E5_P8_MMD2-36B_L001,Post_P10,Post,993490.0,990980.5,2509.5,0.01307
E5_P9_MMD2-36B_L001,Post_P10,Post,993030.8,993018.0,12.8,0.01011
E6_P10_MMD2-36B_L001,Post_P10,Post,988404.4,988344.4,60.0,0.01691
E6_P6_MMD2-36B_L001,Post_P10,Post,996566.5,996561.2,5.3,0.00497
E6_P8_MMD2-36B_L001,Post_P10,Post,991771.0,984428.4,7342.6,0.02264
E6_P9_MMD2-36B_L001,Post_P10,Post,997385.5,996806.5,579.0,0.00461
E7_P10_MMD2-36B_L001,Post_P10,Post,992182.0,992139.6,42.4,0.01138
E7_P6_MMD2-36B_L001,Post_P10,Post,990549.3,990518.1,31.2,0.01374
E7_P8_MMD2-36B_L001,Post_P10,Post,994680.8,994669.7,11.1,0.00771
E7_P9_MMD2-36B_L001,Post_P10,Post,994627.5,994619.3,8.2,0.00778
E8_P10_MMD2-36B_L001,Post_P10,Post,993928.0,993910.1,17.9,0.00881
E8_P6_MMD2-36B_L001,Post_P10,Post,995378.6,995365.5,13.1,0.0067
E8_P8_MMD2-36B_L001,Post_P10,Post,999175.6,999172.1,3.5,0.00119
E8_P9_MMD2-36B_L001,Post_P10,Post,994350.8,994333.7,17.1,0.0082
E9_P10_MMD2-36B_L001,Post_P10,Post,993088.1,993073.2,14.9,0.01003
E9_P6_MMD2-36B_L001,Post_P10,Post,994929.7,994916.9,12.8,0.00735
E9_P8_MMD2-36B_L001,Post_P10,Post,996029.4,993685.4,2344.0,0.00914
E9_P9_MMD2-36B_L001,Post_P10,Post,995418.9,995229.0,189.9,0.0069
F10_P6_MMD2-36B_L001,Post_P10,Post,993937.7,993901.8,35.9,0.00882
F10_P8_MMD2-36B_L001,Post_P10,Post,995265.2,995265.2,0.0,0.00685
F10_P9_MMD2-36B_L001,Post_P10,Post,998012.2,998006.1,6.1,0.00288
F11_P10_MMD2-36B_L001,Post_P10,Post,993687.2,993673.2,14.0,0.00916
F11_P6_MMD2-36B_L001,Post_P10,Post,994322.5,994316.3,6.2,0.00822
F11_P8_MMD2-36B_L001,Post_P10,Post,994578.9,994574.6,4.3,0.00785
F11_P9_MMD2-36B_L001,Post_P10,Post,994639.7,994613.4,26.3,0.00779
F12_P10_MMD2-36B_L001,Post_P10,Post,1000186.9,1000184.8,2.1,-0.00027
F12_P8_MMD2-36B_L001,Post_P10,Post,997392.2,997392.2,0.0,0.00377
F12_P9_MMD2-36B_L001,Post_P10,Post,994557.6,994539.5,18.1,0.0079
F1_P10_MMD2-36B_L001,Post_P10,Post,996088.7,996088.7,0.0,0.00565
F1_P6_MMD2-36B_L001,Post_P10,Post,999057.3,999057.3,0.0,0.00136
F1_P8_MMD2-36B_L001,Post_P10,Post,994929.6,994929.6,0.0,0.00733
F2_P10_MMD2-36B_L001,Post_P10,Post,994338.0,994338.0,-0.0,0.00819
F2_P6_MMD2-36B_L001,Post_P10,Post,997914.7,997914.7,-0.0,0.00301
F2_P8_MMD2-36B_L001,Post_P10,Post,992678.5,992678.5,0.0,0.0106
F3_P6_MMD2-36B_L001,Post_P10,Post,994352.8,994337.6,15.2,0.00819
F3_P8_MMD2-36B_L001,Post_P10,Post,993405.3,993405.3,0.0,0.00955
F3_P9_MMD2-36B_L001,Post_P10,Post,994901.0,994901.0,0.0,0.00738
F4_P10_MMD2-36B_L001,Post_P10,Post,995568.7,995560.0,8.7,0.00642
F4_P6_MMD2-36B_L001,Post_P10,Post,996510.7,996504.9,5.8,0.00505
F4_P8_MMD2-36B_L001,Post_P10,Post,996653.4,996636.8,16.6,0.00486
F4_P9_MMD2-36B_L001,Post_P10,Post,995242.4,995100.4,142.0,0.00709
F5_P10_MMD2-36B_L001,Post_P10,Post,998514.2,998514.2,0.0,0.00215
F5_P6_MMD2-36B_L001,Post_P10,Post,999658.1,999631.9,26.2,0.00053
F5_P8_MMD2-36B_L001,Post_P10,Post,996502.3,996499.0,3.3,0.00506
F5_P9_MMD2-36B_L001,Post_P10,Post,998085.8,998072.1,13.7,0.00278
F6_P10_MMD2-36B_L001,Post_P10,Post,994621.8,994463.2,158.6,0.00801
F6_P6_MMD2-36B_L001,Post_P10,Post,1000662.6,1000660.0,2.6,-0.00095
F6_P8_MMD2-36B_L001,Post_P10,Post,995367.8,992786.1,2581.7,0.01045
F6_P9_MMD2-36B_L001,Post_P10,Post,991149.2,991121.4,27.8,0.01287
F7_P6_MMD2-36B_L001,Post_P10,Post,993287.5,993278.7,8.8,0.00973
F7_P8_MMD2-36B_L001,Post_P10,Post,993745.0,993569.9,175.1,0.00931
F7_P9_MMD2-36B_L001,Post_P10,Post,993814.3,993794.5,19.8,0.00898
F8_P10_MMD2-36B_L001,Post_P10,Post,992322.3,992315.4,6.9,0.01113
F8_P6_MMD2-36B_L001,Post_P10,Post,988075.4,988057.3,18.1,0.01733
F8_P9_MMD2-36B_L001,Post_P10,Post,994246.7,994154.7,92.0,0.00846
F9_P10_MMD2-36B_L001,Post_P10,Post,995289.7,995274.6,15.1,0.00683
F9_P6_MMD2-36B_L001,Post_P10,Post,996648.3,996624.0,24.3,0.00488
G10_P10_MMD2-36B_L001,Post_P10,Post,996282.5,996205.2,77.3,0.00549
G10_P6_MMD2-36B_L001,Post_P10,Post,994313.9,994040.6,273.3,0.00862
G10_P8_MMD2-36B_L001,Post_P10,Post,996254.0,996224.8,29.2,0.00546
G11_P6_MMD2-36B_L001,Post_P10,Post,993354.1,993349.7,4.4,0.00963
G11_P8_MMD2-36B_L001,Post_P10,Post,993582.4,993554.7,27.7,0.00933
G11_P9_MMD2-36B_L001,Post_P10,Post,994973.0,994973.0,0.0,0.00727
G12_P6_MMD2-36B_L001,Post_P10,Post,992742.2,992728.0,14.2,0.01053
G12_P8_MMD2-36B_L001,Post_P10,Post,995430.8,995430.8,0.0,0.00661
G12_P9_MMD2-36B_L001,Post_P10,Post,994184.2,994139.4,44.8,0.00848
G1_P10_MMD2-36B_L001,Post_P10,Post,989590.1,989590.1,-0.0,0.0151
G1_P6_MMD2-36B_L001,Post_P10,Post,994739.7,994739.7,-0.0,0.00761
G1_P9_MMD2-36B_L001,Post_P10,Post,994480.1,994480.1,0.0,0.00799
G2_P10_MMD2-36B_L001,Post_P10,Post,990872.7,990872.7,-0.0,0.01323
G2_P6_MMD2-36B_L001,Post_P10,Post,994973.6,994973.6,0.0,0.00727
G3_P10_MMD2-36B_L001,Post_P10,Post,991537.0,989717.7,1819.3,0.01491
G3_P6_MMD2-36B_L001,Post_P10,Post,997074.0,997074.0,0.0,0.00423
G3_P8_MMD2-36B_L001,Post_P10,Post,995375.2,995375.2,-0.0,0.00669
G3_P9_MMD2-36B_L001,Post_P10,Post,994881.5,994881.5,-0.0,0.0074
G4_P10_MMD2-36B_L001,Post_P10,Post,991219.0,990565.2,653.8,0.01368
G4_P6_MMD2-36B_L001,Post_P10,Post,994996.9,994984.5,12.4,0.00725
G4_P8_MMD2-36B_L001,Post_P10,Post,991350.6,991255.2,95.4,0.01267
G5_P10_MMD2-36B_L001,Post_P10,Post,995051.7,993561.1,1490.6,0.00932
G5_P6_MMD2-36B_L001,Post_P10,Post,992082.9,991187.0,895.9,0.01277
G5_P8_MMD2-36B_L001,Post_P10,Post,991306.2,991265.2,41.0,0.01266
G6_P10_MMD2-36B_L001,Post_P10,Post,1000223.4,1000223.3,0.1,-0.00032
G6_P6_MMD2-36B_L001,Post_P10,Post,993589.1,992960.4,628.7,0.01019
G6_P8_MMD2-36B_L001,Post_P10,Post,1000951.4,1000949.7,1.7,-0.00137
G6_P9_MMD2-36B_L001,Post_P10,Post,989235.4,989221.1,14.3,0.01564
G7_P10_MMD2-36B_L001,Post_P10,Post,994866.5,994850.4,16.1,0.00745
G7_P6_MMD2-36B_L001,Post_P10,Post,994347.4,994337.6,9.8,0.00819
G7_P8_MMD2-36B_L001,Post_P10,Post,994518.5,994514.6,3.9,0.00794
G7_P9_MMD2-36B_L001,Post_P10,Post,994541.2,994527.8,13.4,0.00792
G8_P10_MMD2-36B_L001,Post_P10,Post,991109.5,991070.2,39.3,0.01294
G8_P9_MMD2-36B_L001,Post_P10,Post,996922.7,996666.8,255.9,0.00482
G9_P10_MMD2-36B_L001,Post_P10,Post,998974.9,998974.9,-0.0,0.00148
G9_P9_MMD2-36B_L001,Post_P10,Post,994533.8,994526.3,7.5,0.00792
H10_P10_MMD2-36B_L001,Post_P10,Post,993868.0,993829.6,38.4,0.00893
H10_P6_MMD2-36B_L001,Post_P10,Post,996872.9,996862.8,10.1,0.00453
H11_P10_MMD2-36B_L001,Post_P10,Post,991540.5,991371.8,168.7,0.0125
H11_P6_MMD2-36B_L001,Post_P10,Post,999795.6,999795.6,0.0,0.00029
H11_P8_MMD2-36B_L001,Post_P10,Post,995014.4,995010.0,4.4,0.00722
H12_P10_MMD2-36B_L001,Post_P10,Post,993230.2,993027.1,203.1,0.0101
H12_P6_MMD2-36B_L001,Post_P10,Post,995683.2,995595.8,87.4,0.00637
H12_P8_MMD2-36B_L001,Post_P10,Post,993624.3,993617.0,7.3,0.00924
H1_P6_MMD2-36B_L001,Post_P10,Post,995102.4,994446.2,656.2,0.00803
H1_P8_MMD2-36B_L001,Post_P10,Post,994429.0,993040.8,1388.2,0.01008
H1_P9_MMD2-36B_L001,Post_P10,Post,994835.9,994835.9,0.0,0.00747
H2_P6_MMD2-36B_L001,Post_P10,Post,995082.1,995082.1,0.0,0.00711
H2_P8_MMD2-36B_L001,Post_P10,Post,995986.5,995953.2,33.3,0.00585
H2_P9_MMD2-36B_L001,Post_P10,Post,993501.7,993501.7,-0.0,0.00941
H3_P10_MMD2-36B_L001,Post_P10,Post,998107.8,998107.8,0.0,0.00273
H3_P9_MMD2-36B_L001,Post_P10,Post,992540.1,992540.1,-0.0,0.0108
H4_P10_MMD2-36B_L001,Post_P10,Post,994895.3,994840.0,55.3,0.00746
H4_P8_MMD2-36B_L001,Post_P10,Post,998021.9,997871.0,150.9,0.00307
H5_P10_MMD2-36B_L001,Post_P10,Post,994425.1,994425.1,-0.0,0.00807
H5_P6_MMD2-36B_L001,Post_P10,Post,988400.0,987514.6,885.4,0.01813
H5_P8_MMD2-36B_L001,Post_P10,Post,995775.3,995773.0,2.3,0.00611
H5_P9_MMD2-36B_L001,Post_P10,Post,994073.7,994048.8,24.9,0.00861
H6_P6_MMD2-36B_L001,Post_P10,Post,990460.0,990444.6,15.4,0.01385
H6_P8_MMD2-36B_L001,Post_P10,Post,993296.5,993202.1,94.4,0.00984
H6_P9_MMD2-36B_L001,Post_P10,Post,999865.0,999851.6,13.4,0.00021
H7_P6_MMD2-36B_L001,Post_P10,Post,993009.0,992887.7,121.3,0.0103
H7_P8_MMD2-36B_L001,Post_P10,Post,996544.1,996487.0,57.1,0.00508
H8_P10_MMD2-36B_L001,Post_P10,Post,994007.0,993860.7,146.3,0.00888
H8_P8_MMD2-36B_L001,Post_P10,Post,994709.6,994668.6,41.0,0.00771
H8_P9_MMD2-36B_L001,Post_P10,Post,989046.7,988964.4,82.3,0.01601
H9_P10_MMD2-36B_L001,Post_P10,Post,996662.5,996643.7,18.8,0.00485
H9_P6_MMD2-36B_L001,Post_P10,Post,996725.7,996581.1,144.6,0.00494
H9_P9_MMD2-36B_L001,Post_P10,Post,986449.3,985755.1,694.2,0.0207
A10_P4_M44_L001,Post_P11,Post,996074.2,996056.5,17.7,0.0057
A10_P5_M44_L001,Post_P11,Post,989625.6,989625.6,-0.0,0.01505
A11_P4_M44_L001,Post_P11,Post,997045.7,997045.7,-0.0,0.00427
A11_P5_M44_L001,Post_P11,Post,995296.0,995169.1,126.9,0.00699
A12_P4_M44_L001,Post_P11,Post,990202.0,990182.0,20.0,0.01423
A12_P5_M44_L001,Post_P11,Post,992471.2,992464.4,6.8,0.01091
A2_P4_M44_L001,Post_P11,Post,988974.6,988957.4,17.2,0.01602
A2_P5_M44_L001,Post_P11,Post,996845.1,996835.2,9.9,0.00457
A3_P4_M44_L001,Post_P11,Post,996548.1,996545.5,2.6,0.00499
A3_P5_M44_L001,Post_P11,Post,996310.4,996310.4,-0.0,0.00533
A4_P5_M44_L001,Post_P11,Post,996997.1,996981.3,15.8,0.00436
A6_P4_M44_L001,Post_P11,Post,990884.6,990869.3,15.3,0.01323
A7_P4_M44_L001,Post_P11,Post,996574.4,996354.1,220.3,0.00527
A7_P5_M44_L001,Post_P11,Post,994524.1,993621.2,902.9,0.00923
A8_P4_M44_L001,Post_P11,Post,995098.5,995076.1,22.4,0.00712
A8_P5_M44_L001,Post_P11,Post,993424.1,993357.3,66.8,0.00962
A9_P1_M44_L001,Post_P11,Post,994751.2,994736.5,14.7,0.00761
A9_P4_M44_L001,Post_P11,Post,992344.3,992308.6,35.7,0.01114
A9_P5_M44_L001,Post_P11,Post,996905.5,996882.7,22.8,0.0045
B10_P1_M44_L001,Post_P11,Post,997248.7,997217.2,31.5,0.00402
B10_P3_M44_L001,Post_P11,Post,994264.9,994144.8,120.1,0.00847
B10_P5_M44_L001,Post_P11,Post,992110.3,992072.5,37.8,0.01148
B11_P1_M44_L001,Post_P11,Post,996173.6,996155.1,18.5,0.00556
B11_P3_M44_L001,Post_P11,Post,991915.6,991906.2,9.4,0.01172
B11_P4_M44_L001,Post_P11,Post,995337.3,995327.0,10.3,0.00676
B11_P5_M44_L001,Post_P11,Post,995281.8,995231.2,50.6,0.0069
B12_P1_M44_L001,Post_P11,Post,991483.4,991449.4,34.0,0.01239
B12_P3_M44_L001,Post_P11,Post,994140.0,994099.3,40.7,0.00854
B12_P4_M44_L001,Post_P11,Post,995594.9,995579.2,15.7,0.00639
B12_P5_M44_L001,Post_P11,Post,996269.0,996263.9,5.1,0.0054
B1_P1_M44_L001,Post_P11,Post,995544.4,995542.6,1.8,0.00645
B1_P4_M44_L001,Post_P11,Post,994275.7,994219.4,56.3,0.00836
B1_P5_M44_L001,Post_P11,Post,988785.3,988768.6,16.7,0.0163
B2_P1_M44_L001,Post_P11,Post,995018.9,995012.2,6.7,0.00721
B2_P3_M44_L001,Post_P11,Post,985973.1,985970.6,2.5,0.02038
B2_P4_M44_L001,Post_P11,Post,999803.0,999723.6,79.4,0.0004
B2_P5_M44_L001,Post_P11,Post,991974.8,984038.8,7936.0,0.02321
B3_P1_M44_L001,Post_P11,Post,994449.6,994448.5,1.1,0.00803
B3_P3_M44_L001,Post_P11,Post,996376.8,996366.9,9.9,0.00525
B3_P4_M44_L001,Post_P11,Post,993215.1,993201.0,14.1,0.00984
B3_P5_M44_L001,Post_P11,Post,997589.1,997520.8,68.3,0.00358
B4_P1_M44_L001,Post_P11,Post,995741.3,995723.2,18.1,0.00618
B4_P3_M44_L001,Post_P11,Post,995540.9,995536.6,4.3,0.00645
B4_P4_M44_L001,Post_P11,Post,997274.3,997251.0,23.3,0.00397
B4_P5_M44_L001,Post_P11,Post,997610.2,996927.2,683.0,0.00444
B5_P1_M44_L001,Post_P11,Post,994361.1,994356.8,4.3,0.00816
B5_P3_M44_L001,Post_P11,Post,994326.6,994313.3,13.3,0.00823
B5_P4_M44_L001,Post_P11,Post,994574.6,994550.9,23.7,0.00788
B5_P5_M44_L001,Post_P11,Post,991887.7,991847.6,40.1,0.01181
B6_P1_M44_L001,Post_P11,Post,992188.6,992188.6,-0.0,0.01131
B6_P3_M44_L001,Post_P11,Post,993227.0,993199.4,27.6,0.00984
B7_P1_M44_L001,Post_P11,Post,995079.6,994400.3,679.3,0.0081
B7_P3_M44_L001,Post_P11,Post,992263.8,992249.8,14.0,0.01122
B7_P4_M44_L001,Post_P11,Post,996553.1,996540.5,12.6,0.005
B7_P5_M44_L001,Post_P11,Post,994944.7,994932.3,12.4,0.00733
B8_P3_M44_L001,Post_P11,Post,993233.9,993231.6,2.3,0.0098
B8_P4_M44_L001,Post_P11,Post,995516.3,995516.3,-0.0,0.00648
B8_P5_M44_L001,Post_P11,Post,992049.7,992016.3,33.4,0.01156
B9_P1_M44_L001,Post_P11,Post,988480.4,988480.4,-0.0,0.01672
B9_P3_M44_L001,Post_P11,Post,988982.8,988797.4,185.4,0.01625
B9_P4_M44_L001,Post_P11,Post,994982.9,994982.9,0.0,0.00726
B9_P5_M44_L001,Post_P11,Post,996873.7,996862.0,11.7,0.00453
C10_P1_M44_L001,Post_P11,Post,993756.8,993613.5,143.3,0.00924
C10_P3_M44_L001,Post_P11,Post,994528.8,994510.0,18.8,0.00794
C10_P4_M44_L001,Post_P11,Post,997135.4,997120.7,14.7,0.00416
C10_P5_M44_L001,Post_P11,Post,994104.4,994086.5,17.9,0.00856
C11_P1_M44_L001,Post_P11,Post,996003.2,995997.2,6.0,0.00579
C11_P3_M44_L001,Post_P11,Post,991618.9,991424.8,194.1,0.01242
C11_P4_M44_L001,Post_P11,Post,991963.6,990867.5,1096.1,0.01324
C11_P5_M44_L001,Post_P11,Post,992883.6,992840.2,43.4,0.01037
C12_P1_M44_L001,Post_P11,Post,995961.4,995943.3,18.1,0.00586
C12_P3_M44_L001,Post_P11,Post,995291.4,995279.4,12.0,0.00683
C12_P4_M44_L001,Post_P11,Post,992948.6,991678.4,1270.2,0.01206
C12_P5_M44_L001,Post_P11,Post,990916.7,990916.7,-0.0,0.01316
C1_P1_M44_L001,Post_P11,Post,991192.9,991188.2,4.7,0.01277
C1_P3_M44_L001,Post_P11,Post,994054.4,994054.4,-0.0,0.0086
C1_P4_M44_L001,Post_P11,Post,996286.6,996220.7,65.9,0.00546
C1_P5_M44_L001,Post_P11,Post,990918.4,990907.4,11.0,0.01318
C2_P1_M44_L001,Post_P11,Post,988908.9,988883.6,25.3,0.01613
C2_P3_M44_L001,Post_P11,Post,996927.5,996900.3,27.2,0.00448
C2_P4_M44_L001,Post_P11,Post,993981.9,993974.2,7.7,0.00872
C2_P5_M44_L001,Post_P11,Post,993961.4,993939.8,21.6,0.00877
C3_P1_M44_L001,Post_P11,Post,994203.4,994179.6,23.8,0.00842
C3_P3_M44_L001,Post_P11,Post,995920.2,995900.1,20.1,0.00593
C3_P5_M44_L001,Post_P11,Post,989074.8,989067.7,7.1,0.01586
C4_P1_M44_L001,Post_P11,Post,990303.8,990292.3,11.5,0.01407
C4_P3_M44_L001,Post_P11,Post,996790.5,996784.4,6.1,0.00465
C5_P1_M44_L001,Post_P11,Post,992474.1,992342.6,131.5,0.01109
C5_P3_M44_L001,Post_P11,Post,994337.2,994324.4,12.8,0.00821
C6_P1_M44_L001,Post_P11,Post,992648.3,992636.0,12.3,0.01066
C6_P3_M44_L001,Post_P11,Post,994545.4,994545.4,-0.0,0.00789
C6_P4_M44_L001,Post_P11,Post,994050.9,994046.2,4.7,0.00862
C7_P1_M44_L001,Post_P11,Post,996892.4,996826.5,65.9,0.00459
C7_P3_M44_L001,Post_P11,Post,998247.9,998239.6,8.3,0.00254
C7_P4_M44_L001,Post_P11,Post,995858.6,995858.6,-0.0,0.00599
C8_P1_M44_L001,Post_P11,Post,997224.7,997199.8,24.9,0.00405
C8_P3_M44_L001,Post_P11,Post,992983.0,992971.2,11.8,0.01018
C8_P4_M44_L001,Post_P11,Post,994026.9,993939.7,87.2,0.00877
C8_P5_M44_L001,Post_P11,Post,994322.8,994322.8,-0.0,0.00821
C9_P1_M44_L001,Post_P11,Post,998428.0,998428.0,-0.0,0.00227
C9_P3_M44_L001,Post_P11,Post,996292.8,996286.9,5.9,0.00537
C9_P5_M44_L001,Post_P11,Post,991319.8,991300.3,19.5,0.01261
D10_P1_M44_L001,Post_P11,Post,995406.3,995402.1,4.2,0.00665
D10_P3_M44_L001,Post_P11,Post,994884.7,994876.6,8.1,0.00741
D10_P4_M44_L001,Post_P11,Post,993140.7,993134.9,5.8,0.00994
D10_P5_M44_L001,Post_P11,Post,995665.4,995634.2,31.2,0.00631
D11_P1_M44_L001,Post_P11,Post,994635.1,994614.4,20.7,0.00779
D11_P3_M44_L001,Post_P11,Post,995842.1,995838.5,3.6,0.00602
D11_P4_M44_L001,Post_P11,Post,997313.1,997299.5,13.6,0.0039
D11_P5_M44_L001,Post_P11,Post,993566.9,993164.5,402.4,0.0099
D12_P1_M44_L001,Post_P11,Post,994267.7,994259.2,8.5,0.00831
D12_P3_M44_L001,Post_P11,Post,996710.1,996700.5,9.6,0.00477
D12_P4_M44_L001,Post_P11,Post,995157.3,995155.2,2.1,0.00701
D12_P5_M44_L001,Post_P11,Post,996870.7,996867.2,3.5,0.00453
D1_P1_M44_L001,Post_P11,Post,995136.1,995136.1,0.0,0.00703
D1_P3_M44_L001,Post_P11,Post,991528.2,991520.9,7.3,0.01228
D1_P4_M44_L001,Post_P11,Post,998176.2,998173.7,2.5,0.00264
D1_P5_M44_L001,Post_P11,Post,994921.2,994921.2,-0.0,0.00735
D2_P1_M44_L001,Post_P11,Post,992002.8,992002.8,0.0,0.01158
D2_P3_M44_L001,Post_P11,Post,992530.0,992530.0,-0.0,0.01082
D2_P4_M44_L001,Post_P11,Post,995162.6,995162.6,0.0,0.007
D2_P5_M44_L001,Post_P11,Post,994648.1,994648.1,0.0,0.00774
D3_P1_M44_L001,Post_P11,Post,992028.2,991978.5,49.7,0.01162
D3_P4_M44_L001,Post_P11,Post,990246.1,990236.1,10.0,0.01416
D4_P1_M44_L001,Post_P11,Post,996664.7,996658.2,6.5,0.00483
D4_P3_M44_L001,Post_P11,Post,992832.1,992826.2,5.9,0.01039
D4_P5_M44_L001,Post_P11,Post,996869.3,996869.3,0.0,0.00452
D5_P3_M44_L001,Post_P11,Post,997823.5,997771.1,52.4,0.00322
D5_P5_M44_L001,Post_P11,Post,992144.7,992139.7,5.0,0.01138
D6_P1_M44_L001,Post_P11,Post,994341.2,994341.2,-0.0,0.00819
D6_P3_M44_L001,Post_P11,Post,997813.7,997765.2,48.5,0.00323
D6_P4_M44_L001,Post_P11,Post,995850.5,995838.8,11.7,0.00602
D7_P1_M44_L001,Post_P11,Post,996094.6,996077.5,17.1,0.00567
D7_P3_M44_L001,Post_P11,Post,995572.0,995466.8,105.2,0.00655
D7_P4_M44_L001,Post_P11,Post,996870.0,996861.5,8.5,0.00454
D7_P5_M44_L001,Post_P11,Post,996817.1,996810.3,6.8,0.00461
D8_P1_M44_L001,Post_P11,Post,997118.5,997114.0,4.5,0.00417
D8_P4_M44_L001,Post_P11,Post,994906.8,994851.7,55.1,0.00745
D8_P5_M44_L001,Post_P11,Post,992336.1,992336.1,0.0,0.0111
D9_P1_M44_L001,Post_P11,Post,994910.9,994908.6,2.3,0.00736
D9_P3_M44_L001,Post_P11,Post,990420.6,990409.3,11.3,0.0139
D9_P4_M44_L001,Post_P11,Post,990759.7,990696.0,63.7,0.01349
D9_P5_M44_L001,Post_P11,Post,996833.2,996833.2,-0.0,0.00458
E10_P1_M44_L001,Post_P11,Post,993078.9,992994.2,84.7,0.01014
E10_P3_M44_L001,Post_P11,Post,995517.7,995514.5,3.2,0.00649
E10_P4_M44_L001,Post_P11,Post,995569.0,995553.5,15.5,0.00643
E10_P5_M44_L001,Post_P11,Post,996584.3,996550.1,34.2,0.00499
E11_P1_M44_L001,Post_P11,Post,995199.7,995185.9,13.8,0.00696
E11_P3_M44_L001,Post_P11,Post,995267.0,995247.3,19.7,0.00687
E11_P4_M44_L001,Post_P11,Post,995768.8,995752.7,16.1,0.00614
E11_P5_M44_L001,Post_P11,Post,998437.4,998425.2,12.2,0.00227
E12_P3_M44_L001,Post_P11,Post,996052.9,994877.6,1175.3,0.00741
E12_P4_M44_L001,Post_P11,Post,994250.1,993621.2,628.9,0.00923
E12_P5_M44_L001,Post_P11,Post,996355.7,996190.3,165.4,0.00551
E1_P1_M44_L001,Post_P11,Post,990956.2,990945.9,10.3,0.01312
E1_P3_M44_L001,Post_P11,Post,993882.9,993519.5,363.4,0.00938
E1_P4_M44_L001,Post_P11,Post,997214.8,997208.3,6.5,0.00403
E1_P5_M44_L001,Post_P11,Post,993368.0,993368.0,0.0,0.0096
E2_P3_M44_L001,Post_P11,Post,995537.5,995514.2,23.3,0.00649
E2_P4_M44_L001,Post_P11,Post,995883.1,995880.0,3.1,0.00596
E2_P5_M44_L001,Post_P11,Post,995599.3,995599.3,-0.0,0.00636
E3_P3_M44_L001,Post_P11,Post,993165.9,992099.5,1066.4,0.01144
E3_P4_M44_L001,Post_P11,Post,998306.7,998273.3,33.4,0.00249
E3_P5_M44_L001,Post_P11,Post,996178.9,996160.5,18.4,0.00555
E4_P1_M44_L001,Post_P11,Post,995879.3,995872.6,6.7,0.00597
E4_P4_M44_L001,Post_P11,Post,994952.4,994952.4,0.0,0.0073
E4_P5_M44_L001,Post_P11,Post,997385.5,997374.5,11.0,0.00379
E5_P1_M44_L001,Post_P11,Post,996590.1,996587.7,2.4,0.00493
E5_P3_M44_L001,Post_P11,Post,996033.9,996033.9,-0.0,0.00573
E5_P5_M44_L001,Post_P11,Post,987631.3,987622.7,8.6,0.01797
E6_P1_M44_L001,Post_P11,Post,996278.0,996267.4,10.6,0.0054
E6_P3_M44_L001,Post_P11,Post,997986.9,997959.8,27.1,0.00295
E6_P4_M44_L001,Post_P11,Post,988959.7,988953.9,5.8,0.01602
E6_P5_M44_L001,Post_P11,Post,993898.3,993890.0,8.3,0.00884
E7_P1_M44_L001,Post_P11,Post,990040.6,989464.0,576.6,0.01528
E7_P3_M44_L001,Post_P11,Post,992760.6,986342.6,6418.0,0.01984
E7_P4_M44_L001,Post_P11,Post,995774.8,995753.5,21.3,0.00614
E7_P5_M44_L001,Post_P11,Post,991318.6,991265.7,52.9,0.01266
E8_P1_M44_L001,Post_P11,Post,992693.2,992676.0,17.2,0.01061
E8_P4_M44_L001,Post_P11,Post,995844.4,995844.4,0.0,0.00601
E8_P5_M44_L001,Post_P11,Post,993875.5,993837.5,38.0,0.00892
E9_P1_M44_L001,Post_P11,Post,992816.9,992811.9,5.0,0.01041
E9_P3_M44_L001,Post_P11,Post,992395.3,992393.0,2.3,0.01102
E9_P4_M44_L001,Post_P11,Post,993853.4,993853.4,0.0,0.0089
E9_P5_M44_L001,Post_P11,Post,991383.2,991344.3,38.9,0.01254
F10_P1_M44_L001,Post_P11,Post,991947.4,991942.9,4.5,0.01167
F10_P3_M44_L001,Post_P11,Post,997248.1,997242.2,5.9,0.00398
F10_P4_M44_L001,Post_P11,Post,996536.2,996534.3,1.9,0.00501
F10_P5_M44_L001,Post_P11,Post,994542.6,994516.5,26.1,0.00793
F11_P1_M44_L001,Post_P11,Post,996362.4,996356.8,5.6,0.00527
F11_P3_M44_L001,Post_P11,Post,994790.6,994761.4,29.2,0.00758
F11_P5_M44_L001,Post_P11,Post,992989.0,992608.4,380.6,0.0107
F12_P1_M44_L001,Post_P11,Post,996519.6,996500.8,18.8,0.00506
F12_P3_M44_L001,Post_P11,Post,997801.0,997791.1,9.9,0.00319
F12_P4_M44_L001,Post_P11,Post,993126.1,993091.5,34.6,0.01
F12_P5_M44_L001,Post_P11,Post,994920.9,994913.4,7.5,0.00736
F1_P1_M44_L001,Post_P11,Post,988312.5,987671.1,641.4,0.0179
F1_P4_M44_L001,Post_P11,Post,995151.4,995151.4,0.0,0.00701
F1_P5_M44_L001,Post_P11,Post,995534.1,993501.5,2032.6,0.00941
F2_P1_M44_L001,Post_P11,Post,992248.8,992238.4,10.4,0.01124
F2_P3_M44_L001,Post_P11,Post,992330.0,991008.2,1321.8,0.01303
F2_P5_M44_L001,Post_P11,Post,996218.5,996213.7,4.8,0.00547
F3_P1_M44_L001,Post_P11,Post,994501.6,994496.3,5.3,0.00796
F3_P3_M44_L001,Post_P11,Post,995017.0,994997.1,19.9,0.00724
F3_P5_M44_L001,Post_P11,Post,993425.1,993417.4,7.7,0.00953
F4_P1_M44_L001,Post_P11,Post,995396.1,995009.9,386.2,0.00722
F4_P3_M44_L001,Post_P11,Post,994658.4,994653.9,4.5,0.00773
F4_P4_M44_L001,Post_P11,Post,994697.1,994697.1,0.0,0.00767
F4_P5_M44_L001,Post_P11,Post,996421.4,996415.3,6.1,0.00518
F5_P1_M44_L001,Post_P11,Post,993220.6,993214.1,6.5,0.00982
F5_P3_M44_L001,Post_P11,Post,997178.4,997145.6,32.8,0.00412
F5_P4_M44_L001,Post_P11,Post,996610.4,995476.0,1134.4,0.00654
F5_P5_M44_L001,Post_P11,Post,993891.1,993805.9,85.2,0.00896
F6_P3_M44_L001,Post_P11,Post,995147.1,995142.8,4.3,0.00702
F6_P4_M44_L001,Post_P11,Post,997736.9,997732.6,4.3,0.00327
F6_P5_M44_L001,Post_P11,Post,997757.2,997740.6,16.6,0.00326
F7_P1_M44_L001,Post_P11,Post,995183.2,995179.0,4.2,0.00697
F7_P3_M44_L001,Post_P11,Post,994614.5,994613.7,0.8,0.00779
F7_P5_M44_L001,Post_P11,Post,995439.6,995421.1,18.5,0.00662
F8_P3_M44_L001,Post_P11,Post,997247.0,997232.0,15.0,0.004
F8_P4_M44_L001,Post_P11,Post,996871.5,996870.0,1.5,0.00452
F9_P1_M44_L001,Post_P11,Post,996344.5,996314.0,30.5,0.00533
F9_P4_M44_L001,Post_P11,Post,996773.2,996773.2,0.0,0.00466
F9_P5_M44_L001,Post_P11,Post,996552.1,996552.1,0.0,0.00498
G10_P1_M44_L001,Post_P11,Post,993085.5,993032.1,53.4,0.01009
G10_P3_M44_L001,Post_P11,Post,997230.7,997210.3,20.4,0.00403
G10_P4_M44_L001,Post_P11,Post,994745.1,992886.7,1858.4,0.0103
G10_P5_M44_L001,Post_P11,Post,990896.9,990896.9,-0.0,0.01319
G11_P1_M44_L001,Post_P11,Post,993241.9,993237.4,4.5,0.00979
G11_P3_M44_L001,Post_P11,Post,994417.9,994384.4,33.5,0.00812
G11_P5_M44_L001,Post_P11,Post,990636.8,990636.8,0.0,0.01357
G12_P1_M44_L001,Post_P11,Post,995438.1,995430.3,7.8,0.00661
G12_P3_M44_L001,Post_P11,Post,993172.6,993164.1,8.5,0.0099
G12_P4_M44_L001,Post_P11,Post,993565.5,993565.5,-0.0,0.00931
G1_P1_M44_L001,Post_P11,Post,995525.2,995515.3,9.9,0.00648
G1_P3_M44_L001,Post_P11,Post,996043.9,996037.1,6.8,0.00573
G1_P5_M44_L001,Post_P11,Post,996807.6,996801.8,5.8,0.00462
G2_P1_M44_L001,Post_P11,Post,992169.6,992147.0,22.6,0.01137
G2_P3_M44_L001,Post_P11,Post,997128.1,997112.3,15.8,0.00417
G2_P4_M44_L001,Post_P11,Post,985946.0,985942.1,3.9,0.02043
G2_P5_M44_L001,Post_P11,Post,995755.9,995745.4,10.5,0.00615
G3_P1_M44_L001,Post_P11,Post,996762.0,996723.4,38.6,0.00473
G3_P3_M44_L001,Post_P11,Post,994782.5,994752.3,30.2,0.00759
G3_P4_M44_L001,Post_P11,Post,993685.3,993680.8,4.5,0.00915
G3_P5_M44_L001,Post_P11,Post,998346.8,998330.7,16.1,0.00241
G4_P1_M44_L001,Post_P11,Post,994727.5,994726.4,1.1,0.00763
G4_P3_M44_L001,Post_P11,Post,995293.8,995290.9,2.9,0.00681
G4_P5_M44_L001,Post_P11,Post,995657.0,995603.8,53.2,0.00636
G5_P1_M44_L001,Post_P11,Post,996068.0,996058.1,9.9,0.0057
G5_P3_M44_L001,Post_P11,Post,990612.2,990604.0,8.2,0.01362
G5_P4_M44_L001,Post_P11,Post,997455.2,997455.2,-0.0,0.00368
G6_P1_M44_L001,Post_P11,Post,995286.7,995255.7,31.0,0.00686
G6_P3_M44_L001,Post_P11,Post,997785.4,997393.2,392.2,0.00377
G6_P4_M44_L001,Post_P11,Post,997107.3,997010.5,96.8,0.00432
G6_P5_M44_L001,Post_P11,Post,991139.1,991086.7,52.4,0.01292
G7_P1_M44_L001,Post_P11,Post,994954.6,994939.8,14.8,0.00732
G7_P3_M44_L001,Post_P11,Post,994717.3,994717.3,0.0,0.00764
G7_P5_M44_L001,Post_P11,Post,988717.7,988687.6,30.1,0.01641
G8_P1_M44_L001,Post_P11,Post,991694.4,991668.5,25.9,0.01207
G8_P3_M44_L001,Post_P11,Post,994493.0,994493.0,-0.0,0.00797
G8_P4_M44_L001,Post_P11,Post,994209.0,994209.0,0.0,0.00838
G9_P1_M44_L001,Post_P11,Post,995195.5,995190.5,5.0,0.00696
G9_P3_M44_L001,Post_P11,Post,993656.7,993655.3,1.4,0.00918
G9_P4_M44_L001,Post_P11,Post,992221.4,992200.8,20.6,0.0113
H10_P1_M44_L001,Post_P11,Post,998082.9,997989.3,93.6,0.0029
H10_P3_M44_L001,Post_P11,Post,996795.0,996795.0,-0.0,0.00463
H10_P5_M44_L001,Post_P11,Post,993355.8,993307.4,48.4,0.00969
H11_P1_M44_L001,Post_P11,Post,994066.1,992547.1,1519.0,0.01079
H11_P3_M44_L001,Post_P11,Post,993264.2,993264.2,0.0,0.00975
H11_P4_M44_L001,Post_P11,Post,996638.9,996632.4,6.5,0.00487
H11_P5_M44_L001,Post_P11,Post,996885.4,996430.8,454.6,0.00516
H12_P1_M44_L001,Post_P11,Post,989629.3,989626.8,2.5,0.01504
H12_P3_M44_L001,Post_P11,Post,993326.8,993271.3,55.5,0.00974
H12_P4_M44_L001,Post_P11,Post,992505.9,992497.3,8.6,0.01086
H12_P5_M44_L001,Post_P11,Post,995413.9,995402.2,11.7,0.00665
H1_P1_M44_L001,Post_P11,Post,997305.8,997305.8,0.0,0.00389
H1_P3_M44_L001,Post_P11,Post,994217.5,994211.6,5.9,0.00838
H1_P4_M44_L001,Post_P11,Post,991781.4,991726.9,54.5,0.01199
H1_P5_M44_L001,Post_P11,Post,994371.0,994278.9,92.1,0.00828
H2_P1_M44_L001,Post_P11,Post,994832.7,994832.7,-0.0,0.00747
H2_P3_M44_L001,Post_P11,Post,992371.4,992364.6,6.8,0.01106
H2_P4_M44_L001,Post_P11,Post,995672.3,995669.1,3.2,0.00626
H2_P5_M44_L001,Post_P11,Post,996369.0,996365.3,3.7,0.00525
H3_P1_M44_L001,Post_P11,Post,995523.4,995512.7,10.7,0.00649
H3_P3_M44_L001,Post_P11,Post,993059.4,993056.6,2.8,0.01005
H3_P4_M44_L001,Post_P11,Post,994691.8,994675.0,16.8,0.0077
H3_P5_M44_L001,Post_P11,Post,987717.3,987621.3,96.0,0.01797
H4_P1_M44_L001,Post_P11,Post,993835.4,993811.1,24.3,0.00896
H4_P3_M44_L001,Post_P11,Post,994036.6,994030.8,5.8,0.00864
H4_P4_M44_L001,Post_P11,Post,997236.3,997228.7,7.6,0.004
H4_P5_M44_L001,Post_P11,Post,996981.0,996978.4,2.6,0.00437
H5_P3_M44_L001,Post_P11,Post,995213.4,994986.0,227.4,0.00725
H5_P4_M44_L001,Post_P11,Post,994325.0,994254.0,71.0,0.00831
H5_P5_M44_L001,Post_P11,Post,997199.2,997199.2,0.0,0.00405
H6_P1_M44_L001,Post_P11,Post,990961.2,990961.2,0.0,0.0131
H6_P3_M44_L001,Post_P11,Post,994307.4,994293.5,13.9,0.00826
H6_P5_M44_L001,Post_P11,Post,991758.1,991635.1,123.0,0.01212
H7_P1_M44_L001,Post_P11,Post,997842.8,997836.2,6.6,0.00313
H7_P3_M44_L001,Post_P11,Post,995497.4,995416.9,80.5,0.00663
H7_P4_M44_L001,Post_P11,Post,993254.3,993233.2,21.1,0.0098
H7_P5_M44_L001,Post_P11,Post,992722.9,991322.8,1400.1,0.01257
H8_P1_M44_L001,Post_P11,Post,994312.2,994312.2,-0.0,0.00823
H8_P4_M44_L001,Post_P11,Post,995437.2,995424.9,12.3,0.00662
H8_P5_M44_L001,Post_P11,Post,994966.1,994959.5,6.6,0.00729
H9_P1_M44_L001,Post_P11,Post,993094.7,993071.5,23.2,0.01003
H9_P3_M44_L001,Post_P11,Post,996788.2,996785.2,3.0,0.00465
H9_P4_M44_L001,Post_P11,Post,994063.3,994063.3,-0.0,0.00859
H9_P5_M44_L001,Post_P11,Post,993076.3,991124.1,1952.2,0.01286
A10_P1_M66_L001,Pre_P12,Pre,993033.5,993033.5,-0.0,0.01009
A10_P2_M66_L001,Pre_P12,Pre,997500.2,997500.2,0.0,0.00361
A10_P4_M66_L001,Pre_P12,Pre,993671.5,992662.6,1008.9,0.01062
A10_P5_M66_L001,Pre_P12,Pre,985142.5,985112.3,30.2,0.02164
A11_P1_M66_L001,Pre_P12,Pre,995761.0,995761.0,0.0,0.00613
A11_P4_M66_L001,Pre_P12,Pre,996157.2,995942.5,214.7,0.00587
A11_P5_M66_L001,Pre_P12,Pre,995495.2,995475.8,19.4,0.00654
A12_P1_M66_L001,Pre_P12,Pre,995315.5,995149.0,166.5,0.00702
A12_P2_M66_L001,Pre_P12,Pre,993756.7,993756.7,-0.0,0.00904
A12_P4_M66_L001,Pre_P12,Pre,995615.8,995615.8,0.0,0.00634
A12_P5_M66_L001,Pre_P12,Pre,996877.2,996582.1,295.1,0.00494
A2_P1_M66_L001,Pre_P12,Pre,995503.4,995503.4,-0.0,0.0065
A2_P2_M66_L001,Pre_P12,Pre,996423.9,996274.8,149.1,0.00538
A2_P4_M66_L001,Pre_P12,Pre,984685.0,984685.0,-0.0,0.02227
A2_P5_M66_L001,Pre_P12,Pre,993151.7,992760.5,391.2,0.01048
A3_P1_M66_L001,Pre_P12,Pre,992481.7,992468.9,12.8,0.01091
A3_P2_M66_L001,Pre_P12,Pre,996759.9,996759.9,-0.0,0.00468
A3_P4_M66_L001,Pre_P12,Pre,997149.3,997149.3,0.0,0.00412
A3_P5_M66_L001,Pre_P12,Pre,995213.3,995213.3,0.0,0.00692
A4_P1_M66_L001,Pre_P12,Pre,993885.1,993644.9,240.2,0.0092
A4_P2_M66_L001,Pre_P12,Pre,995325.4,995325.4,0.0,0.00676
A4_P4_M66_L001,Pre_P12,Pre,994191.8,994033.0,158.8,0.00863
A4_P5_M66_L001,Pre_P12,Pre,991542.2,991209.7,332.5,0.01274
A5_P1_M66_L001,Pre_P12,Pre,994265.9,994265.9,-0.0,0.0083
A5_P2_M66_L001,Pre_P12,Pre,993926.4,993794.8,131.6,0.00898
A5_P4_M66_L001,Pre_P12,Pre,995377.8,995377.8,-0.0,0.00668
A5_P5_M66_L001,Pre_P12,Pre,996021.6,996021.6,-0.0,0.00575
A6_P1_M66_L001,Pre_P12,Pre,995020.7,992338.0,2682.7,0.0111
A6_P2_M66_L001,Pre_P12,Pre,991490.3,991475.5,14.8,0.01235
A6_P4_M66_L001,Pre_P12,Pre,996729.1,996681.0,48.1,0.0048
A6_P5_M66_L001,Pre_P12,Pre,996557.8,996557.8,0.0,0.00497
A7_P1_M66_L001,Pre_P12,Pre,992907.3,992907.3,0.0,0.01027
A7_P2_M66_L001,Pre_P12,Pre,994335.9,994302.6,33.3,0.00824
A7_P4_M66_L001,Pre_P12,Pre,995118.4,995118.4,0.0,0.00706
A7_P5_M66_L001,Pre_P12,Pre,992846.6,991878.8,967.8,0.01176
A8_P1_M66_L001,Pre_P12,Pre,996068.4,996032.1,36.3,0.00574
A8_P2_M66_L001,Pre_P12,Pre,995154.0,994848.4,305.6,0.00745
A8_P4_M66_L001,Pre_P12,Pre,994862.9,993895.1,967.8,0.00883
A9_P1_M66_L001,Pre_P12,Pre,993047.8,993047.8,0.0,0.01006
A9_P4_M66_L001,Pre_P12,Pre,995266.6,988037.0,7229.6,0.01736
A9_P5_M66_L001,Pre_P12,Pre,996351.3,996351.3,0.0,0.00527
B10_P2_M66_L001,Pre_P12,Pre,992125.7,992125.7,0.0,0.01141
B10_P5_M66_L001,Pre_P12,Pre,995087.1,995087.1,-0.0,0.00711
B11_P1_M66_L001,Pre_P12,Pre,992984.8,992953.2,31.6,0.0102
B11_P2_M66_L001,Pre_P12,Pre,995949.5,995949.5,-0.0,0.00586
B11_P4_M66_L001,Pre_P12,Pre,993885.4,993277.5,607.9,0.00973
B11_P5_M66_L001,Pre_P12,Pre,996286.1,996234.0,52.1,0.00544
B12_P1_M66_L001,Pre_P12,Pre,994713.8,994669.6,44.2,0.00771
B12_P2_M66_L001,Pre_P12,Pre,993005.2,993005.2,-0.0,0.01013
B12_P4_M66_L001,Pre_P12,Pre,995295.2,995295.2,-0.0,0.0068
B12_P5_M66_L001,Pre_P12,Pre,994929.0,994929.0,-0.0,0.00733
B1_P1_M66_L001,Pre_P12,Pre,993355.5,993355.5,0.0,0.00962
B1_P2_M66_L001,Pre_P12,Pre,997633.5,997633.5,-0.0,0.00342
B1_P4_M66_L001,Pre_P12,Pre,996016.0,995615.3,400.7,0.00634
B1_P5_M66_L001,Pre_P12,Pre,992300.3,992300.3,0.0,0.01115
B2_P1_M66_L001,Pre_P12,Pre,989523.8,989523.8,-0.0,0.01519
B2_P2_M66_L001,Pre_P12,Pre,995624.1,995624.1,-0.0,0.00633
B2_P4_M66_L001,Pre_P12,Pre,995717.9,995717.9,-0.0,0.00619
B2_P5_M66_L001,Pre_P12,Pre,992392.9,992367.0,25.9,0.01105
B3_P1_M66_L001,Pre_P12,Pre,996496.0,996496.0,0.0,0.00506
B3_P2_M66_L001,Pre_P12,Pre,992268.7,992268.7,0.0,0.0112
B3_P4_M66_L001,Pre_P12,Pre,994108.7,994108.7,0.0,0.00852
B3_P5_M66_L001,Pre_P12,Pre,992521.1,992475.6,45.5,0.0109
B4_P1_M66_L001,Pre_P12,Pre,992170.0,992170.0,0.0,0.01134
B4_P2_M66_L001,Pre_P12,Pre,994299.3,991064.2,3235.1,0.01295
B4_P4_M66_L001,Pre_P12,Pre,990047.0,990047.0,0.0,0.01443
B4_P5_M66_L001,Pre_P12,Pre,991316.4,991316.4,-0.0,0.01258
B5_P1_M66_L001,Pre_P12,Pre,993115.8,992705.5,410.3,0.01056
B5_P2_M66_L001,Pre_P12,Pre,995397.8,995397.8,-0.0,0.00665
B5_P4_M66_L001,Pre_P12,Pre,994250.9,994250.9,0.0,0.00832
B5_P5_M66_L001,Pre_P12,Pre,988017.5,988017.5,0.0,0.01739
B6_P1_M66_L001,Pre_P12,Pre,996333.5,993307.2,3026.3,0.00969
B6_P2_M66_L001,Pre_P12,Pre,994239.2,994233.3,5.9,0.00834
B6_P4_M66_L001,Pre_P12,Pre,994471.4,994471.4,-0.0,0.008
B6_P5_M66_L001,Pre_P12,Pre,993602.3,991632.6,1969.7,0.01212
B7_P1_M66_L001,Pre_P12,Pre,993760.9,993760.9,-0.0,0.00903
B7_P2_M66_L001,Pre_P12,Pre,991453.8,991453.8,0.0,0.01238
B7_P5_M66_L001,Pre_P12,Pre,995640.3,995640.3,-0.0,0.0063
B8_P1_M66_L001,Pre_P12,Pre,997395.2,997395.2,0.0,0.00376
B8_P2_M66_L001,Pre_P12,Pre,993029.0,993029.0,0.0,0.01009
B8_P4_M66_L001,Pre_P12,Pre,993454.7,993454.7,-0.0,0.00947
B9_P1_M66_L001,Pre_P12,Pre,993056.6,992655.9,400.7,0.01063
B9_P2_M66_L001,Pre_P12,Pre,994360.9,994351.1,9.8,0.00817
B9_P4_M66_L001,Pre_P12,Pre,996733.7,995911.2,822.5,0.00591
B9_P5_M66_L001,Pre_P12,Pre,989280.8,989280.8,-0.0,0.01555
C10_P1_M66_L001,Pre_P12,Pre,993950.2,993945.3,4.9,0.00876
C10_P2_M66_L001,Pre_P12,Pre,994351.7,994204.6,147.1,0.00839
C10_P4_M66_L001,Pre_P12,Pre,992120.3,992120.3,0.0,0.01141
C10_P5_M66_L001,Pre_P12,Pre,993312.7,993312.7,-0.0,0.00968
C11_P1_M66_L001,Pre_P12,Pre,994229.8,994229.8,0.0,0.00835
C11_P2_M66_L001,Pre_P12,Pre,997289.4,997227.3,62.1,0.00401
C11_P4_M66_L001,Pre_P12,Pre,993978.5,993978.5,0.0,0.00871
C11_P5_M66_L001,Pre_P12,Pre,995410.0,995360.2,49.8,0.00671
C12_P1_M66_L001,Pre_P12,Pre,996140.5,996073.9,66.6,0.00568
C12_P2_M66_L001,Pre_P12,Pre,996243.7,996243.7,0.0,0.00543
C12_P4_M66_L001,Pre_P12,Pre,991327.7,991327.7,-0.0,0.01257
C12_P5_M66_L001,Pre_P12,Pre,993778.4,993778.4,0.0,0.009
C1_P1_M66_L001,Pre_P12,Pre,995650.5,995650.5,-0.0,0.00629
C1_P2_M66_L001,Pre_P12,Pre,994234.3,994234.3,-0.0,0.00834
C1_P5_M66_L001,Pre_P12,Pre,994997.5,994866.0,131.5,0.00743
C2_P1_M66_L001,Pre_P12,Pre,992030.3,991739.3,291.0,0.01197
C2_P2_M66_L001,Pre_P12,Pre,992478.3,992478.3,-0.0,0.01089
C2_P4_M66_L001,Pre_P12,Pre,995250.0,995250.0,0.0,0.00687
C3_P2_M66_L001,Pre_P12,Pre,997167.8,997167.8,0.0,0.00409
C3_P4_M66_L001,Pre_P12,Pre,995597.2,995597.2,-0.0,0.00637
C3_P5_M66_L001,Pre_P12,Pre,994793.5,994789.5,4.0,0.00754
C4_P1_M66_L001,Pre_P12,Pre,994374.4,994124.7,249.7,0.0085
C4_P2_M66_L001,Pre_P12,Pre,994623.6,994561.9,61.7,0.00787
C4_P4_M66_L001,Pre_P12,Pre,996115.8,996115.8,-0.0,0.00561
C4_P5_M66_L001,Pre_P12,Pre,992870.5,992870.5,-0.0,0.01032
C5_P1_M66_L001,Pre_P12,Pre,996743.0,996713.7,29.3,0.00475
C5_P2_M66_L001,Pre_P12,Pre,992921.0,992921.0,-0.0,0.01025
C5_P5_M66_L001,Pre_P12,Pre,993779.4,993779.4,0.0,0.009
C6_P1_M66_L001,Pre_P12,Pre,995791.0,995791.0,0.0,0.00609
C6_P4_M66_L001,Pre_P12,Pre,995446.2,995446.2,-0.0,0.00658
C7_P2_M66_L001,Pre_P12,Pre,996072.1,996072.1,0.0,0.00568
C7_P5_M66_L001,Pre_P12,Pre,986353.5,984950.6,1402.9,0.02188
C8_P1_M66_L001,Pre_P12,Pre,995966.8,995966.8,-0.0,0.00583
C8_P5_M66_L001,Pre_P12,Pre,993753.4,993753.4,-0.0,0.00904
C9_P1_M66_L001,Pre_P12,Pre,995112.6,995112.6,0.0,0.00707
C9_P2_M66_L001,Pre_P12,Pre,989420.6,989420.6,-0.0,0.01534
C9_P4_M66_L001,Pre_P12,Pre,991796.5,991796.5,0.0,0.01188
D10_P1_M66_L001,Pre_P12,Pre,994035.6,994035.6,-0.0,0.00863
D10_P2_M66_L001,Pre_P12,Pre,996703.4,995188.6,1514.8,0.00696
D10_P4_M66_L001,Pre_P12,Pre,996365.6,996250.4,115.2,0.00542
D10_P5_M66_L001,Pre_P12,Pre,993237.6,993237.6,0.0,0.00979
D11_P1_M66_L001,Pre_P12,Pre,994617.9,994617.9,-0.0,0.00779
D11_P2_M66_L001,Pre_P12,Pre,995674.3,995674.3,0.0,0.00625
D11_P4_M66_L001,Pre_P12,Pre,995086.1,995086.1,0.0,0.00711
D11_P5_M66_L001,Pre_P12,Pre,995160.7,995154.8,5.9,0.00701
D12_P1_M66_L001,Pre_P12,Pre,997047.9,997047.9,0.0,0.00427
D12_P2_M66_L001,Pre_P12,Pre,997117.5,996521.1,596.4,0.00503
D12_P5_M66_L001,Pre_P12,Pre,992022.0,992022.0,-0.0,0.01156
D1_P1_M66_L001,Pre_P12,Pre,994245.2,994245.2,0.0,0.00833
D1_P2_M66_L001,Pre_P12,Pre,994367.1,994352.9,14.2,0.00817
D1_P4_M66_L001,Pre_P12,Pre,995030.6,995030.6,-0.0,0.00719
D1_P5_M66_L001,Pre_P12,Pre,993876.3,993805.3,71.0,0.00896
D2_P1_M66_L001,Pre_P12,Pre,995967.2,995967.2,0.0,0.00583
D2_P2_M66_L001,Pre_P12,Pre,995301.8,995301.8,0.0,0.00679
D2_P4_M66_L001,Pre_P12,Pre,994247.8,994247.8,0.0,0.00832
D2_P5_M66_L001,Pre_P12,Pre,997818.5,997797.7,20.8,0.00318
D3_P1_M66_L001,Pre_P12,Pre,997791.5,997791.5,0.0,0.00319
D3_P2_M66_L001,Pre_P12,Pre,992662.5,992636.8,25.7,0.01066
D3_P4_M66_L001,Pre_P12,Pre,995434.7,995434.7,0.0,0.0066
D4_P1_M66_L001,Pre_P12,Pre,996357.5,996302.4,55.1,0.00534
D4_P2_M66_L001,Pre_P12,Pre,995703.2,995703.2,0.0,0.00621
D4_P4_M66_L001,Pre_P12,Pre,997265.0,997265.0,0.0,0.00395
D4_P5_M66_L001,Pre_P12,Pre,994592.3,994592.3,0.0,0.00782
D5_P2_M66_L001,Pre_P12,Pre,993167.5,992984.5,183.0,0.01016
D5_P4_M66_L001,Pre_P12,Pre,993737.8,993737.8,-0.0,0.00906
D5_P5_M66_L001,Pre_P12,Pre,990542.6,989904.5,638.1,0.01464
D6_P1_M66_L001,Pre_P12,Pre,995149.1,995149.1,0.0,0.00702
D6_P2_M66_L001,Pre_P12,Pre,996455.9,996455.9,0.0,0.00512
D6_P4_M66_L001,Pre_P12,Pre,995958.0,995958.0,0.0,0.00584
D6_P5_M66_L001,Pre_P12,Pre,993481.7,993463.3,18.4,0.00946
D7_P1_M66_L001,Pre_P12,Pre,992334.6,992334.6,-0.0,0.0111
D7_P2_M66_L001,Pre_P12,Pre,990665.9,990511.4,154.5,0.01375
D7_P4_M66_L001,Pre_P12,Pre,996142.1,996142.1,0.0,0.00558
D7_P5_M66_L001,Pre_P12,Pre,994885.0,994885.0,0.0,0.0074
D8_P1_M66_L001,Pre_P12,Pre,994245.5,994245.5,0.0,0.00833
D8_P2_M66_L001,Pre_P12,Pre,991891.9,991891.9,0.0,0.01175
D8_P4_M66_L001,Pre_P12,Pre,992358.2,991045.0,1313.2,0.01298
D8_P5_M66_L001,Pre_P12,Pre,995528.5,994685.3,843.2,0.00769
D9_P1_M66_L001,Pre_P12,Pre,994012.3,993990.4,21.9,0.0087
D9_P2_M66_L001,Pre_P12,Pre,992804.6,992687.9,116.7,0.01059
D9_P4_M66_L001,Pre_P12,Pre,994375.1,994168.2,206.9,0.00844
D9_P5_M66_L001,Pre_P12,Pre,996023.6,996023.6,-0.0,0.00575
E10_P1_M66_L001,Pre_P12,Pre,995589.6,995375.3,214.3,0.00669
E10_P2_M66_L001,Pre_P12,Pre,991822.7,991822.7,-0.0,0.01185
E10_P4_M66_L001,Pre_P12,Pre,992307.9,992180.0,127.9,0.01133
E10_P5_M66_L001,Pre_P12,Pre,993999.2,993834.8,164.4,0.00892
E11_P1_M66_L001,Pre_P12,Pre,994504.4,994504.4,-0.0,0.00795
E11_P2_M66_L001,Pre_P12,Pre,994302.9,994302.9,0.0,0.00824
E11_P5_M66_L001,Pre_P12,Pre,993119.0,993119.0,-0.0,0.00996
E12_P1_M66_L001,Pre_P12,Pre,995161.4,995070.6,90.8,0.00713
E12_P2_M66_L001,Pre_P12,Pre,997962.1,997962.1,-0.0,0.00294
E12_P4_M66_L001,Pre_P12,Pre,986629.0,986629.0,-0.0,0.01942
E12_P5_M66_L001,Pre_P12,Pre,997026.2,997026.2,0.0,0.0043
E1_P1_M66_L001,Pre_P12,Pre,993156.0,993156.0,0.0,0.00991
E1_P2_M66_L001,Pre_P12,Pre,995877.2,995877.2,0.0,0.00596
E1_P4_M66_L001,Pre_P12,Pre,994848.7,994848.7,0.0,0.00745
E1_P5_M66_L001,Pre_P12,Pre,992964.6,992787.0,177.6,0.01044
E2_P1_M66_L001,Pre_P12,Pre,993610.1,989970.4,3639.7,0.01454
E2_P2_M66_L001,Pre_P12,Pre,989993.9,989632.9,361.0,0.01503
E2_P4_M66_L001,Pre_P12,Pre,995824.7,995824.7,-0.0,0.00604
E2_P5_M66_L001,Pre_P12,Pre,996525.6,996473.9,51.7,0.0051
E3_P1_M66_L001,Pre_P12,Pre,995521.8,995521.8,-0.0,0.00648
E3_P2_M66_L001,Pre_P12,Pre,996200.9,996187.3,13.6,0.00551
E3_P4_M66_L001,Pre_P12,Pre,994820.7,994811.5,9.2,0.0075
E4_P1_M66_L001,Pre_P12,Pre,993566.5,993320.3,246.2,0.00967
E4_P2_M66_L001,Pre_P12,Pre,987201.8,981079.9,6121.9,0.02756
E4_P4_M66_L001,Pre_P12,Pre,992933.5,992933.5,-0.0,0.01023
E4_P5_M66_L001,Pre_P12,Pre,995090.0,995090.0,-0.0,0.0071
E5_P2_M66_L001,Pre_P12,Pre,993367.5,993367.5,-0.0,0.0096
E5_P4_M66_L001,Pre_P12,Pre,993003.6,993003.6,0.0,0.01013
E5_P5_M66_L001,Pre_P12,Pre,996334.2,996334.2,0.0,0.0053
E6_P1_M66_L001,Pre_P12,Pre,995479.4,995479.4,-0.0,0.00654
E6_P2_M66_L001,Pre_P12,Pre,995076.8,994914.6,162.2,0.00736
E6_P4_M66_L001,Pre_P12,Pre,994845.2,994845.2,-0.0,0.00746
E6_P5_M66_L001,Pre_P12,Pre,994059.7,994042.4,17.3,0.00862
E7_P1_M66_L001,Pre_P12,Pre,997704.2,997669.0,35.2,0.00337
E7_P2_M66_L001,Pre_P12,Pre,995144.2,995144.2,0.0,0.00702
E7_P4_M66_L001,Pre_P12,Pre,995605.6,995602.7,2.9,0.00636
E8_P1_M66_L001,Pre_P12,Pre,993931.3,993931.3,-0.0,0.00878
E8_P2_M66_L001,Pre_P12,Pre,995195.8,995195.8,0.0,0.00695
E8_P4_M66_L001,Pre_P12,Pre,990776.5,990060.9,715.6,0.01441
E8_P5_M66_L001,Pre_P12,Pre,994960.9,994960.9,-0.0,0.00729
E9_P2_M66_L001,Pre_P12,Pre,995631.2,995631.2,0.0,0.00632
E9_P4_M66_L001,Pre_P12,Pre,993754.1,992832.2,921.9,0.01038
E9_P5_M66_L001,Pre_P12,Pre,997731.9,997731.9,0.0,0.00328
F10_P1_M66_L001,Pre_P12,Pre,995094.8,995094.8,0.0,0.00709
F10_P4_M66_L001,Pre_P12,Pre,990800.9,990800.9,-0.0,0.01333
F10_P5_M66_L001,Pre_P12,Pre,993812.4,993812.4,-0.0,0.00895
F11_P1_M66_L001,Pre_P12,Pre,994453.9,994344.3,109.6,0.00818
F11_P2_M66_L001,Pre_P12,Pre,992917.2,992880.1,37.1,0.01031
F11_P4_M66_L001,Pre_P12,Pre,995029.9,993355.8,1674.1,0.00962
F12_P1_M66_L001,Pre_P12,Pre,990538.2,990508.7,29.5,0.01376
F12_P2_M66_L001,Pre_P12,Pre,997458.7,997458.7,-0.0,0.00367
F12_P5_M66_L001,Pre_P12,Pre,989037.1,989037.1,-0.0,0.0159
F1_P1_M66_L001,Pre_P12,Pre,997631.5,997631.5,-0.0,0.00342
F1_P2_M66_L001,Pre_P12,Pre,993348.2,993348.2,0.0,0.00963
F1_P4_M66_L001,Pre_P12,Pre,993678.9,993678.9,0.0,0.00915
F1_P5_M66_L001,Pre_P12,Pre,993616.0,993563.1,52.9,0.00932
F2_P2_M66_L001,Pre_P12,Pre,991836.9,991836.9,-0.0,0.01183
F2_P5_M66_L001,Pre_P12,Pre,993754.5,993754.5,-0.0,0.00904
F3_P1_M66_L001,Pre_P12,Pre,996941.1,996941.1,0.0,0.00442
F3_P4_M66_L001,Pre_P12,Pre,995870.4,995815.7,54.7,0.00605
F3_P5_M66_L001,Pre_P12,Pre,992788.9,992781.8,7.1,0.01045
F4_P1_M66_L001,Pre_P12,Pre,995043.9,995043.9,0.0,0.00717
F4_P2_M66_L001,Pre_P12,Pre,995252.6,995252.6,-0.0,0.00687
F4_P4_M66_L001,Pre_P12,Pre,993040.4,993040.4,0.0,0.01008
F5_P1_M66_L001,Pre_P12,Pre,997111.4,997111.4,-0.0,0.00417
F5_P2_M66_L001,Pre_P12,Pre,993653.0,993642.2,10.8,0.0092
F5_P5_M66_L001,Pre_P12,Pre,995444.1,993594.7,1849.4,0.00927
F6_P1_M66_L001,Pre_P12,Pre,994723.8,994723.8,0.0,0.00763
F6_P2_M66_L001,Pre_P12,Pre,995874.0,995739.7,134.3,0.00616
F6_P4_M66_L001,Pre_P12,Pre,996860.4,996207.2,653.2,0.00548
F6_P5_M66_L001,Pre_P12,Pre,994456.0,994456.0,0.0,0.00802
F7_P1_M66_L001,Pre_P12,Pre,995620.4,995620.4,0.0,0.00633
F7_P2_M66_L001,Pre_P12,Pre,995633.1,995633.1,-0.0,0.00631
F7_P4_M66_L001,Pre_P12,Pre,997498.3,997482.9,15.4,0.00364
F7_P5_M66_L001,Pre_P12,Pre,999758.1,999758.1,0.0,0.00035
F8_P1_M66_L001,Pre_P12,Pre,993110.6,993110.6,0.0,0.00997
F8_P2_M66_L001,Pre_P12,Pre,994973.3,994964.2,9.1,0.00728
F8_P4_M66_L001,Pre_P12,Pre,995382.2,995382.2,0.0,0.00668
F8_P5_M66_L001,Pre_P12,Pre,994365.1,994365.1,-0.0,0.00815
F9_P1_M66_L001,Pre_P12,Pre,994952.3,994952.3,-0.0,0.0073
F9_P2_M66_L001,Pre_P12,Pre,998612.4,998612.4,-0.0,0.002
F9_P4_M66_L001,Pre_P12,Pre,996439.5,996439.5,-0.0,0.00515
F9_P5_M66_L001,Pre_P12,Pre,996162.9,996162.9,-0.0,0.00555
G10_P1_M66_L001,Pre_P12,Pre,996559.6,996559.6,-0.0,0.00497
G10_P2_M66_L001,Pre_P12,Pre,995865.1,995865.1,-0.0,0.00598
G10_P4_M66_L001,Pre_P12,Pre,986800.3,986800.3,0.0,0.01917
G10_P5_M66_L001,Pre_P12,Pre,992590.0,992250.9,339.1,0.01122
G11_P1_M66_L001,Pre_P12,Pre,994590.6,994590.6,-0.0,0.00783
G11_P2_M66_L001,Pre_P12,Pre,993406.1,993335.1,71.0,0.00965
G11_P4_M66_L001,Pre_P12,Pre,992231.7,992231.7,-0.0,0.01125
G12_P1_M66_L001,Pre_P12,Pre,995662.4,995611.1,51.3,0.00635
G12_P2_M66_L001,Pre_P12,Pre,991919.9,989901.1,2018.8,0.01464
G12_P4_M66_L001,Pre_P12,Pre,992294.0,992222.2,71.8,0.01126
G12_P5_M66_L001,Pre_P12,Pre,994892.0,994815.3,76.7,0.0075
G1_P1_M66_L001,Pre_P12,Pre,996662.4,994887.5,1774.9,0.00739
G1_P2_M66_L001,Pre_P12,Pre,993582.5,993582.5,-0.0,0.00929
G1_P4_M66_L001,Pre_P12,Pre,992273.2,992273.2,0.0,0.01119
G1_P5_M66_L001,Pre_P12,Pre,995065.1,994742.0,323.1,0.00761
G2_P1_M66_L001,Pre_P12,Pre,987839.6,987839.6,0.0,0.01765
G2_P2_M66_L001,Pre_P12,Pre,996676.8,996676.8,0.0,0.0048
G2_P5_M66_L001,Pre_P12,Pre,998014.1,997751.9,262.2,0.00325
G3_P1_M66_L001,Pre_P12,Pre,996266.7,996266.7,-0.0,0.0054
G3_P2_M66_L001,Pre_P12,Pre,995018.1,994926.0,92.1,0.00734
G3_P4_M66_L001,Pre_P12,Pre,996244.0,996244.0,0.0,0.00543
G4_P1_M66_L001,Pre_P12,Pre,992573.8,992144.2,429.6,0.01138
G4_P2_M66_L001,Pre_P12,Pre,994261.1,994261.1,0.0,0.0083
G4_P4_M66_L001,Pre_P12,Pre,995446.1,995446.1,-0.0,0.00658
G4_P5_M66_L001,Pre_P12,Pre,994488.2,994480.6,7.6,0.00798
G5_P1_M66_L001,Pre_P12,Pre,993458.6,993458.6,-0.0,0.00947
G5_P2_M66_L001,Pre_P12,Pre,985329.3,985329.3,-0.0,0.02132
G5_P4_M66_L001,Pre_P12,Pre,997335.6,997335.6,-0.0,0.00385
G5_P5_M66_L001,Pre_P12,Pre,996589.2,996112.4,476.8,0.00562
G6_P1_M66_L001,Pre_P12,Pre,992411.1,992411.1,-0.0,0.01099
G6_P5_M66_L001,Pre_P12,Pre,990326.3,989804.6,521.7,0.01478
G7_P1_M66_L001,Pre_P12,Pre,996278.5,996278.5,-0.0,0.00538
G7_P2_M66_L001,Pre_P12,Pre,991066.2,991066.2,-0.0,0.01295
G7_P4_M66_L001,Pre_P12,Pre,990585.2,990585.2,0.0,0.01365
G7_P5_M66_L001,Pre_P12,Pre,995900.4,995900.4,-0.0,0.00593
G8_P1_M66_L001,Pre_P12,Pre,995790.1,995764.5,25.6,0.00612
G8_P2_M66_L001,Pre_P12,Pre,992692.0,992336.0,356.0,0.0111
G8_P5_M66_L001,Pre_P12,Pre,997771.0,995312.6,2458.4,0.00678
G9_P2_M66_L001,Pre_P12,Pre,994427.1,994427.1,0.0,0.00806
G9_P4_M66_L001,Pre_P12,Pre,996516.2,996464.1,52.1,0.00511
G9_P5_M66_L001,Pre_P12,Pre,996189.8,996189.8,0.0,0.00551
H10_P1_M66_L001,Pre_P12,Pre,996145.1,996145.1,0.0,0.00557
H10_P4_M66_L001,Pre_P12,Pre,996917.6,996917.6,0.0,0.00445
H10_P5_M66_L001,Pre_P12,Pre,995204.0,995204.0,-0.0,0.00694
H11_P1_M66_L001,Pre_P12,Pre,995255.0,995255.0,-0.0,0.00686
H11_P2_M66_L001,Pre_P12,Pre,995539.0,995271.3,267.7,0.00684
H11_P4_M66_L001,Pre_P12,Pre,995447.7,995447.7,-0.0,0.00658
H12_P1_M66_L001,Pre_P12,Pre,986647.3,986566.9,80.4,0.01951
H12_P2_M66_L001,Pre_P12,Pre,992090.3,992090.3,-0.0,0.01146
H12_P4_M66_L001,Pre_P12,Pre,996381.4,996381.4,-0.0,0.00523
H1_P2_M66_L001,Pre_P12,Pre,996064.5,996051.2,13.3,0.00571
H1_P4_M66_L001,Pre_P12,Pre,995853.8,995028.8,825.0,0.00719
H1_P5_M66_L001,Pre_P12,Pre,994470.5,994458.2,12.3,0.00802
H2_P2_M66_L001,Pre_P12,Pre,996691.4,995813.4,878.0,0.00605
H2_P4_M66_L001,Pre_P12,Pre,992280.6,992280.6,0.0,0.01118
H3_P1_M66_L001,Pre_P12,Pre,993799.3,993760.1,39.2,0.00903
H3_P2_M66_L001,Pre_P12,Pre,994611.0,994611.0,0.0,0.0078
H3_P4_M66_L001,Pre_P12,Pre,995613.9,995613.9,-0.0,0.00634
H3_P5_M66_L001,Pre_P12,Pre,995410.1,995380.6,29.5,0.00668
H4_P2_M66_L001,Pre_P12,Pre,992527.8,992527.8,0.0,0.01082
H4_P4_M66_L001,Pre_P12,Pre,993416.0,991923.7,1492.3,0.0117
H5_P1_M66_L001,Pre_P12,Pre,993444.7,993263.4,181.3,0.00975
H5_P2_M66_L001,Pre_P12,Pre,995542.1,995542.1,-0.0,0.00645
H5_P4_M66_L001,Pre_P12,Pre,996462.7,996462.7,0.0,0.00511
H5_P5_M66_L001,Pre_P12,Pre,994629.7,994629.7,-0.0,0.00777
H6_P2_M66_L001,Pre_P12,Pre,992515.5,992510.7,4.8,0.01085
H6_P4_M66_L001,Pre_P12,Pre,994824.1,994824.1,-0.0,0.00749
H6_P5_M66_L001,Pre_P12,Pre,992588.0,992588.0,-0.0,0.01073
H7_P1_M66_L001,Pre_P12,Pre,998101.7,998101.7,0.0,0.00274
H7_P2_M66_L001,Pre_P12,Pre,997144.3,997144.3,-0.0,0.00413
H7_P4_M66_L001,Pre_P12,Pre,996271.4,996271.4,0.0,0.00539
H7_P5_M66_L001,Pre_P12,Pre,991825.5,990834.5,991.0,0.01328
H8_P1_M66_L001,Pre_P12,Pre,994857.8,994857.8,-0.0,0.00744
H8_P2_M66_L001,Pre_P12,Pre,992568.1,992505.1,63.0,0.01085
H9_P1_M66_L001,Pre_P12,Pre,991882.8,991003.6,879.2,0.01304
H9_P2_M66_L001,Pre_P12,Pre,994643.0,992885.7,1757.3,0.0103
H9_P4_M66_L001,Pre_P12,Pre,992182.0,992182.0,0.0,0.01132
A10_P1_M71_L001,Post_P12,Post,993296.9,993296.9,0.0,0.0097
A10_P2_M71_L001,Post_P12,Post,993744.8,993730.5,14.3,0.00907
A10_P3_M71_L001,Post_P12,Post,994924.7,994924.7,-0.0,0.00734
A10_P4_M71_L001,Post_P12,Post,994617.2,994460.6,156.6,0.00801
A11_P2_M71_L001,Post_P12,Post,992850.6,992850.6,-0.0,0.01035
A11_P3_M71_L001,Post_P12,Post,996161.6,994042.4,2119.2,0.00862
A12_P1_M71_L001,Post_P12,Post,995559.2,995551.2,8.0,0.00643
A12_P2_M71_L001,Post_P12,Post,995546.2,995546.2,-0.0,0.00644
A12_P3_M71_L001,Post_P12,Post,992730.2,992721.5,8.7,0.01054
A12_P4_M71_L001,Post_P12,Post,995206.5,995206.5,-0.0,0.00693
A2_P1_M71_L001,Post_P12,Post,991611.7,990814.8,796.9,0.01331
A2_P2_M71_L001,Post_P12,Post,994230.4,994226.9,3.5,0.00835
A2_P3_M71_L001,Post_P12,Post,992617.7,992577.8,39.9,0.01075
A3_P1_M71_L001,Post_P12,Post,994322.8,994309.2,13.6,0.00823
A4_P1_M71_L001,Post_P12,Post,995383.4,994523.3,860.1,0.00792
A4_P2_M71_L001,Post_P12,Post,996726.8,996716.2,10.6,0.00475
A4_P3_M71_L001,Post_P12,Post,994569.7,994569.7,-0.0,0.00786
A4_P4_M71_L001,Post_P12,Post,995487.3,995482.1,5.2,0.00653
A5_P2_M71_L001,Post_P12,Post,994844.2,994844.2,-0.0,0.00746
A5_P3_M71_L001,Post_P12,Post,994582.7,994580.3,2.4,0.00784
A5_P4_M71_L001,Post_P12,Post,989961.4,989955.5,5.9,0.01456
A6_P1_M71_L001,Post_P12,Post,991632.8,991632.8,0.0,0.01212
A6_P2_M71_L001,Post_P12,Post,994505.7,993150.2,1355.5,0.00992
A6_P3_M71_L001,Post_P12,Post,995712.1,995689.9,22.2,0.00623
A7_P1_M71_L001,Post_P12,Post,997762.0,997762.0,0.0,0.00323
A7_P2_M71_L001,Post_P12,Post,995062.5,994874.8,187.7,0.00741
A7_P3_M71_L001,Post_P12,Post,995144.5,995144.5,0.0,0.00702
A7_P4_M71_L001,Post_P12,Post,995001.0,993036.1,1964.9,0.01008
A8_P1_M71_L001,Post_P12,Post,990151.6,990151.6,-0.0,0.01428
A8_P2_M71_L001,Post_P12,Post,990362.3,990362.3,0.0,0.01397
A8_P3_M71_L001,Post_P12,Post,992068.5,992034.5,34.0,0.01154
A9_P1_M71_L001,Post_P12,Post,992915.9,992915.9,0.0,0.01026
A9_P2_M71_L001,Post_P12,Post,992113.3,992113.3,-0.0,0.01142
A9_P3_M71_L001,Post_P12,Post,993906.4,993906.4,0.0,0.00882
A9_P4_M71_L001,Post_P12,Post,990426.6,990426.6,-0.0,0.01388
B10_P1_M71_L001,Post_P12,Post,996781.5,996781.5,0.0,0.00465
B10_P2_M71_L001,Post_P12,Post,992876.2,992876.2,-0.0,0.01031
B10_P3_M71_L001,Post_P12,Post,993516.6,993516.6,0.0,0.00938
B10_P4_M71_L001,Post_P12,Post,996259.5,992873.6,3385.9,0.01032
B11_P1_M71_L001,Post_P12,Post,994718.0,994718.0,-0.0,0.00764
B11_P2_M71_L001,Post_P12,Post,995631.1,995631.1,-0.0,0.00632
B11_P3_M71_L001,Post_P12,Post,994454.0,994454.0,0.0,0.00802
B11_P4_M71_L001,Post_P12,Post,996187.9,996173.7,14.2,0.00553
B12_P1_M71_L001,Post_P12,Post,994580.4,994580.4,-0.0,0.00784
B12_P3_M71_L001,Post_P12,Post,991382.3,991382.3,-0.0,0.01249
B12_P4_M71_L001,Post_P12,Post,991073.5,991073.5,0.0,0.01294
B1_P1_M71_L001,Post_P12,Post,993863.8,993863.8,-0.0,0.00888
B1_P2_M71_L001,Post_P12,Post,997422.2,997412.8,9.4,0.00374
B1_P4_M71_L001,Post_P12,Post,996385.4,996375.6,9.8,0.00524
B2_P1_M71_L001,Post_P12,Post,995214.1,995201.9,12.2,0.00694
B2_P2_M71_L001,Post_P12,Post,993670.8,993627.8,43.0,0.00922
B2_P3_M71_L001,Post_P12,Post,992464.9,992461.8,3.1,0.01092
B2_P4_M71_L001,Post_P12,Post,990932.4,990899.2,33.2,0.01319
B3_P1_M71_L001,Post_P12,Post,993972.2,993896.3,75.9,0.00883
B3_P2_M71_L001,Post_P12,Post,996242.3,994709.1,1533.2,0.00765
B3_P4_M71_L001,Post_P12,Post,991096.6,991090.6,6.0,0.01291
B4_P1_M71_L001,Post_P12,Post,988909.8,988901.9,7.9,0.0161
B4_P2_M71_L001,Post_P12,Post,995595.3,995570.9,24.4,0.0064
B4_P3_M71_L001,Post_P12,Post,994343.0,994304.8,38.2,0.00824
B5_P2_M71_L001,Post_P12,Post,996350.0,996350.0,0.0,0.00528
B5_P3_M71_L001,Post_P12,Post,993973.9,993955.8,18.1,0.00875
B5_P4_M71_L001,Post_P12,Post,992365.2,992325.6,39.6,0.01111
B6_P2_M71_L001,Post_P12,Post,987665.3,987240.2,425.1,0.01853
B6_P3_M71_L001,Post_P12,Post,996790.0,996790.0,0.0,0.00464
B6_P4_M71_L001,Post_P12,Post,994806.6,994806.6,0.0,0.00751
B7_P1_M71_L001,Post_P12,Post,992968.1,992968.1,0.0,0.01018
B7_P2_M71_L001,Post_P12,Post,992794.9,992794.9,-0.0,0.01043
B7_P3_M71_L001,Post_P12,Post,991527.6,991527.6,0.0,0.01228
B7_P4_M71_L001,Post_P12,Post,993961.8,993961.8,-0.0,0.00874
B8_P1_M71_L001,Post_P12,Post,996769.1,996769.1,0.0,0.00467
B8_P2_M71_L001,Post_P12,Post,994571.3,994571.3,-0.0,0.00785
B8_P3_M71_L001,Post_P12,Post,994583.9,993199.6,1384.3,0.00984
B8_P4_M71_L001,Post_P12,Post,994562.1,994562.1,-0.0,0.00787
B9_P1_M71_L001,Post_P12,Post,992176.4,992176.4,0.0,0.01133
B9_P2_M71_L001,Post_P12,Post,994902.7,994661.5,241.2,0.00772
B9_P4_M71_L001,Post_P12,Post,994496.8,994496.8,-0.0,0.00796
C10_P1_M71_L001,Post_P12,Post,994720.3,994720.3,-0.0,0.00764
C10_P2_M71_L001,Post_P12,Post,994373.5,994373.5,0.0,0.00814
C10_P3_M71_L001,Post_P12,Post,993756.1,993756.1,-0.0,0.00904
C11_P1_M71_L001,Post_P12,Post,989583.1,989583.1,-0.0,0.01511
C11_P2_M71_L001,Post_P12,Post,993336.9,993336.9,-0.0,0.00964
C12_P1_M71_L001,Post_P12,Post,993888.7,993888.7,-0.0,0.00884
C12_P2_M71_L001,Post_P12,Post,993079.2,993079.2,0.0,0.01002
C12_P3_M71_L001,Post_P12,Post,994069.9,994069.9,0.0,0.00858
C12_P4_M71_L001,Post_P12,Post,992646.5,992646.5,0.0,0.01065
C1_P1_M71_L001,Post_P12,Post,991518.0,991518.0,-0.0,0.01229
C1_P2_M71_L001,Post_P12,Post,996196.1,996196.1,0.0,0.0055
C1_P3_M71_L001,Post_P12,Post,992393.5,989532.9,2860.6,0.01518
C1_P4_M71_L001,Post_P12,Post,995263.9,995263.9,0.0,0.00685
C2_P1_M71_L001,Post_P12,Post,995678.6,995673.7,4.9,0.00626
C2_P2_M71_L001,Post_P12,Post,996899.9,996899.9,-0.0,0.00448
C2_P3_M71_L001,Post_P12,Post,996976.2,996625.6,350.6,0.00488
C2_P4_M71_L001,Post_P12,Post,992225.3,992225.3,0.0,0.01126
C3_P1_M71_L001,Post_P12,Post,994898.8,994898.8,0.0,0.00738
C3_P2_M71_L001,Post_P12,Post,994844.8,994831.3,13.5,0.00748
C3_P3_M71_L001,Post_P12,Post,992670.4,992649.1,21.3,0.01064
C3_P4_M71_L001,Post_P12,Post,995500.8,995497.1,3.7,0.00651
C4_P1_M71_L001,Post_P12,Post,996174.7,996174.7,0.0,0.00553
C4_P2_M71_L001,Post_P12,Post,992568.3,992568.3,0.0,0.01076
C4_P3_M71_L001,Post_P12,Post,994337.1,994317.3,19.8,0.00822
C4_P4_M71_L001,Post_P12,Post,993083.8,993063.4,20.4,0.01004
C5_P1_M71_L001,Post_P12,Post,994725.8,994624.5,101.3,0.00778
C5_P2_M71_L001,Post_P12,Post,991126.2,991099.3,26.9,0.0129
C5_P3_M71_L001,Post_P12,Post,991201.4,990712.5,488.9,0.01346
C5_P4_M71_L001,Post_P12,Post,996811.2,996796.1,15.1,0.00463
C6_P1_M71_L001,Post_P12,Post,996039.7,996039.7,0.0,0.00572
C6_P2_M71_L001,Post_P12,Post,994761.7,994761.7,-0.0,0.00758
C6_P3_M71_L001,Post_P12,Post,995690.0,993980.8,1709.2,0.00871
C7_P1_M71_L001,Post_P12,Post,997301.1,997301.1,-0.0,0.0039
C7_P2_M71_L001,Post_P12,Post,995065.4,995065.4,-0.0,0.00714
C7_P3_M71_L001,Post_P12,Post,994609.4,994609.4,0.0,0.0078
C8_P1_M71_L001,Post_P12,Post,993947.6,993947.6,0.0,0.00876
C8_P2_M71_L001,Post_P12,Post,993904.5,993904.5,-0.0,0.00882
C8_P3_M71_L001,Post_P12,Post,995744.8,995744.8,-0.0,0.00615
C8_P4_M71_L001,Post_P12,Post,994495.8,993008.0,1487.8,0.01012
C9_P1_M71_L001,Post_P12,Post,994299.0,994299.0,-0.0,0.00825
C9_P2_M71_L001,Post_P12,Post,992865.2,992865.2,0.0,0.01033
C9_P3_M71_L001,Post_P12,Post,994474.0,993930.1,543.9,0.00878
D10_P1_M71_L001,Post_P12,Post,994548.3,994548.3,0.0,0.00789
D10_P2_M71_L001,Post_P12,Post,995370.8,995370.8,0.0,0.00669
D10_P3_M71_L001,Post_P12,Post,996285.0,995918.9,366.1,0.0059
D10_P4_M71_L001,Post_P12,Post,994814.5,994814.5,0.0,0.0075
D11_P1_M71_L001,Post_P12,Post,996355.6,996332.0,23.6,0.0053
D11_P2_M71_L001,Post_P12,Post,995993.2,995874.8,118.4,0.00596
D11_P3_M71_L001,Post_P12,Post,994681.8,994681.8,-0.0,0.00769
D11_P4_M71_L001,Post_P12,Post,995037.7,994908.0,129.7,0.00736
D12_P1_M71_L001,Post_P12,Post,992998.0,992998.0,-0.0,0.01014
D12_P2_M71_L001,Post_P12,Post,996312.6,996312.6,0.0,0.00533
D12_P3_M71_L001,Post_P12,Post,997579.5,997579.5,0.0,0.0035
D12_P4_M71_L001,Post_P12,Post,996133.0,995869.0,264.0,0.00597
D1_P1_M71_L001,Post_P12,Post,992817.4,992817.4,-0.0,0.0104
D1_P2_M71_L001,Post_P12,Post,993739.5,993723.9,15.6,0.00908
D1_P3_M71_L001,Post_P12,Post,994610.4,994570.6,39.8,0.00785
D1_P4_M71_L001,Post_P12,Post,993972.6,993962.2,10.4,0.00874
D2_P1_M71_L001,Post_P12,Post,994520.5,994520.5,0.0,0.00793
D2_P2_M71_L001,Post_P12,Post,996544.6,996544.6,0.0,0.00499
D2_P3_M71_L001,Post_P12,Post,995478.3,995469.3,9.0,0.00655
D2_P4_M71_L001,Post_P12,Post,995735.2,995455.4,279.8,0.00657
D3_P1_M71_L001,Post_P12,Post,993669.9,993664.8,5.1,0.00917
D3_P2_M71_L001,Post_P12,Post,995358.1,995320.2,37.9,0.00677
D3_P3_M71_L001,Post_P12,Post,992626.4,992624.3,2.1,0.01068
D4_P1_M71_L001,Post_P12,Post,990986.9,990964.3,22.6,0.0131
D4_P2_M71_L001,Post_P12,Post,996433.3,994922.0,1511.3,0.00734
D4_P3_M71_L001,Post_P12,Post,993962.0,993941.1,20.9,0.00877
D4_P4_M71_L001,Post_P12,Post,994754.0,994402.5,351.5,0.0081
D5_P1_M71_L001,Post_P12,Post,996320.6,995329.8,990.8,0.00675
D5_P2_M71_L001,Post_P12,Post,993987.2,993971.4,15.8,0.00872
D5_P3_M71_L001,Post_P12,Post,995007.2,994978.2,29.0,0.00726
D5_P4_M71_L001,Post_P12,Post,994106.3,993473.5,632.8,0.00945
D6_P1_M71_L001,Post_P12,Post,994405.6,994405.6,0.0,0.00809
D6_P2_M71_L001,Post_P12,Post,992222.0,992222.0,0.0,0.01127
D6_P3_M71_L001,Post_P12,Post,993267.7,991999.3,1268.4,0.01159
D6_P4_M71_L001,Post_P12,Post,994287.8,994039.8,248.0,0.00862
D7_P1_M71_L001,Post_P12,Post,995521.4,995248.0,273.4,0.00687
D7_P2_M71_L001,Post_P12,Post,995799.9,995799.9,0.0,0.00607
D7_P3_M71_L001,Post_P12,Post,991422.7,991422.7,-0.0,0.01243
D7_P4_M71_L001,Post_P12,Post,995308.4,994241.9,1066.5,0.00833
D8_P1_M71_L001,Post_P12,Post,994561.2,994561.2,0.0,0.00787
D8_P2_M71_L001,Post_P12,Post,995331.8,995064.1,267.7,0.00714
D8_P3_M71_L001,Post_P12,Post,992247.6,992247.6,0.0,0.01123
D8_P4_M71_L001,Post_P12,Post,996046.1,996046.1,0.0,0.00572
D9_P1_M71_L001,Post_P12,Post,995276.2,995276.2,0.0,0.00683
D9_P2_M71_L001,Post_P12,Post,993524.0,993399.6,124.4,0.00955
D9_P4_M71_L001,Post_P12,Post,994396.9,994396.9,0.0,0.00811
E10_P1_M71_L001,Post_P12,Post,994182.5,993266.1,916.4,0.00975
E10_P2_M71_L001,Post_P12,Post,994153.4,994153.4,-0.0,0.00846
E10_P3_M71_L001,Post_P12,Post,994170.5,994170.5,-0.0,0.00843
E10_P4_M71_L001,Post_P12,Post,994544.0,994544.0,0.0,0.00789
E11_P1_M71_L001,Post_P12,Post,994021.4,994021.4,-0.0,0.00865
E11_P2_M71_L001,Post_P12,Post,994927.7,994927.7,-0.0,0.00734
E11_P3_M71_L001,Post_P12,Post,992940.9,992940.9,0.0,0.01022
E11_P4_M71_L001,Post_P12,Post,992060.3,992060.3,0.0,0.0115
E12_P1_M71_L001,Post_P12,Post,997713.2,997713.2,0.0,0.0033
E12_P2_M71_L001,Post_P12,Post,997250.8,997250.8,0.0,0.00397
E12_P3_M71_L001,Post_P12,Post,994492.3,994492.3,-0.0,0.00797
E12_P4_M71_L001,Post_P12,Post,993325.3,991441.8,1883.5,0.0124
E1_P1_M71_L001,Post_P12,Post,993031.5,993013.8,17.7,0.01011
E1_P2_M71_L001,Post_P12,Post,994772.4,994768.5,3.9,0.00757
E1_P3_M71_L001,Post_P12,Post,990966.9,987377.3,3589.6,0.01833
E1_P4_M71_L001,Post_P12,Post,994635.6,994397.9,237.7,0.0081
E2_P1_M71_L001,Post_P12,Post,994409.5,994331.0,78.5,0.0082
E2_P2_M71_L001,Post_P12,Post,993904.6,993904.6,-0.0,0.00882
E2_P3_M71_L001,Post_P12,Post,996107.2,996089.8,17.4,0.00565
E2_P4_M71_L001,Post_P12,Post,994889.5,994889.5,-0.0,0.00739
E3_P1_M71_L001,Post_P12,Post,994120.9,994098.4,22.5,0.00854
E3_P2_M71_L001,Post_P12,Post,994133.3,994131.8,1.5,0.00849
E3_P3_M71_L001,Post_P12,Post,996761.0,996696.6,64.4,0.00477
E3_P4_M71_L001,Post_P12,Post,995779.4,995765.7,13.7,0.00612
E4_P2_M71_L001,Post_P12,Post,992346.2,992346.2,-0.0,0.01108
E4_P3_M71_L001,Post_P12,Post,994146.7,991995.1,2151.6,0.0116
E4_P4_M71_L001,Post_P12,Post,995283.7,995280.7,3.0,0.00682
E5_P1_M71_L001,Post_P12,Post,994326.5,994326.5,-0.0,0.00821
E5_P2_M71_L001,Post_P12,Post,992101.1,992101.1,0.0,0.01144
E5_P4_M71_L001,Post_P12,Post,993803.1,993803.1,0.0,0.00897
E6_P1_M71_L001,Post_P12,Post,995968.6,995964.1,4.5,0.00583
E6_P2_M71_L001,Post_P12,Post,991539.7,991539.7,0.0,0.01226
E6_P3_M71_L001,Post_P12,Post,996197.6,996105.5,92.1,0.00563
E7_P1_M71_L001,Post_P12,Post,990528.4,990528.4,-0.0,0.01373
E7_P2_M71_L001,Post_P12,Post,991967.6,991967.6,-0.0,0.01164
E7_P3_M71_L001,Post_P12,Post,994184.5,994184.5,0.0,0.00841
E7_P4_M71_L001,Post_P12,Post,994172.0,994172.0,-0.0,0.00843
E8_P1_M71_L001,Post_P12,Post,996364.8,996364.8,-0.0,0.00525
E8_P2_M71_L001,Post_P12,Post,995050.9,995050.9,-0.0,0.00716
E8_P3_M71_L001,Post_P12,Post,992743.2,992670.7,72.5,0.01061
E8_P4_M71_L001,Post_P12,Post,993797.9,993797.9,0.0,0.00898
E9_P1_M71_L001,Post_P12,Post,989024.5,989024.5,0.0,0.01592
E9_P2_M71_L001,Post_P12,Post,994043.0,994043.0,-0.0,0.00862
E9_P3_M71_L001,Post_P12,Post,994610.9,994568.5,42.4,0.00786
E9_P4_M71_L001,Post_P12,Post,995127.4,995127.4,-0.0,0.00705
F10_P1_M71_L001,Post_P12,Post,994842.6,994842.6,-0.0,0.00746
F10_P2_M71_L001,Post_P12,Post,994468.8,994456.6,12.2,0.00802
F10_P3_M71_L001,Post_P12,Post,995217.4,995217.4,-0.0,0.00692
F10_P4_M71_L001,Post_P12,Post,996224.8,996224.8,0.0,0.00546
F11_P1_M71_L001,Post_P12,Post,995033.2,995033.2,0.0,0.00718
F11_P3_M71_L001,Post_P12,Post,993404.1,993404.1,-0.0,0.00955
F11_P4_M71_L001,Post_P12,Post,995282.6,995282.6,0.0,0.00682
F1_P1_M71_L001,Post_P12,Post,992982.5,992982.5,0.0,0.01016
F1_P2_M71_L001,Post_P12,Post,995714.9,995714.9,0.0,0.0062
F1_P3_M71_L001,Post_P12,Post,994674.3,994671.8,2.5,0.00771
F1_P4_M71_L001,Post_P12,Post,994334.5,994334.5,-0.0,0.0082
F2_P4_M71_L001,Post_P12,Post,993473.4,993460.0,13.4,0.00947
F3_P1_M71_L001,Post_P12,Post,994697.8,993742.6,955.2,0.00906
F3_P2_M71_L001,Post_P12,Post,988327.8,988327.8,-0.0,0.01694
F3_P4_M71_L001,Post_P12,Post,994838.8,994838.8,0.0,0.00747
F4_P1_M71_L001,Post_P12,Post,993824.1,993820.1,4.0,0.00894
F4_P2_M71_L001,Post_P12,Post,994916.8,994472.4,444.4,0.008
F4_P3_M71_L001,Post_P12,Post,996222.5,996218.0,4.5,0.00547
F4_P4_M71_L001,Post_P12,Post,993096.0,992235.9,860.1,0.01124
F5_P1_M71_L001,Post_P12,Post,994627.4,994619.6,7.8,0.00778
F5_P2_M71_L001,Post_P12,Post,995823.9,995823.9,-0.0,0.00604
F5_P4_M71_L001,Post_P12,Post,995796.6,995747.0,49.6,0.00615
F6_P1_M71_L001,Post_P12,Post,993091.5,993091.5,0.0,0.01
F6_P2_M71_L001,Post_P12,Post,992737.4,992737.4,-0.0,0.01052
F6_P3_M71_L001,Post_P12,Post,992780.4,992780.4,-0.0,0.01045
F6_P4_M71_L001,Post_P12,Post,990971.0,990971.0,-0.0,0.01309
F7_P1_M71_L001,Post_P12,Post,994736.8,994736.8,-0.0,0.00761
F7_P2_M71_L001,Post_P12,Post,994011.5,990800.5,3211.0,0.01333
F7_P3_M71_L001,Post_P12,Post,994033.7,993742.7,291.0,0.00906
F7_P4_M71_L001,Post_P12,Post,993690.1,993690.1,0.0,0.00913
F8_P1_M71_L001,Post_P12,Post,996898.8,996898.8,-0.0,0.00448
F8_P2_M71_L001,Post_P12,Post,996584.3,996584.3,-0.0,0.00494
F8_P3_M71_L001,Post_P12,Post,995416.0,995416.0,-0.0,0.00663
F8_P4_M71_L001,Post_P12,Post,992156.8,991021.6,1135.2,0.01301
F9_P1_M71_L001,Post_P12,Post,993534.7,993534.7,-0.0,0.00936
F9_P2_M71_L001,Post_P12,Post,997943.5,997943.5,0.0,0.00297
F9_P3_M71_L001,Post_P12,Post,994793.3,994793.3,-0.0,0.00753
F9_P4_M71_L001,Post_P12,Post,994786.2,994786.2,-0.0,0.00754
G10_P3_M71_L001,Post_P12,Post,994042.0,994042.0,-0.0,0.00862
G11_P2_M71_L001,Post_P12,Post,996332.9,994271.7,2061.2,0.00829
G12_P1_M71_L001,Post_P12,Post,993613.1,993613.1,0.0,0.00924
G12_P2_M71_L001,Post_P12,Post,996048.9,995229.6,819.3,0.0069
G12_P3_M71_L001,Post_P12,Post,989686.5,989686.5,0.0,0.01496
G12_P4_M71_L001,Post_P12,Post,990172.1,990172.1,-0.0,0.01425
G1_P1_M71_L001,Post_P12,Post,990284.8,990284.8,-0.0,0.01408
G1_P2_M71_L001,Post_P12,Post,994510.9,994510.9,0.0,0.00794
G1_P3_M71_L001,Post_P12,Post,992285.3,992130.2,155.1,0.0114
G2_P1_M71_L001,Post_P12,Post,993827.2,993430.5,396.7,0.00951
G2_P2_M71_L001,Post_P12,Post,993085.2,993067.5,17.7,0.01004
G2_P3_M71_L001,Post_P12,Post,995064.6,995064.6,0.0,0.00714
G3_P1_M71_L001,Post_P12,Post,992096.1,992092.2,3.9,0.01145
G3_P3_M71_L001,Post_P12,Post,992586.7,992582.7,4.0,0.01074
G4_P2_M71_L001,Post_P12,Post,993971.9,993971.9,-0.0,0.00872
G4_P3_M71_L001,Post_P12,Post,993201.7,993173.7,28.0,0.00988
G4_P4_M71_L001,Post_P12,Post,994131.7,994067.4,64.3,0.00858
G5_P1_M71_L001,Post_P12,Post,993329.8,993329.8,0.0,0.00966
G5_P2_M71_L001,Post_P12,Post,993848.0,993829.8,18.2,0.00893
G5_P3_M71_L001,Post_P12,Post,993762.9,993762.9,-0.0,0.00903
G6_P1_M71_L001,Post_P12,Post,992968.5,992968.5,-0.0,0.01018
G6_P2_M71_L001,Post_P12,Post,992708.4,992708.4,-0.0,0.01056
G6_P3_M71_L001,Post_P12,Post,997842.3,997842.3,-0.0,0.00312
G6_P4_M71_L001,Post_P12,Post,992813.1,992813.1,-0.0,0.01041
G7_P1_M71_L001,Post_P12,Post,994980.7,994980.7,0.0,0.00726
G7_P2_M71_L001,Post_P12,Post,992315.7,992315.7,-0.0,0.01113
G7_P3_M71_L001,Post_P12,Post,994387.9,994387.9,0.0,0.00812
G7_P4_M71_L001,Post_P12,Post,991506.7,991506.7,0.0,0.01231
G8_P1_M71_L001,Post_P12,Post,993622.3,993603.6,18.7,0.00926
G8_P2_M71_L001,Post_P12,Post,997253.4,997253.4,0.0,0.00397
G8_P3_M71_L001,Post_P12,Post,993718.9,993718.9,-0.0,0.00909
G8_P4_M71_L001,Post_P12,Post,991263.9,991263.9,-0.0,0.01266
G9_P1_M71_L001,Post_P12,Post,997337.7,997337.7,-0.0,0.00385
G9_P3_M71_L001,Post_P12,Post,994176.6,994080.8,95.8,0.00856
G9_P4_M71_L001,Post_P12,Post,994345.5,994345.5,0.0,0.00818
H10_P2_M71_L001,Post_P12,Post,995970.7,995970.7,0.0,0.00582
H10_P3_M71_L001,Post_P12,Post,996022.3,996022.3,-0.0,0.00575
H10_P4_M71_L001,Post_P12,Post,984665.2,984665.2,0.0,0.02229
H11_P1_M71_L001,Post_P12,Post,992086.5,991070.0,1016.5,0.01294
H11_P2_M71_L001,Post_P12,Post,991081.9,990518.7,563.2,0.01374
H12_P1_M71_L001,Post_P12,Post,995024.6,993303.5,1721.1,0.00969
H12_P2_M71_L001,Post_P12,Post,995243.7,995243.7,-0.0,0.00688
H12_P3_M71_L001,Post_P12,Post,993272.3,993272.3,0.0,0.00974
H1_P2_M71_L001,Post_P12,Post,995290.8,994960.9,329.9,0.00729
H1_P3_M71_L001,Post_P12,Post,993102.0,993102.0,0.0,0.00999
H1_P4_M71_L001,Post_P12,Post,989621.4,989621.4,0.0,0.01505
H2_P1_M71_L001,Post_P12,Post,993230.2,993205.5,24.7,0.00984
H2_P3_M71_L001,Post_P12,Post,993057.0,991534.6,1522.4,0.01226
H2_P4_M71_L001,Post_P12,Post,993759.3,993759.3,-0.0,0.00903
H3_P1_M71_L001,Post_P12,Post,990372.4,989715.5,656.9,0.01491
H3_P2_M71_L001,Post_P12,Post,990130.4,990090.9,39.5,0.01437
H3_P3_M71_L001,Post_P12,Post,989776.9,989338.3,438.6,0.01546
H3_P4_M71_L001,Post_P12,Post,990623.7,990619.7,4.0,0.0136
H4_P1_M71_L001,Post_P12,Post,992155.1,991660.3,494.8,0.01208
H4_P2_M71_L001,Post_P12,Post,994575.1,993792.8,782.3,0.00898
H4_P3_M71_L001,Post_P12,Post,996562.4,996557.0,5.4,0.00498
H5_P2_M71_L001,Post_P12,Post,996878.0,995813.9,1064.1,0.00605
H5_P3_M71_L001,Post_P12,Post,996545.4,996471.3,74.1,0.0051
H6_P1_M71_L001,Post_P12,Post,997356.0,997356.0,-0.0,0.00382
H6_P2_M71_L001,Post_P12,Post,997331.8,997095.6,236.2,0.0042
H7_P1_M71_L001,Post_P12,Post,995517.9,995024.7,493.2,0.0072
H7_P2_M71_L001,Post_P12,Post,992951.3,992951.3,-0.0,0.01021
H7_P3_M71_L001,Post_P12,Post,997138.5,997138.5,0.0,0.00413
H8_P1_M71_L001,Post_P12,Post,996129.8,995785.9,343.9,0.00609
H8_P2_M71_L001,Post_P12,Post,996143.7,996143.7,0.0,0.00557
H8_P3_M71_L001,Post_P12,Post,996069.2,996069.2,0.0,0.00568
H8_P4_M71_L001,Post_P12,Post,995948.3,995948.3,-0.0,0.00586
H9_P1_M71_L001,Post_P12,Post,987117.1,987117.1,0.0,0.01871
H9_P4_M71_L001,Post_P12,Post,993856.8,993856.8,-0.0,0.00889
A10_P1_M74_L001,Post_P13,Post,995188.6,995186.6,2.0,0.00696
A10_P4_M74_L001,Post_P13,Post,997864.1,997864.1,-0.0,0.00308
A11_P1_M74_L001,Post_P13,Post,994698.3,994698.3,-0.0,0.00767
A11_P3_M74_L001,Post_P13,Post,995420.3,994548.2,872.1,0.00789
A11_P4_M74_L001,Post_P13,Post,992438.5,992438.5,-0.0,0.01095
A11_P5_M74_L001,Post_P13,Post,995998.4,995998.4,0.0,0.00578
A12_P1_M74_L001,Post_P13,Post,996049.1,995698.0,351.1,0.00622
A12_P3_M74_L001,Post_P13,Post,997519.4,997519.4,0.0,0.00358
A12_P4_M74_L001,Post_P13,Post,994466.8,994466.8,-0.0,0.008
A12_P5_M74_L001,Post_P13,Post,995611.9,995611.9,-0.0,0.00634
A2_P1_M74_L001,Post_P13,Post,985226.4,985226.4,0.0,0.02147
A2_P3_M74_L001,Post_P13,Post,997693.6,997693.6,0.0,0.00333
A2_P5_M74_L001,Post_P13,Post,995010.4,995010.4,-0.0,0.00722
A3_P1_M74_L001,Post_P13,Post,994231.0,994026.9,204.1,0.00864
A3_P3_M74_L001,Post_P13,Post,989735.7,989728.9,6.8,0.01489
A3_P4_M74_L001,Post_P13,Post,994539.5,994539.5,0.0,0.0079
A4_P1_M74_L001,Post_P13,Post,991206.3,991206.3,-0.0,0.01274
A4_P3_M74_L001,Post_P13,Post,992858.5,992858.5,-0.0,0.01034
A4_P4_M74_L001,Post_P13,Post,997802.0,997802.0,0.0,0.00317
A4_P5_M74_L001,Post_P13,Post,996182.5,996182.5,0.0,0.00552
A5_P1_M74_L001,Post_P13,Post,993489.0,993489.0,0.0,0.00942
A5_P3_M74_L001,Post_P13,Post,995874.6,995712.5,162.1,0.0062
A5_P4_M74_L001,Post_P13,Post,995366.5,995362.4,4.1,0.00671
A5_P5_M74_L001,Post_P13,Post,996576.3,996406.1,170.2,0.00519
A6_P1_M74_L001,Post_P13,Post,998000.4,996746.2,1254.2,0.0047
A6_P3_M74_L001,Post_P13,Post,993983.8,993983.8,-0.0,0.00871
A6_P4_M74_L001,Post_P13,Post,993695.8,993695.8,0.0,0.00912
A6_P5_M74_L001,Post_P13,Post,995535.2,994137.4,1397.8,0.00848
A7_P1_M74_L001,Post_P13,Post,988920.2,988920.2,0.0,0.01607
A7_P4_M74_L001,Post_P13,Post,994276.1,994028.1,248.0,0.00864
A7_P5_M74_L001,Post_P13,Post,992969.0,992969.0,0.0,0.01018
A8_P1_M74_L001,Post_P13,Post,993696.9,993696.9,-0.0,0.00912
A8_P3_M74_L001,Post_P13,Post,990654.5,990450.8,203.7,0.01384
A8_P4_M74_L001,Post_P13,Post,994270.8,994270.8,0.0,0.00829
A8_P5_M74_L001,Post_P13,Post,993741.3,993741.3,-0.0,0.00906
A9_P1_M74_L001,Post_P13,Post,995784.5,995784.5,-0.0,0.00609
A9_P3_M74_L001,Post_P13,Post,994523.9,994523.9,-0.0,0.00792
A9_P4_M74_L001,Post_P13,Post,997896.2,997644.8,251.4,0.0034
A9_P5_M74_L001,Post_P13,Post,992298.7,992298.7,-0.0,0.01115
B10_P1_M74_L001,Post_P13,Post,994963.2,994963.2,0.0,0.00728
B10_P4_M74_L001,Post_P13,Post,995968.1,995913.4,54.7,0.00591
B11_P1_M74_L001,Post_P13,Post,991507.0,991507.0,0.0,0.01231
B11_P4_M74_L001,Post_P13,Post,992885.8,992885.8,-0.0,0.0103
B11_P5_M74_L001,Post_P13,Post,996814.2,996814.2,-0.0,0.0046
B12_P1_M74_L001,Post_P13,Post,993178.7,991995.2,1183.5,0.01159
B12_P3_M74_L001,Post_P13,Post,993664.3,993648.9,15.4,0.00919
B12_P4_M74_L001,Post_P13,Post,994823.9,994823.9,-0.0,0.00749
B1_P1_M74_L001,Post_P13,Post,992122.6,992122.6,0.0,0.01141
B1_P3_M74_L001,Post_P13,Post,996759.5,996759.5,-0.0,0.00468
B1_P4_M74_L001,Post_P13,Post,999455.8,999455.8,-0.0,0.00079
B1_P5_M74_L001,Post_P13,Post,992647.9,992647.9,0.0,0.01065
B2_P1_M74_L001,Post_P13,Post,983018.5,983018.5,0.0,0.02471
B2_P3_M74_L001,Post_P13,Post,997051.6,997051.6,-0.0,0.00426
B2_P5_M74_L001,Post_P13,Post,997283.5,997271.0,12.5,0.00394
B3_P1_M74_L001,Post_P13,Post,993041.9,993041.9,0.0,0.01007
B4_P1_M74_L001,Post_P13,Post,990584.0,990584.0,0.0,0.01365
B4_P3_M74_L001,Post_P13,Post,994702.7,994702.7,0.0,0.00766
B4_P4_M74_L001,Post_P13,Post,997733.6,997733.6,0.0,0.00327
B5_P1_M74_L001,Post_P13,Post,993251.2,993251.2,-0.0,0.00977
B5_P3_M74_L001,Post_P13,Post,996218.4,996218.4,-0.0,0.00547
B5_P4_M74_L001,Post_P13,Post,993708.9,993708.9,0.0,0.0091
B6_P1_M74_L001,Post_P13,Post,992824.2,992824.2,-0.0,0.01039
B6_P3_M74_L001,Post_P13,Post,994069.2,993413.5,655.7,0.00953
B6_P4_M74_L001,Post_P13,Post,995674.8,995601.3,73.5,0.00636
B6_P5_M74_L001,Post_P13,Post,992594.2,992594.2,0.0,0.01072
B7_P3_M74_L001,Post_P13,Post,994934.0,994934.0,-0.0,0.00733
B7_P4_M74_L001,Post_P13,Post,992702.0,992697.4,4.6,0.01057
B7_P5_M74_L001,Post_P13,Post,997279.5,997279.5,-0.0,0.00393
B8_P1_M74_L001,Post_P13,Post,989478.8,989478.8,0.0,0.01526
B9_P1_M74_L001,Post_P13,Post,994927.2,994927.2,0.0,0.00734
C10_P1_M74_L001,Post_P13,Post,994157.1,994157.1,-0.0,0.00845
C10_P3_M74_L001,Post_P13,Post,996015.5,996015.5,-0.0,0.00576
C11_P1_M74_L001,Post_P13,Post,996133.2,996133.2,0.0,0.00559
C11_P3_M74_L001,Post_P13,Post,995201.1,995201.1,-0.0,0.00694
C12_P1_M74_L001,Post_P13,Post,996723.8,996723.8,-0.0,0.00473
C12_P3_M74_L001,Post_P13,Post,997373.5,997373.5,0.0,0.00379
C1_P1_M74_L001,Post_P13,Post,996378.2,996378.2,-0.0,0.00523
C1_P3_M74_L001,Post_P13,Post,995358.2,995358.2,0.0,0.00671
C2_P1_M74_L001,Post_P13,Post,994812.2,994812.2,0.0,0.0075
C2_P3_M74_L001,Post_P13,Post,995164.3,994697.4,466.9,0.00767
C3_P1_M74_L001,Post_P13,Post,992603.9,991947.8,656.1,0.01166
C3_P3_M74_L001,Post_P13,Post,989636.2,989636.2,-0.0,0.01503
C4_P1_M74_L001,Post_P13,Post,998580.7,998580.7,-0.0,0.00205
C4_P3_M74_L001,Post_P13,Post,997221.1,997221.1,-0.0,0.00401
C5_P1_M74_L001,Post_P13,Post,995872.4,995872.4,-0.0,0.00597
C6_P1_M74_L001,Post_P13,Post,998879.4,998833.8,45.6,0.00168
C6_P3_M74_L001,Post_P13,Post,995665.9,995620.7,45.2,0.00633
C7_P3_M74_L001,Post_P13,Post,996906.8,996906.8,0.0,0.00447
C8_P1_M74_L001,Post_P13,Post,996080.8,996080.8,-0.0,0.00567
C8_P3_M74_L001,Post_P13,Post,996159.6,996124.3,35.3,0.0056
C9_P3_M74_L001,Post_P13,Post,994649.2,994649.2,0.0,0.00774
D10_P1_M74_L001,Post_P13,Post,994173.4,994173.4,-0.0,0.00843
D10_P3_M74_L001,Post_P13,Post,993486.2,993486.2,0.0,0.00943
D11_P1_M74_L001,Post_P13,Post,1000698.1,1000698.1,0.0,-0.00101
D11_P3_M74_L001,Post_P13,Post,989056.0,989056.0,-0.0,0.01588
D12_P1_M74_L001,Post_P13,Post,993398.9,993398.9,0.0,0.00955
D12_P3_M74_L001,Post_P13,Post,998382.4,998382.4,-0.0,0.00234
D12_P4_M74_L001,Post_P13,Post,996048.1,996004.2,43.9,0.00578
D1_P1_M74_L001,Post_P13,Post,994001.8,994001.8,-0.0,0.00868
D1_P3_M74_L001,Post_P13,Post,991441.9,991410.6,31.3,0.01245
D2_P1_M74_L001,Post_P13,Post,994740.5,994740.5,0.0,0.00761
D2_P3_M74_L001,Post_P13,Post,992439.4,992439.4,-0.0,0.01095
D3_P1_M74_L001,Post_P13,Post,993069.2,993069.2,-0.0,0.01003
D3_P3_M74_L001,Post_P13,Post,994446.6,994446.6,-0.0,0.00803
D4_P1_M74_L001,Post_P13,Post,994957.2,994957.2,0.0,0.00729
D4_P3_M74_L001,Post_P13,Post,993666.7,993666.7,-0.0,0.00917
D5_P3_M74_L001,Post_P13,Post,996905.0,996848.7,56.3,0.00455
D7_P3_M74_L001,Post_P13,Post,996606.4,996590.5,15.9,0.00493
D8_P1_M74_L001,Post_P13,Post,997722.7,997699.5,23.2,0.00332
D8_P3_M74_L001,Post_P13,Post,993011.3,993011.3,-0.0,0.01012
D9_P3_M74_L001,Post_P13,Post,995738.5,995738.5,0.0,0.00616
E10_P1_M74_L001,Post_P13,Post,993375.8,993117.2,258.6,0.00996
E10_P3_M74_L001,Post_P13,Post,996010.6,996010.6,-0.0,0.00577
E10_P4_M74_L001,Post_P13,Post,993871.8,993871.8,0.0,0.00887
E11_P1_M74_L001,Post_P13,Post,996801.2,996801.2,0.0,0.00462
E11_P3_M74_L001,Post_P13,Post,993607.1,993607.1,0.0,0.00925
E11_P5_M74_L001,Post_P13,Post,996284.4,996284.4,-0.0,0.00537
E12_P3_M74_L001,Post_P13,Post,997101.2,997101.2,0.0,0.00419
E12_P4_M74_L001,Post_P13,Post,995352.7,994889.0,463.7,0.00739
E1_P1_M74_L001,Post_P13,Post,986703.8,986703.8,0.0,0.01931
E1_P3_M74_L001,Post_P13,Post,997176.3,997176.3,0.0,0.00408
E1_P4_M74_L001,Post_P13,Post,996409.5,996409.5,0.0,0.00519
E2_P1_M74_L001,Post_P13,Post,995144.1,993337.3,1806.8,0.00964
E2_P3_M74_L001,Post_P13,Post,993793.5,993793.5,-0.0,0.00898
E2_P4_M74_L001,Post_P13,Post,992894.2,992894.2,-0.0,0.01029
E2_P5_M74_L001,Post_P13,Post,994890.6,994890.6,0.0,0.00739
E3_P1_M74_L001,Post_P13,Post,992745.6,992745.6,-0.0,0.0105
E3_P3_M74_L001,Post_P13,Post,994389.9,994389.9,0.0,0.00812
E4_P1_M74_L001,Post_P13,Post,993395.1,993377.7,17.4,0.00959
E5_P3_M74_L001,Post_P13,Post,991963.3,991963.3,0.0,0.01164
E5_P4_M74_L001,Post_P13,Post,991168.6,991168.6,0.0,0.0128
E5_P5_M74_L001,Post_P13,Post,992047.2,992047.2,-0.0,0.01152
E6_P1_M74_L001,Post_P13,Post,991211.6,991211.6,0.0,0.01274
E6_P3_M74_L001,Post_P13,Post,993598.4,993586.6,11.8,0.00928
E7_P1_M74_L001,Post_P13,Post,993130.9,993130.9,-0.0,0.00994
E7_P4_M74_L001,Post_P13,Post,989906.3,989906.3,-0.0,0.01464
E8_P1_M74_L001,Post_P13,Post,991830.8,991830.8,0.0,0.01183
E8_P3_M74_L001,Post_P13,Post,994261.8,994261.8,-0.0,0.0083
E8_P4_M74_L001,Post_P13,Post,994820.8,994820.8,0.0,0.00749
E8_P5_M74_L001,Post_P13,Post,992876.5,992876.5,-0.0,0.01031
E9_P1_M74_L001,Post_P13,Post,991012.9,991012.9,0.0,0.01302
E9_P3_M74_L001,Post_P13,Post,995646.8,995646.8,0.0,0.00629
E9_P4_M74_L001,Post_P13,Post,995238.2,995238.2,0.0,0.00689
E9_P5_M74_L001,Post_P13,Post,995289.6,995289.6,0.0,0.00681
F10_P1_M74_L001,Post_P13,Post,992459.1,992459.1,0.0,0.01092
F10_P3_M74_L001,Post_P13,Post,998349.5,998349.5,-0.0,0.00238
F10_P4_M74_L001,Post_P13,Post,994793.8,994793.8,-0.0,0.00753
F10_P5_M74_L001,Post_P13,Post,991732.4,991732.4,0.0,0.01198
F11_P3_M74_L001,Post_P13,Post,995914.8,995860.1,54.7,0.00599
F11_P4_M74_L001,Post_P13,Post,991907.2,991832.6,74.6,0.01183
F11_P5_M74_L001,Post_P13,Post,995228.1,995202.7,25.4,0.00694
F12_P1_M74_L001,Post_P13,Post,991993.4,991993.4,-0.0,0.0116
F12_P3_M74_L001,Post_P13,Post,994763.6,994763.6,-0.0,0.00757
F12_P4_M74_L001,Post_P13,Post,993827.9,993827.9,0.0,0.00893
F12_P5_M74_L001,Post_P13,Post,996902.8,996902.8,0.0,0.00448
F1_P1_M74_L001,Post_P13,Post,990398.2,990398.2,0.0,0.01392
F1_P3_M74_L001,Post_P13,Post,992853.9,992832.6,21.3,0.01038
F1_P4_M74_L001,Post_P13,Post,995664.6,995624.0,40.6,0.00633
F1_P5_M74_L001,Post_P13,Post,995817.6,995817.6,0.0,0.00605
F2_P3_M74_L001,Post_P13,Post,994211.6,994211.6,-0.0,0.00838
F2_P4_M74_L001,Post_P13,Post,994283.2,994283.2,0.0,0.00827
F2_P5_M74_L001,Post_P13,Post,993046.8,993046.8,0.0,0.01007
F3_P1_M74_L001,Post_P13,Post,990000.2,990000.2,0.0,0.0145
F3_P3_M74_L001,Post_P13,Post,993582.7,993577.0,5.7,0.0093
F3_P4_M74_L001,Post_P13,Post,993527.1,993527.1,-0.0,0.00937
F3_P5_M74_L001,Post_P13,Post,992225.2,992225.2,0.0,0.01126
F4_P1_M74_L001,Post_P13,Post,995324.4,995324.4,-0.0,0.00676
F4_P3_M74_L001,Post_P13,Post,996399.5,995710.7,688.8,0.0062
F4_P4_M74_L001,Post_P13,Post,991241.4,991241.4,-0.0,0.01269
F4_P5_M74_L001,Post_P13,Post,994609.8,994609.8,0.0,0.0078
F5_P1_M74_L001,Post_P13,Post,996886.3,996886.3,0.0,0.0045
F5_P4_M74_L001,Post_P13,Post,995148.3,995148.3,-0.0,0.00702
F5_P5_M74_L001,Post_P13,Post,994942.4,994942.4,-0.0,0.00732
F6_P1_M74_L001,Post_P13,Post,996233.3,996233.3,-0.0,0.00544
F6_P3_M74_L001,Post_P13,Post,994011.5,994011.5,0.0,0.00867
F6_P4_M74_L001,Post_P13,Post,995594.8,995594.8,0.0,0.00637
F6_P5_M74_L001,Post_P13,Post,991095.5,991095.5,0.0,0.0129
F7_P1_M74_L001,Post_P13,Post,996854.8,996854.8,0.0,0.00454
F7_P5_M74_L001,Post_P13,Post,997404.5,997404.5,0.0,0.00375
F8_P1_M74_L001,Post_P13,Post,992474.7,992474.7,0.0,0.0109
F8_P3_M74_L001,Post_P13,Post,994966.0,994966.0,0.0,0.00728
F9_P1_M74_L001,Post_P13,Post,990575.2,990575.2,-0.0,0.01366
F9_P3_M74_L001,Post_P13,Post,990321.5,990321.5,0.0,0.01403
F9_P4_M74_L001,Post_P13,Post,994896.4,994896.4,-0.0,0.00738
G10_P1_M74_L001,Post_P13,Post,992406.3,992406.3,-0.0,0.011
G10_P3_M74_L001,Post_P13,Post,994441.7,994441.7,-0.0,0.00804
G10_P4_M74_L001,Post_P13,Post,997864.2,997864.2,-0.0,0.00308
G10_P5_M74_L001,Post_P13,Post,992180.2,992180.2,0.0,0.01133
G11_P1_M74_L001,Post_P13,Post,997278.4,997278.4,0.0,0.00393
G11_P3_M74_L001,Post_P13,Post,992980.0,992961.5,18.5,0.01019
G11_P4_M74_L001,Post_P13,Post,991308.6,991308.6,0.0,0.01259
G11_P5_M74_L001,Post_P13,Post,995507.9,995507.9,-0.0,0.0065
G12_P1_M74_L001,Post_P13,Post,994302.0,994299.7,2.3,0.00825
G12_P3_M74_L001,Post_P13,Post,995603.6,994194.5,1409.1,0.0084
G12_P4_M74_L001,Post_P13,Post,997230.0,997230.0,-0.0,0.004
G12_P5_M74_L001,Post_P13,Post,993447.8,993447.8,0.0,0.00948
G1_P1_M74_L001,Post_P13,Post,994834.4,994834.4,-0.0,0.00747
G1_P3_M74_L001,Post_P13,Post,994521.9,994512.9,9.0,0.00794
G1_P4_M74_L001,Post_P13,Post,997615.9,997615.9,-0.0,0.00344
G1_P5_M74_L001,Post_P13,Post,993533.3,993533.3,-0.0,0.00936
G2_P1_M74_L001,Post_P13,Post,993810.3,993810.3,0.0,0.00896
G2_P3_M74_L001,Post_P13,Post,996502.3,996502.3,-0.0,0.00505
G2_P4_M74_L001,Post_P13,Post,994109.8,994109.8,-0.0,0.00852
G2_P5_M74_L001,Post_P13,Post,992568.7,992508.4,60.3,0.01085
G3_P1_M74_L001,Post_P13,Post,996008.9,996008.9,-0.0,0.00577
G3_P3_M74_L001,Post_P13,Post,995249.4,995249.4,0.0,0.00687
G3_P5_M74_L001,Post_P13,Post,996220.9,996220.9,-0.0,0.00546
G4_P3_M74_L001,Post_P13,Post,995794.0,995794.0,0.0,0.00608
G4_P4_M74_L001,Post_P13,Post,997293.7,997293.7,-0.0,0.00391
G5_P1_M74_L001,Post_P13,Post,995740.0,995740.0,0.0,0.00616
G5_P3_M74_L001,Post_P13,Post,997543.2,996976.1,567.1,0.00437
G5_P4_M74_L001,Post_P13,Post,995309.8,995309.8,-0.0,0.00678
G5_P5_M74_L001,Post_P13,Post,994414.8,994414.8,-0.0,0.00808
G6_P1_M74_L001,Post_P13,Post,993114.8,993114.8,-0.0,0.00997
G6_P3_M74_L001,Post_P13,Post,994474.3,994474.3,-0.0,0.00799
G6_P4_M74_L001,Post_P13,Post,994852.6,994852.6,0.0,0.00745
G6_P5_M74_L001,Post_P13,Post,997682.2,997682.2,0.0,0.00335
G7_P3_M74_L001,Post_P13,Post,992598.4,992598.4,-0.0,0.01072
G7_P4_M74_L001,Post_P13,Post,995351.3,995351.3,-0.0,0.00672
G7_P5_M74_L001,Post_P13,Post,993112.9,993112.9,-0.0,0.00997
G8_P3_M74_L001,Post_P13,Post,993079.9,993068.1,11.8,0.01004
G8_P5_M74_L001,Post_P13,Post,994953.6,994953.6,0.0,0.0073
G9_P1_M74_L001,Post_P13,Post,987563.8,987563.8,-0.0,0.01805
G9_P3_M74_L001,Post_P13,Post,996093.6,996090.6,3.0,0.00565
G9_P5_M74_L001,Post_P13,Post,996827.5,996827.5,0.0,0.00458
H10_P1_M74_L001,Post_P13,Post,994888.7,994888.7,-0.0,0.00739
H10_P3_M74_L001,Post_P13,Post,996207.4,996207.4,0.0,0.00548
H10_P4_M74_L001,Post_P13,Post,996521.5,996521.5,-0.0,0.00503
H11_P1_M74_L001,Post_P13,Post,995521.6,995521.6,0.0,0.00648
H11_P3_M74_L001,Post_P13,Post,995836.6,995836.6,0.0,0.00602
H11_P4_M74_L001,Post_P13,Post,992981.7,992981.7,0.0,0.01016
H11_P5_M74_L001,Post_P13,Post,995263.2,995255.8,7.4,0.00686
H12_P3_M74_L001,Post_P13,Post,992787.7,992787.7,0.0,0.01044
H12_P4_M74_L001,Post_P13,Post,997258.7,996801.5,457.2,0.00462
H1_P1_M74_L001,Post_P13,Post,992615.0,992486.2,128.8,0.01088
H1_P3_M74_L001,Post_P13,Post,998495.5,998495.5,-0.0,0.00217
H1_P4_M74_L001,Post_P13,Post,997272.5,997272.5,-0.0,0.00394
H1_P5_M74_L001,Post_P13,Post,998588.8,998588.8,-0.0,0.00204
H2_P1_M74_L001,Post_P13,Post,991106.6,991053.7,52.9,0.01296
H2_P3_M74_L001,Post_P13,Post,992693.5,991550.4,1143.1,0.01224
H2_P4_M74_L001,Post_P13,Post,995160.6,995160.6,0.0,0.007
H2_P5_M74_L001,Post_P13,Post,997234.7,996883.5,351.2,0.0045
H3_P1_M74_L001,Post_P13,Post,995148.4,995148.4,-0.0,0.00702
H3_P3_M74_L001,Post_P13,Post,995088.1,995088.1,0.0,0.0071
H3_P5_M74_L001,Post_P13,Post,996037.5,996037.5,-0.0,0.00573
H4_P1_M74_L001,Post_P13,Post,993619.2,992227.3,1391.9,0.01126
H4_P3_M74_L001,Post_P13,Post,995239.0,995233.2,5.8,0.00689
H4_P4_M74_L001,Post_P13,Post,995225.8,995225.8,-0.0,0.0069
H5_P3_M74_L001,Post_P13,Post,995377.6,995377.6,0.0,0.00668
H5_P4_M74_L001,Post_P13,Post,997424.0,997424.0,0.0,0.00372
H5_P5_M74_L001,Post_P13,Post,993782.4,993782.4,0.0,0.009
H6_P1_M74_L001,Post_P13,Post,993160.4,993160.4,-0.0,0.0099
H6_P3_M74_L001,Post_P13,Post,992652.5,992652.5,0.0,0.01064
H6_P4_M74_L001,Post_P13,Post,995120.7,995075.8,44.9,0.00712
H6_P5_M74_L001,Post_P13,Post,992422.2,992419.3,2.9,0.01098
H7_P1_M74_L001,Post_P13,Post,994085.1,994085.1,-0.0,0.00856
H7_P3_M74_L001,Post_P13,Post,992694.4,992694.4,0.0,0.01058
H7_P5_M74_L001,Post_P13,Post,991263.2,990972.1,291.1,0.01308
H8_P1_M74_L001,Post_P13,Post,991952.9,991952.9,0.0,0.01166
H8_P3_M74_L001,Post_P13,Post,993369.4,993369.4,-0.0,0.0096
H9_P1_M74_L001,Post_P13,Post,990668.2,990668.2,-0.0,0.01353
H9_P3_M74_L001,Post_P13,Post,995439.5,995439.5,0.0,0.00659
H9_P4_M74_L001,Post_P13,Post,995401.0,995401.0,-0.0,0.00665
A10_P1_M43_L001,Post_P14,Post,988682.2,988682.2,0.0,0.01642
A10_P2_M43_L001,Post_P14,Post,996210.7,995688.9,521.8,0.00623
A10_P3_M43_L001,Post_P14,Post,994084.0,994084.0,-0.0,0.00856
A10_P4_M43_L001,Post_P14,Post,996486.5,996310.2,176.3,0.00533
A11_P1_M43_L001,Post_P14,Post,995694.7,995653.8,40.9,0.00628
A11_P2_M43_L001,Post_P14,Post,995663.9,995663.9,0.0,0.00627
A11_P3_M43_L001,Post_P14,Post,994027.6,994027.6,0.0,0.00864
A11_P4_M43_L001,Post_P14,Post,994529.7,994529.7,-0.0,0.00791
A12_P1_M43_L001,Post_P14,Post,993091.7,993091.7,0.0,0.01
A12_P2_M43_L001,Post_P14,Post,994064.4,994064.4,-0.0,0.00859
A12_P3_M43_L001,Post_P14,Post,988400.5,988400.5,-0.0,0.01683
A12_P4_M43_L001,Post_P14,Post,995905.1,995860.8,44.3,0.00598
A2_P1_M43_L001,Post_P14,Post,995528.1,995528.1,-0.0,0.00647
A2_P2_M43_L001,Post_P14,Post,992119.0,992119.0,-0.0,0.01141
A2_P3_M43_L001,Post_P14,Post,995745.1,995745.1,-0.0,0.00615
A2_P4_M43_L001,Post_P14,Post,991832.4,991832.4,-0.0,0.01183
A3_P1_M43_L001,Post_P14,Post,996627.3,996594.2,33.1,0.00492
A3_P3_M43_L001,Post_P14,Post,994094.2,993923.9,170.3,0.00879
A3_P4_M43_L001,Post_P14,Post,996994.2,996994.2,0.0,0.00434
A4_P1_M43_L001,Post_P14,Post,987261.5,986990.0,271.5,0.01889
A4_P2_M43_L001,Post_P14,Post,996920.7,996920.7,-0.0,0.00445
A4_P4_M43_L001,Post_P14,Post,994899.7,994833.5,66.2,0.00747
A5_P1_M43_L001,Post_P14,Post,994420.5,994409.4,11.1,0.00809
A5_P2_M43_L001,Post_P14,Post,992591.9,992591.9,-0.0,0.01073
A5_P3_M43_L001,Post_P14,Post,996011.8,996011.8,-0.0,0.00577
A5_P4_M43_L001,Post_P14,Post,993382.0,993382.0,-0.0,0.00958
A6_P1_M43_L001,Post_P14,Post,996370.1,995461.0,909.1,0.00656
A6_P2_M43_L001,Post_P14,Post,996548.3,996433.1,115.2,0.00516
A6_P3_M43_L001,Post_P14,Post,997048.8,997048.8,0.0,0.00426
A6_P4_M43_L001,Post_P14,Post,991274.2,990431.8,842.4,0.01387
A7_P1_M43_L001,Post_P14,Post,993352.0,993347.6,4.4,0.00963
A7_P2_M43_L001,Post_P14,Post,994700.0,994356.2,343.8,0.00817
A7_P3_M43_L001,Post_P14,Post,991533.3,991533.3,-0.0,0.01227
A7_P4_M43_L001,Post_P14,Post,996235.0,996235.0,-0.0,0.00544
A8_P1_M43_L001,Post_P14,Post,993202.3,993202.3,0.0,0.00984
A8_P2_M43_L001,Post_P14,Post,995544.3,995544.3,0.0,0.00644
A8_P3_M43_L001,Post_P14,Post,991278.4,991278.4,0.0,0.01264
A8_P4_M43_L001,Post_P14,Post,993003.8,992424.8,579.0,0.01097
A9_P1_M43_L001,Post_P14,Post,993697.1,993697.1,-0.0,0.00912
A9_P2_M43_L001,Post_P14,Post,994268.2,994268.2,0.0,0.00829
A9_P3_M43_L001,Post_P14,Post,997728.8,997564.4,164.4,0.00352
A9_P4_M43_L001,Post_P14,Post,995818.4,995818.4,0.0,0.00605
B10_P1_M43_L001,Post_P14,Post,995397.4,995397.4,-0.0,0.00666
B10_P2_M43_L001,Post_P14,Post,991382.9,991382.9,0.0,0.01249
B10_P3_M43_L001,Post_P14,Post,994410.4,994391.1,19.3,0.00811
B10_P4_M43_L001,Post_P14,Post,994552.7,994552.7,-0.0,0.00788
B11_P1_M43_L001,Post_P14,Post,996318.9,996318.9,-0.0,0.00532
B11_P2_M43_L001,Post_P14,Post,991596.0,991391.9,204.1,0.01247
B11_P3_M43_L001,Post_P14,Post,994886.5,994886.5,-0.0,0.0074
B11_P4_M43_L001,Post_P14,Post,995477.8,995477.8,0.0,0.00654
B12_P1_M43_L001,Post_P14,Post,991166.0,991166.0,-0.0,0.0128
B12_P2_M43_L001,Post_P14,Post,994075.6,994075.6,0.0,0.00857
B12_P3_M43_L001,Post_P14,Post,998533.1,998533.1,-0.0,0.00212
B12_P4_M43_L001,Post_P14,Post,993919.2,993919.2,-0.0,0.0088
B1_P2_M43_L001,Post_P14,Post,994596.0,994592.6,3.4,0.00782
B1_P3_M43_L001,Post_P14,Post,996756.6,993796.3,2960.3,0.00898
B1_P4_M43_L001,Post_P14,Post,992510.0,992510.0,0.0,0.01085
B2_P1_M43_L001,Post_P14,Post,995008.4,994934.2,74.2,0.00733
B2_P2_M43_L001,Post_P14,Post,989767.4,989767.4,0.0,0.01484
B2_P3_M43_L001,Post_P14,Post,994338.6,994338.6,-0.0,0.00819
B2_P4_M43_L001,Post_P14,Post,995854.5,995854.5,0.0,0.00599
B3_P1_M43_L001,Post_P14,Post,997134.6,997124.2,10.4,0.00415
B3_P2_M43_L001,Post_P14,Post,992124.7,992124.7,-0.0,0.01141
B3_P3_M43_L001,Post_P14,Post,994553.2,994553.2,0.0,0.00788
B3_P4_M43_L001,Post_P14,Post,996363.9,995422.1,941.8,0.00662
B4_P1_M43_L001,Post_P14,Post,994581.7,993433.1,1148.6,0.00951
B4_P2_M43_L001,Post_P14,Post,992892.2,992471.5,420.7,0.0109
B4_P3_M43_L001,Post_P14,Post,994191.6,994168.6,23.0,0.00844
B4_P4_M43_L001,Post_P14,Post,997008.2,997008.2,0.0,0.00432
B5_P1_M43_L001,Post_P14,Post,994893.8,994893.8,-0.0,0.00739
B5_P2_M43_L001,Post_P14,Post,995484.3,995484.3,0.0,0.00653
B5_P3_M43_L001,Post_P14,Post,994732.6,994732.6,-0.0,0.00762
B5_P4_M43_L001,Post_P14,Post,996081.7,996081.7,0.0,0.00566
B6_P1_M43_L001,Post_P14,Post,995311.2,995311.2,-0.0,0.00678
B6_P2_M43_L001,Post_P14,Post,995377.3,995377.3,0.0,0.00668
B6_P3_M43_L001,Post_P14,Post,997168.7,997168.7,0.0,0.00409
B6_P4_M43_L001,Post_P14,Post,991280.1,991280.1,-0.0,0.01264
B7_P2_M43_L001,Post_P14,Post,992316.2,992316.2,0.0,0.01113
B7_P3_M43_L001,Post_P14,Post,996283.4,996283.4,0.0,0.00537
B7_P4_M43_L001,Post_P14,Post,995860.9,994198.4,1662.5,0.00839
B8_P2_M43_L001,Post_P14,Post,993912.5,993110.1,802.4,0.00997
B8_P3_M43_L001,Post_P14,Post,993706.7,993706.7,-0.0,0.00911
B8_P4_M43_L001,Post_P14,Post,988255.5,986617.4,1638.1,0.01944
B9_P1_M43_L001,Post_P14,Post,992488.0,992488.0,-0.0,0.01088
B9_P2_M43_L001,Post_P14,Post,994507.3,994507.3,-0.0,0.00795
B9_P3_M43_L001,Post_P14,Post,995685.3,995685.3,0.0,0.00624
B9_P4_M43_L001,Post_P14,Post,994765.4,994577.1,188.3,0.00784
C10_P1_M43_L001,Post_P14,Post,996341.7,996233.6,108.1,0.00544
C10_P2_M43_L001,Post_P14,Post,991201.0,991201.0,0.0,0.01275
C10_P3_M43_L001,Post_P14,Post,993264.8,993264.8,0.0,0.00975
C10_P4_M43_L001,Post_P14,Post,995102.3,995082.7,19.6,0.00711
C11_P1_M43_L001,Post_P14,Post,996500.7,996496.2,4.5,0.00506
C11_P2_M43_L001,Post_P14,Post,993552.0,992376.7,1175.3,0.01104
C11_P3_M43_L001,Post_P14,Post,994565.4,994565.4,-0.0,0.00786
C11_P4_M43_L001,Post_P14,Post,995091.1,995049.6,41.5,0.00716
C12_P1_M43_L001,Post_P14,Post,995775.5,995775.5,-0.0,0.00611
C12_P3_M43_L001,Post_P14,Post,997467.1,997467.1,0.0,0.00366
C12_P4_M43_L001,Post_P14,Post,994737.3,993862.2,875.1,0.00888
C1_P1_M43_L001,Post_P14,Post,995392.3,995392.3,-0.0,0.00666
C1_P2_M43_L001,Post_P14,Post,994290.6,994280.4,10.2,0.00828
C1_P3_M43_L001,Post_P14,Post,993544.5,993544.5,0.0,0.00934
C1_P4_M43_L001,Post_P14,Post,995176.2,995176.2,-0.0,0.00698
C2_P2_M43_L001,Post_P14,Post,992515.6,992515.6,0.0,0.01084
C2_P3_M43_L001,Post_P14,Post,992145.0,992145.0,0.0,0.01138
C2_P4_M43_L001,Post_P14,Post,995030.1,995030.1,0.0,0.00719
C3_P1_M43_L001,Post_P14,Post,995792.8,995792.8,-0.0,0.00608
C3_P4_M43_L001,Post_P14,Post,991183.0,991183.0,0.0,0.01278
C4_P1_M43_L001,Post_P14,Post,993330.9,993330.9,0.0,0.00965
C4_P2_M43_L001,Post_P14,Post,992864.8,992864.8,-0.0,0.01033
C4_P4_M43_L001,Post_P14,Post,991818.9,991347.8,471.1,0.01254
C5_P1_M43_L001,Post_P14,Post,995815.5,995815.5,0.0,0.00605
C5_P2_M43_L001,Post_P14,Post,993407.6,993407.6,-0.0,0.00954
C5_P3_M43_L001,Post_P14,Post,997846.2,997846.2,0.0,0.00311
C5_P4_M43_L001,Post_P14,Post,994007.4,993942.6,64.8,0.00877
C6_P1_M43_L001,Post_P14,Post,994503.1,994417.9,85.2,0.00808
C6_P2_M43_L001,Post_P14,Post,995688.7,995688.7,0.0,0.00623
C6_P3_M43_L001,Post_P14,Post,995492.9,995492.9,0.0,0.00652
C6_P4_M43_L001,Post_P14,Post,990725.2,990721.0,4.2,0.01345
C7_P2_M43_L001,Post_P14,Post,995239.5,995106.2,133.3,0.00708
C7_P3_M43_L001,Post_P14,Post,995572.8,995572.8,-0.0,0.0064
C8_P1_M43_L001,Post_P14,Post,994153.5,994153.5,0.0,0.00846
C8_P3_M43_L001,Post_P14,Post,992881.4,992881.4,0.0,0.01031
C8_P4_M43_L001,Post_P14,Post,992084.6,992084.6,0.0,0.01146
C9_P1_M43_L001,Post_P14,Post,998188.9,998185.7,3.2,0.00262
C9_P2_M43_L001,Post_P14,Post,991086.4,991086.4,-0.0,0.01292
C9_P3_M43_L001,Post_P14,Post,995411.2,995405.7,5.5,0.00664
C9_P4_M43_L001,Post_P14,Post,996952.3,996952.3,-0.0,0.0044
D10_P1_M43_L001,Post_P14,Post,995691.3,995691.3,-0.0,0.00623
D10_P2_M43_L001,Post_P14,Post,998352.3,998345.2,7.1,0.00239
D10_P3_M43_L001,Post_P14,Post,994698.4,994482.6,215.8,0.00798
D10_P4_M43_L001,Post_P14,Post,997001.4,996956.3,45.1,0.0044
D11_P1_M43_L001,Post_P14,Post,987799.9,987799.9,-0.0,0.01771
D11_P2_M43_L001,Post_P14,Post,995618.6,995019.1,599.5,0.0072
D11_P3_M43_L001,Post_P14,Post,995370.8,995272.1,98.7,0.00684
D11_P4_M43_L001,Post_P14,Post,995517.9,995461.4,56.5,0.00656
D12_P1_M43_L001,Post_P14,Post,996529.8,996529.8,0.0,0.00502
D12_P2_M43_L001,Post_P14,Post,997518.2,997518.2,-0.0,0.00358
D12_P3_M43_L001,Post_P14,Post,995655.7,995655.7,0.0,0.00628
D12_P4_M43_L001,Post_P14,Post,993084.3,993084.3,0.0,0.01001
D1_P1_M43_L001,Post_P14,Post,993035.1,993028.8,6.3,0.01009
D1_P3_M43_L001,Post_P14,Post,994967.2,994967.2,-0.0,0.00728
D2_P1_M43_L001,Post_P14,Post,994610.1,994610.1,0.0,0.0078
D2_P2_M43_L001,Post_P14,Post,996115.0,996115.0,0.0,0.00562
D2_P4_M43_L001,Post_P14,Post,995636.6,995636.6,-0.0,0.00631
D3_P1_M43_L001,Post_P14,Post,993436.8,993436.8,0.0,0.0095
D3_P2_M43_L001,Post_P14,Post,990827.2,990827.2,0.0,0.01329
D3_P3_M43_L001,Post_P14,Post,996993.3,996959.0,34.3,0.00439
D4_P1_M43_L001,Post_P14,Post,991660.3,991660.3,0.0,0.01208
D4_P2_M43_L001,Post_P14,Post,996914.1,996914.1,0.0,0.00446
D4_P3_M43_L001,Post_P14,Post,997080.6,997080.6,0.0,0.00422
D4_P4_M43_L001,Post_P14,Post,996148.4,996148.4,-0.0,0.00557
D5_P2_M43_L001,Post_P14,Post,991182.0,991182.0,-0.0,0.01278
D5_P3_M43_L001,Post_P14,Post,996496.7,996496.7,0.0,0.00506
D5_P4_M43_L001,Post_P14,Post,994267.1,994267.1,-0.0,0.00829
D6_P3_M43_L001,Post_P14,Post,993046.6,993046.6,-0.0,0.01007
D6_P4_M43_L001,Post_P14,Post,995658.0,995658.0,0.0,0.00628
D7_P1_M43_L001,Post_P14,Post,992514.9,992514.9,-0.0,0.01084
D7_P3_M43_L001,Post_P14,Post,996575.1,996527.5,47.6,0.00502
D7_P4_M43_L001,Post_P14,Post,994280.3,994280.3,0.0,0.00828
D8_P1_M43_L001,Post_P14,Post,992752.9,992752.9,0.0,0.01049
D8_P2_M43_L001,Post_P14,Post,993969.7,993969.7,-0.0,0.00873
D8_P3_M43_L001,Post_P14,Post,996313.8,996313.8,-0.0,0.00533
D8_P4_M43_L001,Post_P14,Post,994095.8,994095.8,0.0,0.00854
D9_P2_M43_L001,Post_P14,Post,991047.0,991047.0,-0.0,0.01297
D9_P3_M43_L001,Post_P14,Post,995670.0,995670.0,0.0,0.00626
D9_P4_M43_L001,Post_P14,Post,997157.3,996567.0,590.3,0.00496
E10_P1_M43_L001,Post_P14,Post,991487.9,991487.9,-0.0,0.01233
E10_P3_M43_L001,Post_P14,Post,990698.4,990698.4,0.0,0.01348
E10_P4_M43_L001,Post_P14,Post,994901.9,994287.0,614.9,0.00827
E11_P2_M43_L001,Post_P14,Post,995361.3,995361.3,0.0,0.00671
E11_P4_M43_L001,Post_P14,Post,991809.5,991799.5,10.0,0.01188
E12_P1_M43_L001,Post_P14,Post,991950.6,991950.6,0.0,0.01166
E12_P2_M43_L001,Post_P14,Post,995651.9,994677.4,974.5,0.0077
E12_P3_M43_L001,Post_P14,Post,996473.3,996473.3,0.0,0.0051
E12_P4_M43_L001,Post_P14,Post,996297.5,996297.5,0.0,0.00535
E1_P1_M43_L001,Post_P14,Post,995483.3,995483.3,-0.0,0.00653
E1_P2_M43_L001,Post_P14,Post,995136.8,995136.8,-0.0,0.00703
E1_P3_M43_L001,Post_P14,Post,993140.9,993140.9,0.0,0.00993
E1_P4_M43_L001,Post_P14,Post,991026.9,991026.9,-0.0,0.013
E2_P1_M43_L001,Post_P14,Post,989226.0,989226.0,-0.0,0.01563
E2_P2_M43_L001,Post_P14,Post,991490.0,991490.0,-0.0,0.01233
E2_P3_M43_L001,Post_P14,Post,993751.5,993706.0,45.5,0.00911
E2_P4_M43_L001,Post_P14,Post,994454.6,994450.0,4.6,0.00803
E3_P1_M43_L001,Post_P14,Post,996886.5,996366.5,520.0,0.00525
E3_P3_M43_L001,Post_P14,Post,998290.4,998287.6,2.8,0.00247
E3_P4_M43_L001,Post_P14,Post,995913.9,995913.9,-0.0,0.00591
E4_P1_M43_L001,Post_P14,Post,994876.2,994876.2,-0.0,0.00741
E4_P2_M43_L001,Post_P14,Post,990821.2,990821.2,0.0,0.0133
E4_P3_M43_L001,Post_P14,Post,989691.2,989691.2,0.0,0.01495
E4_P4_M43_L001,Post_P14,Post,992820.6,992820.6,-0.0,0.0104
E5_P1_M43_L001,Post_P14,Post,995931.7,995931.7,-0.0,0.00588
E5_P2_M43_L001,Post_P14,Post,995706.7,995706.7,0.0,0.00621
E5_P3_M43_L001,Post_P14,Post,992182.5,992060.7,121.8,0.0115
E5_P4_M43_L001,Post_P14,Post,993574.8,993030.8,544.0,0.01009
E6_P2_M43_L001,Post_P14,Post,995811.9,995811.9,0.0,0.00605
E6_P3_M43_L001,Post_P14,Post,995082.6,995082.6,-0.0,0.00711
E6_P4_M43_L001,Post_P14,Post,996926.8,996926.8,0.0,0.00444
E7_P2_M43_L001,Post_P14,Post,997094.6,997064.0,30.6,0.00424
E7_P4_M43_L001,Post_P14,Post,997389.0,997389.0,0.0,0.00377
E8_P1_M43_L001,Post_P14,Post,990529.0,990529.0,0.0,0.01373
E8_P2_M43_L001,Post_P14,Post,996558.8,996558.8,-0.0,0.00497
E8_P3_M43_L001,Post_P14,Post,995632.3,995632.3,0.0,0.00632
E8_P4_M43_L001,Post_P14,Post,995749.0,995394.7,354.3,0.00666
E9_P4_M43_L001,Post_P14,Post,990822.9,990822.9,-0.0,0.0133
F10_P2_M43_L001,Post_P14,Post,989476.5,989476.5,0.0,0.01526
F11_P1_M43_L001,Post_P14,Post,995211.7,995211.7,-0.0,0.00692
F11_P2_M43_L001,Post_P14,Post,994228.1,994228.1,-0.0,0.00835
F11_P3_M43_L001,Post_P14,Post,995052.0,995052.0,0.0,0.00716
F11_P4_M43_L001,Post_P14,Post,992776.6,992776.6,0.0,0.01046
F12_P1_M43_L001,Post_P14,Post,996147.1,996147.1,-0.0,0.00557
F12_P3_M43_L001,Post_P14,Post,994989.8,994989.8,0.0,0.00725
F12_P4_M43_L001,Post_P14,Post,996840.2,996840.2,-0.0,0.00457
F1_P1_M43_L001,Post_P14,Post,996045.4,996045.4,0.0,0.00572
F1_P2_M43_L001,Post_P14,Post,997068.2,997068.2,-0.0,0.00424
F1_P3_M43_L001,Post_P14,Post,988564.0,988564.0,-0.0,0.01659
F1_P4_M43_L001,Post_P14,Post,993571.4,993571.4,-0.0,0.0093
F2_P1_M43_L001,Post_P14,Post,995877.5,993061.4,2816.1,0.01005
F2_P2_M43_L001,Post_P14,Post,993706.6,993706.6,0.0,0.00911
F2_P4_M43_L001,Post_P14,Post,990905.6,990905.6,-0.0,0.01318
F3_P2_M43_L001,Post_P14,Post,992210.0,992210.0,-0.0,0.01128
F3_P3_M43_L001,Post_P14,Post,994787.0,994787.0,-0.0,0.00754
F3_P4_M43_L001,Post_P14,Post,992563.8,990010.3,2553.5,0.01448
F4_P1_M43_L001,Post_P14,Post,994403.5,994289.1,114.4,0.00826
F4_P3_M43_L001,Post_P14,Post,995942.6,994799.5,1143.1,0.00752
F4_P4_M43_L001,Post_P14,Post,993876.3,993850.9,25.4,0.0089
F5_P1_M43_L001,Post_P14,Post,991105.0,991105.0,0.0,0.01289
F5_P2_M43_L001,Post_P14,Post,995712.5,995712.5,0.0,0.0062
F5_P3_M43_L001,Post_P14,Post,992602.0,992602.0,0.0,0.01071
F5_P4_M43_L001,Post_P14,Post,991357.3,990245.4,1111.9,0.01414
F6_P2_M43_L001,Post_P14,Post,991011.2,991011.2,0.0,0.01303
F6_P4_M43_L001,Post_P14,Post,992878.4,992878.4,-0.0,0.01031
F7_P2_M43_L001,Post_P14,Post,992994.6,992994.6,-0.0,0.01014
F7_P3_M43_L001,Post_P14,Post,994830.4,994830.4,-0.0,0.00748
F7_P4_M43_L001,Post_P14,Post,996186.8,996186.8,-0.0,0.00551
F8_P2_M43_L001,Post_P14,Post,995074.9,995074.9,-0.0,0.00712
F8_P4_M43_L001,Post_P14,Post,992134.7,992134.7,0.0,0.01139
F9_P1_M43_L001,Post_P14,Post,995454.6,995454.6,-0.0,0.00657
F9_P2_M43_L001,Post_P14,Post,992941.1,992941.1,0.0,0.01022
F9_P3_M43_L001,Post_P14,Post,992042.6,990822.0,1220.6,0.0133
F9_P4_M43_L001,Post_P14,Post,995147.9,995147.9,-0.0,0.00702
G10_P1_M43_L001,Post_P14,Post,994026.3,994026.3,-0.0,0.00864
G10_P4_M43_L001,Post_P14,Post,996013.5,996013.5,-0.0,0.00576
G11_P2_M43_L001,Post_P14,Post,994722.0,994722.0,-0.0,0.00763
G11_P4_M43_L001,Post_P14,Post,992896.5,992896.5,-0.0,0.01028
G12_P1_M43_L001,Post_P14,Post,988124.2,988028.1,96.1,0.01738
G12_P2_M43_L001,Post_P14,Post,993823.8,993823.8,0.0,0.00894
G12_P3_M43_L001,Post_P14,Post,995581.2,995557.5,23.7,0.00642
G12_P4_M43_L001,Post_P14,Post,990849.0,990849.0,-0.0,0.01326
G1_P1_M43_L001,Post_P14,Post,990887.8,990887.8,0.0,0.01321
G1_P3_M43_L001,Post_P14,Post,995642.3,995642.3,0.0,0.0063
G1_P4_M43_L001,Post_P14,Post,995084.8,995084.8,0.0,0.00711
G2_P1_M43_L001,Post_P14,Post,991124.0,991124.0,-0.0,0.01286
G2_P2_M43_L001,Post_P14,Post,995008.4,995008.4,0.0,0.00722
G2_P3_M43_L001,Post_P14,Post,991888.8,991888.8,0.0,0.01175
G2_P4_M43_L001,Post_P14,Post,996617.3,996617.3,0.0,0.00489
G3_P1_M43_L001,Post_P14,Post,992931.6,992920.3,11.3,0.01025
G3_P2_M43_L001,Post_P14,Post,997012.6,997005.0,7.6,0.00433
G3_P4_M43_L001,Post_P14,Post,996731.6,996726.9,4.7,0.00473
G4_P1_M43_L001,Post_P14,Post,996860.9,996860.9,0.0,0.00454
G4_P2_M43_L001,Post_P14,Post,993665.7,993665.7,0.0,0.00917
G4_P3_M43_L001,Post_P14,Post,996212.8,996133.4,79.4,0.00559
G5_P1_M43_L001,Post_P14,Post,993119.0,992836.0,283.0,0.01037
G5_P2_M43_L001,Post_P14,Post,993428.6,993428.6,-0.0,0.00951
G5_P3_M43_L001,Post_P14,Post,993271.5,993271.5,-0.0,0.00974
G5_P4_M43_L001,Post_P14,Post,995748.7,995742.7,6.0,0.00616
G6_P1_M43_L001,Post_P14,Post,994372.5,994372.5,0.0,0.00814
G6_P2_M43_L001,Post_P14,Post,994627.9,994625.3,2.6,0.00777
G6_P3_M43_L001,Post_P14,Post,996713.1,996713.1,-0.0,0.00475
G6_P4_M43_L001,Post_P14,Post,996542.5,996532.5,10.0,0.00501
G7_P1_M43_L001,Post_P14,Post,992544.2,992507.1,37.1,0.01085
G7_P2_M43_L001,Post_P14,Post,996119.3,996119.3,0.0,0.00561
G7_P3_M43_L001,Post_P14,Post,995803.8,995803.8,-0.0,0.00607
G7_P4_M43_L001,Post_P14,Post,997089.0,997089.0,-0.0,0.00421
G8_P1_M43_L001,Post_P14,Post,996504.1,996486.4,17.7,0.00508
G8_P2_M43_L001,Post_P14,Post,992246.6,992246.6,-0.0,0.01123
G8_P4_M43_L001,Post_P14,Post,993178.2,993178.2,-0.0,0.00988
G9_P2_M43_L001,Post_P14,Post,993656.7,993656.7,0.0,0.00918
G9_P3_M43_L001,Post_P14,Post,989883.1,989883.1,-0.0,0.01467
G9_P4_M43_L001,Post_P14,Post,992922.0,992922.0,-0.0,0.01025
H10_P1_M43_L001,Post_P14,Post,993907.3,993907.3,0.0,0.00882
H10_P3_M43_L001,Post_P14,Post,992635.0,992549.2,85.8,0.01079
H10_P4_M43_L001,Post_P14,Post,994428.9,994428.9,-0.0,0.00806
H11_P2_M43_L001,Post_P14,Post,987772.4,987772.4,0.0,0.01775
H11_P3_M43_L001,Post_P14,Post,993129.3,993129.3,0.0,0.00995
H11_P4_M43_L001,Post_P14,Post,995257.9,995257.9,0.0,0.00686
H12_P1_M43_L001,Post_P14,Post,995122.1,995122.1,0.0,0.00705
H12_P2_M43_L001,Post_P14,Post,994397.5,994397.5,0.0,0.00811
H12_P3_M43_L001,Post_P14,Post,994366.3,994366.3,0.0,0.00815
H12_P4_M43_L001,Post_P14,Post,993584.0,993584.0,0.0,0.00929
H1_P1_M43_L001,Post_P14,Post,993975.8,993975.8,-0.0,0.00872
H1_P2_M43_L001,Post_P14,Post,997260.4,997258.7,1.7,0.00396
H1_P3_M43_L001,Post_P14,Post,997515.0,997515.0,-0.0,0.00359
H1_P4_M43_L001,Post_P14,Post,996158.4,996158.4,0.0,0.00555
H2_P1_M43_L001,Post_P14,Post,995373.5,995373.5,-0.0,0.00669
H2_P2_M43_L001,Post_P14,Post,992956.9,992956.9,0.0,0.0102
H2_P3_M43_L001,Post_P14,Post,995606.6,995606.6,0.0,0.00635
H2_P4_M43_L001,Post_P14,Post,995304.1,995304.1,0.0,0.00679
H3_P1_M43_L001,Post_P14,Post,995475.1,995436.4,38.7,0.0066
H3_P2_M43_L001,Post_P14,Post,989954.5,989684.9,269.6,0.01496
H3_P3_M43_L001,Post_P14,Post,992186.3,992186.3,0.0,0.01132
H3_P4_M43_L001,Post_P14,Post,993538.5,993538.5,0.0,0.00935
H4_P1_M43_L001,Post_P14,Post,995420.5,995420.5,-0.0,0.00662
H4_P2_M43_L001,Post_P14,Post,992998.4,992998.4,0.0,0.01014
H4_P3_M43_L001,Post_P14,Post,995259.1,995259.1,-0.0,0.00686
H4_P4_M43_L001,Post_P14,Post,991842.6,991842.6,0.0,0.01182
H5_P1_M43_L001,Post_P14,Post,995386.3,995384.8,1.5,0.00667
H5_P2_M43_L001,Post_P14,Post,993810.4,993810.4,0.0,0.00896
H5_P3_M43_L001,Post_P14,Post,994966.7,994966.7,-0.0,0.00728
H5_P4_M43_L001,Post_P14,Post,998668.1,998668.1,0.0,0.00192
H6_P1_M43_L001,Post_P14,Post,997424.1,996979.4,444.7,0.00436
H6_P2_M43_L001,Post_P14,Post,993111.9,992912.1,199.8,0.01026
H6_P3_M43_L001,Post_P14,Post,996788.1,996788.1,0.0,0.00464
H6_P4_M43_L001,Post_P14,Post,992871.9,992871.9,-0.0,0.01032
H7_P1_M43_L001,Post_P14,Post,992526.4,992526.4,0.0,0.01082
H7_P3_M43_L001,Post_P14,Post,997044.4,981803.2,15241.2,0.02649
H7_P4_M43_L001,Post_P14,Post,994567.3,994567.3,-0.0,0.00786
H8_P1_M43_L001,Post_P14,Post,990634.0,990615.7,18.3,0.0136
H8_P2_M43_L001,Post_P14,Post,993712.2,993712.2,-0.0,0.0091
H8_P3_M43_L001,Post_P14,Post,994558.5,994473.0,85.5,0.008
H8_P4_M43_L001,Post_P14,Post,994011.9,994004.2,7.7,0.00868
H9_P1_M43_L001,Post_P14,Post,992558.6,992558.6,-0.0,0.01078
H9_P2_M43_L001,Post_P14,Post,996409.3,996409.3,0.0,0.00519
H9_P4_M43_L001,Post_P14,Post,995112.1,994680.0,432.1,0.0077
A10_P1_M9_L001,Pre_P15,Pre,992858.7,992858.7,-0.0,0.01034
A10_P2_M9_L001,Pre_P15,Pre,997083.2,997008.1,75.1,0.00432
A10_P3_M9_L001,Pre_P15,Pre,994825.4,994825.4,0.0,0.00748
A10_P5_M9_L001,Pre_P15,Pre,996979.8,996979.8,0.0,0.00436
A11_P1_M9_L001,Pre_P15,Pre,992867.5,989151.3,3716.2,0.01574
A11_P2_M9_L001,Pre_P15,Pre,994501.8,994501.8,-0.0,0.00795
A11_P3_M9_L001,Pre_P15,Pre,990792.8,990792.8,0.0,0.01334
A11_P5_M9_L001,Pre_P15,Pre,994440.7,994440.7,0.0,0.00804
A12_P1_M9_L001,Pre_P15,Pre,996174.1,996174.1,0.0,0.00553
A2_P1_M9_L001,Pre_P15,Pre,995015.4,995015.4,-0.0,0.00721
A2_P3_M9_L001,Pre_P15,Pre,993988.1,993988.1,0.0,0.0087
A3_P2_M9_L001,Pre_P15,Pre,995178.4,995178.4,-0.0,0.00697
A4_P1_M9_L001,Pre_P15,Pre,993266.7,992573.1,693.6,0.01075
A4_P3_M9_L001,Pre_P15,Pre,997928.9,997612.6,316.3,0.00345
A4_P5_M9_L001,Pre_P15,Pre,995288.4,995288.4,-0.0,0.00681
A5_P2_M9_L001,Pre_P15,Pre,993633.1,993633.1,-0.0,0.00921
A5_P3_M9_L001,Pre_P15,Pre,994834.8,994834.8,-0.0,0.00747
A5_P5_M9_L001,Pre_P15,Pre,994930.4,994769.4,161.0,0.00757
A6_P1_M9_L001,Pre_P15,Pre,996054.9,995998.2,56.7,0.00578
A6_P2_M9_L001,Pre_P15,Pre,995391.6,995391.6,-0.0,0.00666
A6_P5_M9_L001,Pre_P15,Pre,998368.4,998368.4,-0.0,0.00236
A7_P2_M9_L001,Pre_P15,Pre,993847.0,993847.0,-0.0,0.0089
A7_P5_M9_L001,Pre_P15,Pre,995313.5,995313.5,-0.0,0.00678
A8_P2_M9_L001,Pre_P15,Pre,995039.1,994875.8,163.3,0.00741
A8_P3_M9_L001,Pre_P15,Pre,992745.6,990395.1,2350.5,0.01392
A8_P5_M9_L001,Pre_P15,Pre,993610.6,993610.6,0.0,0.00925
A9_P1_M9_L001,Pre_P15,Pre,995269.5,995269.5,-0.0,0.00684
A9_P2_M9_L001,Pre_P15,Pre,997806.0,997806.0,0.0,0.00317
A9_P3_M9_L001,Pre_P15,Pre,995024.8,994999.5,25.3,0.00723
A9_P5_M9_L001,Pre_P15,Pre,994563.8,994563.8,-0.0,0.00786
B10_P1_M9_L001,Pre_P15,Pre,990388.4,990388.4,0.0,0.01393
B10_P2_M9_L001,Pre_P15,Pre,994713.7,994713.7,0.0,0.00765
B10_P3_M9_L001,Pre_P15,Pre,990996.9,990397.5,599.4,0.01392
B10_P5_M9_L001,Pre_P15,Pre,994701.2,994701.2,0.0,0.00766
B11_P1_M9_L001,Pre_P15,Pre,994187.3,994187.3,0.0,0.00841
B11_P2_M9_L001,Pre_P15,Pre,991627.0,991627.0,-0.0,0.01213
B11_P3_M9_L001,Pre_P15,Pre,994638.0,994638.0,-0.0,0.00776
B11_P5_M9_L001,Pre_P15,Pre,994390.7,994390.7,-0.0,0.00812
B12_P3_M9_L001,Pre_P15,Pre,995881.5,995881.5,-0.0,0.00595
B12_P5_M9_L001,Pre_P15,Pre,997695.2,997695.2,-0.0,0.00333
B1_P1_M9_L001,Pre_P15,Pre,996454.8,996454.8,-0.0,0.00512
B1_P2_M9_L001,Pre_P15,Pre,997003.8,997003.8,0.0,0.00433
B1_P3_M9_L001,Pre_P15,Pre,992130.5,992130.5,-0.0,0.0114
B2_P3_M9_L001,Pre_P15,Pre,997599.8,997599.8,0.0,0.00347
B2_P5_M9_L001,Pre_P15,Pre,991389.3,991389.3,0.0,0.01248
B3_P5_M9_L001,Pre_P15,Pre,994688.2,994688.2,0.0,0.00768
B4_P2_M9_L001,Pre_P15,Pre,996316.5,996316.5,-0.0,0.00532
B4_P3_M9_L001,Pre_P15,Pre,993419.2,993419.2,0.0,0.00953
B4_P5_M9_L001,Pre_P15,Pre,994576.0,994576.0,0.0,0.00785
B5_P1_M9_L001,Pre_P15,Pre,997836.6,997836.6,0.0,0.00312
B5_P2_M9_L001,Pre_P15,Pre,992664.5,992664.5,0.0,0.01062
B5_P3_M9_L001,Pre_P15,Pre,996873.5,996873.5,0.0,0.00452
B6_P1_M9_L001,Pre_P15,Pre,994861.2,994861.2,-0.0,0.00743
B6_P3_M9_L001,Pre_P15,Pre,992812.6,992812.6,-0.0,0.01041
B6_P5_M9_L001,Pre_P15,Pre,994145.5,994145.5,-0.0,0.00847
B7_P2_M9_L001,Pre_P15,Pre,996233.1,996233.1,0.0,0.00544
B7_P5_M9_L001,Pre_P15,Pre,997158.0,997158.0,-0.0,0.00411
B8_P1_M9_L001,Pre_P15,Pre,993492.1,993489.0,3.1,0.00942
B8_P2_M9_L001,Pre_P15,Pre,996369.5,996369.5,-0.0,0.00525
B8_P3_M9_L001,Pre_P15,Pre,993269.7,993269.7,-0.0,0.00974
B8_P5_M9_L001,Pre_P15,Pre,992644.0,992644.0,0.0,0.01065
B9_P1_M9_L001,Pre_P15,Pre,996033.6,996033.6,-0.0,0.00573
B9_P2_M9_L001,Pre_P15,Pre,996522.6,996522.6,0.0,0.00503
B9_P3_M9_L001,Pre_P15,Pre,996949.3,996949.3,0.0,0.00441
B9_P5_M9_L001,Pre_P15,Pre,994502.9,994502.9,0.0,0.00795
C10_P1_M9_L001,Pre_P15,Pre,996285.3,996281.1,4.2,0.00538
C10_P2_M9_L001,Pre_P15,Pre,992062.1,992062.1,0.0,0.0115
C10_P3_M9_L001,Pre_P15,Pre,991566.6,991566.6,-0.0,0.01222
C10_P5_M9_L001,Pre_P15,Pre,996028.0,996022.2,5.8,0.00575
C11_P1_M9_L001,Pre_P15,Pre,997774.4,997774.4,0.0,0.00321
C11_P2_M9_L001,Pre_P15,Pre,994533.8,994533.8,0.0,0.00791
C11_P5_M9_L001,Pre_P15,Pre,990968.0,990968.0,-0.0,0.01309
C12_P1_M9_L001,Pre_P15,Pre,994312.0,994164.4,147.6,0.00844
C12_P2_M9_L001,Pre_P15,Pre,994899.3,994899.3,0.0,0.00738
C12_P3_M9_L001,Pre_P15,Pre,994234.0,994234.0,-0.0,0.00834
C12_P5_M9_L001,Pre_P15,Pre,993059.3,993034.7,24.6,0.01008
C1_P2_M9_L001,Pre_P15,Pre,992522.6,992522.6,-0.0,0.01083
C1_P3_M9_L001,Pre_P15,Pre,996072.6,996072.6,-0.0,0.00568
C1_P5_M9_L001,Pre_P15,Pre,998629.8,998629.8,-0.0,0.00198
C2_P1_M9_L001,Pre_P15,Pre,995438.3,995438.3,-0.0,0.0066
C2_P3_M9_L001,Pre_P15,Pre,994527.3,994527.3,0.0,0.00792
C2_P5_M9_L001,Pre_P15,Pre,994913.7,994138.6,775.1,0.00848
C3_P1_M9_L001,Pre_P15,Pre,996093.8,996093.8,-0.0,0.00565
C3_P2_M9_L001,Pre_P15,Pre,992382.0,992382.0,-0.0,0.01103
C3_P3_M9_L001,Pre_P15,Pre,995397.2,995397.2,0.0,0.00666
C3_P5_M9_L001,Pre_P15,Pre,989475.6,989475.6,0.0,0.01526
C4_P2_M9_L001,Pre_P15,Pre,992999.5,991765.8,1233.7,0.01193
C4_P3_M9_L001,Pre_P15,Pre,996848.1,996848.1,-0.0,0.00455
C4_P5_M9_L001,Pre_P15,Pre,994295.0,994295.0,0.0,0.00825
C5_P1_M9_L001,Pre_P15,Pre,994743.3,994743.3,0.0,0.0076
C5_P2_M9_L001,Pre_P15,Pre,995187.3,995187.3,0.0,0.00696
C5_P3_M9_L001,Pre_P15,Pre,994197.8,994197.8,0.0,0.0084
C6_P1_M9_L001,Pre_P15,Pre,997373.2,997373.2,0.0,0.00379
C6_P2_M9_L001,Pre_P15,Pre,992561.0,992561.0,0.0,0.01077
C6_P3_M9_L001,Pre_P15,Pre,996998.8,996998.8,-0.0,0.00434
C7_P3_M9_L001,Pre_P15,Pre,993236.4,993236.4,0.0,0.00979
C7_P5_M9_L001,Pre_P15,Pre,996615.5,996613.1,2.4,0.00489
C8_P1_M9_L001,Pre_P15,Pre,993711.5,993711.5,0.0,0.0091
C8_P2_M9_L001,Pre_P15,Pre,992073.3,992071.9,1.4,0.01148
C8_P3_M9_L001,Pre_P15,Pre,991468.5,991461.8,6.7,0.01237
C8_P5_M9_L001,Pre_P15,Pre,994616.3,994616.3,0.0,0.00779
C9_P1_M9_L001,Pre_P15,Pre,995435.2,995435.2,-0.0,0.0066
C9_P2_M9_L001,Pre_P15,Pre,992259.6,992259.6,0.0,0.01121
C9_P3_M9_L001,Pre_P15,Pre,988739.7,988739.7,0.0,0.01634
C9_P5_M9_L001,Pre_P15,Pre,995437.2,995437.2,-0.0,0.0066
D10_P1_M9_L001,Pre_P15,Pre,995090.3,995090.3,-0.0,0.0071
D10_P2_M9_L001,Pre_P15,Pre,991699.5,991699.5,-0.0,0.01203
D10_P3_M9_L001,Pre_P15,Pre,995353.6,995353.6,-0.0,0.00672
D10_P5_M9_L001,Pre_P15,Pre,992048.3,992048.3,-0.0,0.01152
D11_P1_M9_L001,Pre_P15,Pre,996283.2,996250.1,33.1,0.00542
D11_P2_M9_L001,Pre_P15,Pre,992514.4,992514.4,0.0,0.01084
D11_P3_M9_L001,Pre_P15,Pre,994173.6,994173.6,0.0,0.00843
D11_P5_M9_L001,Pre_P15,Pre,995899.3,995899.3,-0.0,0.00593
D12_P1_M9_L001,Pre_P15,Pre,994845.6,994845.6,0.0,0.00746
D12_P2_M9_L001,Pre_P15,Pre,995175.3,995175.3,0.0,0.00698
D12_P3_M9_L001,Pre_P15,Pre,991888.2,991888.2,-0.0,0.01175
D12_P5_M9_L001,Pre_P15,Pre,996368.5,996368.5,-0.0,0.00525
D1_P1_M9_L001,Pre_P15,Pre,992311.3,991771.1,540.2,0.01192
D1_P2_M9_L001,Pre_P15,Pre,992409.9,992409.9,-0.0,0.01099
D1_P3_M9_L001,Pre_P15,Pre,995272.7,995226.2,46.5,0.0069
D2_P1_M9_L001,Pre_P15,Pre,995067.6,994973.5,94.1,0.00727
D2_P2_M9_L001,Pre_P15,Pre,995496.5,995496.5,-0.0,0.00651
D2_P3_M9_L001,Pre_P15,Pre,993006.0,991174.0,1832.0,0.01279
D2_P5_M9_L001,Pre_P15,Pre,980834.1,980834.1,0.0,0.02792
D3_P2_M9_L001,Pre_P15,Pre,996052.0,996052.0,-0.0,0.00571
D3_P5_M9_L001,Pre_P15,Pre,996981.0,996981.0,0.0,0.00436
D4_P1_M9_L001,Pre_P15,Pre,993950.3,993950.3,0.0,0.00875
D4_P2_M9_L001,Pre_P15,Pre,992751.7,992751.7,-0.0,0.0105
D4_P3_M9_L001,Pre_P15,Pre,996749.1,996749.1,0.0,0.0047
D5_P1_M9_L001,Pre_P15,Pre,994372.0,994372.0,-0.0,0.00814
D5_P2_M9_L001,Pre_P15,Pre,995097.9,995097.9,0.0,0.00709
D5_P3_M9_L001,Pre_P15,Pre,991209.4,991209.4,-0.0,0.01274
D5_P5_M9_L001,Pre_P15,Pre,995987.3,995987.3,-0.0,0.0058
D6_P2_M9_L001,Pre_P15,Pre,996837.8,996837.8,-0.0,0.00457
D6_P3_M9_L001,Pre_P15,Pre,996063.9,996063.9,-0.0,0.00569
D6_P5_M9_L001,Pre_P15,Pre,996075.8,996075.8,0.0,0.00567
D7_P1_M9_L001,Pre_P15,Pre,996582.8,996582.8,0.0,0.00494
D7_P2_M9_L001,Pre_P15,Pre,995995.2,995995.2,0.0,0.00579
D8_P1_M9_L001,Pre_P15,Pre,992758.6,992758.6,-0.0,0.01049
D8_P3_M9_L001,Pre_P15,Pre,995380.1,995380.1,-0.0,0.00668
D8_P5_M9_L001,Pre_P15,Pre,990714.3,990714.3,0.0,0.01346
D9_P1_M9_L001,Pre_P15,Pre,994567.8,994567.8,0.0,0.00786
D9_P2_M9_L001,Pre_P15,Pre,994930.2,994116.6,813.6,0.00851
D9_P5_M9_L001,Pre_P15,Pre,998122.0,998122.0,-0.0,0.00271
E10_P1_M9_L001,Pre_P15,Pre,993454.8,993454.8,0.0,0.00947
E10_P2_M9_L001,Pre_P15,Pre,992640.1,992640.1,-0.0,0.01066
E10_P3_M9_L001,Pre_P15,Pre,996715.0,996715.0,0.0,0.00475
E10_P5_M9_L001,Pre_P15,Pre,997037.0,997037.0,0.0,0.00428
E11_P1_M9_L001,Pre_P15,Pre,996169.2,996169.2,-0.0,0.00554
E11_P2_M9_L001,Pre_P15,Pre,993094.9,993094.9,-0.0,0.01
E11_P3_M9_L001,Pre_P15,Pre,996431.4,996431.4,0.0,0.00516
E11_P5_M9_L001,Pre_P15,Pre,992259.4,992259.4,0.0,0.01121
E12_P1_M9_L001,Pre_P15,Pre,989164.9,989164.9,-0.0,0.01572
E12_P2_M9_L001,Pre_P15,Pre,992715.1,992715.1,0.0,0.01055
E12_P3_M9_L001,Pre_P15,Pre,994939.2,994939.2,-0.0,0.00732
E1_P3_M9_L001,Pre_P15,Pre,995113.4,995113.4,-0.0,0.00707
E1_P5_M9_L001,Pre_P15,Pre,996117.0,996117.0,0.0,0.00561
E2_P1_M9_L001,Pre_P15,Pre,996123.8,996123.8,0.0,0.0056
E2_P3_M9_L001,Pre_P15,Pre,994224.8,994224.8,-0.0,0.00836
E2_P5_M9_L001,Pre_P15,Pre,995160.8,995160.8,-0.0,0.007
E3_P1_M9_L001,Pre_P15,Pre,995039.9,995039.9,0.0,0.00717
E3_P3_M9_L001,Pre_P15,Pre,995084.2,995084.2,0.0,0.00711
E3_P5_M9_L001,Pre_P15,Pre,994556.4,994556.4,0.0,0.00787
E4_P1_M9_L001,Pre_P15,Pre,996097.5,996097.5,-0.0,0.00564
E4_P2_M9_L001,Pre_P15,Pre,991781.1,991781.1,0.0,0.01191
E4_P5_M9_L001,Pre_P15,Pre,994607.3,994607.3,-0.0,0.0078
E5_P1_M9_L001,Pre_P15,Pre,994246.1,994246.1,-0.0,0.00833
E5_P2_M9_L001,Pre_P15,Pre,994224.0,994216.8,7.2,0.00837
E5_P3_M9_L001,Pre_P15,Pre,996176.1,996176.1,0.0,0.00553
E6_P1_M9_L001,Pre_P15,Pre,997445.5,997442.9,2.6,0.00369
E6_P2_M9_L001,Pre_P15,Pre,994231.1,994231.1,-0.0,0.00835
E6_P5_M9_L001,Pre_P15,Pre,991855.5,991855.5,0.0,0.0118
E7_P1_M9_L001,Pre_P15,Pre,995836.5,995836.5,0.0,0.00602
E7_P2_M9_L001,Pre_P15,Pre,993031.1,993031.1,0.0,0.01009
E7_P5_M9_L001,Pre_P15,Pre,995202.2,995202.2,0.0,0.00694
E8_P3_M9_L001,Pre_P15,Pre,994928.0,994928.0,0.0,0.00734
E8_P5_M9_L001,Pre_P15,Pre,994686.5,994686.5,-0.0,0.00769
E9_P1_M9_L001,Pre_P15,Pre,992763.6,992763.6,-0.0,0.01048
E9_P5_M9_L001,Pre_P15,Pre,991526.7,991526.7,0.0,0.01228
F10_P1_M9_L001,Pre_P15,Pre,996717.6,996717.6,-0.0,0.00474
F10_P2_M9_L001,Pre_P15,Pre,995131.7,995131.7,0.0,0.00704
F10_P3_M9_L001,Pre_P15,Pre,997314.5,997314.5,-0.0,0.00388
F10_P5_M9_L001,Pre_P15,Pre,994282.4,994282.4,-0.0,0.00827
F11_P1_M9_L001,Pre_P15,Pre,994971.4,994971.4,0.0,0.00727
F11_P2_M9_L001,Pre_P15,Pre,991754.6,991754.6,-0.0,0.01194
F11_P3_M9_L001,Pre_P15,Pre,996675.8,996135.6,540.2,0.00559
F12_P2_M9_L001,Pre_P15,Pre,995697.7,995697.7,-0.0,0.00622
F12_P3_M9_L001,Pre_P15,Pre,994026.3,994026.3,-0.0,0.00864
F12_P5_M9_L001,Pre_P15,Pre,996650.3,996650.3,-0.0,0.00484
F1_P1_M9_L001,Pre_P15,Pre,995760.7,995760.7,-0.0,0.00613
F1_P3_M9_L001,Pre_P15,Pre,995749.6,995749.6,-0.0,0.00615
F1_P5_M9_L001,Pre_P15,Pre,991245.8,991245.8,-0.0,0.01269
F2_P1_M9_L001,Pre_P15,Pre,994751.3,994751.3,-0.0,0.00759
F2_P2_M9_L001,Pre_P15,Pre,992194.0,992194.0,-0.0,0.01131
F2_P3_M9_L001,Pre_P15,Pre,995275.6,995055.3,220.3,0.00715
F2_P5_M9_L001,Pre_P15,Pre,995676.0,995541.7,134.3,0.00645
F3_P1_M9_L001,Pre_P15,Pre,996510.7,996510.7,0.0,0.00504
F3_P2_M9_L001,Pre_P15,Pre,989485.4,989485.4,-0.0,0.01525
F3_P3_M9_L001,Pre_P15,Pre,996614.0,996614.0,0.0,0.00489
F3_P5_M9_L001,Pre_P15,Pre,995193.0,995193.0,0.0,0.00695
F4_P1_M9_L001,Pre_P15,Pre,994290.2,994290.2,-0.0,0.00826
F4_P2_M9_L001,Pre_P15,Pre,993412.0,993412.0,-0.0,0.00954
F4_P3_M9_L001,Pre_P15,Pre,996385.5,995652.3,733.2,0.00629
F5_P1_M9_L001,Pre_P15,Pre,997433.0,997433.0,0.0,0.00371
F5_P2_M9_L001,Pre_P15,Pre,993959.8,993959.8,-0.0,0.00874
F5_P3_M9_L001,Pre_P15,Pre,995879.9,995413.0,466.9,0.00663
F5_P5_M9_L001,Pre_P15,Pre,994730.0,994730.0,0.0,0.00762
F6_P1_M9_L001,Pre_P15,Pre,997081.8,997081.8,0.0,0.00422
F6_P2_M9_L001,Pre_P15,Pre,995263.8,995263.8,-0.0,0.00685
F6_P3_M9_L001,Pre_P15,Pre,991054.9,991054.9,0.0,0.01296
F6_P5_M9_L001,Pre_P15,Pre,993670.4,993670.4,0.0,0.00916
F7_P1_M9_L001,Pre_P15,Pre,996143.2,996143.2,0.0,0.00557
F7_P2_M9_L001,Pre_P15,Pre,989393.2,989393.2,-0.0,0.01538
F7_P5_M9_L001,Pre_P15,Pre,995772.9,995772.9,0.0,0.00611
F8_P3_M9_L001,Pre_P15,Pre,997164.8,997164.8,0.0,0.0041
F8_P5_M9_L001,Pre_P15,Pre,994827.7,992096.4,2731.3,0.01145
F9_P1_M9_L001,Pre_P15,Pre,994197.0,994197.0,-0.0,0.0084
F9_P3_M9_L001,Pre_P15,Pre,990831.0,990831.0,0.0,0.01329
F9_P5_M9_L001,Pre_P15,Pre,993983.5,993983.5,0.0,0.00871
G10_P1_M9_L001,Pre_P15,Pre,994643.3,994643.3,0.0,0.00775
G10_P2_M9_L001,Pre_P15,Pre,994987.7,994987.7,0.0,0.00725
G10_P3_M9_L001,Pre_P15,Pre,996265.3,996242.7,22.6,0.00543
G10_P5_M9_L001,Pre_P15,Pre,995373.8,995346.6,27.2,0.00673
G11_P1_M9_L001,Pre_P15,Pre,994949.4,994949.4,-0.0,0.0073
G11_P2_M9_L001,Pre_P15,Pre,988113.5,986676.3,1437.2,0.01935
G11_P3_M9_L001,Pre_P15,Pre,995166.4,994416.2,750.2,0.00808
G11_P5_M9_L001,Pre_P15,Pre,993601.4,993601.4,-0.0,0.00926
G12_P2_M9_L001,Pre_P15,Pre,993419.9,993419.9,-0.0,0.00952
G12_P3_M9_L001,Pre_P15,Pre,993159.3,993159.3,-0.0,0.0099
G12_P5_M9_L001,Pre_P15,Pre,997421.7,997421.7,0.0,0.00372
G1_P1_M9_L001,Pre_P15,Pre,995996.6,995996.6,-0.0,0.00579
G1_P2_M9_L001,Pre_P15,Pre,992853.2,992853.2,0.0,0.01035
G1_P3_M9_L001,Pre_P15,Pre,992534.8,992534.8,-0.0,0.01081
G1_P5_M9_L001,Pre_P15,Pre,996573.0,996573.0,-0.0,0.00495
G2_P1_M9_L001,Pre_P15,Pre,996852.4,996852.4,-0.0,0.00455
G2_P2_M9_L001,Pre_P15,Pre,993689.1,993689.1,0.0,0.00913
G2_P5_M9_L001,Pre_P15,Pre,993563.8,993560.8,3.0,0.00932
G3_P1_M9_L001,Pre_P15,Pre,995712.4,995712.4,0.0,0.0062
G3_P2_M9_L001,Pre_P15,Pre,996585.9,996585.9,0.0,0.00493
G4_P1_M9_L001,Pre_P15,Pre,993499.3,993499.3,-0.0,0.00941
G4_P2_M9_L001,Pre_P15,Pre,998460.6,998460.6,0.0,0.00222
G4_P3_M9_L001,Pre_P15,Pre,989574.5,989574.5,-0.0,0.01512
G5_P1_M9_L001,Pre_P15,Pre,994336.0,994336.0,-0.0,0.00819
G5_P2_M9_L001,Pre_P15,Pre,991501.2,991501.2,0.0,0.01231
G5_P5_M9_L001,Pre_P15,Pre,992647.3,992647.3,-0.0,0.01065
G6_P3_M9_L001,Pre_P15,Pre,993486.8,993486.8,-0.0,0.00943
G6_P5_M9_L001,Pre_P15,Pre,995006.7,995000.9,5.8,0.00723
G7_P1_M9_L001,Pre_P15,Pre,993957.4,993957.4,0.0,0.00874
G7_P2_M9_L001,Pre_P15,Pre,995730.0,995730.0,-0.0,0.00617
G7_P3_M9_L001,Pre_P15,Pre,995269.7,995269.7,-0.0,0.00684
G7_P5_M9_L001,Pre_P15,Pre,996035.3,996035.3,0.0,0.00573
G8_P5_M9_L001,Pre_P15,Pre,988907.8,988907.8,-0.0,0.01609
G9_P1_M9_L001,Pre_P15,Pre,993461.4,993439.1,22.3,0.0095
G9_P2_M9_L001,Pre_P15,Pre,991304.6,991304.6,-0.0,0.0126
G9_P3_M9_L001,Pre_P15,Pre,993096.4,993096.4,0.0,0.00999
G9_P5_M9_L001,Pre_P15,Pre,995628.9,995628.9,0.0,0.00632
H10_P1_M9_L001,Pre_P15,Pre,994432.1,994432.1,0.0,0.00806
H10_P2_M9_L001,Pre_P15,Pre,991595.4,991595.4,-0.0,0.01218
H10_P3_M9_L001,Pre_P15,Pre,988783.6,988783.6,-0.0,0.01627
H10_P5_M9_L001,Pre_P15,Pre,997139.9,997139.9,-0.0,0.00413
H11_P1_M9_L001,Pre_P15,Pre,997530.7,997530.7,-0.0,0.00357
H11_P2_M9_L001,Pre_P15,Pre,997605.5,997605.5,-0.0,0.00346
H11_P3_M9_L001,Pre_P15,Pre,991022.8,991022.8,-0.0,0.01301
H11_P5_M9_L001,Pre_P15,Pre,993609.0,993558.7,50.3,0.00932
H12_P1_M9_L001,Pre_P15,Pre,996016.6,996016.6,-0.0,0.00576
H12_P2_M9_L001,Pre_P15,Pre,994822.3,994822.3,-0.0,0.00749
H12_P3_M9_L001,Pre_P15,Pre,995933.1,995933.1,-0.0,0.00588
H12_P5_M9_L001,Pre_P15,Pre,996128.9,996128.9,-0.0,0.0056
H1_P1_M9_L001,Pre_P15,Pre,996768.3,996768.3,0.0,0.00467
H1_P2_M9_L001,Pre_P15,Pre,997411.5,997411.5,-0.0,0.00374
H1_P5_M9_L001,Pre_P15,Pre,997487.2,997487.2,-0.0,0.00363
H2_P1_M9_L001,Pre_P15,Pre,993201.0,993201.0,-0.0,0.00984
H2_P2_M9_L001,Pre_P15,Pre,992140.1,992140.1,0.0,0.01138
H2_P3_M9_L001,Pre_P15,Pre,996129.3,996129.3,-0.0,0.0056
H2_P5_M9_L001,Pre_P15,Pre,996329.9,996329.9,-0.0,0.0053
H3_P1_M9_L001,Pre_P15,Pre,993033.3,993033.3,0.0,0.01009
H3_P2_M9_L001,Pre_P15,Pre,992670.6,992670.6,0.0,0.01061
H3_P3_M9_L001,Pre_P15,Pre,991954.0,991954.0,-0.0,0.01165
H3_P5_M9_L001,Pre_P15,Pre,995191.5,995191.5,0.0,0.00695
H4_P1_M9_L001,Pre_P15,Pre,997118.2,997118.2,0.0,0.00416
H4_P2_M9_L001,Pre_P15,Pre,992145.4,990539.6,1605.8,0.01371
H4_P3_M9_L001,Pre_P15,Pre,995054.9,995054.9,-0.0,0.00715
H4_P5_M9_L001,Pre_P15,Pre,995113.3,995113.3,0.0,0.00707
H5_P1_M9_L001,Pre_P15,Pre,992798.4,992798.4,-0.0,0.01043
H5_P2_M9_L001,Pre_P15,Pre,991513.4,991068.7,444.7,0.01294
H5_P3_M9_L001,Pre_P15,Pre,994964.5,994964.5,-0.0,0.00728
H6_P1_M9_L001,Pre_P15,Pre,995838.7,995838.7,0.0,0.00602
H6_P2_M9_L001,Pre_P15,Pre,992971.7,992971.7,-0.0,0.01018
H6_P3_M9_L001,Pre_P15,Pre,993843.1,993843.1,0.0,0.00891
H6_P5_M9_L001,Pre_P15,Pre,994542.5,994542.5,-0.0,0.0079
H7_P1_M9_L001,Pre_P15,Pre,995201.1,995201.1,-0.0,0.00694
H7_P2_M9_L001,Pre_P15,Pre,990367.0,990367.0,-0.0,0.01396
H7_P3_M9_L001,Pre_P15,Pre,994208.7,994208.7,-0.0,0.00838
H7_P5_M9_L001,Pre_P15,Pre,997522.4,997522.4,-0.0,0.00358
H8_P1_M9_L001,Pre_P15,Pre,996392.7,996388.0,4.7,0.00522
H8_P2_M9_L001,Pre_P15,Pre,993816.6,993816.6,0.0,0.00895
H8_P3_M9_L001,Pre_P15,Pre,994305.2,994305.2,0.0,0.00824
H8_P5_M9_L001,Pre_P15,Pre,994920.1,994920.1,0.0,0.00735
H9_P2_M9_L001,Pre_P15,Pre,994257.7,994257.7,0.0,0.00831
H9_P3_M9_L001,Pre_P15,Pre,996161.8,996161.8,0.0,0.00555
H9_P5_M9_L001,Pre_P15,Pre,992685.3,992685.3,0.0,0.01059
A10_P2_M13_L001,Post_P15,Post,992334.1,992334.1,0.0,0.0111
A10_P3_M13_L001,Post_P15,Post,993437.3,993437.3,-0.0,0.0095
A10_P4_M13_L001,Post_P15,Post,992474.2,992474.2,0.0,0.0109
A11_P2_M13_L001,Post_P15,Post,996112.1,996112.1,-0.0,0.00562
A11_P3_M13_L001,Post_P15,Post,990927.2,990825.6,101.6,0.0133
A11_P4_M13_L001,Post_P15,Post,995657.2,995391.3,265.9,0.00666
A11_P5_M13_L001,Post_P15,Post,996395.2,996395.2,0.0,0.00521
A12_P2_M13_L001,Post_P15,Post,994148.1,994148.1,-0.0,0.00847
A12_P5_M13_L001,Post_P15,Post,992846.4,992275.3,571.1,0.01119
A2_P2_M13_L001,Post_P15,Post,995045.9,995045.9,0.0,0.00717
A2_P3_M13_L001,Post_P15,Post,997341.6,997341.6,0.0,0.00384
A2_P5_M13_L001,Post_P15,Post,995721.0,995721.0,-0.0,0.00619
A3_P2_M13_L001,Post_P15,Post,994425.1,994425.1,-0.0,0.00807
A3_P3_M13_L001,Post_P15,Post,993801.8,993782.8,19.0,0.009
A3_P4_M13_L001,Post_P15,Post,993886.6,993886.6,-0.0,0.00885
A3_P5_M13_L001,Post_P15,Post,989357.1,989357.1,-0.0,0.01544
A4_P2_M13_L001,Post_P15,Post,996021.7,995923.6,98.1,0.00589
A4_P3_M13_L001,Post_P15,Post,994934.7,994934.7,0.0,0.00733
A4_P4_M13_L001,Post_P15,Post,995549.8,995549.8,-0.0,0.00643
A4_P5_M13_L001,Post_P15,Post,993863.8,993863.8,-0.0,0.00888
A5_P2_M13_L001,Post_P15,Post,998439.5,998429.9,9.6,0.00227
A5_P3_M13_L001,Post_P15,Post,996239.3,996183.4,55.9,0.00552
A5_P4_M13_L001,Post_P15,Post,994883.9,994883.9,0.0,0.0074
A5_P5_M13_L001,Post_P15,Post,997085.8,997085.8,-0.0,0.00421
A6_P2_M13_L001,Post_P15,Post,994598.2,994598.2,-0.0,0.00781
A6_P3_M13_L001,Post_P15,Post,997726.7,997726.7,0.0,0.00328
A6_P4_M13_L001,Post_P15,Post,994271.9,994271.9,0.0,0.00829
A6_P5_M13_L001,Post_P15,Post,994566.0,994566.0,-0.0,0.00786
A7_P2_M13_L001,Post_P15,Post,996677.2,996677.2,-0.0,0.0048
A7_P3_M13_L001,Post_P15,Post,995544.8,995544.8,-0.0,0.00644
A8_P2_M13_L001,Post_P15,Post,996446.0,996446.0,-0.0,0.00514
A8_P3_M13_L001,Post_P15,Post,995749.9,995594.4,155.5,0.00637
A8_P4_M13_L001,Post_P15,Post,995465.2,995465.2,0.0,0.00656
A8_P5_M13_L001,Post_P15,Post,995286.9,995286.9,0.0,0.00682
A9_P3_M13_L001,Post_P15,Post,994185.6,994185.6,-0.0,0.00841
A9_P4_M13_L001,Post_P15,Post,997218.2,997218.2,-0.0,0.00402
A9_P5_M13_L001,Post_P15,Post,997767.8,997767.8,0.0,0.00322
B10_P2_M13_L001,Post_P15,Post,994653.2,994609.9,43.3,0.0078
B10_P3_M13_L001,Post_P15,Post,995786.2,994800.6,985.6,0.00752
B10_P5_M13_L001,Post_P15,Post,995279.2,994167.4,1111.8,0.00844
B11_P2_M13_L001,Post_P15,Post,993546.8,993546.8,-0.0,0.00934
B11_P3_M13_L001,Post_P15,Post,991845.1,991845.1,-0.0,0.01181
B11_P4_M13_L001,Post_P15,Post,997270.0,996254.1,1015.9,0.00541
B11_P5_M13_L001,Post_P15,Post,991716.1,991704.5,11.6,0.01202
B12_P2_M13_L001,Post_P15,Post,987602.1,986072.4,1529.7,0.02023
B12_P4_M13_L001,Post_P15,Post,997583.9,997583.9,0.0,0.00349
B12_P5_M13_L001,Post_P15,Post,995288.2,995287.7,0.5,0.00681
B1_P3_M13_L001,Post_P15,Post,994642.1,994642.1,-0.0,0.00775
B1_P5_M13_L001,Post_P15,Post,997559.3,997559.3,0.0,0.00353
B2_P2_M13_L001,Post_P15,Post,992796.0,992796.0,-0.0,0.01043
B2_P4_M13_L001,Post_P15,Post,993005.8,993005.8,-0.0,0.01013
B2_P5_M13_L001,Post_P15,Post,988774.0,988774.0,-0.0,0.01629
B3_P2_M13_L001,Post_P15,Post,996969.3,996969.3,0.0,0.00438
B3_P3_M13_L001,Post_P15,Post,999828.3,998760.8,1067.5,0.00179
B3_P4_M13_L001,Post_P15,Post,994258.2,994258.2,0.0,0.00831
B3_P5_M13_L001,Post_P15,Post,994308.0,994308.0,-0.0,0.00824
B4_P2_M13_L001,Post_P15,Post,994760.9,994760.9,-0.0,0.00758
B4_P4_M13_L001,Post_P15,Post,985729.4,985729.4,-0.0,0.02074
B4_P5_M13_L001,Post_P15,Post,992590.8,991877.7,713.1,0.01177
B5_P2_M13_L001,Post_P15,Post,994201.9,994201.9,-0.0,0.00839
B5_P3_M13_L001,Post_P15,Post,992993.5,992993.5,0.0,0.01014
B5_P5_M13_L001,Post_P15,Post,992634.5,992634.5,-0.0,0.01067
B6_P2_M13_L001,Post_P15,Post,993979.3,993979.3,-0.0,0.00871
B6_P4_M13_L001,Post_P15,Post,995369.9,995369.9,-0.0,0.0067
B6_P5_M13_L001,Post_P15,Post,994657.6,994657.6,-0.0,0.00773
B7_P2_M13_L001,Post_P15,Post,995714.8,995714.8,0.0,0.0062
B7_P5_M13_L001,Post_P15,Post,991962.2,991927.2,35.0,0.01169
B8_P2_M13_L001,Post_P15,Post,992433.7,992433.7,-0.0,0.01096
B8_P3_M13_L001,Post_P15,Post,996241.7,996224.9,16.8,0.00546
B8_P5_M13_L001,Post_P15,Post,991005.9,991005.9,0.0,0.01303
B9_P3_M13_L001,Post_P15,Post,992880.1,992880.1,0.0,0.01031
B9_P4_M13_L001,Post_P15,Post,989135.9,989053.0,82.9,0.01588
C10_P2_M13_L001,Post_P15,Post,989671.8,989671.8,0.0,0.01498
C10_P4_M13_L001,Post_P15,Post,995898.2,995898.2,0.0,0.00593
C10_P5_M13_L001,Post_P15,Post,998186.6,998186.6,-0.0,0.00262
C11_P2_M13_L001,Post_P15,Post,999437.9,999437.9,0.0,0.00081
C11_P3_M13_L001,Post_P15,Post,995683.5,995406.2,277.3,0.00664
C11_P4_M13_L001,Post_P15,Post,996790.5,996790.5,0.0,0.00464
C11_P5_M13_L001,Post_P15,Post,994942.4,994920.8,21.6,0.00735
C12_P2_M13_L001,Post_P15,Post,991691.5,991691.5,0.0,0.01204
C12_P3_M13_L001,Post_P15,Post,994374.2,994374.2,0.0,0.00814
C12_P4_M13_L001,Post_P15,Post,993669.3,993669.3,-0.0,0.00916
C1_P2_M13_L001,Post_P15,Post,995066.7,995066.7,-0.0,0.00713
C1_P3_M13_L001,Post_P15,Post,996150.1,994732.7,1417.4,0.00762
C1_P4_M13_L001,Post_P15,Post,993310.4,993310.4,0.0,0.00968
C1_P5_M13_L001,Post_P15,Post,996721.1,996721.1,0.0,0.00474
C2_P3_M13_L001,Post_P15,Post,992247.9,992247.9,-0.0,0.01123
C2_P4_M13_L001,Post_P15,Post,995883.0,995743.0,140.0,0.00615
C2_P5_M13_L001,Post_P15,Post,995612.4,995595.8,16.6,0.00637
C3_P2_M13_L001,Post_P15,Post,997731.0,997731.0,0.0,0.00328
C3_P3_M13_L001,Post_P15,Post,997087.0,997087.0,0.0,0.00421
C3_P4_M13_L001,Post_P15,Post,995818.4,995818.4,0.0,0.00605
C3_P5_M13_L001,Post_P15,Post,994179.3,994179.3,-0.0,0.00842
C4_P2_M13_L001,Post_P15,Post,997863.7,997863.7,-0.0,0.00309
C4_P3_M13_L001,Post_P15,Post,995565.0,995565.0,-0.0,0.00641
C5_P2_M13_L001,Post_P15,Post,996169.2,996167.0,2.2,0.00554
C5_P3_M13_L001,Post_P15,Post,995930.8,995930.8,0.0,0.00588
C5_P4_M13_L001,Post_P15,Post,994652.3,994652.3,0.0,0.00774
C5_P5_M13_L001,Post_P15,Post,995177.4,995177.4,0.0,0.00697
C6_P3_M13_L001,Post_P15,Post,997896.0,997896.0,-0.0,0.00304
C6_P4_M13_L001,Post_P15,Post,996192.9,996192.9,-0.0,0.0055
C6_P5_M13_L001,Post_P15,Post,993185.7,993185.7,-0.0,0.00986
C7_P3_M13_L001,Post_P15,Post,995092.7,995092.7,-0.0,0.0071
C8_P2_M13_L001,Post_P15,Post,995378.9,995378.9,0.0,0.00668
C8_P4_M13_L001,Post_P15,Post,995581.1,995381.3,199.8,0.00668
C9_P2_M13_L001,Post_P15,Post,995438.5,995438.5,-0.0,0.0066
C9_P3_M13_L001,Post_P15,Post,993361.1,993361.1,0.0,0.00961
C9_P5_M13_L001,Post_P15,Post,995559.0,995559.0,-0.0,0.00642
D10_P2_M13_L001,Post_P15,Post,997169.7,997169.7,0.0,0.00409
D10_P3_M13_L001,Post_P15,Post,994272.0,994272.0,-0.0,0.00829
D10_P4_M13_L001,Post_P15,Post,991943.6,991943.6,-0.0,0.01167
D10_P5_M13_L001,Post_P15,Post,995182.1,995168.2,13.9,0.00699
D11_P2_M13_L001,Post_P15,Post,995552.6,995552.6,0.0,0.00643
D11_P3_M13_L001,Post_P15,Post,993852.8,993852.8,0.0,0.0089
D11_P4_M13_L001,Post_P15,Post,994724.3,994724.3,0.0,0.00763
D11_P5_M13_L001,Post_P15,Post,995325.5,995120.3,205.2,0.00706
D12_P2_M13_L001,Post_P15,Post,995410.1,995410.1,0.0,0.00664
D12_P3_M13_L001,Post_P15,Post,995475.1,995475.1,0.0,0.00654
D12_P4_M13_L001,Post_P15,Post,993409.5,993409.5,-0.0,0.00954
D1_P2_M13_L001,Post_P15,Post,995269.7,995269.7,0.0,0.00684
D1_P3_M13_L001,Post_P15,Post,994767.5,994767.5,-0.0,0.00757
D1_P5_M13_L001,Post_P15,Post,990922.7,990922.7,0.0,0.01316
D2_P3_M13_L001,Post_P15,Post,988708.2,987980.1,728.1,0.01745
D2_P4_M13_L001,Post_P15,Post,992792.1,992792.1,0.0,0.01044
D3_P2_M13_L001,Post_P15,Post,998521.3,998521.3,0.0,0.00213
D3_P3_M13_L001,Post_P15,Post,996236.8,996236.8,-0.0,0.00544
D3_P4_M13_L001,Post_P15,Post,990852.0,990852.0,0.0,0.01326
D3_P5_M13_L001,Post_P15,Post,996944.3,996944.3,0.0,0.00442
D4_P2_M13_L001,Post_P15,Post,996541.2,996541.2,-0.0,0.005
D4_P3_M13_L001,Post_P15,Post,994408.9,994408.9,-0.0,0.00809
D5_P3_M13_L001,Post_P15,Post,995616.5,995567.3,49.2,0.00641
D5_P4_M13_L001,Post_P15,Post,991288.3,991288.3,-0.0,0.01262
D6_P4_M13_L001,Post_P15,Post,995846.2,995846.2,0.0,0.00601
D6_P5_M13_L001,Post_P15,Post,994726.0,994726.0,0.0,0.00763
D7_P3_M13_L001,Post_P15,Post,988188.1,988188.1,-0.0,0.01714
D7_P5_M13_L001,Post_P15,Post,995572.2,995572.2,-0.0,0.0064
D8_P2_M13_L001,Post_P15,Post,995784.6,995784.6,0.0,0.00609
D8_P3_M13_L001,Post_P15,Post,997598.4,997598.4,-0.0,0.00347
D8_P4_M13_L001,Post_P15,Post,997332.9,997327.0,5.9,0.00386
D9_P2_M13_L001,Post_P15,Post,994218.1,994218.1,0.0,0.00837
D9_P3_M13_L001,Post_P15,Post,995063.1,995063.1,0.0,0.00714
D9_P4_M13_L001,Post_P15,Post,993440.2,993440.2,-0.0,0.00949
D9_P5_M13_L001,Post_P15,Post,995011.4,995011.4,-0.0,0.00722
E10_P2_M13_L001,Post_P15,Post,995596.5,995596.5,-0.0,0.00637
E10_P3_M13_L001,Post_P15,Post,987090.4,984626.3,2464.1,0.02235
E10_P4_M13_L001,Post_P15,Post,995714.7,995714.7,-0.0,0.0062
E10_P5_M13_L001,Post_P15,Post,995086.1,995086.1,-0.0,0.00711
E11_P2_M13_L001,Post_P15,Post,996132.3,996132.3,0.0,0.00559
E11_P3_M13_L001,Post_P15,Post,993122.3,993122.3,0.0,0.00996
E12_P2_M13_L001,Post_P15,Post,993574.0,993574.0,0.0,0.0093
E12_P3_M13_L001,Post_P15,Post,996117.7,995993.3,124.4,0.00579
E12_P4_M13_L001,Post_P15,Post,997180.9,997180.9,0.0,0.00407
E1_P2_M13_L001,Post_P15,Post,992490.1,992339.9,150.2,0.01109
E1_P3_M13_L001,Post_P15,Post,995741.5,995741.5,-0.0,0.00616
E1_P4_M13_L001,Post_P15,Post,998636.3,997993.7,642.6,0.0029
E1_P5_M13_L001,Post_P15,Post,993186.2,993186.2,-0.0,0.00986
E2_P3_M13_L001,Post_P15,Post,994399.4,994399.4,0.0,0.0081
E2_P4_M13_L001,Post_P15,Post,991605.3,991605.3,0.0,0.01216
E2_P5_M13_L001,Post_P15,Post,992107.9,992107.9,-0.0,0.01143
E3_P2_M13_L001,Post_P15,Post,996447.4,996447.4,0.0,0.00513
E3_P3_M13_L001,Post_P15,Post,998978.7,998826.5,152.2,0.00169
E3_P4_M13_L001,Post_P15,Post,995086.0,995086.0,-0.0,0.00711
E3_P5_M13_L001,Post_P15,Post,995417.8,995417.8,0.0,0.00663
E4_P3_M13_L001,Post_P15,Post,993328.5,993328.5,-0.0,0.00966
E4_P4_M13_L001,Post_P15,Post,993270.5,993270.5,0.0,0.00974
E4_P5_M13_L001,Post_P15,Post,992600.2,992593.8,6.4,0.01072
E5_P2_M13_L001,Post_P15,Post,994124.4,994124.4,-0.0,0.0085
E5_P3_M13_L001,Post_P15,Post,993330.8,993330.8,0.0,0.00965
E5_P4_M13_L001,Post_P15,Post,995766.0,995766.0,0.0,0.00612
E5_P5_M13_L001,Post_P15,Post,995762.8,995762.8,-0.0,0.00613
E6_P2_M13_L001,Post_P15,Post,994220.5,994220.5,0.0,0.00836
E6_P4_M13_L001,Post_P15,Post,992990.1,992829.1,161.0,0.01038
E6_P5_M13_L001,Post_P15,Post,994972.7,994949.7,23.0,0.0073
E7_P2_M13_L001,Post_P15,Post,996613.5,996555.2,58.3,0.00498
E7_P3_M13_L001,Post_P15,Post,992808.9,992808.9,0.0,0.01041
E7_P4_M13_L001,Post_P15,Post,993692.1,993692.1,-0.0,0.00913
E7_P5_M13_L001,Post_P15,Post,990488.3,990488.3,0.0,0.01379
E8_P2_M13_L001,Post_P15,Post,995051.8,995051.8,-0.0,0.00716
E8_P3_M13_L001,Post_P15,Post,993592.2,993592.2,0.0,0.00927
E8_P4_M13_L001,Post_P15,Post,995429.6,995429.6,-0.0,0.00661
E8_P5_M13_L001,Post_P15,Post,995115.7,995115.7,0.0,0.00706
E9_P2_M13_L001,Post_P15,Post,991598.0,991598.0,-0.0,0.01217
E9_P3_M13_L001,Post_P15,Post,995518.4,995518.4,-0.0,0.00648
E9_P5_M13_L001,Post_P15,Post,993392.5,993392.5,-0.0,0.00956
F10_P2_M13_L001,Post_P15,Post,997377.7,997377.7,-0.0,0.00379
F10_P3_M13_L001,Post_P15,Post,992961.6,992961.6,0.0,0.01019
F10_P4_M13_L001,Post_P15,Post,995320.9,995320.9,-0.0,0.00677
F11_P2_M13_L001,Post_P15,Post,996512.5,996512.5,-0.0,0.00504
F11_P3_M13_L001,Post_P15,Post,995143.5,995143.5,-0.0,0.00702
F11_P4_M13_L001,Post_P15,Post,997071.4,997071.4,-0.0,0.00423
F11_P5_M13_L001,Post_P15,Post,999102.4,999078.5,23.9,0.00133
F12_P2_M13_L001,Post_P15,Post,999110.0,999110.0,-0.0,0.00128
F12_P3_M13_L001,Post_P15,Post,993338.7,993338.7,0.0,0.00964
F12_P5_M13_L001,Post_P15,Post,994934.1,994918.3,15.8,0.00735
F1_P2_M13_L001,Post_P15,Post,996477.7,996477.7,-0.0,0.00509
F1_P3_M13_L001,Post_P15,Post,998289.2,998289.2,0.0,0.00247
F1_P4_M13_L001,Post_P15,Post,994343.8,994343.8,0.0,0.00818
F2_P2_M13_L001,Post_P15,Post,995545.9,995545.9,-0.0,0.00644
F2_P4_M13_L001,Post_P15,Post,996557.8,996557.8,0.0,0.00497
F2_P5_M13_L001,Post_P15,Post,998797.3,998797.3,-0.0,0.00174
F3_P3_M13_L001,Post_P15,Post,995341.0,995341.0,-0.0,0.00674
F3_P4_M13_L001,Post_P15,Post,993353.5,992089.1,1264.4,0.01146
F3_P5_M13_L001,Post_P15,Post,995394.5,995394.5,-0.0,0.00666
F4_P2_M13_L001,Post_P15,Post,996227.8,996227.8,0.0,0.00545
F4_P3_M13_L001,Post_P15,Post,998385.2,997870.7,514.5,0.00308
F4_P4_M13_L001,Post_P15,Post,993681.9,993681.9,-0.0,0.00914
F4_P5_M13_L001,Post_P15,Post,994801.9,994701.1,100.8,0.00767
F5_P2_M13_L001,Post_P15,Post,995580.3,995580.3,-0.0,0.00639
F5_P4_M13_L001,Post_P15,Post,995585.4,995507.6,77.8,0.0065
F5_P5_M13_L001,Post_P15,Post,995385.0,995385.0,-0.0,0.00667
F6_P2_M13_L001,Post_P15,Post,993286.3,993286.3,0.0,0.00972
F6_P3_M13_L001,Post_P15,Post,986670.5,986670.5,-0.0,0.01936
F7_P2_M13_L001,Post_P15,Post,991270.1,991270.1,-0.0,0.01265
F7_P3_M13_L001,Post_P15,Post,996254.3,996230.2,24.1,0.00545
F7_P4_M13_L001,Post_P15,Post,995549.5,995549.5,-0.0,0.00644
F7_P5_M13_L001,Post_P15,Post,995319.2,995319.2,0.0,0.00677
F8_P2_M13_L001,Post_P15,Post,993232.9,993232.9,0.0,0.0098
F8_P3_M13_L001,Post_P15,Post,997360.2,997360.2,-0.0,0.00381
F8_P4_M13_L001,Post_P15,Post,991331.0,990792.6,538.4,0.01335
F8_P5_M13_L001,Post_P15,Post,994832.7,994832.7,-0.0,0.00747
F9_P2_M13_L001,Post_P15,Post,994008.2,994008.2,0.0,0.00867
F9_P3_M13_L001,Post_P15,Post,995440.8,995440.8,-0.0,0.00659
F9_P4_M13_L001,Post_P15,Post,996766.1,996766.1,0.0,0.00467
G10_P2_M13_L001,Post_P15,Post,992874.8,992853.0,21.8,0.01035
G10_P3_M13_L001,Post_P15,Post,997710.5,997710.5,-0.0,0.00331
G10_P5_M13_L001,Post_P15,Post,992132.9,992132.9,-0.0,0.01139
G11_P2_M13_L001,Post_P15,Post,992379.4,991132.7,1246.7,0.01285
G11_P3_M13_L001,Post_P15,Post,996704.9,996704.9,-0.0,0.00476
G11_P4_M13_L001,Post_P15,Post,995373.1,995373.1,-0.0,0.00669
G11_P5_M13_L001,Post_P15,Post,992922.0,991494.8,1427.2,0.01232
G12_P2_M13_L001,Post_P15,Post,994846.4,994846.4,-0.0,0.00745
G12_P3_M13_L001,Post_P15,Post,994566.1,993995.1,571.0,0.00869
G12_P4_M13_L001,Post_P15,Post,995733.6,995733.6,-0.0,0.00617
G12_P5_M13_L001,Post_P15,Post,994821.0,994814.2,6.8,0.0075
G1_P2_M13_L001,Post_P15,Post,989315.0,989315.0,0.0,0.0155
G1_P3_M13_L001,Post_P15,Post,996831.8,996831.8,-0.0,0.00458
G1_P5_M13_L001,Post_P15,Post,995662.9,995662.9,0.0,0.00627
G2_P2_M13_L001,Post_P15,Post,995752.1,995723.1,29.0,0.00618
G2_P3_M13_L001,Post_P15,Post,993054.7,993041.6,13.1,0.01007
G2_P4_M13_L001,Post_P15,Post,990738.6,990738.6,0.0,0.01342
G3_P2_M13_L001,Post_P15,Post,996789.8,996789.8,0.0,0.00464
G3_P3_M13_L001,Post_P15,Post,990219.1,990219.1,-0.0,0.01418
G3_P4_M13_L001,Post_P15,Post,994359.9,994359.9,0.0,0.00816
G3_P5_M13_L001,Post_P15,Post,994681.7,994681.7,0.0,0.00769
G4_P3_M13_L001,Post_P15,Post,993560.1,993560.1,0.0,0.00932
G4_P4_M13_L001,Post_P15,Post,995224.9,995224.9,-0.0,0.00691
G4_P5_M13_L001,Post_P15,Post,995284.9,995274.3,10.6,0.00683
G5_P2_M13_L001,Post_P15,Post,997182.2,997182.2,0.0,0.00407
G5_P3_M13_L001,Post_P15,Post,994768.8,994768.8,-0.0,0.00757
G5_P4_M13_L001,Post_P15,Post,995095.0,995095.0,0.0,0.00709
G6_P2_M13_L001,Post_P15,Post,993335.2,993335.2,0.0,0.00965
G6_P4_M13_L001,Post_P15,Post,996552.1,996552.1,-0.0,0.00498
G6_P5_M13_L001,Post_P15,Post,995670.9,995670.9,-0.0,0.00626
G7_P2_M13_L001,Post_P15,Post,994417.8,994417.8,-0.0,0.00808
G7_P3_M13_L001,Post_P15,Post,995877.1,995877.1,0.0,0.00596
G7_P4_M13_L001,Post_P15,Post,996291.8,996291.8,0.0,0.00536
G8_P2_M13_L001,Post_P15,Post,986628.6,985725.7,902.9,0.02074
G8_P3_M13_L001,Post_P15,Post,995784.7,995784.7,-0.0,0.00609
G8_P4_M13_L001,Post_P15,Post,993616.0,993281.6,334.4,0.00973
G9_P2_M13_L001,Post_P15,Post,996575.8,993874.5,2701.3,0.00886
G9_P3_M13_L001,Post_P15,Post,996233.6,995910.6,323.0,0.00591
G9_P4_M13_L001,Post_P15,Post,996105.6,996105.6,0.0,0.00563
H10_P3_M13_L001,Post_P15,Post,994895.4,994831.0,64.4,0.00748
H10_P4_M13_L001,Post_P15,Post,994471.3,994471.3,-0.0,0.008
H10_P5_M13_L001,Post_P15,Post,994090.6,994090.6,-0.0,0.00855
H11_P2_M13_L001,Post_P15,Post,991372.6,991372.6,-0.0,0.0125
H11_P3_M13_L001,Post_P15,Post,994067.1,994027.3,39.8,0.00864
H11_P5_M13_L001,Post_P15,Post,993181.0,993181.0,0.0,0.00987
H12_P2_M13_L001,Post_P15,Post,995554.7,995554.7,0.0,0.00643
H12_P3_M13_L001,Post_P15,Post,993940.7,993940.7,0.0,0.00877
H12_P4_M13_L001,Post_P15,Post,994960.7,994960.7,-0.0,0.00729
H12_P5_M13_L001,Post_P15,Post,996204.0,996204.0,0.0,0.00549
H1_P2_M13_L001,Post_P15,Post,993682.7,993682.7,-0.0,0.00914
H1_P3_M13_L001,Post_P15,Post,993958.8,993874.2,84.6,0.00886
H1_P4_M13_L001,Post_P15,Post,994474.3,994474.3,0.0,0.00799
H1_P5_M13_L001,Post_P15,Post,992621.4,992621.4,0.0,0.01068
H2_P3_M13_L001,Post_P15,Post,992777.6,992777.6,-0.0,0.01046
H2_P4_M13_L001,Post_P15,Post,991798.0,991798.0,0.0,0.01188
H3_P2_M13_L001,Post_P15,Post,994141.8,994141.8,-0.0,0.00848
H3_P4_M13_L001,Post_P15,Post,995771.6,995771.6,-0.0,0.00611
H3_P5_M13_L001,Post_P15,Post,995189.6,995189.6,0.0,0.00696
H4_P3_M13_L001,Post_P15,Post,994586.4,994586.4,0.0,0.00783
H4_P4_M13_L001,Post_P15,Post,994427.7,993872.3,555.4,0.00887
H4_P5_M13_L001,Post_P15,Post,989874.9,989214.2,660.7,0.01565
H5_P2_M13_L001,Post_P15,Post,996184.9,996184.9,-0.0,0.00551
H5_P3_M13_L001,Post_P15,Post,993760.3,993760.3,0.0,0.00903
H5_P5_M13_L001,Post_P15,Post,991558.7,991558.7,0.0,0.01223
H6_P2_M13_L001,Post_P15,Post,994908.9,994776.8,132.1,0.00756
H6_P3_M13_L001,Post_P15,Post,995850.0,995850.0,-0.0,0.006
H6_P4_M13_L001,Post_P15,Post,997094.0,997094.0,0.0,0.0042
H6_P5_M13_L001,Post_P15,Post,992879.2,992879.2,-0.0,0.01031
H7_P2_M13_L001,Post_P15,Post,993899.9,993899.9,0.0,0.00883
H7_P3_M13_L001,Post_P15,Post,994393.6,994393.6,-0.0,0.00811
H7_P5_M13_L001,Post_P15,Post,988313.9,988313.9,-0.0,0.01696
H8_P2_M13_L001,Post_P15,Post,993237.3,993237.3,-0.0,0.00979
H8_P4_M13_L001,Post_P15,Post,992902.1,992902.1,0.0,0.01028
H8_P5_M13_L001,Post_P15,Post,991858.7,991858.7,0.0,0.01179
H9_P2_M13_L001,Post_P15,Post,989389.1,989389.1,0.0,0.01539
H9_P3_M13_L001,Post_P15,Post,992475.3,992475.3,0.0,0.0109
H9_P5_M13_L001,Post_P15,Post,994178.7,994146.8,31.9,0.00847
A10_P1_MMD8_L001,Post_P16,Post,993253.0,993253.0,0.0,0.00977
A10_P2_MMD8_L001,Post_P16,Post,991919.1,991919.1,0.0,0.01171
A10_P4_MMD8_L001,Post_P16,Post,991819.2,991819.2,-0.0,0.01185
A10_P5_MMD8_L001,Post_P16,Post,995074.5,994815.1,259.4,0.0075
A11_P1_MMD8_L001,Post_P16,Post,997104.7,997104.7,-0.0,0.00418
A11_P2_MMD8_L001,Post_P16,Post,997989.1,996219.5,1769.6,0.00546
A11_P4_MMD8_L001,Post_P16,Post,995393.4,995393.4,-0.0,0.00666
A11_P5_MMD8_L001,Post_P16,Post,993814.9,993814.9,-0.0,0.00895
A12_P1_MMD8_L001,Post_P16,Post,994187.8,994187.8,0.0,0.00841
A12_P2_MMD8_L001,Post_P16,Post,991885.3,991885.3,0.0,0.01175
A12_P4_MMD8_L001,Post_P16,Post,993505.8,993505.8,-0.0,0.0094
A12_P5_MMD8_L001,Post_P16,Post,994206.4,994206.4,-0.0,0.00838
A2_P1_MMD8_L001,Post_P16,Post,995300.5,995189.3,111.2,0.00696
A2_P2_MMD8_L001,Post_P16,Post,996129.6,995967.5,162.1,0.00583
A2_P4_MMD8_L001,Post_P16,Post,993958.3,993958.3,0.0,0.00874
A2_P5_MMD8_L001,Post_P16,Post,995345.9,995185.0,160.9,0.00696
A3_P1_MMD8_L001,Post_P16,Post,993264.4,993200.0,64.4,0.00984
A3_P2_MMD8_L001,Post_P16,Post,994831.2,994831.2,0.0,0.00748
A3_P4_MMD8_L001,Post_P16,Post,993999.3,993999.3,0.0,0.00868
A3_P5_MMD8_L001,Post_P16,Post,994143.9,994050.2,93.7,0.00861
A4_P1_MMD8_L001,Post_P16,Post,994747.5,994747.5,-0.0,0.0076
A4_P2_MMD8_L001,Post_P16,Post,991206.9,990458.3,748.6,0.01383
A4_P4_MMD8_L001,Post_P16,Post,994804.8,994804.8,-0.0,0.00751
A4_P5_MMD8_L001,Post_P16,Post,994115.0,994115.0,-0.0,0.00852
A5_P1_MMD8_L001,Post_P16,Post,996075.1,996075.1,-0.0,0.00567
A5_P2_MMD8_L001,Post_P16,Post,994904.5,994904.5,-0.0,0.00737
A5_P4_MMD8_L001,Post_P16,Post,997182.7,997182.7,-0.0,0.00407
A5_P5_MMD8_L001,Post_P16,Post,994351.2,993717.4,633.8,0.00909
A6_P1_MMD8_L001,Post_P16,Post,994181.3,994181.3,-0.0,0.00842
A6_P4_MMD8_L001,Post_P16,Post,995395.3,995395.3,0.0,0.00666
A6_P5_MMD8_L001,Post_P16,Post,995409.1,994255.3,1153.8,0.00831
A7_P1_MMD8_L001,Post_P16,Post,994442.0,994442.0,0.0,0.00804
A7_P2_MMD8_L001,Post_P16,Post,993028.1,993028.1,-0.0,0.01009
A7_P4_MMD8_L001,Post_P16,Post,993211.5,993211.5,-0.0,0.00983
A7_P5_MMD8_L001,Post_P16,Post,989601.7,989601.7,0.0,0.01508
A8_P1_MMD8_L001,Post_P16,Post,994265.7,994265.7,0.0,0.0083
A8_P2_MMD8_L001,Post_P16,Post,996366.0,995292.1,1073.9,0.00681
A8_P4_MMD8_L001,Post_P16,Post,991066.8,991066.8,0.0,0.01295
A8_P5_MMD8_L001,Post_P16,Post,995472.5,995365.9,106.6,0.0067
A9_P1_MMD8_L001,Post_P16,Post,997104.1,997104.1,0.0,0.00418
A9_P2_MMD8_L001,Post_P16,Post,996247.1,996247.1,0.0,0.00542
A9_P4_MMD8_L001,Post_P16,Post,994188.4,994188.4,-0.0,0.00841
A9_P5_MMD8_L001,Post_P16,Post,995972.1,995830.1,142.0,0.00603
B10_P1_MMD8_L001,Post_P16,Post,995187.7,995187.7,-0.0,0.00696
B10_P2_MMD8_L001,Post_P16,Post,995724.4,995300.8,423.6,0.0068
B10_P4_MMD8_L001,Post_P16,Post,993221.2,993221.2,-0.0,0.00981
B10_P5_MMD8_L001,Post_P16,Post,997596.2,997534.2,62.0,0.00356
B11_P1_MMD8_L001,Post_P16,Post,995728.7,995728.7,-0.0,0.00618
B11_P2_MMD8_L001,Post_P16,Post,996209.4,996209.4,0.0,0.00548
B11_P4_MMD8_L001,Post_P16,Post,984222.8,984222.8,-0.0,0.02294
B11_P5_MMD8_L001,Post_P16,Post,996465.4,995912.4,553.0,0.00591
B12_P1_MMD8_L001,Post_P16,Post,995014.0,995014.0,-0.0,0.00721
B12_P2_MMD8_L001,Post_P16,Post,993841.6,993841.6,0.0,0.00891
B12_P4_MMD8_L001,Post_P16,Post,997336.7,997336.7,-0.0,0.00385
B12_P5_MMD8_L001,Post_P16,Post,996781.4,996781.4,0.0,0.00465
B1_P1_MMD8_L001,Post_P16,Post,993449.9,993449.9,0.0,0.00948
B1_P2_MMD8_L001,Post_P16,Post,993126.1,993126.1,-0.0,0.00995
B1_P4_MMD8_L001,Post_P16,Post,993270.1,993270.1,0.0,0.00974
B1_P5_MMD8_L001,Post_P16,Post,996123.5,996123.5,-0.0,0.0056
B2_P1_MMD8_L001,Post_P16,Post,994566.8,994554.2,12.6,0.00788
B2_P2_MMD8_L001,Post_P16,Post,996811.3,996811.3,-0.0,0.00461
B2_P4_MMD8_L001,Post_P16,Post,992885.4,992885.4,-0.0,0.0103
B2_P5_MMD8_L001,Post_P16,Post,993166.8,993166.8,-0.0,0.00989
B3_P1_MMD8_L001,Post_P16,Post,990959.4,990958.0,1.4,0.0131
B3_P2_MMD8_L001,Post_P16,Post,994413.9,994192.0,221.9,0.0084
B3_P4_MMD8_L001,Post_P16,Post,993191.3,993191.3,0.0,0.00986
B3_P5_MMD8_L001,Post_P16,Post,992424.1,992424.1,-0.0,0.01097
B4_P1_MMD8_L001,Post_P16,Post,992808.4,992808.4,0.0,0.01041
B4_P2_MMD8_L001,Post_P16,Post,992461.4,992461.4,-0.0,0.01092
B4_P4_MMD8_L001,Post_P16,Post,995765.1,995693.6,71.5,0.00623
B4_P5_MMD8_L001,Post_P16,Post,997354.2,997354.2,0.0,0.00382
B5_P1_MMD8_L001,Post_P16,Post,995926.1,995926.1,0.0,0.00589
B5_P2_MMD8_L001,Post_P16,Post,992461.5,992388.5,73.0,0.01102
B5_P4_MMD8_L001,Post_P16,Post,990319.1,990274.6,44.5,0.0141
B5_P5_MMD8_L001,Post_P16,Post,995133.3,995133.3,0.0,0.00704
B6_P2_MMD8_L001,Post_P16,Post,992988.1,992832.6,155.5,0.01038
B6_P4_MMD8_L001,Post_P16,Post,994102.5,993823.4,279.1,0.00894
B6_P5_MMD8_L001,Post_P16,Post,992337.0,992337.0,0.0,0.0111
B7_P1_MMD8_L001,Post_P16,Post,994602.7,994602.7,0.0,0.00781
B7_P2_MMD8_L001,Post_P16,Post,996201.5,996201.5,-0.0,0.00549
B7_P4_MMD8_L001,Post_P16,Post,995213.5,995105.3,108.2,0.00708
B7_P5_MMD8_L001,Post_P16,Post,995388.2,995388.2,-0.0,0.00667
B8_P1_MMD8_L001,Post_P16,Post,995813.1,995807.5,5.6,0.00606
B8_P2_MMD8_L001,Post_P16,Post,995046.5,994795.0,251.5,0.00753
B8_P4_MMD8_L001,Post_P16,Post,996955.5,996955.5,-0.0,0.0044
B8_P5_MMD8_L001,Post_P16,Post,981898.5,981898.5,0.0,0.02635
B9_P1_MMD8_L001,Post_P16,Post,994305.1,994305.1,-0.0,0.00824
B9_P2_MMD8_L001,Post_P16,Post,987961.3,987624.5,336.8,0.01797
B9_P5_MMD8_L001,Post_P16,Post,996394.1,996394.1,0.0,0.00521
C10_P1_MMD8_L001,Post_P16,Post,994806.8,994806.8,-0.0,0.00751
C10_P2_MMD8_L001,Post_P16,Post,993531.7,993531.7,0.0,0.00936
C10_P4_MMD8_L001,Post_P16,Post,990449.1,990449.1,0.0,0.01385
C10_P5_MMD8_L001,Post_P16,Post,990786.6,990786.6,-0.0,0.01335
C11_P1_MMD8_L001,Post_P16,Post,994524.6,994524.6,0.0,0.00792
C11_P2_MMD8_L001,Post_P16,Post,992871.6,992871.6,-0.0,0.01032
C11_P4_MMD8_L001,Post_P16,Post,993550.8,993550.8,-0.0,0.00933
C11_P5_MMD8_L001,Post_P16,Post,997364.5,997364.5,0.0,0.00381
C12_P1_MMD8_L001,Post_P16,Post,994602.2,994602.2,0.0,0.00781
C12_P2_MMD8_L001,Post_P16,Post,997320.0,997320.0,-0.0,0.00387
C12_P4_MMD8_L001,Post_P16,Post,989151.6,989151.6,-0.0,0.01574
C12_P5_MMD8_L001,Post_P16,Post,989892.1,989892.1,0.0,0.01466
C1_P1_MMD8_L001,Post_P16,Post,997687.7,997687.7,-0.0,0.00334
C1_P2_MMD8_L001,Post_P16,Post,995142.9,994444.5,698.4,0.00804
C1_P4_MMD8_L001,Post_P16,Post,994718.4,994718.4,0.0,0.00764
C1_P5_MMD8_L001,Post_P16,Post,990753.2,990719.2,34.0,0.01345
C2_P1_MMD8_L001,Post_P16,Post,996876.7,996768.6,108.1,0.00467
C2_P2_MMD8_L001,Post_P16,Post,993154.2,993154.2,-0.0,0.00991
C2_P4_MMD8_L001,Post_P16,Post,991009.3,991009.3,0.0,0.01303
C2_P5_MMD8_L001,Post_P16,Post,994140.5,994126.1,14.4,0.0085
C3_P1_MMD8_L001,Post_P16,Post,990687.0,990687.0,-0.0,0.0135
C3_P2_MMD8_L001,Post_P16,Post,994290.8,994290.8,0.0,0.00826
C3_P4_MMD8_L001,Post_P16,Post,990759.7,990759.7,0.0,0.01339
C3_P5_MMD8_L001,Post_P16,Post,995905.8,995905.8,-0.0,0.00592
C4_P1_MMD8_L001,Post_P16,Post,997283.9,997283.9,-0.0,0.00392
C4_P2_MMD8_L001,Post_P16,Post,995051.6,993456.9,1594.7,0.00947
C4_P4_MMD8_L001,Post_P16,Post,996584.2,996584.2,0.0,0.00494
C4_P5_MMD8_L001,Post_P16,Post,993539.9,993539.9,-0.0,0.00935
C5_P1_MMD8_L001,Post_P16,Post,992468.5,992468.5,0.0,0.01091
C5_P2_MMD8_L001,Post_P16,Post,992785.2,991755.5,1029.7,0.01194
C5_P4_MMD8_L001,Post_P16,Post,996150.2,996150.2,0.0,0.00556
C5_P5_MMD8_L001,Post_P16,Post,990493.1,990493.1,0.0,0.01378
C6_P1_MMD8_L001,Post_P16,Post,995791.0,995791.0,-0.0,0.00609
C6_P2_MMD8_L001,Post_P16,Post,994409.5,994099.7,309.8,0.00854
C6_P5_MMD8_L001,Post_P16,Post,992575.6,992575.6,-0.0,0.01075
C7_P1_MMD8_L001,Post_P16,Post,997175.1,996993.9,181.2,0.00434
C7_P2_MMD8_L001,Post_P16,Post,993190.9,993190.9,-0.0,0.00986
C7_P4_MMD8_L001,Post_P16,Post,993215.4,993215.4,-0.0,0.00982
C7_P5_MMD8_L001,Post_P16,Post,996205.1,996205.1,-0.0,0.00549
C8_P2_MMD8_L001,Post_P16,Post,995798.7,995798.7,0.0,0.00607
C8_P4_MMD8_L001,Post_P16,Post,991629.9,991629.9,-0.0,0.01213
C8_P5_MMD8_L001,Post_P16,Post,995631.0,995631.0,-0.0,0.00632
C9_P1_MMD8_L001,Post_P16,Post,993259.5,993013.2,246.3,0.01012
C9_P2_MMD8_L001,Post_P16,Post,994194.8,993543.2,651.6,0.00935
C9_P4_MMD8_L001,Post_P16,Post,995201.4,995201.4,-0.0,0.00694
C9_P5_MMD8_L001,Post_P16,Post,993855.3,993855.3,0.0,0.00889
D10_P2_MMD8_L001,Post_P16,Post,994069.8,994069.8,-0.0,0.00858
D10_P4_MMD8_L001,Post_P16,Post,992858.0,992858.0,0.0,0.01034
D10_P5_MMD8_L001,Post_P16,Post,991718.7,991718.7,-0.0,0.012
D11_P1_MMD8_L001,Post_P16,Post,995757.3,995757.3,-0.0,0.00613
D11_P2_MMD8_L001,Post_P16,Post,991667.1,991667.1,-0.0,0.01207
D11_P4_MMD8_L001,Post_P16,Post,994501.0,994457.4,43.6,0.00802
D11_P5_MMD8_L001,Post_P16,Post,995218.8,995218.8,0.0,0.00691
D12_P1_MMD8_L001,Post_P16,Post,994740.2,994740.2,0.0,0.00761
D12_P4_MMD8_L001,Post_P16,Post,996428.3,996428.3,0.0,0.00516
D12_P5_MMD8_L001,Post_P16,Post,993913.8,993864.2,49.6,0.00888
D1_P1_MMD8_L001,Post_P16,Post,996115.4,996029.0,86.4,0.00574
D1_P2_MMD8_L001,Post_P16,Post,994330.9,994330.9,-0.0,0.0082
D1_P4_MMD8_L001,Post_P16,Post,991583.1,991583.1,-0.0,0.01219
D1_P5_MMD8_L001,Post_P16,Post,990048.8,990048.8,-0.0,0.01443
D2_P1_MMD8_L001,Post_P16,Post,991171.2,991128.5,42.7,0.01286
D2_P2_MMD8_L001,Post_P16,Post,998149.1,998149.1,0.0,0.00267
D2_P4_MMD8_L001,Post_P16,Post,991000.6,991000.6,-0.0,0.01304
D2_P5_MMD8_L001,Post_P16,Post,995321.1,995321.1,-0.0,0.00677
D3_P1_MMD8_L001,Post_P16,Post,993512.7,993295.4,217.3,0.00971
D3_P2_MMD8_L001,Post_P16,Post,995322.2,995322.2,-0.0,0.00676
D3_P4_MMD8_L001,Post_P16,Post,995442.0,995442.0,0.0,0.00659
D3_P5_MMD8_L001,Post_P16,Post,992643.1,992643.1,-0.0,0.01065
D4_P1_MMD8_L001,Post_P16,Post,994429.6,994429.6,0.0,0.00806
D4_P2_MMD8_L001,Post_P16,Post,995138.7,995138.7,-0.0,0.00703
D4_P4_MMD8_L001,Post_P16,Post,993585.5,993585.5,0.0,0.00928
D4_P5_MMD8_L001,Post_P16,Post,993389.9,993389.9,0.0,0.00957
D5_P1_MMD8_L001,Post_P16,Post,995141.4,995136.1,5.3,0.00703
D5_P2_MMD8_L001,Post_P16,Post,995922.0,995922.0,0.0,0.0059
D5_P4_MMD8_L001,Post_P16,Post,994865.1,994841.3,23.8,0.00746
D5_P5_MMD8_L001,Post_P16,Post,994691.3,994691.3,-0.0,0.00768
D6_P1_MMD8_L001,Post_P16,Post,998045.2,998045.2,0.0,0.00282
D6_P4_MMD8_L001,Post_P16,Post,992039.0,992039.0,0.0,0.01153
D6_P5_MMD8_L001,Post_P16,Post,996754.7,996754.7,0.0,0.00469
D7_P1_MMD8_L001,Post_P16,Post,992649.1,991357.9,1291.2,0.01252
D7_P4_MMD8_L001,Post_P16,Post,996958.1,996958.1,0.0,0.0044
D7_P5_MMD8_L001,Post_P16,Post,992209.9,992209.9,0.0,0.01128
D8_P1_MMD8_L001,Post_P16,Post,994684.6,994684.6,-0.0,0.00769
D8_P2_MMD8_L001,Post_P16,Post,993254.9,993254.9,-0.0,0.00976
D8_P5_MMD8_L001,Post_P16,Post,992549.7,992549.7,0.0,0.01079
D9_P2_MMD8_L001,Post_P16,Post,991582.2,991582.2,-0.0,0.0122
D9_P4_MMD8_L001,Post_P16,Post,995078.3,995059.4,18.9,0.00715
D9_P5_MMD8_L001,Post_P16,Post,996425.5,996425.5,-0.0,0.00517
E10_P1_MMD8_L001,Post_P16,Post,997069.9,997069.9,-0.0,0.00423
E10_P2_MMD8_L001,Post_P16,Post,989592.9,989578.2,14.7,0.01511
E10_P4_MMD8_L001,Post_P16,Post,995476.4,995476.4,0.0,0.00654
E10_P5_MMD8_L001,Post_P16,Post,994439.1,994439.1,-0.0,0.00805
E11_P1_MMD8_L001,Post_P16,Post,992880.6,992857.3,23.3,0.01034
E11_P2_MMD8_L001,Post_P16,Post,990555.7,990555.7,0.0,0.01369
E11_P4_MMD8_L001,Post_P16,Post,989502.7,989502.7,0.0,0.01522
E11_P5_MMD8_L001,Post_P16,Post,990184.2,990184.2,-0.0,0.01423
E12_P1_MMD8_L001,Post_P16,Post,994640.5,994640.5,0.0,0.00775
E12_P2_MMD8_L001,Post_P16,Post,995380.6,995380.6,-0.0,0.00668
E12_P4_MMD8_L001,Post_P16,Post,992638.9,992638.9,0.0,0.01066
E12_P5_MMD8_L001,Post_P16,Post,995060.6,995060.6,-0.0,0.00714
E1_P1_MMD8_L001,Post_P16,Post,995790.7,995790.7,-0.0,0.00609
E1_P2_MMD8_L001,Post_P16,Post,993513.0,993513.0,0.0,0.00939
E1_P4_MMD8_L001,Post_P16,Post,992394.9,992394.9,0.0,0.01101
E1_P5_MMD8_L001,Post_P16,Post,997202.1,997202.1,-0.0,0.00404
E2_P1_MMD8_L001,Post_P16,Post,994673.7,992386.5,2287.2,0.01103
E2_P2_MMD8_L001,Post_P16,Post,994758.9,994745.5,13.4,0.0076
E2_P4_MMD8_L001,Post_P16,Post,995333.5,994778.1,555.4,0.00755
E2_P5_MMD8_L001,Post_P16,Post,992143.3,992143.3,0.0,0.01138
E3_P1_MMD8_L001,Post_P16,Post,993210.3,993210.3,0.0,0.00983
E3_P2_MMD8_L001,Post_P16,Post,996049.6,996049.6,0.0,0.00571
E3_P4_MMD8_L001,Post_P16,Post,996941.1,996941.1,-0.0,0.00442
E3_P5_MMD8_L001,Post_P16,Post,993984.5,993984.5,-0.0,0.0087
E4_P1_MMD8_L001,Post_P16,Post,993894.9,993894.9,0.0,0.00883
E4_P4_MMD8_L001,Post_P16,Post,993961.8,993961.8,0.0,0.00874
E4_P5_MMD8_L001,Post_P16,Post,995460.8,995460.8,-0.0,0.00656
E5_P2_MMD8_L001,Post_P16,Post,994748.2,994748.2,0.0,0.0076
E5_P4_MMD8_L001,Post_P16,Post,992517.7,992517.7,0.0,0.01084
E5_P5_MMD8_L001,Post_P16,Post,997011.4,997011.4,-0.0,0.00432
E6_P1_MMD8_L001,Post_P16,Post,996566.7,995958.8,607.9,0.00584
E6_P2_MMD8_L001,Post_P16,Post,991764.1,991727.4,36.7,0.01198
E6_P4_MMD8_L001,Post_P16,Post,994253.4,994245.9,7.5,0.00833
E6_P5_MMD8_L001,Post_P16,Post,995292.7,995292.7,-0.0,0.00681
E7_P1_MMD8_L001,Post_P16,Post,996258.5,996258.5,-0.0,0.00541
E7_P2_MMD8_L001,Post_P16,Post,995760.4,995760.4,0.0,0.00613
E7_P4_MMD8_L001,Post_P16,Post,990969.7,990969.7,0.0,0.01309
E7_P5_MMD8_L001,Post_P16,Post,995146.7,995146.7,0.0,0.00702
E8_P1_MMD8_L001,Post_P16,Post,996404.5,996404.5,-0.0,0.0052
E8_P2_MMD8_L001,Post_P16,Post,993845.2,993845.2,-0.0,0.00891
E8_P4_MMD8_L001,Post_P16,Post,994910.3,994910.3,0.0,0.00736
E8_P5_MMD8_L001,Post_P16,Post,995544.3,995544.3,-0.0,0.00644
E9_P1_MMD8_L001,Post_P16,Post,996657.7,996657.7,0.0,0.00483
E9_P2_MMD8_L001,Post_P16,Post,995626.5,995626.5,0.0,0.00632
E9_P4_MMD8_L001,Post_P16,Post,995865.1,995865.1,0.0,0.00598
E9_P5_MMD8_L001,Post_P16,Post,996851.5,996851.5,-0.0,0.00455
F10_P1_MMD8_L001,Post_P16,Post,996468.5,996468.5,-0.0,0.0051
F10_P2_MMD8_L001,Post_P16,Post,995109.5,994381.4,728.1,0.00813
F10_P4_MMD8_L001,Post_P16,Post,995773.5,995773.5,-0.0,0.00611
F10_P5_MMD8_L001,Post_P16,Post,995953.9,995953.9,-0.0,0.00585
F11_P1_MMD8_L001,Post_P16,Post,997612.9,997612.9,0.0,0.00345
F11_P2_MMD8_L001,Post_P16,Post,989634.8,989634.8,0.0,0.01503
F11_P4_MMD8_L001,Post_P16,Post,993688.0,993187.5,500.5,0.00986
F11_P5_MMD8_L001,Post_P16,Post,996052.0,996052.0,0.0,0.00571
F12_P1_MMD8_L001,Post_P16,Post,994206.6,994206.6,0.0,0.00838
F12_P2_MMD8_L001,Post_P16,Post,994474.4,994474.4,-0.0,0.00799
F12_P4_MMD8_L001,Post_P16,Post,997202.8,997198.1,4.7,0.00405
F12_P5_MMD8_L001,Post_P16,Post,993306.7,993306.7,-0.0,0.00969
F1_P1_MMD8_L001,Post_P16,Post,996618.2,996618.2,-0.0,0.00489
F1_P2_MMD8_L001,Post_P16,Post,993648.2,993648.2,-0.0,0.00919
F1_P4_MMD8_L001,Post_P16,Post,993318.0,993318.0,0.0,0.00967
F1_P5_MMD8_L001,Post_P16,Post,994112.7,994112.7,-0.0,0.00852
F2_P1_MMD8_L001,Post_P16,Post,993225.3,993147.5,77.8,0.00992
F2_P2_MMD8_L001,Post_P16,Post,995485.5,995485.5,-0.0,0.00653
F2_P4_MMD8_L001,Post_P16,Post,993184.6,993184.6,0.0,0.00987
F2_P5_MMD8_L001,Post_P16,Post,994453.3,994453.3,-0.0,0.00802
F3_P1_MMD8_L001,Post_P16,Post,997286.3,995492.0,1794.3,0.00652
F3_P2_MMD8_L001,Post_P16,Post,989733.4,989695.7,37.7,0.01494
F3_P4_MMD8_L001,Post_P16,Post,994369.8,994369.8,-0.0,0.00815
F3_P5_MMD8_L001,Post_P16,Post,994514.2,994514.2,-0.0,0.00794
F4_P1_MMD8_L001,Post_P16,Post,995057.8,995057.8,0.0,0.00715
F4_P2_MMD8_L001,Post_P16,Post,983131.8,983131.8,0.0,0.02454
F4_P4_MMD8_L001,Post_P16,Post,991259.6,991259.6,0.0,0.01267
F4_P5_MMD8_L001,Post_P16,Post,993591.3,993591.3,0.0,0.00928
F5_P1_MMD8_L001,Post_P16,Post,994737.3,994737.3,0.0,0.00761
F5_P2_MMD8_L001,Post_P16,Post,995563.3,995563.3,-0.0,0.00642
F5_P4_MMD8_L001,Post_P16,Post,996250.9,996218.5,32.4,0.00547
F5_P5_MMD8_L001,Post_P16,Post,992572.8,992557.4,15.4,0.01078
F6_P1_MMD8_L001,Post_P16,Post,992532.9,992532.9,0.0,0.01081
F6_P2_MMD8_L001,Post_P16,Post,994000.8,993409.5,591.3,0.00954
F6_P4_MMD8_L001,Post_P16,Post,990296.6,990292.8,3.8,0.01407
F6_P5_MMD8_L001,Post_P16,Post,993313.5,993313.5,-0.0,0.00968
F7_P1_MMD8_L001,Post_P16,Post,991395.0,991395.0,-0.0,0.01247
F7_P2_MMD8_L001,Post_P16,Post,997249.5,995831.3,1418.2,0.00603
F7_P4_MMD8_L001,Post_P16,Post,993386.0,993319.8,66.2,0.00967
F7_P5_MMD8_L001,Post_P16,Post,996229.8,996229.8,0.0,0.00545
F8_P1_MMD8_L001,Post_P16,Post,993400.5,993400.5,0.0,0.00955
F8_P2_MMD8_L001,Post_P16,Post,995480.2,995480.2,0.0,0.00654
F8_P4_MMD8_L001,Post_P16,Post,992794.3,992784.2,10.1,0.01045
F8_P5_MMD8_L001,Post_P16,Post,994256.2,994256.2,-0.0,0.00831
F9_P1_MMD8_L001,Post_P16,Post,995862.9,995862.9,-0.0,0.00598
F9_P2_MMD8_L001,Post_P16,Post,993706.3,993706.3,-0.0,0.00911
F9_P4_MMD8_L001,Post_P16,Post,995639.6,995639.6,0.0,0.0063
F9_P5_MMD8_L001,Post_P16,Post,993616.0,993616.0,0.0,0.00924
G10_P1_MMD8_L001,Post_P16,Post,997552.5,997552.5,0.0,0.00354
G10_P2_MMD8_L001,Post_P16,Post,987464.6,987464.6,-0.0,0.0182
G10_P4_MMD8_L001,Post_P16,Post,994648.1,994648.1,-0.0,0.00774
G10_P5_MMD8_L001,Post_P16,Post,996082.7,996082.7,0.0,0.00566
G11_P1_MMD8_L001,Post_P16,Post,995791.0,995791.0,-0.0,0.00609
G11_P2_MMD8_L001,Post_P16,Post,995575.2,995575.2,0.0,0.0064
G11_P4_MMD8_L001,Post_P16,Post,995350.3,995350.3,-0.0,0.00672
G11_P5_MMD8_L001,Post_P16,Post,995088.3,995088.3,-0.0,0.0071
G12_P1_MMD8_L001,Post_P16,Post,995707.9,995704.9,3.0,0.00621
G12_P2_MMD8_L001,Post_P16,Post,994899.0,994899.0,0.0,0.00738
G12_P4_MMD8_L001,Post_P16,Post,996578.5,996578.5,0.0,0.00494
G12_P5_MMD8_L001,Post_P16,Post,991665.2,991665.2,0.0,0.01207
G1_P1_MMD8_L001,Post_P16,Post,994173.4,993467.4,706.0,0.00946
G1_P2_MMD8_L001,Post_P16,Post,992801.0,992801.0,-0.0,0.01042
G1_P4_MMD8_L001,Post_P16,Post,995040.8,994664.4,376.4,0.00772
G1_P5_MMD8_L001,Post_P16,Post,995158.4,995158.4,-0.0,0.007
G2_P1_MMD8_L001,Post_P16,Post,991375.4,991375.4,-0.0,0.0125
G2_P2_MMD8_L001,Post_P16,Post,991670.4,991670.4,-0.0,0.01207
G2_P4_MMD8_L001,Post_P16,Post,995270.9,995270.9,-0.0,0.00684
G2_P5_MMD8_L001,Post_P16,Post,995244.6,995244.6,0.0,0.00688
G3_P1_MMD8_L001,Post_P16,Post,997482.1,997482.1,0.0,0.00364
G3_P2_MMD8_L001,Post_P16,Post,992417.4,992417.4,0.0,0.01098
G3_P4_MMD8_L001,Post_P16,Post,993982.1,993982.1,0.0,0.00871
G3_P5_MMD8_L001,Post_P16,Post,994940.7,994931.6,9.1,0.00733
G4_P1_MMD8_L001,Post_P16,Post,993381.8,993381.8,-0.0,0.00958
G4_P2_MMD8_L001,Post_P16,Post,994616.1,994616.1,0.0,0.00779
G4_P4_MMD8_L001,Post_P16,Post,996194.1,996194.1,0.0,0.0055
G4_P5_MMD8_L001,Post_P16,Post,997472.7,997472.7,0.0,0.00365
G5_P1_MMD8_L001,Post_P16,Post,995130.7,995122.9,7.8,0.00705
G5_P2_MMD8_L001,Post_P16,Post,994767.4,994767.4,-0.0,0.00757
G5_P4_MMD8_L001,Post_P16,Post,994839.4,994839.4,-0.0,0.00746
G5_P5_MMD8_L001,Post_P16,Post,996294.3,996294.3,-0.0,0.00536
G6_P1_MMD8_L001,Post_P16,Post,995312.7,995312.7,-0.0,0.00678
G6_P2_MMD8_L001,Post_P16,Post,991542.5,991542.5,-0.0,0.01225
G6_P4_MMD8_L001,Post_P16,Post,993375.3,993375.3,-0.0,0.00959
G6_P5_MMD8_L001,Post_P16,Post,994150.8,994150.8,-0.0,0.00846
G7_P1_MMD8_L001,Post_P16,Post,993043.4,993043.4,0.0,0.01007
G7_P2_MMD8_L001,Post_P16,Post,994650.1,994650.1,-0.0,0.00774
G7_P4_MMD8_L001,Post_P16,Post,993279.7,993279.7,0.0,0.00973
G7_P5_MMD8_L001,Post_P16,Post,995013.1,995013.1,-0.0,0.00721
G8_P1_MMD8_L001,Post_P16,Post,993198.5,993198.5,-0.0,0.00985
G8_P2_MMD8_L001,Post_P16,Post,994364.2,994364.2,0.0,0.00815
G8_P4_MMD8_L001,Post_P16,Post,994776.1,993815.0,961.1,0.00895
G8_P5_MMD8_L001,Post_P16,Post,997392.8,997278.4,114.4,0.00393
G9_P1_MMD8_L001,Post_P16,Post,997601.7,997601.7,0.0,0.00346
G9_P2_MMD8_L001,Post_P16,Post,996918.4,996918.4,-0.0,0.00445
G9_P4_MMD8_L001,Post_P16,Post,994528.0,994528.0,-0.0,0.00792
G9_P5_MMD8_L001,Post_P16,Post,995373.4,993194.5,2178.9,0.00985
H10_P1_MMD8_L001,Post_P16,Post,995269.0,995269.0,-0.0,0.00684
H10_P2_MMD8_L001,Post_P16,Post,988067.1,987079.0,988.1,0.01876
H10_P4_MMD8_L001,Post_P16,Post,988446.3,988446.3,0.0,0.01677
H10_P5_MMD8_L001,Post_P16,Post,996880.8,996880.8,0.0,0.00451
H11_P1_MMD8_L001,Post_P16,Post,994896.2,994896.2,0.0,0.00738
H11_P2_MMD8_L001,Post_P16,Post,995598.2,995598.2,0.0,0.00636
H11_P4_MMD8_L001,Post_P16,Post,992611.4,992611.4,0.0,0.0107
H11_P5_MMD8_L001,Post_P16,Post,995111.0,995111.0,0.0,0.00707
H12_P1_MMD8_L001,Post_P16,Post,993927.4,993927.4,-0.0,0.00879
H12_P2_MMD8_L001,Post_P16,Post,993149.7,993149.7,0.0,0.00992
H12_P4_MMD8_L001,Post_P16,Post,996862.6,995612.3,1250.3,0.00634
H12_P5_MMD8_L001,Post_P16,Post,995395.3,993865.6,1529.7,0.00888
H1_P1_MMD8_L001,Post_P16,Post,995977.7,995977.7,0.0,0.00581
H1_P2_MMD8_L001,Post_P16,Post,993493.1,993493.1,-0.0,0.00942
H1_P4_MMD8_L001,Post_P16,Post,994724.4,994724.4,-0.0,0.00763
H1_P5_MMD8_L001,Post_P16,Post,994478.1,994478.1,0.0,0.00799
H2_P1_MMD8_L001,Post_P16,Post,995171.5,995171.5,0.0,0.00698
H2_P2_MMD8_L001,Post_P16,Post,995195.8,995025.5,170.3,0.00719
H2_P4_MMD8_L001,Post_P16,Post,993619.5,993613.7,5.8,0.00924
H2_P5_MMD8_L001,Post_P16,Post,995816.5,995816.5,0.0,0.00605
H3_P1_MMD8_L001,Post_P16,Post,995738.4,995738.4,0.0,0.00616
H3_P2_MMD8_L001,Post_P16,Post,993421.2,993421.2,0.0,0.00952
H3_P4_MMD8_L001,Post_P16,Post,996983.4,996983.4,0.0,0.00436
H3_P5_MMD8_L001,Post_P16,Post,993076.1,991884.4,1191.7,0.01176
H4_P1_MMD8_L001,Post_P16,Post,995826.2,995826.2,0.0,0.00603
H4_P4_MMD8_L001,Post_P16,Post,995285.5,995285.5,-0.0,0.00682
H4_P5_MMD8_L001,Post_P16,Post,996825.5,996663.3,162.2,0.00482
H5_P1_MMD8_L001,Post_P16,Post,995331.3,995331.3,0.0,0.00675
H5_P2_MMD8_L001,Post_P16,Post,995988.1,995988.1,0.0,0.0058
H5_P4_MMD8_L001,Post_P16,Post,991621.5,991621.5,0.0,0.01214
H5_P5_MMD8_L001,Post_P16,Post,995430.9,995430.9,0.0,0.00661
H6_P1_MMD8_L001,Post_P16,Post,993125.7,993125.7,0.0,0.00995
H6_P2_MMD8_L001,Post_P16,Post,996995.9,996995.9,-0.0,0.00434
H6_P4_MMD8_L001,Post_P16,Post,993707.5,993707.5,0.0,0.00911
H6_P5_MMD8_L001,Post_P16,Post,996313.1,996313.1,0.0,0.00533
H7_P1_MMD8_L001,Post_P16,Post,988652.4,988652.4,0.0,0.01646
H7_P2_MMD8_L001,Post_P16,Post,996397.8,996397.8,-0.0,0.00521
H7_P4_MMD8_L001,Post_P16,Post,999694.8,999694.8,-0.0,0.00044
H7_P5_MMD8_L001,Post_P16,Post,993284.4,993284.4,-0.0,0.00972
H8_P1_MMD8_L001,Post_P16,Post,987127.9,983637.6,3490.3,0.0238
H8_P2_MMD8_L001,Post_P16,Post,992650.8,991300.6,1350.2,0.01261
H8_P4_MMD8_L001,Post_P16,Post,997267.2,997267.2,0.0,0.00395
H8_P5_MMD8_L001,Post_P16,Post,996246.7,996246.7,0.0,0.00543
H9_P1_MMD8_L001,Post_P16,Post,995676.1,995676.1,-0.0,0.00625
H9_P2_MMD8_L001,Post_P16,Post,993214.4,993214.4,-0.0,0.00982
H9_P4_MMD8_L001,Post_P16,Post,994803.8,994801.5,2.3,0.00752
H9_P5_MMD8_L001,Post_P16,Post,995889.2,995889.2,0.0,0.00594
A10_P5_MMD9_L001,Post_P17,Post,996369.2,996369.2,0.0,0.00525
A11_P1_MMD9_L001,Post_P17,Post,998798.7,998798.7,-0.0,0.00173
A11_P2_MMD9_L001,Post_P17,Post,997041.1,997041.1,-0.0,0.00428
A11_P3_MMD9_L001,Post_P17,Post,995914.7,995914.7,-0.0,0.00591
A11_P5_MMD9_L001,Post_P17,Post,994291.9,994291.9,-0.0,0.00826
A12_P2_MMD9_L001,Post_P17,Post,996411.1,996272.1,139.0,0.00539
A12_P3_MMD9_L001,Post_P17,Post,995454.9,995432.3,22.6,0.0066
A12_P5_MMD9_L001,Post_P17,Post,996775.7,996775.7,-0.0,0.00466
A2_P3_MMD9_L001,Post_P17,Post,995963.2,995963.2,0.0,0.00584
A2_P5_MMD9_L001,Post_P17,Post,995326.3,995326.3,-0.0,0.00676
A3_P1_MMD9_L001,Post_P17,Post,1000300.9,1000228.9,72.0,-0.00033
A3_P2_MMD9_L001,Post_P17,Post,995714.6,995714.6,0.0,0.0062
A3_P3_MMD9_L001,Post_P17,Post,996456.8,996456.8,0.0,0.00512
A4_P1_MMD9_L001,Post_P17,Post,995983.0,995936.2,46.8,0.00587
A4_P3_MMD9_L001,Post_P17,Post,996434.1,996264.8,169.3,0.0054
A4_P5_MMD9_L001,Post_P17,Post,996962.3,994957.5,2004.8,0.00729
A5_P1_MMD9_L001,Post_P17,Post,988517.1,988517.1,0.0,0.01666
A5_P2_MMD9_L001,Post_P17,Post,991192.6,991192.6,-0.0,0.01276
A5_P5_MMD9_L001,Post_P17,Post,996052.1,995972.1,80.0,0.00582
A6_P1_MMD9_L001,Post_P17,Post,1001096.2,1001047.3,48.9,-0.00151
A6_P2_MMD9_L001,Post_P17,Post,988208.0,988208.0,0.0,0.01711
A6_P3_MMD9_L001,Post_P17,Post,996810.2,996810.2,-0.0,0.00461
A6_P5_MMD9_L001,Post_P17,Post,994657.8,994657.8,-0.0,0.00773
A7_P1_MMD9_L001,Post_P17,Post,998799.2,998799.2,0.0,0.00173
A7_P2_MMD9_L001,Post_P17,Post,993797.8,993790.0,7.8,0.00899
A7_P3_MMD9_L001,Post_P17,Post,997462.0,997462.0,-0.0,0.00367
A7_P5_MMD9_L001,Post_P17,Post,996236.0,996236.0,-0.0,0.00544
A8_P1_MMD9_L001,Post_P17,Post,996357.8,996357.8,-0.0,0.00526
A8_P2_MMD9_L001,Post_P17,Post,994079.5,994079.5,-0.0,0.00857
A9_P5_MMD9_L001,Post_P17,Post,996520.7,996520.7,0.0,0.00503
B10_P2_MMD9_L001,Post_P17,Post,997409.5,997409.5,0.0,0.00374
B10_P3_MMD9_L001,Post_P17,Post,994638.5,994638.5,0.0,0.00776
B10_P5_MMD9_L001,Post_P17,Post,992324.2,992324.2,-0.0,0.01112
B11_P1_MMD9_L001,Post_P17,Post,994833.2,994833.2,-0.0,0.00747
B11_P5_MMD9_L001,Post_P17,Post,990996.4,990996.4,0.0,0.01305
B12_P2_MMD9_L001,Post_P17,Post,992023.8,992023.8,0.0,0.01155
B12_P3_MMD9_L001,Post_P17,Post,994211.6,994211.6,0.0,0.00838
B12_P5_MMD9_L001,Post_P17,Post,994879.8,994879.8,-0.0,0.00741
B1_P1_MMD9_L001,Post_P17,Post,998824.7,998824.7,-0.0,0.0017
B1_P3_MMD9_L001,Post_P17,Post,997304.6,997304.6,-0.0,0.00389
B1_P5_MMD9_L001,Post_P17,Post,996034.2,996016.4,17.8,0.00576
B2_P1_MMD9_L001,Post_P17,Post,991456.8,991456.8,-0.0,0.01238
B2_P2_MMD9_L001,Post_P17,Post,1000704.4,1000704.4,-0.0,-0.00102
B2_P5_MMD9_L001,Post_P17,Post,997488.1,997488.1,0.0,0.00363
B3_P2_MMD9_L001,Post_P17,Post,994288.5,994288.5,-0.0,0.00826
B3_P3_MMD9_L001,Post_P17,Post,993958.4,993905.6,52.8,0.00882
B4_P1_MMD9_L001,Post_P17,Post,991946.0,991946.0,0.0,0.01167
B4_P2_MMD9_L001,Post_P17,Post,996458.8,996458.8,0.0,0.00512
B4_P3_MMD9_L001,Post_P17,Post,996771.9,996771.9,-0.0,0.00466
B4_P5_MMD9_L001,Post_P17,Post,988175.4,988175.4,-0.0,0.01716
B5_P3_MMD9_L001,Post_P17,Post,996102.5,996102.5,-0.0,0.00563
B6_P1_MMD9_L001,Post_P17,Post,990129.6,990129.6,0.0,0.01431
B6_P5_MMD9_L001,Post_P17,Post,996753.6,996753.6,0.0,0.00469
B7_P2_MMD9_L001,Post_P17,Post,993042.7,992667.6,375.1,0.01062
B7_P5_MMD9_L001,Post_P17,Post,996442.0,996442.0,0.0,0.00514
B8_P1_MMD9_L001,Post_P17,Post,994054.3,994054.3,-0.0,0.0086
B8_P2_MMD9_L001,Post_P17,Post,994556.6,994556.6,-0.0,0.00787
B9_P2_MMD9_L001,Post_P17,Post,997210.2,997210.2,-0.0,0.00403
B9_P3_MMD9_L001,Post_P17,Post,993789.0,993440.3,348.7,0.00949
B9_P5_MMD9_L001,Post_P17,Post,994025.1,994025.1,0.0,0.00865
C10_P1_MMD9_L001,Post_P17,Post,990873.5,990873.5,-0.0,0.01323
C10_P2_MMD9_L001,Post_P17,Post,994500.7,994462.5,38.2,0.00801
C10_P3_MMD9_L001,Post_P17,Post,995897.7,995828.2,69.5,0.00603
C10_P5_MMD9_L001,Post_P17,Post,993374.7,993374.7,0.0,0.00959
C11_P2_MMD9_L001,Post_P17,Post,998110.0,998110.0,0.0,0.00273
C11_P5_MMD9_L001,Post_P17,Post,993918.5,993906.3,12.2,0.00882
C12_P1_MMD9_L001,Post_P17,Post,996183.8,995475.6,708.2,0.00654
C12_P2_MMD9_L001,Post_P17,Post,996850.4,996850.4,-0.0,0.00455
C12_P3_MMD9_L001,Post_P17,Post,986588.3,986588.3,-0.0,0.01948
C1_P1_MMD9_L001,Post_P17,Post,994900.0,994900.0,0.0,0.00738
C1_P3_MMD9_L001,Post_P17,Post,996771.1,996154.7,616.4,0.00556
C2_P2_MMD9_L001,Post_P17,Post,995812.1,995812.1,-0.0,0.00605
C2_P5_MMD9_L001,Post_P17,Post,993124.8,992771.3,353.5,0.01047
C3_P1_MMD9_L001,Post_P17,Post,996787.4,996787.4,-0.0,0.00464
C3_P2_MMD9_L001,Post_P17,Post,997733.2,997733.2,-0.0,0.00327
C3_P5_MMD9_L001,Post_P17,Post,1000142.0,1000133.8,8.2,-0.00019
C4_P1_MMD9_L001,Post_P17,Post,995092.8,995092.8,-0.0,0.0071
C4_P2_MMD9_L001,Post_P17,Post,995405.6,995393.2,12.4,0.00666
C4_P3_MMD9_L001,Post_P17,Post,990817.6,990456.6,361.0,0.01383
C4_P5_MMD9_L001,Post_P17,Post,990805.6,990805.6,0.0,0.01333
C5_P1_MMD9_L001,Post_P17,Post,994688.2,994688.2,0.0,0.00768
C5_P2_MMD9_L001,Post_P17,Post,992933.3,992933.3,-0.0,0.01023
C5_P5_MMD9_L001,Post_P17,Post,993378.3,993378.3,0.0,0.00958
C6_P1_MMD9_L001,Post_P17,Post,992488.8,992488.8,0.0,0.01088
C6_P2_MMD9_L001,Post_P17,Post,988485.1,988385.6,99.5,0.01685
C6_P3_MMD9_L001,Post_P17,Post,990324.0,990324.0,-0.0,0.01403
C6_P5_MMD9_L001,Post_P17,Post,993848.1,991256.9,2591.2,0.01267
C7_P1_MMD9_L001,Post_P17,Post,997244.5,997244.5,0.0,0.00398
C7_P2_MMD9_L001,Post_P17,Post,994596.8,994596.8,-0.0,0.00782
C7_P5_MMD9_L001,Post_P17,Post,996363.2,996363.2,-0.0,0.00526
C8_P2_MMD9_L001,Post_P17,Post,993170.2,993170.2,0.0,0.00989
C8_P3_MMD9_L001,Post_P17,Post,997329.2,997329.2,-0.0,0.00386
C9_P1_MMD9_L001,Post_P17,Post,995108.0,995108.0,-0.0,0.00707
C9_P3_MMD9_L001,Post_P17,Post,989042.0,988740.8,301.2,0.01634
D10_P1_MMD9_L001,Post_P17,Post,995445.8,993783.3,1662.5,0.009
D10_P2_MMD9_L001,Post_P17,Post,994397.2,994397.2,-0.0,0.00811
D11_P1_MMD9_L001,Post_P17,Post,997224.6,997224.6,-0.0,0.00401
D11_P2_MMD9_L001,Post_P17,Post,975392.2,975392.2,-0.0,0.03595
D11_P3_MMD9_L001,Post_P17,Post,993827.2,993660.4,166.8,0.00918
D11_P5_MMD9_L001,Post_P17,Post,996922.0,996922.0,-0.0,0.00445
D12_P1_MMD9_L001,Post_P17,Post,993226.4,993226.4,0.0,0.00981
D12_P2_MMD9_L001,Post_P17,Post,994441.5,994441.5,0.0,0.00804
D12_P5_MMD9_L001,Post_P17,Post,998096.1,998096.1,-0.0,0.00275
D1_P1_MMD9_L001,Post_P17,Post,995732.5,995732.5,-0.0,0.00617
D1_P3_MMD9_L001,Post_P17,Post,991406.8,991406.8,0.0,0.01245
D1_P5_MMD9_L001,Post_P17,Post,998308.4,998308.4,-0.0,0.00244
D2_P1_MMD9_L001,Post_P17,Post,997959.7,997959.7,-0.0,0.00295
D2_P2_MMD9_L001,Post_P17,Post,995558.7,995558.7,0.0,0.00642
D2_P3_MMD9_L001,Post_P17,Post,995199.1,995199.1,-0.0,0.00694
D3_P1_MMD9_L001,Post_P17,Post,992972.7,992972.7,-0.0,0.01017
D3_P2_MMD9_L001,Post_P17,Post,995770.1,995753.9,16.2,0.00614
D3_P3_MMD9_L001,Post_P17,Post,997971.1,997971.1,0.0,0.00293
D4_P2_MMD9_L001,Post_P17,Post,992947.1,992947.1,-0.0,0.01021
D4_P3_MMD9_L001,Post_P17,Post,992464.0,992464.0,-0.0,0.01091
D4_P5_MMD9_L001,Post_P17,Post,994094.4,994094.4,0.0,0.00855
D5_P1_MMD9_L001,Post_P17,Post,992908.6,992908.6,0.0,0.01027
D5_P3_MMD9_L001,Post_P17,Post,996053.3,996053.3,0.0,0.00571
D6_P1_MMD9_L001,Post_P17,Post,997168.6,997168.6,0.0,0.00409
D6_P3_MMD9_L001,Post_P17,Post,987301.1,987301.1,-0.0,0.01844
D6_P5_MMD9_L001,Post_P17,Post,994484.7,994484.7,-0.0,0.00798
D8_P1_MMD9_L001,Post_P17,Post,995821.1,995821.1,-0.0,0.00604
D8_P3_MMD9_L001,Post_P17,Post,999855.0,999834.7,20.3,0.00024
E10_P3_MMD9_L001,Post_P17,Post,999429.5,999429.5,-0.0,0.00082
E11_P1_MMD9_L001,Post_P17,Post,998777.0,998777.0,0.0,0.00177
E11_P5_MMD9_L001,Post_P17,Post,996393.7,996393.7,0.0,0.00521
E12_P1_MMD9_L001,Post_P17,Post,992237.5,992237.5,0.0,0.01124
E12_P2_MMD9_L001,Post_P17,Post,996561.7,996561.7,-0.0,0.00497
E12_P3_MMD9_L001,Post_P17,Post,996262.8,995952.9,309.9,0.00585
E12_P5_MMD9_L001,Post_P17,Post,997047.9,997047.9,0.0,0.00427
E1_P1_MMD9_L001,Post_P17,Post,996172.0,996172.0,0.0,0.00553
E1_P3_MMD9_L001,Post_P17,Post,998722.3,998711.4,10.9,0.00186
E1_P5_MMD9_L001,Post_P17,Post,993739.2,993739.2,-0.0,0.00906
E2_P1_MMD9_L001,Post_P17,Post,989468.3,989323.3,145.0,0.01549
E2_P3_MMD9_L001,Post_P17,Post,994404.6,994305.8,98.8,0.00824
E3_P2_MMD9_L001,Post_P17,Post,991218.7,991218.7,0.0,0.01272
E3_P3_MMD9_L001,Post_P17,Post,998931.0,998931.0,-0.0,0.00154
E3_P5_MMD9_L001,Post_P17,Post,993730.2,993730.2,0.0,0.00907
E4_P1_MMD9_L001,Post_P17,Post,995749.7,995719.1,30.6,0.00619
E4_P2_MMD9_L001,Post_P17,Post,995234.8,995234.8,-0.0,0.00689
E4_P5_MMD9_L001,Post_P17,Post,995651.9,995651.9,0.0,0.00629
E5_P5_MMD9_L001,Post_P17,Post,994845.5,994845.5,-0.0,0.00746
E6_P1_MMD9_L001,Post_P17,Post,995003.1,995003.1,0.0,0.00723
E6_P3_MMD9_L001,Post_P17,Post,991635.7,991635.7,0.0,0.01212
E6_P5_MMD9_L001,Post_P17,Post,993045.4,990559.8,2485.6,0.01368
E7_P1_MMD9_L001,Post_P17,Post,996577.5,996577.5,-0.0,0.00495
E7_P3_MMD9_L001,Post_P17,Post,997660.9,997660.9,0.0,0.00338
E7_P5_MMD9_L001,Post_P17,Post,995659.1,995659.1,0.0,0.00628
E8_P5_MMD9_L001,Post_P17,Post,993798.6,993798.6,0.0,0.00897
E9_P3_MMD9_L001,Post_P17,Post,994112.4,994112.4,-0.0,0.00852
E9_P5_MMD9_L001,Post_P17,Post,997208.7,997208.7,0.0,0.00403
F10_P5_MMD9_L001,Post_P17,Post,996986.9,996986.9,-0.0,0.00435
F11_P1_MMD9_L001,Post_P17,Post,992397.3,992350.0,47.3,0.01108
F11_P3_MMD9_L001,Post_P17,Post,992508.0,992508.0,0.0,0.01085
F11_P5_MMD9_L001,Post_P17,Post,996791.4,996791.4,0.0,0.00464
F12_P1_MMD9_L001,Post_P17,Post,996745.5,996745.5,0.0,0.0047
F12_P3_MMD9_L001,Post_P17,Post,992533.6,992533.6,0.0,0.01081
F1_P1_MMD9_L001,Post_P17,Post,994505.3,994505.3,0.0,0.00795
F1_P5_MMD9_L001,Post_P17,Post,992910.2,992910.2,0.0,0.01026
F2_P5_MMD9_L001,Post_P17,Post,996411.5,995563.3,848.2,0.00642
F3_P1_MMD9_L001,Post_P17,Post,998190.4,998190.4,0.0,0.00261
F3_P3_MMD9_L001,Post_P17,Post,993622.3,993622.3,0.0,0.00923
F3_P5_MMD9_L001,Post_P17,Post,999955.3,999955.3,-0.0,6e-05
F4_P1_MMD9_L001,Post_P17,Post,997755.4,997755.4,0.0,0.00324
F4_P3_MMD9_L001,Post_P17,Post,994418.7,994418.7,-0.0,0.00807
F4_P5_MMD9_L001,Post_P17,Post,994105.2,994105.2,-0.0,0.00853
F5_P1_MMD9_L001,Post_P17,Post,991946.6,991946.6,0.0,0.01167
F5_P2_MMD9_L001,Post_P17,Post,992980.0,991351.7,1628.3,0.01253
F5_P3_MMD9_L001,Post_P17,Post,995103.0,995103.0,-0.0,0.00708
F5_P5_MMD9_L001,Post_P17,Post,998306.3,997509.5,796.8,0.0036
F6_P1_MMD9_L001,Post_P17,Post,993937.6,993937.6,-0.0,0.00877
F6_P2_MMD9_L001,Post_P17,Post,997183.5,995246.9,1936.6,0.00687
F6_P5_MMD9_L001,Post_P17,Post,994142.9,994142.9,-0.0,0.00847
F7_P1_MMD9_L001,Post_P17,Post,991231.5,991231.5,-0.0,0.01271
F7_P5_MMD9_L001,Post_P17,Post,995896.4,995876.6,19.8,0.00596
F8_P1_MMD9_L001,Post_P17,Post,993655.6,993655.6,-0.0,0.00918
F8_P2_MMD9_L001,Post_P17,Post,990243.9,990243.9,0.0,0.01414
F8_P3_MMD9_L001,Post_P17,Post,995562.9,995562.9,-0.0,0.00642
F8_P5_MMD9_L001,Post_P17,Post,995607.0,995430.7,176.3,0.00661
F9_P3_MMD9_L001,Post_P17,Post,995213.2,995213.2,0.0,0.00692
F9_P5_MMD9_L001,Post_P17,Post,998365.7,998365.7,-0.0,0.00236
G10_P5_MMD9_L001,Post_P17,Post,995970.5,995970.5,0.0,0.00583
G11_P2_MMD9_L001,Post_P17,Post,998803.1,998803.1,-0.0,0.00173
G11_P3_MMD9_L001,Post_P17,Post,993634.2,993634.2,-0.0,0.00921
G11_P5_MMD9_L001,Post_P17,Post,993989.6,993989.6,-0.0,0.0087
G12_P1_MMD9_L001,Post_P17,Post,994028.4,994028.4,0.0,0.00864
G12_P2_MMD9_L001,Post_P17,Post,989865.1,989865.1,0.0,0.0147
G12_P3_MMD9_L001,Post_P17,Post,996002.9,996002.9,-0.0,0.00578
G12_P5_MMD9_L001,Post_P17,Post,990188.2,990188.2,0.0,0.01423
G1_P1_MMD9_L001,Post_P17,Post,998088.9,998088.9,0.0,0.00276
G1_P2_MMD9_L001,Post_P17,Post,994576.4,994576.4,0.0,0.00785
G1_P3_MMD9_L001,Post_P17,Post,988213.5,988213.5,-0.0,0.01711
G1_P5_MMD9_L001,Post_P17,Post,996113.2,996113.2,0.0,0.00562
G2_P2_MMD9_L001,Post_P17,Post,995625.2,995625.2,-0.0,0.00633
G2_P3_MMD9_L001,Post_P17,Post,993022.7,993022.7,-0.0,0.0101
G3_P1_MMD9_L001,Post_P17,Post,991996.0,991996.0,0.0,0.01159
G3_P2_MMD9_L001,Post_P17,Post,996023.1,996023.1,0.0,0.00575
G3_P3_MMD9_L001,Post_P17,Post,996488.3,996488.3,0.0,0.00508
G3_P5_MMD9_L001,Post_P17,Post,996123.0,996123.0,0.0,0.0056
G4_P1_MMD9_L001,Post_P17,Post,988756.9,988756.9,0.0,0.01631
G4_P2_MMD9_L001,Post_P17,Post,991871.6,991871.6,0.0,0.01177
G4_P5_MMD9_L001,Post_P17,Post,992253.2,992253.2,-0.0,0.01122
G5_P1_MMD9_L001,Post_P17,Post,997034.6,996713.8,320.8,0.00475
G5_P2_MMD9_L001,Post_P17,Post,988675.8,988675.8,-0.0,0.01643
G5_P3_MMD9_L001,Post_P17,Post,994001.1,994001.1,-0.0,0.00868
G5_P5_MMD9_L001,Post_P17,Post,999108.8,999108.8,0.0,0.00129
G6_P1_MMD9_L001,Post_P17,Post,996116.2,996116.2,-0.0,0.00561
G6_P2_MMD9_L001,Post_P17,Post,990801.7,990791.9,9.8,0.01335
G6_P3_MMD9_L001,Post_P17,Post,997540.0,997540.0,-0.0,0.00355
G6_P5_MMD9_L001,Post_P17,Post,997687.8,997687.8,-0.0,0.00334
G7_P3_MMD9_L001,Post_P17,Post,995813.1,995813.1,-0.0,0.00605
G8_P1_MMD9_L001,Post_P17,Post,995685.5,995685.5,-0.0,0.00624
G8_P3_MMD9_L001,Post_P17,Post,990189.9,989630.6,559.3,0.01504
G8_P5_MMD9_L001,Post_P17,Post,997150.9,997150.9,-0.0,0.00412
G9_P1_MMD9_L001,Post_P17,Post,992358.3,992358.3,0.0,0.01107
G9_P2_MMD9_L001,Post_P17,Post,989834.4,989834.4,0.0,0.01474
H10_P1_MMD9_L001,Post_P17,Post,991044.9,991044.9,-0.0,0.01298
H10_P2_MMD9_L001,Post_P17,Post,994567.5,994567.5,-0.0,0.00786
H10_P5_MMD9_L001,Post_P17,Post,996556.1,996556.1,0.0,0.00498
H11_P3_MMD9_L001,Post_P17,Post,992110.4,992110.4,0.0,0.01143
H12_P2_MMD9_L001,Post_P17,Post,997697.3,997697.3,-0.0,0.00333
H12_P3_MMD9_L001,Post_P17,Post,996564.0,990313.4,6250.6,0.01404
H1_P1_MMD9_L001,Post_P17,Post,997336.5,997336.5,0.0,0.00385
H1_P3_MMD9_L001,Post_P17,Post,994648.2,994648.2,-0.0,0.00774
H1_P5_MMD9_L001,Post_P17,Post,996689.8,996689.8,0.0,0.00478
H2_P2_MMD9_L001,Post_P17,Post,994707.3,994707.3,0.0,0.00766
H3_P2_MMD9_L001,Post_P17,Post,997771.3,997771.3,-0.0,0.00322
H3_P5_MMD9_L001,Post_P17,Post,997890.0,997890.0,-0.0,0.00305
H4_P3_MMD9_L001,Post_P17,Post,997012.8,996737.5,275.3,0.00471
H5_P1_MMD9_L001,Post_P17,Post,985157.6,985157.6,-0.0,0.02157
H5_P2_MMD9_L001,Post_P17,Post,997218.4,997218.4,-0.0,0.00402
H5_P5_MMD9_L001,Post_P17,Post,998544.1,998544.1,0.0,0.0021
H7_P1_MMD9_L001,Post_P17,Post,988746.6,988746.6,-0.0,0.01633
H7_P5_MMD9_L001,Post_P17,Post,994960.0,994960.0,-0.0,0.00729
H8_P2_MMD9_L001,Post_P17,Post,989365.1,989365.1,0.0,0.01543
H8_P3_MMD9_L001,Post_P17,Post,1000180.0,1000180.0,0.0,-0.00026
H8_P5_MMD9_L001,Post_P17,Post,995782.4,994012.9,1769.5,0.00866
A10_P1_M45_L001,Post_P18,Post,988413.7,988001.7,412.0,0.01741
A10_P3_M45_L001,Post_P18,Post,994355.1,994112.2,242.9,0.00852
A10_P4_M45_L001,Post_P18,Post,995422.6,994024.8,1397.8,0.00865
A10_P5_M45_L001,Post_P18,Post,993674.8,986339.2,7335.6,0.01984
A11_P1_M45_L001,Post_P18,Post,997666.8,997666.8,-0.0,0.00337
A11_P3_M45_L001,Post_P18,Post,996632.6,996632.6,0.0,0.00487
A11_P4_M45_L001,Post_P18,Post,993716.3,993716.3,-0.0,0.00909
A11_P5_M45_L001,Post_P18,Post,995956.9,994703.6,1253.3,0.00766
A12_P1_M45_L001,Post_P18,Post,994711.7,994434.1,277.6,0.00805
A12_P3_M45_L001,Post_P18,Post,995566.0,995566.0,-0.0,0.00641
A12_P4_M45_L001,Post_P18,Post,996319.2,996299.8,19.4,0.00535
A12_P5_M45_L001,Post_P18,Post,992210.4,992210.4,0.0,0.01128
A1_P1_M45_L001,Post_P18,Post,995693.3,995693.3,0.0,0.00623
A1_P3_M45_L001,Post_P18,Post,995337.8,995324.8,13.0,0.00676
A1_P4_M45_L001,Post_P18,Post,997591.2,997495.9,95.3,0.00362
A1_P5_M45_L001,Post_P18,Post,996958.7,996958.7,-0.0,0.00439
A2_P1_M45_L001,Post_P18,Post,996594.8,996442.5,152.3,0.00514
A2_P3_M45_L001,Post_P18,Post,993978.6,993978.6,0.0,0.00871
A2_P4_M45_L001,Post_P18,Post,996542.0,996542.0,0.0,0.005
A2_P5_M45_L001,Post_P18,Post,988204.8,988204.8,-0.0,0.01712
A3_P1_M45_L001,Post_P18,Post,994841.8,994841.8,-0.0,0.00746
A3_P3_M45_L001,Post_P18,Post,995410.0,995286.5,123.5,0.00682
A3_P4_M45_L001,Post_P18,Post,993057.7,993057.7,0.0,0.01005
A3_P5_M45_L001,Post_P18,Post,996201.2,996201.2,0.0,0.00549
A4_P1_M45_L001,Post_P18,Post,997165.5,996789.1,376.4,0.00464
A4_P3_M45_L001,Post_P18,Post,996396.6,994823.8,1572.8,0.00749
A4_P4_M45_L001,Post_P18,Post,990657.9,990657.9,0.0,0.01354
A5_P1_M45_L001,Post_P18,Post,993056.2,993056.2,0.0,0.01005
A5_P3_M45_L001,Post_P18,Post,989484.5,989475.2,9.3,0.01526
A5_P4_M45_L001,Post_P18,Post,996445.6,995016.3,1429.3,0.00721
A5_P5_M45_L001,Post_P18,Post,997689.3,996971.7,717.6,0.00438
A6_P1_M45_L001,Post_P18,Post,998883.1,998856.7,26.4,0.00165
A6_P3_M45_L001,Post_P18,Post,994386.4,993426.8,959.6,0.00951
A6_P4_M45_L001,Post_P18,Post,995863.0,995853.9,9.1,0.00599
A6_P5_M45_L001,Post_P18,Post,998994.4,998994.4,-0.0,0.00145
A7_P1_M45_L001,Post_P18,Post,995827.1,995827.1,0.0,0.00603
A7_P3_M45_L001,Post_P18,Post,995988.3,995934.4,53.9,0.00588
A7_P5_M45_L001,Post_P18,Post,991348.7,991292.9,55.8,0.01262
A8_P1_M45_L001,Post_P18,Post,998118.6,998118.6,-0.0,0.00272
A8_P3_M45_L001,Post_P18,Post,996700.3,996652.7,47.6,0.00484
A8_P4_M45_L001,Post_P18,Post,993289.1,992080.7,1208.4,0.01147
A8_P5_M45_L001,Post_P18,Post,993105.3,991705.9,1399.4,0.01202
A9_P1_M45_L001,Post_P18,Post,995485.6,995151.2,334.4,0.00701
A9_P3_M45_L001,Post_P18,Post,990392.0,990283.2,108.8,0.01409
A9_P4_M45_L001,Post_P18,Post,994984.6,993880.4,1104.2,0.00886
A9_P5_M45_L001,Post_P18,Post,995178.7,995152.2,26.5,0.00701
B10_P1_M45_L001,Post_P18,Post,987337.6,987080.8,256.8,0.01876
B10_P3_M45_L001,Post_P18,Post,995453.4,995168.4,285.0,0.00699
B10_P4_M45_L001,Post_P18,Post,992616.0,991902.3,713.7,0.01173
B10_P5_M45_L001,Post_P18,Post,995914.0,995914.0,-0.0,0.00591
B11_P1_M45_L001,Post_P18,Post,995159.9,995108.2,51.7,0.00707
B11_P3_M45_L001,Post_P18,Post,993249.8,993010.3,239.5,0.01012
B11_P4_M45_L001,Post_P18,Post,995865.4,995570.3,295.1,0.0064
B11_P5_M45_L001,Post_P18,Post,994233.2,994233.2,-0.0,0.00834
B12_P1_M45_L001,Post_P18,Post,983057.0,981703.0,1354.0,0.02664
B12_P3_M45_L001,Post_P18,Post,996754.5,996432.0,322.5,0.00516
B12_P4_M45_L001,Post_P18,Post,985511.4,984635.1,876.3,0.02234
B12_P5_M45_L001,Post_P18,Post,995605.6,995001.9,603.7,0.00723
B1_P1_M45_L001,Post_P18,Post,995107.7,994536.6,571.1,0.0079
B1_P3_M45_L001,Post_P18,Post,994891.5,994871.7,19.8,0.00742
B1_P4_M45_L001,Post_P18,Post,996186.2,995855.8,330.4,0.00599
B1_P5_M45_L001,Post_P18,Post,995229.5,995229.5,0.0,0.0069
B2_P1_M45_L001,Post_P18,Post,993812.5,993812.5,0.0,0.00895
B2_P3_M45_L001,Post_P18,Post,994344.9,994344.9,0.0,0.00818
B2_P4_M45_L001,Post_P18,Post,997553.2,997553.2,0.0,0.00353
B2_P5_M45_L001,Post_P18,Post,996256.5,996256.5,-0.0,0.00541
B3_P1_M45_L001,Post_P18,Post,993150.6,991960.8,1189.8,0.01164
B3_P3_M45_L001,Post_P18,Post,994683.1,994683.1,0.0,0.00769
B3_P4_M45_L001,Post_P18,Post,994613.5,994613.5,0.0,0.00779
B3_P5_M45_L001,Post_P18,Post,995457.0,995457.0,-0.0,0.00657
B4_P1_M45_L001,Post_P18,Post,992279.7,991699.0,580.7,0.01203
B4_P3_M45_L001,Post_P18,Post,995029.9,994987.2,42.7,0.00725
B4_P4_M45_L001,Post_P18,Post,996804.8,996804.8,0.0,0.00462
B4_P5_M45_L001,Post_P18,Post,993321.6,993321.6,-0.0,0.00967
B5_P1_M45_L001,Post_P18,Post,991603.8,989822.0,1781.8,0.01476
B5_P3_M45_L001,Post_P18,Post,990904.1,988137.6,2766.5,0.01722
B5_P4_M45_L001,Post_P18,Post,993404.5,993404.5,0.0,0.00955
B5_P5_M45_L001,Post_P18,Post,994104.9,992218.2,1886.7,0.01127
B6_P1_M45_L001,Post_P18,Post,997939.5,997623.1,316.4,0.00343
B6_P3_M45_L001,Post_P18,Post,993577.9,993577.9,-0.0,0.0093
B6_P4_M45_L001,Post_P18,Post,995709.3,995709.3,-0.0,0.0062
B7_P1_M45_L001,Post_P18,Post,994382.9,994382.9,-0.0,0.00813
B7_P3_M45_L001,Post_P18,Post,995567.4,994873.8,693.6,0.00741
B7_P5_M45_L001,Post_P18,Post,990568.7,988610.6,1958.1,0.01653
B8_P1_M45_L001,Post_P18,Post,996830.2,996830.2,0.0,0.00458
B8_P3_M45_L001,Post_P18,Post,995426.3,995385.3,41.0,0.00667
B8_P4_M45_L001,Post_P18,Post,990559.8,990507.0,52.8,0.01376
B9_P1_M45_L001,Post_P18,Post,996324.8,995020.6,1304.2,0.0072
B9_P3_M45_L001,Post_P18,Post,996305.2,993109.7,3195.5,0.00998
B9_P4_M45_L001,Post_P18,Post,993864.0,993299.8,564.2,0.0097
C10_P1_M45_L001,Post_P18,Post,995398.4,995398.4,0.0,0.00665
C10_P3_M45_L001,Post_P18,Post,994738.5,993201.2,1537.3,0.00984
C10_P4_M45_L001,Post_P18,Post,994376.4,994376.4,-0.0,0.00814
C10_P5_M45_L001,Post_P18,Post,995195.9,995195.9,0.0,0.00695
C11_P1_M45_L001,Post_P18,Post,994006.0,994006.0,-0.0,0.00867
C11_P3_M45_L001,Post_P18,Post,992146.6,986981.6,5165.0,0.0189
C11_P4_M45_L001,Post_P18,Post,996663.3,993991.8,2671.5,0.00869
C11_P5_M45_L001,Post_P18,Post,993126.1,993126.1,-0.0,0.00995
C12_P1_M45_L001,Post_P18,Post,997261.1,997261.1,-0.0,0.00396
C12_P3_M45_L001,Post_P18,Post,996693.7,996267.1,426.6,0.0054
C12_P4_M45_L001,Post_P18,Post,996442.1,994217.4,2224.7,0.00837
C12_P5_M45_L001,Post_P18,Post,994075.2,989403.6,4671.6,0.01537
C1_P1_M45_L001,Post_P18,Post,996675.1,996675.1,0.0,0.0048
C1_P3_M45_L001,Post_P18,Post,997907.4,997907.4,0.0,0.00302
C1_P4_M45_L001,Post_P18,Post,996322.0,996322.0,-0.0,0.00532
C1_P5_M45_L001,Post_P18,Post,996395.3,996395.3,-0.0,0.00521
C2_P1_M45_L001,Post_P18,Post,995229.6,995229.6,0.0,0.0069
C2_P3_M45_L001,Post_P18,Post,995742.6,995742.6,0.0,0.00616
C2_P4_M45_L001,Post_P18,Post,994153.6,991815.4,2338.2,0.01186
C2_P5_M45_L001,Post_P18,Post,997108.9,997108.9,-0.0,0.00418
C3_P1_M45_L001,Post_P18,Post,995184.3,994558.6,625.7,0.00787
C3_P3_M45_L001,Post_P18,Post,993728.4,993728.4,-0.0,0.00908
C3_P4_M45_L001,Post_P18,Post,994530.2,994159.0,371.2,0.00845
C3_P5_M45_L001,Post_P18,Post,998994.6,998866.7,127.9,0.00164
C4_P1_M45_L001,Post_P18,Post,997348.4,994616.8,2731.6,0.00779
C4_P3_M45_L001,Post_P18,Post,995868.2,995868.2,0.0,0.00597
C4_P4_M45_L001,Post_P18,Post,995546.8,995546.8,0.0,0.00644
C4_P5_M45_L001,Post_P18,Post,996248.6,995358.2,890.4,0.00671
C5_P1_M45_L001,Post_P18,Post,994027.0,994012.5,14.5,0.00866
C5_P3_M45_L001,Post_P18,Post,996216.6,996216.6,0.0,0.00547
C5_P4_M45_L001,Post_P18,Post,991937.1,991094.7,842.4,0.01291
C5_P5_M45_L001,Post_P18,Post,995341.8,995341.8,0.0,0.00674
C6_P1_M45_L001,Post_P18,Post,994997.0,994990.5,6.5,0.00725
C6_P3_M45_L001,Post_P18,Post,996495.0,996495.0,0.0,0.00507
C6_P4_M45_L001,Post_P18,Post,996388.3,996372.6,15.7,0.00524
C6_P5_M45_L001,Post_P18,Post,996021.5,996016.4,5.1,0.00576
C7_P1_M45_L001,Post_P18,Post,992287.9,992009.8,278.1,0.01157
C7_P3_M45_L001,Post_P18,Post,996537.5,996092.7,444.8,0.00565
C7_P4_M45_L001,Post_P18,Post,995534.7,995343.0,191.7,0.00673
C7_P5_M45_L001,Post_P18,Post,994836.4,994836.4,-0.0,0.00747
C8_P3_M45_L001,Post_P18,Post,994326.7,994326.7,0.0,0.00821
C8_P5_M45_L001,Post_P18,Post,990598.0,990317.2,280.8,0.01404
C9_P1_M45_L001,Post_P18,Post,997471.4,997290.2,181.2,0.00391
C9_P3_M45_L001,Post_P18,Post,993224.8,989428.9,3795.9,0.01533
C9_P4_M45_L001,Post_P18,Post,992224.7,992068.8,155.9,0.01149
D10_P3_M45_L001,Post_P18,Post,996413.1,996413.1,-0.0,0.00518
D10_P4_M45_L001,Post_P18,Post,984732.3,984732.3,0.0,0.0222
D10_P5_M45_L001,Post_P18,Post,996324.0,996230.0,94.0,0.00545
D11_P1_M45_L001,Post_P18,Post,995548.1,994179.0,1369.1,0.00842
D11_P3_M45_L001,Post_P18,Post,993430.9,993395.4,35.5,0.00956
D11_P4_M45_L001,Post_P18,Post,993035.8,993010.8,25.0,0.01012
D11_P5_M45_L001,Post_P18,Post,997731.3,995215.7,2515.6,0.00692
D12_P1_M45_L001,Post_P18,Post,995703.3,995703.3,-0.0,0.00621
D12_P3_M45_L001,Post_P18,Post,995393.6,995393.6,-0.0,0.00666
D12_P4_M45_L001,Post_P18,Post,990579.2,988870.0,1709.2,0.01615
D12_P5_M45_L001,Post_P18,Post,993695.2,993681.7,13.5,0.00914
D1_P1_M45_L001,Post_P18,Post,990994.7,990994.7,0.0,0.01305
D1_P3_M45_L001,Post_P18,Post,995811.0,995811.0,-0.0,0.00606
D1_P4_M45_L001,Post_P18,Post,991880.9,991880.9,0.0,0.01176
D1_P5_M45_L001,Post_P18,Post,992085.3,992085.3,0.0,0.01146
D2_P1_M45_L001,Post_P18,Post,996671.6,996663.0,8.6,0.00482
D2_P3_M45_L001,Post_P18,Post,995942.6,995942.6,-0.0,0.00587
D2_P4_M45_L001,Post_P18,Post,990977.4,990977.4,-0.0,0.01308
D2_P5_M45_L001,Post_P18,Post,995366.3,995366.3,-0.0,0.0067
D3_P1_M45_L001,Post_P18,Post,996791.0,996757.5,33.5,0.00469
D3_P3_M45_L001,Post_P18,Post,998135.3,998135.3,0.0,0.00269
D3_P4_M45_L001,Post_P18,Post,997402.0,994810.7,2591.3,0.00751
D3_P5_M45_L001,Post_P18,Post,992833.8,992833.8,-0.0,0.01038
D4_P1_M45_L001,Post_P18,Post,997215.6,996467.9,747.7,0.0051
D4_P3_M45_L001,Post_P18,Post,997677.2,997562.0,115.2,0.00352
D4_P4_M45_L001,Post_P18,Post,994332.3,994332.3,-0.0,0.0082
D4_P5_M45_L001,Post_P18,Post,996666.8,996666.8,0.0,0.00482
D5_P1_M45_L001,Post_P18,Post,994782.8,994782.8,-0.0,0.00755
D5_P3_M45_L001,Post_P18,Post,996699.0,996699.0,0.0,0.00477
D5_P4_M45_L001,Post_P18,Post,985468.6,985468.6,0.0,0.02112
D5_P5_M45_L001,Post_P18,Post,997019.9,997019.9,0.0,0.00431
D6_P1_M45_L001,Post_P18,Post,997850.9,997850.9,-0.0,0.0031
D6_P4_M45_L001,Post_P18,Post,996619.6,996619.6,0.0,0.00489
D6_P5_M45_L001,Post_P18,Post,995539.0,993322.0,2217.0,0.00967
D7_P1_M45_L001,Post_P18,Post,995976.1,995976.1,0.0,0.00582
D7_P3_M45_L001,Post_P18,Post,995107.0,995107.0,-0.0,0.00708
D7_P4_M45_L001,Post_P18,Post,995549.0,995549.0,0.0,0.00644
D7_P5_M45_L001,Post_P18,Post,996883.6,996883.6,0.0,0.0045
D8_P1_M45_L001,Post_P18,Post,996505.9,996505.9,-0.0,0.00505
D8_P3_M45_L001,Post_P18,Post,993630.0,993182.9,447.1,0.00987
D8_P4_M45_L001,Post_P18,Post,995592.3,994433.2,1159.1,0.00805
D8_P5_M45_L001,Post_P18,Post,992149.9,992070.4,79.5,0.01149
D9_P1_M45_L001,Post_P18,Post,993538.8,993538.8,-0.0,0.00935
D9_P3_M45_L001,Post_P18,Post,996122.8,995668.7,454.1,0.00626
D9_P4_M45_L001,Post_P18,Post,997775.4,997775.4,0.0,0.00321
D9_P5_M45_L001,Post_P18,Post,996556.1,996321.6,234.5,0.00532
E10_P1_M45_L001,Post_P18,Post,996921.1,996921.1,-0.0,0.00445
E10_P4_M45_L001,Post_P18,Post,989157.3,986901.1,2256.2,0.01902
E10_P5_M45_L001,Post_P18,Post,997512.2,997487.2,25.0,0.00363
E11_P1_M45_L001,Post_P18,Post,979736.1,979736.1,0.0,0.02953
E11_P3_M45_L001,Post_P18,Post,993622.2,993581.6,40.6,0.00929
E11_P4_M45_L001,Post_P18,Post,996692.2,996661.6,30.6,0.00482
E11_P5_M45_L001,Post_P18,Post,996266.5,996135.0,131.5,0.00559
E12_P1_M45_L001,Post_P18,Post,994242.6,994242.6,0.0,0.00833
E12_P3_M45_L001,Post_P18,Post,995957.4,995957.4,0.0,0.00584
E12_P4_M45_L001,Post_P18,Post,994934.6,994919.8,14.8,0.00735
E12_P5_M45_L001,Post_P18,Post,997632.3,997537.0,95.3,0.00356
E1_P1_M45_L001,Post_P18,Post,996633.0,996633.0,-0.0,0.00487
E1_P3_M45_L001,Post_P18,Post,996273.6,996273.6,-0.0,0.00539
E1_P4_M45_L001,Post_P18,Post,997833.9,997833.9,0.0,0.00313
E1_P5_M45_L001,Post_P18,Post,996532.4,996532.4,-0.0,0.00501
E2_P1_M45_L001,Post_P18,Post,982418.9,974861.9,7557.0,0.03673
E2_P3_M45_L001,Post_P18,Post,992176.7,992176.7,-0.0,0.01133
E2_P4_M45_L001,Post_P18,Post,993619.0,993619.0,0.0,0.00924
E2_P5_M45_L001,Post_P18,Post,995627.3,995627.3,-0.0,0.00632
E3_P1_M45_L001,Post_P18,Post,998105.1,998105.1,0.0,0.00274
E3_P3_M45_L001,Post_P18,Post,997988.9,997695.8,293.1,0.00333
E3_P4_M45_L001,Post_P18,Post,997816.0,997816.0,0.0,0.00315
E3_P5_M45_L001,Post_P18,Post,987613.4,987174.1,439.3,0.01862
E4_P3_M45_L001,Post_P18,Post,996500.1,994832.7,1667.4,0.00747
E4_P4_M45_L001,Post_P18,Post,998349.3,998349.3,-0.0,0.00238
E4_P5_M45_L001,Post_P18,Post,995104.2,995104.2,0.0,0.00708
E5_P1_M45_L001,Post_P18,Post,997335.5,997300.7,34.8,0.0039
E5_P3_M45_L001,Post_P18,Post,994970.5,994970.5,-0.0,0.00727
E5_P4_M45_L001,Post_P18,Post,997189.1,995156.2,2032.9,0.00701
E5_P5_M45_L001,Post_P18,Post,988331.7,988311.8,19.9,0.01696
E6_P1_M45_L001,Post_P18,Post,997010.7,997010.7,-0.0,0.00432
E6_P3_M45_L001,Post_P18,Post,996740.8,996740.8,-0.0,0.00471
E6_P4_M45_L001,Post_P18,Post,992407.9,988548.1,3859.8,0.01662
E6_P5_M45_L001,Post_P18,Post,991818.4,991818.4,-0.0,0.01185
E7_P1_M45_L001,Post_P18,Post,995083.0,994612.8,470.2,0.00779
E7_P4_M45_L001,Post_P18,Post,991855.0,990795.9,1059.1,0.01334
E7_P5_M45_L001,Post_P18,Post,991591.0,991584.4,6.6,0.01219
E8_P1_M45_L001,Post_P18,Post,997485.2,997485.2,0.0,0.00363
E8_P3_M45_L001,Post_P18,Post,994998.4,994998.4,0.0,0.00723
E8_P4_M45_L001,Post_P18,Post,995415.2,995415.2,-0.0,0.00663
E8_P5_M45_L001,Post_P18,Post,992624.1,992624.1,0.0,0.01068
E9_P1_M45_L001,Post_P18,Post,997543.8,997543.8,-0.0,0.00355
E9_P3_M45_L001,Post_P18,Post,997977.0,997917.1,59.9,0.00301
E9_P4_M45_L001,Post_P18,Post,995752.0,995272.6,479.4,0.00684
E9_P5_M45_L001,Post_P18,Post,988978.5,988978.5,-0.0,0.01599
F10_P1_M45_L001,Post_P18,Post,994697.8,994697.8,-0.0,0.00767
F10_P3_M45_L001,Post_P18,Post,995648.6,995648.6,0.0,0.00629
F10_P5_M45_L001,Post_P18,Post,993198.3,993162.8,35.5,0.0099
F11_P1_M45_L001,Post_P18,Post,996587.2,996587.2,-0.0,0.00493
F11_P4_M45_L001,Post_P18,Post,994259.5,993060.5,1199.0,0.01005
F12_P1_M45_L001,Post_P18,Post,994549.4,994549.4,-0.0,0.00789
F12_P3_M45_L001,Post_P18,Post,992843.3,990583.1,2260.2,0.01365
F12_P4_M45_L001,Post_P18,Post,994031.7,993878.4,153.3,0.00886
F12_P5_M45_L001,Post_P18,Post,995246.2,995246.2,0.0,0.00687
F1_P1_M45_L001,Post_P18,Post,991967.7,991967.7,-0.0,0.01163
F1_P3_M45_L001,Post_P18,Post,993792.1,993792.1,-0.0,0.00898
F1_P4_M45_L001,Post_P18,Post,998045.0,998045.0,-0.0,0.00282
F1_P5_M45_L001,Post_P18,Post,997756.5,997756.5,-0.0,0.00324
F2_P1_M45_L001,Post_P18,Post,996371.7,996371.7,0.0,0.00524
F2_P3_M45_L001,Post_P18,Post,993411.4,992877.0,534.4,0.01031
F2_P4_M45_L001,Post_P18,Post,995502.3,993050.8,2451.5,0.01006
F2_P5_M45_L001,Post_P18,Post,991613.4,991613.4,-0.0,0.01215
F3_P1_M45_L001,Post_P18,Post,995806.2,995391.3,414.9,0.00666
F3_P3_M45_L001,Post_P18,Post,995371.0,994781.9,589.1,0.00755
F3_P4_M45_L001,Post_P18,Post,993708.0,993708.0,-0.0,0.00911
F3_P5_M45_L001,Post_P18,Post,994683.8,994683.8,-0.0,0.00769
F4_P1_M45_L001,Post_P18,Post,991588.4,991588.4,-0.0,0.01219
F4_P3_M45_L001,Post_P18,Post,997699.0,997699.0,0.0,0.00332
F4_P4_M45_L001,Post_P18,Post,990934.7,990825.0,109.7,0.0133
F4_P5_M45_L001,Post_P18,Post,994695.9,994695.9,0.0,0.00767
F5_P1_M45_L001,Post_P18,Post,994418.4,994339.4,79.0,0.00819
F5_P3_M45_L001,Post_P18,Post,994910.3,994910.3,0.0,0.00736
F5_P5_M45_L001,Post_P18,Post,994996.8,994996.8,0.0,0.00724
F6_P1_M45_L001,Post_P18,Post,996326.5,996326.5,0.0,0.00531
F6_P3_M45_L001,Post_P18,Post,995334.3,994860.4,473.9,0.00743
F6_P4_M45_L001,Post_P18,Post,993061.4,993061.4,0.0,0.01005
F7_P1_M45_L001,Post_P18,Post,998854.8,998131.5,723.3,0.0027
F7_P3_M45_L001,Post_P18,Post,988473.1,988117.0,356.1,0.01725
F7_P4_M45_L001,Post_P18,Post,991299.6,991299.6,-0.0,0.01261
F7_P5_M45_L001,Post_P18,Post,996467.3,996137.4,329.9,0.00558
F8_P1_M45_L001,Post_P18,Post,995751.3,995751.3,0.0,0.00614
F8_P3_M45_L001,Post_P18,Post,992285.4,992285.4,-0.0,0.01117
F8_P4_M45_L001,Post_P18,Post,996289.3,996289.3,0.0,0.00536
F8_P5_M45_L001,Post_P18,Post,996497.1,996412.6,84.5,0.00518
F9_P1_M45_L001,Post_P18,Post,994777.7,994777.7,-0.0,0.00755
F9_P3_M45_L001,Post_P18,Post,996614.8,996614.8,0.0,0.00489
F9_P4_M45_L001,Post_P18,Post,991572.7,991572.7,0.0,0.01221
F9_P5_M45_L001,Post_P18,Post,996095.7,996094.1,1.6,0.00565
G10_P1_M45_L001,Post_P18,Post,997746.8,997746.8,-0.0,0.00325
G10_P3_M45_L001,Post_P18,Post,996987.5,996987.5,-0.0,0.00435
G10_P4_M45_L001,Post_P18,Post,996055.7,996055.7,-0.0,0.0057
G10_P5_M45_L001,Post_P18,Post,990129.6,990099.9,29.7,0.01435
G11_P1_M45_L001,Post_P18,Post,994256.8,994256.8,0.0,0.00831
G11_P3_M45_L001,Post_P18,Post,989329.0,989286.1,42.9,0.01554
G11_P4_M45_L001,Post_P18,Post,993722.9,993172.1,550.8,0.00988
G12_P1_M45_L001,Post_P18,Post,993987.5,993872.4,115.1,0.00887
G12_P3_M45_L001,Post_P18,Post,997647.3,997636.1,11.2,0.00341
G12_P4_M45_L001,Post_P18,Post,994081.2,994075.6,5.6,0.00857
G12_P5_M45_L001,Post_P18,Post,996180.1,992978.9,3201.2,0.01017
G1_P1_M45_L001,Post_P18,Post,987725.1,987725.1,-0.0,0.01782
G1_P3_M45_L001,Post_P18,Post,996163.4,996163.4,0.0,0.00555
G1_P4_M45_L001,Post_P18,Post,997507.7,997507.7,0.0,0.0036
G1_P5_M45_L001,Post_P18,Post,995726.4,995726.4,-0.0,0.00618
G2_P1_M45_L001,Post_P18,Post,994820.2,994820.2,-0.0,0.00749
G2_P3_M45_L001,Post_P18,Post,995860.0,995794.7,65.3,0.00608
G2_P5_M45_L001,Post_P18,Post,993436.6,993392.3,44.3,0.00956
G3_P1_M45_L001,Post_P18,Post,996059.6,995456.0,603.6,0.00657
G3_P3_M45_L001,Post_P18,Post,995657.8,995147.8,510.0,0.00702
G3_P4_M45_L001,Post_P18,Post,997532.9,997532.9,0.0,0.00356
G4_P1_M45_L001,Post_P18,Post,996186.1,996186.1,-0.0,0.00551
G4_P3_M45_L001,Post_P18,Post,996131.8,995983.7,148.1,0.00581
G4_P4_M45_L001,Post_P18,Post,994016.6,994016.6,0.0,0.00866
G4_P5_M45_L001,Post_P18,Post,996841.9,996841.9,-0.0,0.00456
G5_P3_M45_L001,Post_P18,Post,996625.1,996625.1,-0.0,0.00488
G5_P4_M45_L001,Post_P18,Post,997901.2,997901.2,0.0,0.00303
G5_P5_M45_L001,Post_P18,Post,997284.3,997284.3,0.0,0.00392
G6_P1_M45_L001,Post_P18,Post,995652.2,995652.2,0.0,0.00629
G6_P4_M45_L001,Post_P18,Post,995101.5,995053.6,47.9,0.00715
G6_P5_M45_L001,Post_P18,Post,995108.4,995051.7,56.7,0.00716
G7_P4_M45_L001,Post_P18,Post,992039.1,988577.2,3461.9,0.01657
G7_P5_M45_L001,Post_P18,Post,995885.5,995885.5,-0.0,0.00595
G8_P1_M45_L001,Post_P18,Post,996633.5,996633.5,-0.0,0.00487
G8_P3_M45_L001,Post_P18,Post,998008.4,997639.8,368.6,0.00341
G8_P5_M45_L001,Post_P18,Post,997238.4,996058.2,1180.2,0.0057
G9_P1_M45_L001,Post_P18,Post,994518.5,994511.9,6.6,0.00794
G9_P3_M45_L001,Post_P18,Post,996280.3,996267.4,12.9,0.0054
G9_P4_M45_L001,Post_P18,Post,996353.0,996353.0,0.0,0.00527
G9_P5_M45_L001,Post_P18,Post,996765.4,996564.1,201.3,0.00497
H10_P1_M45_L001,Post_P18,Post,993690.5,992320.9,1369.6,0.01112
H10_P4_M45_L001,Post_P18,Post,997941.4,997811.7,129.7,0.00316
H10_P5_M45_L001,Post_P18,Post,992507.7,992481.0,26.7,0.01089
H11_P1_M45_L001,Post_P18,Post,993095.7,993077.8,17.9,0.01002
H11_P3_M45_L001,Post_P18,Post,996374.2,994355.4,2018.8,0.00817
H11_P4_M45_L001,Post_P18,Post,989697.4,989570.4,127.0,0.01513
H11_P5_M45_L001,Post_P18,Post,996009.7,996009.7,0.0,0.00577
H12_P1_M45_L001,Post_P18,Post,995508.7,995508.7,-0.0,0.00649
H12_P3_M45_L001,Post_P18,Post,988127.8,987993.5,134.3,0.01743
H12_P4_M45_L001,Post_P18,Post,993345.4,993286.7,58.7,0.00972
H12_P5_M45_L001,Post_P18,Post,992843.8,992562.7,281.1,0.01077
H1_P1_M45_L001,Post_P18,Post,996089.8,995927.7,162.1,0.00589
H1_P3_M45_L001,Post_P18,Post,995257.2,995257.2,0.0,0.00686
H1_P4_M45_L001,Post_P18,Post,997893.1,997875.6,17.5,0.00307
H1_P5_M45_L001,Post_P18,Post,993195.4,993195.4,-0.0,0.00985
H2_P1_M45_L001,Post_P18,Post,996506.6,996506.6,0.0,0.00505
H2_P3_M45_L001,Post_P18,Post,990874.7,990874.7,-0.0,0.01323
H2_P4_M45_L001,Post_P18,Post,992429.1,992429.1,-0.0,0.01096
H2_P5_M45_L001,Post_P18,Post,996012.3,996012.3,-0.0,0.00576
H3_P1_M45_L001,Post_P18,Post,996458.4,996458.4,0.0,0.00512
H3_P3_M45_L001,Post_P18,Post,995977.0,995307.1,669.9,0.00679
H3_P4_M45_L001,Post_P18,Post,997587.1,997587.1,0.0,0.00349
H3_P5_M45_L001,Post_P18,Post,995102.4,995102.4,-0.0,0.00708
H4_P1_M45_L001,Post_P18,Post,994073.4,994073.4,-0.0,0.00858
H4_P3_M45_L001,Post_P18,Post,996629.5,996573.7,55.8,0.00495
H4_P4_M45_L001,Post_P18,Post,992383.5,992383.5,-0.0,0.01103
H4_P5_M45_L001,Post_P18,Post,998382.9,998382.9,-0.0,0.00233
H5_P1_M45_L001,Post_P18,Post,994263.8,993302.7,961.1,0.00969
H5_P3_M45_L001,Post_P18,Post,991191.5,991191.5,0.0,0.01276
H5_P4_M45_L001,Post_P18,Post,994698.8,994698.8,-0.0,0.00767
H5_P5_M45_L001,Post_P18,Post,996912.4,996912.4,-0.0,0.00446
H6_P1_M45_L001,Post_P18,Post,997769.7,997769.7,-0.0,0.00322
H6_P3_M45_L001,Post_P18,Post,994504.3,994465.9,38.4,0.00801
H6_P4_M45_L001,Post_P18,Post,990774.3,990745.7,28.6,0.01341
H6_P5_M45_L001,Post_P18,Post,994902.0,994902.0,-0.0,0.00737
H7_P1_M45_L001,Post_P18,Post,990418.8,990411.4,7.4,0.0139
H7_P3_M45_L001,Post_P18,Post,996465.3,994890.6,1574.7,0.00739
H7_P4_M45_L001,Post_P18,Post,996763.8,996763.8,-0.0,0.00468
H7_P5_M45_L001,Post_P18,Post,992664.7,992501.4,163.3,0.01086
H8_P1_M45_L001,Post_P18,Post,991348.0,991348.0,-0.0,0.01254
H8_P3_M45_L001,Post_P18,Post,991542.4,991542.4,-0.0,0.01225
H8_P4_M45_L001,Post_P18,Post,994531.6,994531.6,0.0,0.00791
H8_P5_M45_L001,Post_P18,Post,992264.9,991856.1,408.8,0.0118
H9_P1_M45_L001,Post_P18,Post,995328.0,995328.0,0.0,0.00676
H9_P3_M45_L001,Post_P18,Post,996451.3,995581.7,869.6,0.00639
H9_P4_M45_L001,Post_P18,Post,988566.9,988038.1,528.8,0.01736
H9_P5_M45_L001,Post_P18,Post,996924.3,996016.2,908.1,0.00576
A10_P1_MMD7_L001,Post_P19,Post,989828.4,989627.1,201.3,0.01504
A10_P2_MMD7_L001,Post_P19,Post,993709.8,993709.8,0.0,0.0091
A10_P3_MMD7_L001,Post_P19,Post,998021.7,998021.7,-0.0,0.00286
A10_P4_MMD7_L001,Post_P19,Post,995740.8,995740.8,-0.0,0.00616
A11_P1_MMD7_L001,Post_P19,Post,992223.5,992162.6,60.9,0.01135
A11_P2_MMD7_L001,Post_P19,Post,996901.1,996901.1,-0.0,0.00448
A11_P3_MMD7_L001,Post_P19,Post,996846.0,996846.0,0.0,0.00456
A11_P4_MMD7_L001,Post_P19,Post,999082.7,999082.7,0.0,0.00132
A12_P2_MMD7_L001,Post_P19,Post,994439.9,994380.0,59.9,0.00813
A12_P3_MMD7_L001,Post_P19,Post,996481.2,996481.2,-0.0,0.00509
A12_P4_MMD7_L001,Post_P19,Post,985582.3,985582.3,-0.0,0.02095
A2_P3_MMD7_L001,Post_P19,Post,993763.6,993763.6,0.0,0.00903
A3_P1_MMD7_L001,Post_P19,Post,995131.4,994042.5,1088.9,0.00862
A3_P2_MMD7_L001,Post_P19,Post,996707.5,996698.1,9.4,0.00477
A3_P3_MMD7_L001,Post_P19,Post,999280.8,999133.8,147.0,0.00125
A4_P2_MMD7_L001,Post_P19,Post,995106.4,995106.4,-0.0,0.00708
A4_P3_MMD7_L001,Post_P19,Post,997626.6,997626.6,-0.0,0.00343
A4_P4_MMD7_L001,Post_P19,Post,994140.6,994140.6,0.0,0.00848
A5_P1_MMD7_L001,Post_P19,Post,996376.5,995984.1,392.4,0.00581
A5_P2_MMD7_L001,Post_P19,Post,994014.1,994014.1,0.0,0.00866
A5_P3_MMD7_L001,Post_P19,Post,994074.9,994074.9,0.0,0.00857
A5_P4_MMD7_L001,Post_P19,Post,993966.0,993966.0,0.0,0.00873
A6_P1_MMD7_L001,Post_P19,Post,997456.4,997456.4,0.0,0.00367
A6_P2_MMD7_L001,Post_P19,Post,997140.1,997140.1,-0.0,0.00413
A6_P4_MMD7_L001,Post_P19,Post,997756.1,997756.1,0.0,0.00324
A7_P1_MMD7_L001,Post_P19,Post,992575.6,990562.7,2012.9,0.01368
A7_P3_MMD7_L001,Post_P19,Post,996885.9,994766.7,2119.2,0.00757
A8_P1_MMD7_L001,Post_P19,Post,988664.9,988618.1,46.8,0.01651
A8_P3_MMD7_L001,Post_P19,Post,992538.9,992538.9,-0.0,0.0108
A8_P4_MMD7_L001,Post_P19,Post,994684.9,994684.9,-0.0,0.00769
A9_P1_MMD7_L001,Post_P19,Post,997364.6,997364.6,0.0,0.00381
A9_P2_MMD7_L001,Post_P19,Post,993302.6,993302.6,-0.0,0.00969
A9_P4_MMD7_L001,Post_P19,Post,996386.5,996386.5,-0.0,0.00522
B10_P1_MMD7_L001,Post_P19,Post,989610.9,989610.9,-0.0,0.01507
B10_P2_MMD7_L001,Post_P19,Post,994058.7,993956.0,102.7,0.00875
B10_P4_MMD7_L001,Post_P19,Post,995529.9,995485.6,44.3,0.00653
B11_P1_MMD7_L001,Post_P19,Post,995025.1,995025.1,-0.0,0.0072
B11_P2_MMD7_L001,Post_P19,Post,991059.1,991059.1,0.0,0.01296
B11_P3_MMD7_L001,Post_P19,Post,996829.6,996829.6,0.0,0.00458
B11_P4_MMD7_L001,Post_P19,Post,992176.4,992176.4,-0.0,0.01133
B12_P1_MMD7_L001,Post_P19,Post,993957.2,992150.5,1806.7,0.01137
B12_P2_MMD7_L001,Post_P19,Post,994798.8,994076.1,722.7,0.00857
B12_P4_MMD7_L001,Post_P19,Post,993146.0,993146.0,0.0,0.00992
B1_P1_MMD7_L001,Post_P19,Post,992604.0,992604.0,0.0,0.01071
B1_P3_MMD7_L001,Post_P19,Post,996276.9,996276.9,0.0,0.00538
B1_P4_MMD7_L001,Post_P19,Post,993330.1,993330.1,-0.0,0.00965
B2_P1_MMD7_L001,Post_P19,Post,990103.3,990103.3,-0.0,0.01435
B2_P2_MMD7_L001,Post_P19,Post,997759.2,997759.2,-0.0,0.00324
B2_P4_MMD7_L001,Post_P19,Post,992721.8,992323.9,397.9,0.01112
B3_P1_MMD7_L001,Post_P19,Post,997241.8,997241.8,-0.0,0.00398
B3_P2_MMD7_L001,Post_P19,Post,994591.0,993896.9,694.1,0.00883
B3_P3_MMD7_L001,Post_P19,Post,992150.9,992150.9,0.0,0.01137
B3_P4_MMD7_L001,Post_P19,Post,994947.6,994868.2,79.4,0.00742
B4_P1_MMD7_L001,Post_P19,Post,991506.1,991506.1,0.0,0.01231
B4_P2_MMD7_L001,Post_P19,Post,996339.9,996339.9,-0.0,0.00529
B4_P3_MMD7_L001,Post_P19,Post,995098.5,995098.5,0.0,0.00709
B4_P4_MMD7_L001,Post_P19,Post,994935.7,994935.7,0.0,0.00732
B5_P1_MMD7_L001,Post_P19,Post,991392.2,991392.2,0.0,0.01247
B5_P2_MMD7_L001,Post_P19,Post,994634.1,994634.1,0.0,0.00776
B5_P3_MMD7_L001,Post_P19,Post,998806.6,998806.6,0.0,0.00172
B5_P4_MMD7_L001,Post_P19,Post,994965.7,994965.7,0.0,0.00728
B6_P1_MMD7_L001,Post_P19,Post,991124.4,991124.4,-0.0,0.01286
B6_P2_MMD7_L001,Post_P19,Post,992483.8,992483.8,0.0,0.01088
B6_P4_MMD7_L001,Post_P19,Post,996077.3,994843.6,1233.7,0.00746
B7_P1_MMD7_L001,Post_P19,Post,998653.4,998653.4,-0.0,0.00194
B7_P2_MMD7_L001,Post_P19,Post,992062.6,992062.6,0.0,0.0115
B7_P3_MMD7_L001,Post_P19,Post,993450.0,993450.0,-0.0,0.00948
B7_P4_MMD7_L001,Post_P19,Post,995914.6,995905.5,9.1,0.00592
B8_P2_MMD7_L001,Post_P19,Post,997014.5,996896.0,118.5,0.00449
B8_P3_MMD7_L001,Post_P19,Post,997150.7,997150.7,-0.0,0.00412
B8_P4_MMD7_L001,Post_P19,Post,993180.9,993180.9,0.0,0.00987
B9_P1_MMD7_L001,Post_P19,Post,995786.8,995786.8,-0.0,0.00609
B9_P2_MMD7_L001,Post_P19,Post,994915.2,994915.2,0.0,0.00735
B9_P3_MMD7_L001,Post_P19,Post,996484.9,996484.9,-0.0,0.00508
B9_P4_MMD7_L001,Post_P19,Post,994389.5,994389.5,0.0,0.00812
C10_P1_MMD7_L001,Post_P19,Post,994108.2,992350.9,1757.3,0.01108
C10_P2_MMD7_L001,Post_P19,Post,993433.7,993433.7,0.0,0.0095
C10_P3_MMD7_L001,Post_P19,Post,996773.9,996773.9,-0.0,0.00466
C10_P4_MMD7_L001,Post_P19,Post,989262.5,987835.2,1427.3,0.01766
C11_P1_MMD7_L001,Post_P19,Post,996840.4,996830.7,9.7,0.00458
C11_P2_MMD7_L001,Post_P19,Post,992657.7,992654.6,3.1,0.01064
C11_P3_MMD7_L001,Post_P19,Post,996651.8,996651.8,-0.0,0.00484
C11_P4_MMD7_L001,Post_P19,Post,991410.7,991410.7,0.0,0.01245
C12_P1_MMD7_L001,Post_P19,Post,989205.1,989205.1,-0.0,0.01566
C12_P2_MMD7_L001,Post_P19,Post,998031.8,998031.8,-0.0,0.00284
C12_P3_MMD7_L001,Post_P19,Post,996865.4,996865.4,-0.0,0.00453
C12_P4_MMD7_L001,Post_P19,Post,995026.5,995026.5,-0.0,0.00719
C1_P1_MMD7_L001,Post_P19,Post,991810.1,991810.1,0.0,0.01186
C1_P2_MMD7_L001,Post_P19,Post,995506.4,995481.1,25.3,0.00653
C1_P4_MMD7_L001,Post_P19,Post,996668.4,996668.4,0.0,0.00481
C2_P1_MMD7_L001,Post_P19,Post,993585.0,993463.2,121.8,0.00946
C2_P2_MMD7_L001,Post_P19,Post,996403.6,995902.7,500.9,0.00592
C2_P3_MMD7_L001,Post_P19,Post,994865.0,994865.0,-0.0,0.00743
C2_P4_MMD7_L001,Post_P19,Post,992329.2,992329.2,0.0,0.01111
C3_P1_MMD7_L001,Post_P19,Post,995358.2,995358.2,0.0,0.00671
C3_P2_MMD7_L001,Post_P19,Post,993313.0,993313.0,0.0,0.00968
C3_P3_MMD7_L001,Post_P19,Post,993003.8,993003.8,-0.0,0.01013
C3_P4_MMD7_L001,Post_P19,Post,995053.2,995053.2,-0.0,0.00715
C4_P1_MMD7_L001,Post_P19,Post,994275.7,994275.7,-0.0,0.00828
C4_P2_MMD7_L001,Post_P19,Post,995330.4,995330.4,-0.0,0.00675
C4_P3_MMD7_L001,Post_P19,Post,994076.8,994076.8,0.0,0.00857
C5_P2_MMD7_L001,Post_P19,Post,994283.6,994283.6,-0.0,0.00827
C5_P3_MMD7_L001,Post_P19,Post,994726.7,994726.7,-0.0,0.00763
C5_P4_MMD7_L001,Post_P19,Post,989172.5,989172.5,0.0,0.01571
C6_P1_MMD7_L001,Post_P19,Post,997735.0,997735.0,-0.0,0.00327
C6_P2_MMD7_L001,Post_P19,Post,996452.3,996397.5,54.8,0.00521
C6_P3_MMD7_L001,Post_P19,Post,993956.7,993956.7,0.0,0.00875
C7_P2_MMD7_L001,Post_P19,Post,992442.4,992442.4,0.0,0.01094
C7_P3_MMD7_L001,Post_P19,Post,995972.4,993217.2,2755.2,0.00982
C7_P4_MMD7_L001,Post_P19,Post,997422.6,997422.6,-0.0,0.00372
C8_P1_MMD7_L001,Post_P19,Post,991309.6,991309.6,-0.0,0.01259
C8_P2_MMD7_L001,Post_P19,Post,996018.7,996018.7,-0.0,0.00576
C8_P3_MMD7_L001,Post_P19,Post,994649.8,994649.8,-0.0,0.00774
C8_P4_MMD7_L001,Post_P19,Post,993120.9,993120.9,-0.0,0.00996
C9_P1_MMD7_L001,Post_P19,Post,994359.9,994359.9,0.0,0.00816
C9_P2_MMD7_L001,Post_P19,Post,992335.0,992313.7,21.3,0.01113
C9_P3_MMD7_L001,Post_P19,Post,994761.1,994761.1,0.0,0.00758
C9_P4_MMD7_L001,Post_P19,Post,996432.8,996432.8,-0.0,0.00516
D10_P1_MMD7_L001,Post_P19,Post,996871.7,996871.7,-0.0,0.00452
D10_P3_MMD7_L001,Post_P19,Post,991519.4,991519.4,0.0,0.01229
D10_P4_MMD7_L001,Post_P19,Post,994445.4,994445.4,0.0,0.00804
D11_P2_MMD7_L001,Post_P19,Post,997931.3,997877.6,53.7,0.00307
D11_P3_MMD7_L001,Post_P19,Post,992408.5,992408.5,0.0,0.01099
D11_P4_MMD7_L001,Post_P19,Post,998094.0,998094.0,0.0,0.00275
D12_P1_MMD7_L001,Post_P19,Post,995980.3,995980.3,0.0,0.00581
D12_P2_MMD7_L001,Post_P19,Post,996521.3,996521.3,-0.0,0.00503
D12_P3_MMD7_L001,Post_P19,Post,993780.0,993780.0,0.0,0.009
D12_P4_MMD7_L001,Post_P19,Post,995147.4,995147.4,0.0,0.00702
D1_P1_MMD7_L001,Post_P19,Post,995700.1,995700.1,-0.0,0.00622
D1_P2_MMD7_L001,Post_P19,Post,996216.8,996216.8,-0.0,0.00547
D1_P3_MMD7_L001,Post_P19,Post,995392.6,995392.6,0.0,0.00666
D1_P4_MMD7_L001,Post_P19,Post,994965.6,994965.6,-0.0,0.00728
D2_P1_MMD7_L001,Post_P19,Post,997087.9,996975.1,112.8,0.00437
D2_P2_MMD7_L001,Post_P19,Post,993580.1,993580.1,-0.0,0.00929
D2_P3_MMD7_L001,Post_P19,Post,994392.5,994392.5,0.0,0.00811
D2_P4_MMD7_L001,Post_P19,Post,995493.9,995493.9,0.0,0.00652
D3_P1_MMD7_L001,Post_P19,Post,992074.2,992074.2,0.0,0.01148
D3_P2_MMD7_L001,Post_P19,Post,992613.6,992613.6,-0.0,0.0107
D3_P3_MMD7_L001,Post_P19,Post,993450.4,993450.4,-0.0,0.00948
D3_P4_MMD7_L001,Post_P19,Post,996224.4,996224.4,0.0,0.00546
D4_P1_MMD7_L001,Post_P19,Post,998058.1,998058.1,0.0,0.0028
D4_P2_MMD7_L001,Post_P19,Post,991860.2,991860.2,-0.0,0.01179
D4_P3_MMD7_L001,Post_P19,Post,996679.6,996679.6,0.0,0.0048
D4_P4_MMD7_L001,Post_P19,Post,995556.7,995471.5,85.2,0.00655
D5_P1_MMD7_L001,Post_P19,Post,992920.5,992900.1,20.4,0.01028
D5_P2_MMD7_L001,Post_P19,Post,994570.5,994570.5,-0.0,0.00785
D5_P3_MMD7_L001,Post_P19,Post,996095.0,996095.0,-0.0,0.00564
D5_P4_MMD7_L001,Post_P19,Post,997769.7,997769.7,0.0,0.00322
D6_P1_MMD7_L001,Post_P19,Post,996797.4,996797.4,-0.0,0.00463
D6_P2_MMD7_L001,Post_P19,Post,996378.7,996377.4,1.3,0.00524
D6_P3_MMD7_L001,Post_P19,Post,993668.6,993327.1,341.5,0.00966
D6_P4_MMD7_L001,Post_P19,Post,995648.2,995648.2,-0.0,0.00629
D7_P1_MMD7_L001,Post_P19,Post,996907.3,996907.3,-0.0,0.00447
D7_P2_MMD7_L001,Post_P19,Post,993587.9,993587.9,0.0,0.00928
D7_P4_MMD7_L001,Post_P19,Post,995456.2,995456.2,0.0,0.00657
D8_P1_MMD7_L001,Post_P19,Post,995533.3,995533.3,0.0,0.00646
D8_P2_MMD7_L001,Post_P19,Post,994987.2,994987.2,0.0,0.00725
D8_P3_MMD7_L001,Post_P19,Post,995209.2,995209.2,-0.0,0.00693
D9_P1_MMD7_L001,Post_P19,Post,996709.1,996709.1,0.0,0.00476
D9_P2_MMD7_L001,Post_P19,Post,994770.4,994770.4,-0.0,0.00756
D9_P3_MMD7_L001,Post_P19,Post,994316.3,994307.9,8.4,0.00824
E10_P1_MMD7_L001,Post_P19,Post,997285.8,997285.8,-0.0,0.00392
E10_P2_MMD7_L001,Post_P19,Post,992926.0,991971.6,954.4,0.01163
E10_P3_MMD7_L001,Post_P19,Post,993694.9,993694.9,-0.0,0.00913
E10_P4_MMD7_L001,Post_P19,Post,995889.5,995889.5,-0.0,0.00594
E11_P1_MMD7_L001,Post_P19,Post,984760.2,984760.2,0.0,0.02216
E11_P3_MMD7_L001,Post_P19,Post,996428.7,996428.7,-0.0,0.00516
E11_P4_MMD7_L001,Post_P19,Post,996128.1,996128.1,0.0,0.0056
E12_P1_MMD7_L001,Post_P19,Post,998432.9,998432.9,-0.0,0.00226
E12_P2_MMD7_L001,Post_P19,Post,996249.1,996249.1,0.0,0.00542
E12_P3_MMD7_L001,Post_P19,Post,994822.3,993052.8,1769.5,0.01006
E12_P4_MMD7_L001,Post_P19,Post,995386.5,995386.5,-0.0,0.00667
E1_P1_MMD7_L001,Post_P19,Post,995668.5,995668.5,0.0,0.00626
E1_P2_MMD7_L001,Post_P19,Post,995459.6,995453.4,6.2,0.00657
E1_P3_MMD7_L001,Post_P19,Post,997862.3,997862.3,0.0,0.00309
E1_P4_MMD7_L001,Post_P19,Post,996720.0,996720.0,-0.0,0.00474
E2_P1_MMD7_L001,Post_P19,Post,993097.1,993097.1,-0.0,0.00999
E2_P2_MMD7_L001,Post_P19,Post,994845.9,994845.9,-0.0,0.00746
E2_P3_MMD7_L001,Post_P19,Post,994442.9,994442.9,-0.0,0.00804
E2_P4_MMD7_L001,Post_P19,Post,994897.5,994897.5,-0.0,0.00738
E3_P1_MMD7_L001,Post_P19,Post,996228.5,996228.5,0.0,0.00545
E3_P2_MMD7_L001,Post_P19,Post,995381.9,995381.9,0.0,0.00668
E3_P3_MMD7_L001,Post_P19,Post,994046.0,994030.5,15.5,0.00864
E3_P4_MMD7_L001,Post_P19,Post,991259.1,988721.1,2538.0,0.01636
E4_P1_MMD7_L001,Post_P19,Post,992722.3,992722.3,-0.0,0.01054
E4_P2_MMD7_L001,Post_P19,Post,994004.2,994004.2,-0.0,0.00868
E5_P1_MMD7_L001,Post_P19,Post,988341.1,988341.1,0.0,0.01692
E5_P2_MMD7_L001,Post_P19,Post,997293.0,997293.0,-0.0,0.00391
E5_P3_MMD7_L001,Post_P19,Post,992982.9,992982.9,-0.0,0.01016
E5_P4_MMD7_L001,Post_P19,Post,995256.9,995256.9,0.0,0.00686
E6_P1_MMD7_L001,Post_P19,Post,993228.1,993228.1,-0.0,0.0098
E6_P2_MMD7_L001,Post_P19,Post,993752.3,993708.6,43.7,0.00911
E6_P3_MMD7_L001,Post_P19,Post,994142.3,994102.2,40.1,0.00853
E6_P4_MMD7_L001,Post_P19,Post,994046.1,991710.8,2335.3,0.01201
E7_P1_MMD7_L001,Post_P19,Post,996822.3,996822.3,-0.0,0.00459
E7_P2_MMD7_L001,Post_P19,Post,995730.6,995730.6,0.0,0.00617
E7_P3_MMD7_L001,Post_P19,Post,994919.2,994919.2,0.0,0.00735
E7_P4_MMD7_L001,Post_P19,Post,990318.0,990318.0,0.0,0.01404
E8_P2_MMD7_L001,Post_P19,Post,996656.7,996656.7,0.0,0.00483
E8_P3_MMD7_L001,Post_P19,Post,997238.9,997238.9,0.0,0.00399
E8_P4_MMD7_L001,Post_P19,Post,996025.5,996025.5,0.0,0.00575
E9_P1_MMD7_L001,Post_P19,Post,992009.0,990971.7,1037.3,0.01308
E9_P2_MMD7_L001,Post_P19,Post,995218.2,995190.2,28.0,0.00696
E9_P3_MMD7_L001,Post_P19,Post,993492.2,993447.6,44.6,0.00948
F10_P2_MMD7_L001,Post_P19,Post,997082.6,997082.6,-0.0,0.00422
F10_P3_MMD7_L001,Post_P19,Post,992150.5,992150.5,0.0,0.01137
F10_P4_MMD7_L001,Post_P19,Post,998614.8,998614.8,-0.0,0.002
F11_P1_MMD7_L001,Post_P19,Post,996280.0,996280.0,-0.0,0.00538
F11_P3_MMD7_L001,Post_P19,Post,995479.0,995115.5,363.5,0.00706
F11_P4_MMD7_L001,Post_P19,Post,995643.9,995612.7,31.2,0.00634
F12_P1_MMD7_L001,Post_P19,Post,980969.9,980394.9,575.0,0.02857
F12_P2_MMD7_L001,Post_P19,Post,996537.9,996537.9,-0.0,0.005
F12_P3_MMD7_L001,Post_P19,Post,994399.2,994399.2,-0.0,0.0081
F12_P4_MMD7_L001,Post_P19,Post,994105.6,993866.1,239.5,0.00888
F1_P1_MMD7_L001,Post_P19,Post,994287.1,994287.1,-0.0,0.00827
F1_P2_MMD7_L001,Post_P19,Post,994894.0,994891.0,3.0,0.00739
F1_P3_MMD7_L001,Post_P19,Post,995738.2,995738.2,0.0,0.00616
F1_P4_MMD7_L001,Post_P19,Post,996873.4,996873.4,0.0,0.00452
F2_P2_MMD7_L001,Post_P19,Post,994239.6,994239.6,0.0,0.00833
F2_P4_MMD7_L001,Post_P19,Post,990963.2,990963.2,0.0,0.0131
F3_P1_MMD7_L001,Post_P19,Post,988269.6,988269.6,-0.0,0.01702
F3_P2_MMD7_L001,Post_P19,Post,991343.1,991343.1,-0.0,0.01254
F3_P3_MMD7_L001,Post_P19,Post,996505.4,996505.4,0.0,0.00505
F3_P4_MMD7_L001,Post_P19,Post,993792.9,993792.9,0.0,0.00898
F4_P1_MMD7_L001,Post_P19,Post,995847.3,995847.3,-0.0,0.006
F4_P2_MMD7_L001,Post_P19,Post,995622.5,995622.5,0.0,0.00633
F4_P3_MMD7_L001,Post_P19,Post,995206.2,995206.2,-0.0,0.00693
F4_P4_MMD7_L001,Post_P19,Post,997568.1,996218.0,1350.1,0.00547
F5_P1_MMD7_L001,Post_P19,Post,995356.6,995356.6,0.0,0.00671
F5_P2_MMD7_L001,Post_P19,Post,985234.8,985234.8,0.0,0.02146
F5_P3_MMD7_L001,Post_P19,Post,995609.7,995609.7,-0.0,0.00635
F5_P4_MMD7_L001,Post_P19,Post,997642.7,997642.7,-0.0,0.0034
F6_P2_MMD7_L001,Post_P19,Post,997469.0,997469.0,0.0,0.00366
F6_P3_MMD7_L001,Post_P19,Post,995027.5,994970.5,57.0,0.00727
F6_P4_MMD7_L001,Post_P19,Post,995218.9,995218.9,0.0,0.00691
F7_P1_MMD7_L001,Post_P19,Post,993538.9,993538.9,-0.0,0.00935
F7_P3_MMD7_L001,Post_P19,Post,990297.1,989463.8,833.3,0.01528
F7_P4_MMD7_L001,Post_P19,Post,996837.5,996633.4,204.1,0.00487
F8_P1_MMD7_L001,Post_P19,Post,994909.3,994134.3,775.0,0.00849
F8_P2_MMD7_L001,Post_P19,Post,994708.8,994708.8,-0.0,0.00765
F8_P3_MMD7_L001,Post_P19,Post,998032.7,998010.9,21.8,0.00287
F9_P1_MMD7_L001,Post_P19,Post,991755.7,991755.7,-0.0,0.01194
F9_P2_MMD7_L001,Post_P19,Post,993628.6,993628.6,-0.0,0.00922
F9_P3_MMD7_L001,Post_P19,Post,993078.7,993078.7,0.0,0.01002
F9_P4_MMD7_L001,Post_P19,Post,997125.9,997125.9,-0.0,0.00415
G10_P1_MMD7_L001,Post_P19,Post,994169.1,994169.1,0.0,0.00844
G10_P2_MMD7_L001,Post_P19,Post,993477.7,993477.7,-0.0,0.00944
G10_P3_MMD7_L001,Post_P19,Post,993271.0,993271.0,-0.0,0.00974
G10_P4_MMD7_L001,Post_P19,Post,994910.6,994910.6,-0.0,0.00736
G11_P1_MMD7_L001,Post_P19,Post,997395.2,997395.2,-0.0,0.00376
G11_P2_MMD7_L001,Post_P19,Post,998203.7,997752.7,451.0,0.00325
G11_P3_MMD7_L001,Post_P19,Post,996876.6,996876.6,0.0,0.00451
G12_P1_MMD7_L001,Post_P19,Post,996974.2,996974.2,-0.0,0.00437
G12_P2_MMD7_L001,Post_P19,Post,997204.3,997204.3,0.0,0.00404
G12_P3_MMD7_L001,Post_P19,Post,990052.1,990009.1,43.0,0.01449
G12_P4_MMD7_L001,Post_P19,Post,996342.1,996333.8,8.3,0.0053
G1_P2_MMD7_L001,Post_P19,Post,997004.5,997004.5,0.0,0.00433
G1_P3_MMD7_L001,Post_P19,Post,997035.5,997035.5,-0.0,0.00428
G1_P4_MMD7_L001,Post_P19,Post,993461.6,993461.6,-0.0,0.00946
G2_P1_MMD7_L001,Post_P19,Post,992988.9,992894.9,94.0,0.01029
G2_P2_MMD7_L001,Post_P19,Post,995988.6,995988.6,-0.0,0.0058
G2_P3_MMD7_L001,Post_P19,Post,998705.8,998705.8,-0.0,0.00187
G2_P4_MMD7_L001,Post_P19,Post,995997.6,995997.6,-0.0,0.00579
G3_P3_MMD7_L001,Post_P19,Post,993821.2,993821.2,-0.0,0.00894
G3_P4_MMD7_L001,Post_P19,Post,998522.8,998515.9,6.9,0.00214
G4_P1_MMD7_L001,Post_P19,Post,995329.8,995327.0,2.8,0.00676
G4_P2_MMD7_L001,Post_P19,Post,996040.0,995118.1,921.9,0.00706
G4_P3_MMD7_L001,Post_P19,Post,993960.4,993960.4,0.0,0.00874
G4_P4_MMD7_L001,Post_P19,Post,995916.9,995916.9,0.0,0.0059
G5_P1_MMD7_L001,Post_P19,Post,993682.7,993682.7,0.0,0.00914
G5_P3_MMD7_L001,Post_P19,Post,997392.2,997392.2,0.0,0.00377
G5_P4_MMD7_L001,Post_P19,Post,993327.1,993327.1,-0.0,0.00966
G6_P1_MMD7_L001,Post_P19,Post,993362.4,993362.4,0.0,0.00961
G6_P2_MMD7_L001,Post_P19,Post,992940.7,992940.7,0.0,0.01022
G6_P3_MMD7_L001,Post_P19,Post,994257.5,994257.5,-0.0,0.00831
G6_P4_MMD7_L001,Post_P19,Post,991555.0,991555.0,0.0,0.01224
G7_P1_MMD7_L001,Post_P19,Post,993028.3,993028.3,0.0,0.01009
G7_P2_MMD7_L001,Post_P19,Post,994664.6,994433.3,231.3,0.00805
G7_P3_MMD7_L001,Post_P19,Post,995191.3,995191.3,0.0,0.00695
G7_P4_MMD7_L001,Post_P19,Post,995542.2,995542.2,-0.0,0.00645
G8_P1_MMD7_L001,Post_P19,Post,998911.0,998911.0,-0.0,0.00157
G8_P3_MMD7_L001,Post_P19,Post,994754.3,994754.3,0.0,0.00759
G8_P4_MMD7_L001,Post_P19,Post,996523.5,996523.5,-0.0,0.00502
G9_P1_MMD7_L001,Post_P19,Post,994904.9,994904.9,-0.0,0.00737
G9_P2_MMD7_L001,Post_P19,Post,996591.1,996591.1,-0.0,0.00493
G9_P3_MMD7_L001,Post_P19,Post,987737.4,987737.4,-0.0,0.0178
G9_P4_MMD7_L001,Post_P19,Post,992778.0,992778.0,0.0,0.01046
H10_P1_MMD7_L001,Post_P19,Post,995163.5,995163.5,0.0,0.00699
H10_P3_MMD7_L001,Post_P19,Post,990597.3,990597.3,-0.0,0.01363
H10_P4_MMD7_L001,Post_P19,Post,995933.7,995933.7,0.0,0.00588
H11_P1_MMD7_L001,Post_P19,Post,994083.2,994006.8,76.4,0.00867
H11_P2_MMD7_L001,Post_P19,Post,995398.8,995398.8,0.0,0.00665
H11_P3_MMD7_L001,Post_P19,Post,996054.2,996054.2,-0.0,0.0057
H12_P1_MMD7_L001,Post_P19,Post,993752.1,993752.1,0.0,0.00904
H12_P2_MMD7_L001,Post_P19,Post,993361.2,993361.2,0.0,0.00961
H12_P3_MMD7_L001,Post_P19,Post,997596.8,997201.6,395.2,0.00404
H12_P4_MMD7_L001,Post_P19,Post,994107.0,994107.0,0.0,0.00853
H1_P2_MMD7_L001,Post_P19,Post,994794.2,994794.2,0.0,0.00753
H1_P3_MMD7_L001,Post_P19,Post,997525.6,997525.6,0.0,0.00357
H1_P4_MMD7_L001,Post_P19,Post,996081.9,996081.9,-0.0,0.00566
H2_P1_MMD7_L001,Post_P19,Post,997275.4,997275.4,-0.0,0.00394
H2_P2_MMD7_L001,Post_P19,Post,995163.0,995163.0,-0.0,0.007
H2_P3_MMD7_L001,Post_P19,Post,993970.5,993970.5,-0.0,0.00873
H2_P4_MMD7_L001,Post_P19,Post,996025.2,996001.6,23.6,0.00578
H3_P1_MMD7_L001,Post_P19,Post,998965.1,998965.1,-0.0,0.00149
H3_P2_MMD7_L001,Post_P19,Post,993800.9,993800.9,0.0,0.00897
H3_P3_MMD7_L001,Post_P19,Post,996324.7,996324.7,0.0,0.00531
H3_P4_MMD7_L001,Post_P19,Post,994976.3,994976.3,-0.0,0.00727
H4_P3_MMD7_L001,Post_P19,Post,994221.1,994221.1,0.0,0.00836
H4_P4_MMD7_L001,Post_P19,Post,994415.8,994415.8,-0.0,0.00808
H5_P1_MMD7_L001,Post_P19,Post,993677.5,993671.1,6.4,0.00916
H5_P2_MMD7_L001,Post_P19,Post,997833.9,997295.1,538.8,0.00391
H5_P3_MMD7_L001,Post_P19,Post,996937.8,996937.8,0.0,0.00442
H5_P4_MMD7_L001,Post_P19,Post,990044.0,990044.0,-0.0,0.01444
H6_P1_MMD7_L001,Post_P19,Post,997146.0,997146.0,-0.0,0.00412
H6_P2_MMD7_L001,Post_P19,Post,994458.7,994458.7,0.0,0.00802
H6_P3_MMD7_L001,Post_P19,Post,989282.1,989282.1,0.0,0.01555
H6_P4_MMD7_L001,Post_P19,Post,992594.9,992594.9,-0.0,0.01072
H7_P1_MMD7_L001,Post_P19,Post,990955.6,990955.6,-0.0,0.01311
H7_P2_MMD7_L001,Post_P19,Post,997404.7,997404.7,-0.0,0.00375
H7_P3_MMD7_L001,Post_P19,Post,995073.3,994940.9,132.4,0.00732
H7_P4_MMD7_L001,Post_P19,Post,987077.6,987077.6,0.0,0.01876
H8_P3_MMD7_L001,Post_P19,Post,991940.5,991940.5,0.0,0.01167
H8_P4_MMD7_L001,Post_P19,Post,997604.4,997604.4,0.0,0.00346
H9_P1_MMD7_L001,Post_P19,Post,992712.8,992712.8,0.0,0.01055
H9_P3_MMD7_L001,Post_P19,Post,992493.9,992493.9,-0.0,0.01087
H9_P4_MMD7_L001,Post_P19,Post,997255.2,997255.2,0.0,0.00397
A10_P1_M53_L001,Pre_P20,Pre,995032.3,994967.1,65.2,0.00728
A10_P2_M53_L001,Pre_P20,Pre,994360.5,994360.5,-0.0,0.00816
A11_P1_M53_L001,Pre_P20,Pre,992188.4,992164.1,24.3,0.01135
A11_P2_M53_L001,Pre_P20,Pre,994875.2,994668.3,206.9,0.00771
A12_P1_M53_L001,Pre_P20,Pre,998482.1,998482.1,-0.0,0.00219
A12_P2_M53_L001,Pre_P20,Pre,997699.6,997699.6,0.0,0.00332
A12_P3_M53_L001,Pre_P20,Pre,989454.3,989410.1,44.2,0.01536
A12_P4_M53_L001,Pre_P20,Pre,995014.3,995014.3,-0.0,0.00721
A2_P2_M53_L001,Pre_P20,Pre,989750.7,989750.7,0.0,0.01486
A2_P3_M53_L001,Pre_P20,Pre,998067.7,996473.0,1594.7,0.0051
A2_P4_M53_L001,Pre_P20,Pre,992935.1,992471.8,463.3,0.0109
A3_P1_M53_L001,Pre_P20,Pre,993826.7,993826.7,-0.0,0.00893
A3_P3_M53_L001,Pre_P20,Pre,995493.3,995493.3,-0.0,0.00652
A3_P4_M53_L001,Pre_P20,Pre,994342.0,994315.9,26.1,0.00822
A4_P1_M53_L001,Pre_P20,Pre,990367.3,990367.3,-0.0,0.01396
A4_P4_M53_L001,Pre_P20,Pre,996685.1,996639.6,45.5,0.00486
A5_P1_M53_L001,Pre_P20,Pre,992106.3,992089.0,17.3,0.01146
A5_P2_M53_L001,Pre_P20,Pre,994331.7,994317.0,14.7,0.00822
A5_P3_M53_L001,Pre_P20,Pre,993655.5,993655.5,-0.0,0.00918
A5_P4_M53_L001,Pre_P20,Pre,996702.6,995535.5,1167.1,0.00646
A6_P1_M53_L001,Pre_P20,Pre,993398.5,993398.5,-0.0,0.00956
A6_P3_M53_L001,Pre_P20,Pre,998458.5,998458.5,-0.0,0.00223
A6_P4_M53_L001,Pre_P20,Pre,997154.5,997154.5,-0.0,0.00411
A7_P1_M53_L001,Pre_P20,Pre,997783.4,997783.4,-0.0,0.0032
A7_P2_M53_L001,Pre_P20,Pre,993429.0,993429.0,0.0,0.00951
A7_P3_M53_L001,Pre_P20,Pre,992297.2,992297.2,-0.0,0.01116
A7_P4_M53_L001,Pre_P20,Pre,991305.4,991075.9,229.5,0.01293
A8_P1_M53_L001,Pre_P20,Pre,994146.5,992979.4,1167.1,0.01016
A8_P2_M53_L001,Pre_P20,Pre,994585.9,994239.6,346.3,0.00833
A8_P3_M53_L001,Pre_P20,Pre,995542.7,995542.7,-0.0,0.00644
A8_P4_M53_L001,Pre_P20,Pre,994473.8,994473.8,0.0,0.00799
A9_P1_M53_L001,Pre_P20,Pre,997838.8,997838.8,0.0,0.00312
A9_P2_M53_L001,Pre_P20,Pre,999598.2,999598.2,-0.0,0.00058
A9_P3_M53_L001,Pre_P20,Pre,999864.0,999864.0,-0.0,0.0002
A9_P4_M53_L001,Pre_P20,Pre,995520.3,995520.3,-0.0,0.00648
B10_P1_M53_L001,Pre_P20,Pre,993999.7,993999.7,0.0,0.00868
B10_P3_M53_L001,Pre_P20,Pre,995091.1,995091.1,-0.0,0.0071
B10_P4_M53_L001,Pre_P20,Pre,992363.5,991906.2,457.3,0.01172
B11_P1_M53_L001,Pre_P20,Pre,993224.1,993224.1,0.0,0.00981
B11_P2_M53_L001,Pre_P20,Pre,996506.6,996506.6,-0.0,0.00505
B11_P3_M53_L001,Pre_P20,Pre,991672.0,991672.0,-0.0,0.01207
B11_P4_M53_L001,Pre_P20,Pre,995180.4,994383.5,796.9,0.00813
B12_P1_M53_L001,Pre_P20,Pre,991599.6,990307.4,1292.2,0.01405
B12_P2_M53_L001,Pre_P20,Pre,996801.2,996801.2,0.0,0.00462
B12_P3_M53_L001,Pre_P20,Pre,992211.1,992193.1,18.0,0.01131
B12_P4_M53_L001,Pre_P20,Pre,995705.3,995683.6,21.7,0.00624
B1_P1_M53_L001,Pre_P20,Pre,993824.2,993824.2,0.0,0.00894
B1_P2_M53_L001,Pre_P20,Pre,992936.3,992350.8,585.5,0.01108
B1_P3_M53_L001,Pre_P20,Pre,993063.8,993063.8,-0.0,0.01004
B1_P4_M53_L001,Pre_P20,Pre,995322.7,995322.7,-0.0,0.00676
B2_P1_M53_L001,Pre_P20,Pre,985936.2,985936.2,-0.0,0.02043
B2_P2_M53_L001,Pre_P20,Pre,994163.3,994163.3,0.0,0.00845
B2_P3_M53_L001,Pre_P20,Pre,996279.3,996279.3,-0.0,0.00538
B2_P4_M53_L001,Pre_P20,Pre,998764.1,998764.1,0.0,0.00178
B3_P1_M53_L001,Pre_P20,Pre,996595.7,996595.7,0.0,0.00492
B3_P2_M53_L001,Pre_P20,Pre,989709.3,989709.3,-0.0,0.01492
B3_P3_M53_L001,Pre_P20,Pre,995821.8,995601.5,220.3,0.00636
B4_P1_M53_L001,Pre_P20,Pre,996839.6,996839.6,0.0,0.00457
B4_P2_M53_L001,Pre_P20,Pre,993110.2,993107.6,2.6,0.00998
B4_P4_M53_L001,Pre_P20,Pre,991480.7,991480.7,-0.0,0.01234
B5_P2_M53_L001,Pre_P20,Pre,989459.9,989459.9,-0.0,0.01529
B5_P3_M53_L001,Pre_P20,Pre,992936.9,992936.9,-0.0,0.01023
B6_P1_M53_L001,Pre_P20,Pre,995432.4,995432.4,0.0,0.0066
B6_P2_M53_L001,Pre_P20,Pre,995137.7,994926.4,211.3,0.00734
B6_P3_M53_L001,Pre_P20,Pre,995745.2,995745.2,-0.0,0.00615
B6_P4_M53_L001,Pre_P20,Pre,992537.5,992537.5,-0.0,0.01081
B7_P1_M53_L001,Pre_P20,Pre,994879.5,994879.5,0.0,0.00741
B7_P2_M53_L001,Pre_P20,Pre,994400.8,994400.8,-0.0,0.0081
B7_P3_M53_L001,Pre_P20,Pre,989814.5,989814.5,0.0,0.01477
B7_P4_M53_L001,Pre_P20,Pre,988349.0,988349.0,0.0,0.01691
B8_P1_M53_L001,Pre_P20,Pre,991391.4,991391.4,-0.0,0.01247
B8_P2_M53_L001,Pre_P20,Pre,993031.9,992873.1,158.8,0.01032
B8_P3_M53_L001,Pre_P20,Pre,994719.8,994719.8,0.0,0.00764
B8_P4_M53_L001,Pre_P20,Pre,994287.2,994287.2,-0.0,0.00827
B9_P1_M53_L001,Pre_P20,Pre,996723.6,996602.7,120.9,0.00491
B9_P2_M53_L001,Pre_P20,Pre,992161.6,992161.6,-0.0,0.01135
B9_P3_M53_L001,Pre_P20,Pre,999687.4,999687.4,0.0,0.00045
B9_P4_M53_L001,Pre_P20,Pre,995830.9,995830.9,0.0,0.00603
C10_P2_M53_L001,Pre_P20,Pre,992338.9,992338.9,0.0,0.0111
C10_P3_M53_L001,Pre_P20,Pre,996886.8,996886.8,-0.0,0.0045
C10_P4_M53_L001,Pre_P20,Pre,994575.8,994575.8,0.0,0.00785
C11_P1_M53_L001,Pre_P20,Pre,992066.6,992066.6,0.0,0.01149
C11_P2_M53_L001,Pre_P20,Pre,996548.1,996548.1,-0.0,0.00499
C11_P3_M53_L001,Pre_P20,Pre,994453.3,994453.3,-0.0,0.00802
C11_P4_M53_L001,Pre_P20,Pre,996817.2,996817.2,-0.0,0.0046
C12_P1_M53_L001,Pre_P20,Pre,993337.1,993325.5,11.6,0.00966
C12_P2_M53_L001,Pre_P20,Pre,990331.7,990331.7,-0.0,0.01402
C12_P4_M53_L001,Pre_P20,Pre,997671.6,996463.2,1208.4,0.00511
C1_P1_M53_L001,Pre_P20,Pre,995022.4,994946.2,76.2,0.00731
C1_P2_M53_L001,Pre_P20,Pre,996298.2,996298.2,-0.0,0.00535
C1_P3_M53_L001,Pre_P20,Pre,996277.4,996277.4,-0.0,0.00538
C1_P4_M53_L001,Pre_P20,Pre,996883.2,996882.1,1.1,0.00451
C2_P1_M53_L001,Pre_P20,Pre,991390.6,990286.4,1104.2,0.01408
C2_P3_M53_L001,Pre_P20,Pre,994458.1,994458.1,0.0,0.00802
C2_P4_M53_L001,Pre_P20,Pre,995719.7,995719.7,0.0,0.00619
C3_P1_M53_L001,Pre_P20,Pre,994702.5,994695.4,7.1,0.00767
C3_P2_M53_L001,Pre_P20,Pre,995277.1,995277.1,-0.0,0.00683
C3_P3_M53_L001,Pre_P20,Pre,995847.7,995847.7,0.0,0.006
C3_P4_M53_L001,Pre_P20,Pre,995379.2,995149.5,229.7,0.00701
C4_P1_M53_L001,Pre_P20,Pre,993201.8,993201.8,0.0,0.00984
C4_P2_M53_L001,Pre_P20,Pre,996210.7,996210.7,-0.0,0.00548
C4_P3_M53_L001,Pre_P20,Pre,994762.7,994543.9,218.8,0.00789
C4_P4_M53_L001,Pre_P20,Pre,988252.9,988247.2,5.7,0.01706
C5_P1_M53_L001,Pre_P20,Pre,991949.0,991949.0,0.0,0.01166
C5_P2_M53_L001,Pre_P20,Pre,995754.3,995745.3,9.0,0.00615
C5_P4_M53_L001,Pre_P20,Pre,993812.5,993773.6,38.9,0.00901
C6_P1_M53_L001,Pre_P20,Pre,993435.3,993435.3,-0.0,0.0095
C6_P2_M53_L001,Pre_P20,Pre,995872.0,995872.0,0.0,0.00597
C6_P3_M53_L001,Pre_P20,Pre,995441.8,995441.8,0.0,0.00659
C7_P1_M53_L001,Pre_P20,Pre,996732.0,996446.9,285.1,0.00514
C7_P2_M53_L001,Pre_P20,Pre,998910.6,998910.6,0.0,0.00157
C7_P3_M53_L001,Pre_P20,Pre,993777.8,993777.8,-0.0,0.009
C7_P4_M53_L001,Pre_P20,Pre,997284.4,997284.4,-0.0,0.00392
C8_P1_M53_L001,Pre_P20,Pre,995778.0,995778.0,0.0,0.0061
C8_P2_M53_L001,Pre_P20,Pre,989314.0,989314.0,0.0,0.0155
C8_P3_M53_L001,Pre_P20,Pre,994899.3,994899.3,-0.0,0.00738
C8_P4_M53_L001,Pre_P20,Pre,995104.3,995082.8,21.5,0.00711
C9_P1_M53_L001,Pre_P20,Pre,991308.2,991134.3,173.9,0.01285
C9_P2_M53_L001,Pre_P20,Pre,994213.1,994213.1,-0.0,0.00837
C9_P3_M53_L001,Pre_P20,Pre,991796.3,991419.9,376.4,0.01243
D10_P1_M53_L001,Pre_P20,Pre,993891.9,993437.8,454.1,0.0095
D10_P2_M53_L001,Pre_P20,Pre,996381.3,996381.3,-0.0,0.00523
D10_P3_M53_L001,Pre_P20,Pre,995258.7,995258.7,-0.0,0.00686
D11_P2_M53_L001,Pre_P20,Pre,987345.9,987345.9,0.0,0.01837
D11_P3_M53_L001,Pre_P20,Pre,992266.6,992266.6,0.0,0.0112
D12_P1_M53_L001,Pre_P20,Pre,995157.7,995157.7,-0.0,0.007
D12_P2_M53_L001,Pre_P20,Pre,994254.1,994254.1,-0.0,0.00831
D12_P4_M53_L001,Pre_P20,Pre,994609.1,994601.3,7.8,0.00781
D1_P1_M53_L001,Pre_P20,Pre,995443.5,995443.5,0.0,0.00659
D1_P2_M53_L001,Pre_P20,Pre,993482.7,993477.0,5.7,0.00944
D1_P3_M53_L001,Pre_P20,Pre,995601.9,995601.9,0.0,0.00636
D1_P4_M53_L001,Pre_P20,Pre,993939.5,993939.5,-0.0,0.00877
D2_P2_M53_L001,Pre_P20,Pre,994277.8,993336.6,941.2,0.00965
D2_P3_M53_L001,Pre_P20,Pre,996730.8,996730.8,-0.0,0.00472
D2_P4_M53_L001,Pre_P20,Pre,995794.4,995794.4,-0.0,0.00608
D3_P1_M53_L001,Pre_P20,Pre,995679.7,995679.7,-0.0,0.00625
D3_P3_M53_L001,Pre_P20,Pre,994532.7,994532.7,-0.0,0.00791
D3_P4_M53_L001,Pre_P20,Pre,991832.4,991832.4,-0.0,0.01183
D4_P1_M53_L001,Pre_P20,Pre,996995.0,996995.0,0.0,0.00434
D4_P2_M53_L001,Pre_P20,Pre,993756.5,993756.5,0.0,0.00904
D4_P3_M53_L001,Pre_P20,Pre,992540.9,992540.9,0.0,0.0108
D5_P1_M53_L001,Pre_P20,Pre,996719.2,996719.2,0.0,0.00474
D5_P2_M53_L001,Pre_P20,Pre,996475.6,996475.6,-0.0,0.00509
D5_P3_M53_L001,Pre_P20,Pre,996893.6,996893.6,-0.0,0.00449
D5_P4_M53_L001,Pre_P20,Pre,993187.5,993187.5,-0.0,0.00986
D6_P2_M53_L001,Pre_P20,Pre,993788.4,993788.4,0.0,0.00899
D6_P3_M53_L001,Pre_P20,Pre,994943.0,994943.0,0.0,0.00731
D6_P4_M53_L001,Pre_P20,Pre,993503.4,993503.4,-0.0,0.0094
D7_P1_M53_L001,Pre_P20,Pre,996457.2,996317.2,140.0,0.00532
D7_P3_M53_L001,Pre_P20,Pre,996774.5,996774.5,0.0,0.00466
D7_P4_M53_L001,Pre_P20,Pre,996817.3,995476.4,1340.9,0.00654
D8_P1_M53_L001,Pre_P20,Pre,993577.7,993577.7,-0.0,0.0093
D8_P2_M53_L001,Pre_P20,Pre,993358.4,993358.4,-0.0,0.00961
D8_P4_M53_L001,Pre_P20,Pre,991616.0,991616.0,-0.0,0.01215
D9_P1_M53_L001,Pre_P20,Pre,993066.5,993066.5,0.0,0.01004
D9_P2_M53_L001,Pre_P20,Pre,995048.6,995048.6,0.0,0.00716
D9_P3_M53_L001,Pre_P20,Pre,989202.0,989202.0,0.0,0.01566
D9_P4_M53_L001,Pre_P20,Pre,991987.1,991987.1,0.0,0.01161
E10_P1_M53_L001,Pre_P20,Pre,996493.7,996493.7,0.0,0.00507
E10_P3_M53_L001,Pre_P20,Pre,995111.0,995111.0,0.0,0.00707
E10_P4_M53_L001,Pre_P20,Pre,993451.7,993359.6,92.1,0.00961
E11_P1_M53_L001,Pre_P20,Pre,989772.7,989772.7,0.0,0.01483
E11_P2_M53_L001,Pre_P20,Pre,998084.7,998084.7,-0.0,0.00277
E11_P3_M53_L001,Pre_P20,Pre,987236.5,987236.5,0.0,0.01853
E11_P4_M53_L001,Pre_P20,Pre,995559.6,995559.6,0.0,0.00642
E12_P1_M53_L001,Pre_P20,Pre,996560.6,994965.9,1594.7,0.00728
E12_P2_M53_L001,Pre_P20,Pre,996738.7,996738.7,0.0,0.00471
E12_P3_M53_L001,Pre_P20,Pre,994180.6,994180.6,-0.0,0.00842
E12_P4_M53_L001,Pre_P20,Pre,994195.5,994195.5,0.0,0.0084
E1_P1_M53_L001,Pre_P20,Pre,995200.7,995094.1,106.6,0.0071
E1_P2_M53_L001,Pre_P20,Pre,996347.5,996347.5,-0.0,0.00528
E1_P3_M53_L001,Pre_P20,Pre,993678.1,993678.1,-0.0,0.00915
E1_P4_M53_L001,Pre_P20,Pre,994918.4,994918.4,-0.0,0.00735
E2_P2_M53_L001,Pre_P20,Pre,995942.8,995942.8,0.0,0.00587
E2_P3_M53_L001,Pre_P20,Pre,995027.9,995027.9,-0.0,0.00719
E2_P4_M53_L001,Pre_P20,Pre,994876.4,994876.4,-0.0,0.00741
E3_P1_M53_L001,Pre_P20,Pre,993915.5,992625.6,1289.9,0.01068
E3_P2_M53_L001,Pre_P20,Pre,998591.7,998557.7,34.0,0.00208
E3_P4_M53_L001,Pre_P20,Pre,995176.1,995176.1,-0.0,0.00698
E4_P1_M53_L001,Pre_P20,Pre,993521.6,993515.4,6.2,0.00939
E4_P3_M53_L001,Pre_P20,Pre,992439.7,992439.7,-0.0,0.01095
E5_P1_M53_L001,Pre_P20,Pre,996718.6,995178.2,1540.4,0.00697
E5_P2_M53_L001,Pre_P20,Pre,996125.4,996124.6,0.8,0.0056
E5_P3_M53_L001,Pre_P20,Pre,996893.3,995374.1,1519.2,0.00669
E5_P4_M53_L001,Pre_P20,Pre,999688.0,999688.0,-0.0,0.00045
E6_P1_M53_L001,Pre_P20,Pre,997236.6,997236.6,-0.0,0.00399
E6_P2_M53_L001,Pre_P20,Pre,997455.8,997455.8,0.0,0.00368
E6_P3_M53_L001,Pre_P20,Pre,995900.7,995900.7,0.0,0.00593
E6_P4_M53_L001,Pre_P20,Pre,996166.8,996166.8,0.0,0.00554
E7_P1_M53_L001,Pre_P20,Pre,995120.0,994669.1,450.9,0.00771
E7_P2_M53_L001,Pre_P20,Pre,996728.9,996728.9,-0.0,0.00473
E7_P3_M53_L001,Pre_P20,Pre,996316.0,996010.0,306.0,0.00577
E7_P4_M53_L001,Pre_P20,Pre,990697.2,990697.2,-0.0,0.01348
E8_P1_M53_L001,Pre_P20,Pre,993630.4,993630.4,0.0,0.00922
E8_P2_M53_L001,Pre_P20,Pre,994751.8,994751.8,0.0,0.00759
E8_P3_M53_L001,Pre_P20,Pre,994663.4,994663.4,0.0,0.00772
E8_P4_M53_L001,Pre_P20,Pre,995406.1,995406.1,-0.0,0.00664
E9_P1_M53_L001,Pre_P20,Pre,992750.8,992750.8,0.0,0.0105
E9_P2_M53_L001,Pre_P20,Pre,996298.4,996298.4,0.0,0.00535
E9_P3_M53_L001,Pre_P20,Pre,990888.9,990888.9,0.0,0.0132
E9_P4_M53_L001,Pre_P20,Pre,995603.4,995603.4,-0.0,0.00636
F10_P1_M53_L001,Pre_P20,Pre,995388.5,995367.2,21.3,0.0067
F11_P2_M53_L001,Pre_P20,Pre,995728.6,995728.6,0.0,0.00618
F11_P3_M53_L001,Pre_P20,Pre,991071.9,991071.9,0.0,0.01294
F11_P4_M53_L001,Pre_P20,Pre,993956.7,993946.8,9.9,0.00876
F12_P1_M53_L001,Pre_P20,Pre,994361.9,994361.9,0.0,0.00816
F12_P2_M53_L001,Pre_P20,Pre,995558.7,995558.7,-0.0,0.00642
F12_P3_M53_L001,Pre_P20,Pre,996059.2,996059.2,-0.0,0.0057
F12_P4_M53_L001,Pre_P20,Pre,995045.6,995019.7,25.9,0.0072
F1_P1_M53_L001,Pre_P20,Pre,994546.1,994546.1,0.0,0.00789
F1_P2_M53_L001,Pre_P20,Pre,995419.3,995419.3,0.0,0.00662
F1_P3_M53_L001,Pre_P20,Pre,995130.9,995130.9,0.0,0.00704
F1_P4_M53_L001,Pre_P20,Pre,995247.1,994924.1,323.0,0.00734
F2_P1_M53_L001,Pre_P20,Pre,996768.7,996768.7,-0.0,0.00467
F2_P2_M53_L001,Pre_P20,Pre,992817.0,992402.1,414.9,0.011
F2_P3_M53_L001,Pre_P20,Pre,994014.8,994014.8,0.0,0.00866
F2_P4_M53_L001,Pre_P20,Pre,994687.0,992455.0,2232.0,0.01093
F3_P1_M53_L001,Pre_P20,Pre,990872.1,990834.5,37.6,0.01328
F3_P4_M53_L001,Pre_P20,Pre,996106.5,996106.5,-0.0,0.00563
F4_P1_M53_L001,Pre_P20,Pre,990598.3,990598.3,0.0,0.01363
F4_P2_M53_L001,Pre_P20,Pre,996005.8,994422.1,1583.7,0.00807
F4_P3_M53_L001,Pre_P20,Pre,995232.3,995232.3,0.0,0.00689
F5_P2_M53_L001,Pre_P20,Pre,995740.8,995740.8,-0.0,0.00616
F5_P3_M53_L001,Pre_P20,Pre,998345.2,998178.5,166.7,0.00263
F5_P4_M53_L001,Pre_P20,Pre,993300.9,993300.9,0.0,0.0097
F6_P1_M53_L001,Pre_P20,Pre,995903.5,995903.5,-0.0,0.00592
F6_P2_M53_L001,Pre_P20,Pre,996587.1,996587.1,-0.0,0.00493
F6_P3_M53_L001,Pre_P20,Pre,995363.0,995363.0,-0.0,0.00671
F6_P4_M53_L001,Pre_P20,Pre,993019.4,993019.4,-0.0,0.01011
F7_P1_M53_L001,Pre_P20,Pre,993409.0,993409.0,0.0,0.00954
F7_P2_M53_L001,Pre_P20,Pre,995470.1,995470.1,0.0,0.00655
F7_P3_M53_L001,Pre_P20,Pre,995462.8,995462.8,-0.0,0.00656
F8_P1_M53_L001,Pre_P20,Pre,994323.6,994323.6,0.0,0.00821
F8_P2_M53_L001,Pre_P20,Pre,993349.4,993349.4,-0.0,0.00963
F8_P3_M53_L001,Pre_P20,Pre,992222.6,992180.0,42.6,0.01133
F8_P4_M53_L001,Pre_P20,Pre,992461.2,992294.5,166.7,0.01116
F9_P2_M53_L001,Pre_P20,Pre,999602.8,999602.8,0.0,0.00057
F9_P3_M53_L001,Pre_P20,Pre,995528.8,995528.8,0.0,0.00647
F9_P4_M53_L001,Pre_P20,Pre,996397.4,996397.4,-0.0,0.00521
G10_P1_M53_L001,Pre_P20,Pre,992431.1,992431.1,-0.0,0.01096
G10_P2_M53_L001,Pre_P20,Pre,995688.0,995601.6,86.4,0.00636
G10_P3_M53_L001,Pre_P20,Pre,993384.7,993384.7,0.0,0.00958
G10_P4_M53_L001,Pre_P20,Pre,995120.2,995120.2,-0.0,0.00706
G11_P1_M53_L001,Pre_P20,Pre,993820.9,993697.4,123.5,0.00912
G11_P3_M53_L001,Pre_P20,Pre,994954.6,994947.9,6.7,0.00731
G11_P4_M53_L001,Pre_P20,Pre,996863.8,996397.9,465.9,0.00521
G12_P1_M53_L001,Pre_P20,Pre,995816.3,995814.4,1.9,0.00605
G12_P2_M53_L001,Pre_P20,Pre,991720.4,991685.7,34.7,0.01205
G12_P3_M53_L001,Pre_P20,Pre,996796.0,996535.6,260.4,0.00501
G12_P4_M53_L001,Pre_P20,Pre,995388.7,995388.7,0.0,0.00667
G1_P1_M53_L001,Pre_P20,Pre,995160.6,995160.6,-0.0,0.007
G1_P2_M53_L001,Pre_P20,Pre,993448.7,993313.5,135.2,0.00968
G1_P3_M53_L001,Pre_P20,Pre,998649.5,998649.5,0.0,0.00195
G1_P4_M53_L001,Pre_P20,Pre,996366.9,996366.9,0.0,0.00525
G2_P1_M53_L001,Pre_P20,Pre,992424.8,992424.8,-0.0,0.01097
G2_P2_M53_L001,Pre_P20,Pre,994917.1,994917.1,0.0,0.00735
G2_P3_M53_L001,Pre_P20,Pre,992126.7,992126.7,0.0,0.0114
G2_P4_M53_L001,Pre_P20,Pre,993037.8,993037.8,0.0,0.01008
G3_P2_M53_L001,Pre_P20,Pre,995826.5,995545.4,281.1,0.00644
G3_P4_M53_L001,Pre_P20,Pre,997870.6,997870.6,0.0,0.00308
G4_P1_M53_L001,Pre_P20,Pre,996969.6,996969.6,-0.0,0.00438
G4_P3_M53_L001,Pre_P20,Pre,989908.0,989902.9,5.1,0.01464
G4_P4_M53_L001,Pre_P20,Pre,985580.4,985580.4,-0.0,0.02095
G5_P1_M53_L001,Pre_P20,Pre,995146.5,995146.5,0.0,0.00702
G5_P2_M53_L001,Pre_P20,Pre,993992.3,993992.3,0.0,0.00869
G5_P3_M53_L001,Pre_P20,Pre,992832.9,992821.4,11.5,0.01039
G5_P4_M53_L001,Pre_P20,Pre,994338.1,994338.1,-0.0,0.00819
G6_P1_M53_L001,Pre_P20,Pre,995915.4,995915.4,0.0,0.0059
G6_P2_M53_L001,Pre_P20,Pre,991168.4,991168.4,0.0,0.0128
G6_P3_M53_L001,Pre_P20,Pre,994195.8,994195.8,0.0,0.0084
G6_P4_M53_L001,Pre_P20,Pre,996347.4,993798.9,2548.5,0.00897
G7_P1_M53_L001,Pre_P20,Pre,997353.5,997353.5,0.0,0.00382
G7_P2_M53_L001,Pre_P20,Pre,995757.1,995699.8,57.3,0.00622
G7_P3_M53_L001,Pre_P20,Pre,990874.4,988571.3,2303.1,0.01658
G7_P4_M53_L001,Pre_P20,Pre,995365.0,995365.0,0.0,0.0067
G8_P1_M53_L001,Pre_P20,Pre,996725.5,996725.5,-0.0,0.00473
G8_P2_M53_L001,Pre_P20,Pre,998720.6,998720.6,-0.0,0.00185
G8_P3_M53_L001,Pre_P20,Pre,993345.5,993345.5,0.0,0.00963
G8_P4_M53_L001,Pre_P20,Pre,994340.0,994340.0,-0.0,0.00819
G9_P3_M53_L001,Pre_P20,Pre,994077.9,994077.9,0.0,0.00857
G9_P4_M53_L001,Pre_P20,Pre,993234.7,993234.7,-0.0,0.00979
H10_P1_M53_L001,Pre_P20,Pre,994483.9,994483.9,0.0,0.00798
H10_P3_M53_L001,Pre_P20,Pre,997351.0,997351.0,-0.0,0.00383
H10_P4_M53_L001,Pre_P20,Pre,996146.4,996146.4,-0.0,0.00557
H11_P1_M53_L001,Pre_P20,Pre,999873.6,999871.8,1.8,0.00018
H11_P2_M53_L001,Pre_P20,Pre,997770.6,997770.6,0.0,0.00322
H11_P3_M53_L001,Pre_P20,Pre,990383.7,990383.7,-0.0,0.01394
H11_P4_M53_L001,Pre_P20,Pre,987929.4,987919.6,9.8,0.01753
H12_P2_M53_L001,Pre_P20,Pre,996172.6,996172.6,-0.0,0.00553
H12_P3_M53_L001,Pre_P20,Pre,994376.3,994376.3,-0.0,0.00814
H12_P4_M53_L001,Pre_P20,Pre,991883.1,991883.1,0.0,0.01176
H1_P1_M53_L001,Pre_P20,Pre,994163.6,994163.6,-0.0,0.00844
H1_P3_M53_L001,Pre_P20,Pre,996415.0,996415.0,-0.0,0.00518
H1_P4_M53_L001,Pre_P20,Pre,998563.4,998563.4,0.0,0.00207
H2_P1_M53_L001,Pre_P20,Pre,994446.8,994446.8,0.0,0.00803
H2_P2_M53_L001,Pre_P20,Pre,995067.5,995067.5,-0.0,0.00713
H2_P4_M53_L001,Pre_P20,Pre,993256.3,993252.5,3.8,0.00977
H3_P2_M53_L001,Pre_P20,Pre,994436.3,994436.3,0.0,0.00805
H3_P3_M53_L001,Pre_P20,Pre,990634.9,990634.9,0.0,0.01357
H3_P4_M53_L001,Pre_P20,Pre,991241.5,991241.5,0.0,0.01269
H4_P1_M53_L001,Pre_P20,Pre,995859.8,995859.8,0.0,0.00599
H4_P2_M53_L001,Pre_P20,Pre,996409.0,996409.0,0.0,0.00519
H4_P3_M53_L001,Pre_P20,Pre,992629.9,992629.9,-0.0,0.01067
H4_P4_M53_L001,Pre_P20,Pre,995701.1,995701.1,0.0,0.00622
H5_P1_M53_L001,Pre_P20,Pre,986606.5,983336.9,3269.6,0.02424
H5_P2_M53_L001,Pre_P20,Pre,991629.7,991629.7,0.0,0.01213
H5_P3_M53_L001,Pre_P20,Pre,995662.5,995662.5,-0.0,0.00627
H5_P4_M53_L001,Pre_P20,Pre,994712.7,994274.6,438.1,0.00828
H6_P2_M53_L001,Pre_P20,Pre,996296.4,996296.4,0.0,0.00535
H6_P3_M53_L001,Pre_P20,Pre,992596.0,992596.0,-0.0,0.01072
H6_P4_M53_L001,Pre_P20,Pre,994226.1,986996.0,7230.1,0.01888
H7_P1_M53_L001,Pre_P20,Pre,995528.6,995528.6,0.0,0.00647
H7_P3_M53_L001,Pre_P20,Pre,994352.6,994352.6,0.0,0.00817
H7_P4_M53_L001,Pre_P20,Pre,994000.8,994000.8,-0.0,0.00868
H8_P1_M53_L001,Pre_P20,Pre,989389.1,988540.9,848.2,0.01663
H8_P2_M53_L001,Pre_P20,Pre,996059.0,996059.0,-0.0,0.0057
H8_P3_M53_L001,Pre_P20,Pre,990318.1,990318.1,-0.0,0.01404
H8_P4_M53_L001,Pre_P20,Pre,993489.8,993140.2,349.6,0.00993
H9_P1_M53_L001,Pre_P20,Pre,991335.2,991335.2,0.0,0.01256
H9_P2_M53_L001,Pre_P20,Pre,995888.5,995888.5,-0.0,0.00594
H9_P3_M53_L001,Pre_P20,Pre,994685.4,994685.4,-0.0,0.00769
H9_P4_M53_L001,Pre_P20,Pre,996839.1,996042.3,796.8,0.00572
A10_P1_M79_L001,Post_P20,Post,995552.5,995541.0,11.5,0.00645
A10_P2_M79_L001,Post_P20,Post,996036.9,996036.9,-0.0,0.00573
A10_P3_M79_L001,Post_P20,Post,994099.3,993886.5,212.8,0.00885
A10_P4_M79_L001,Post_P20,Post,996808.9,996808.9,0.0,0.00461
A11_P1_M79_L001,Post_P20,Post,995097.2,995097.2,-0.0,0.00709
A11_P2_M79_L001,Post_P20,Post,992965.7,992965.7,0.0,0.01018
A11_P3_M79_L001,Post_P20,Post,995835.5,995835.5,0.0,0.00602
A11_P4_M79_L001,Post_P20,Post,995309.7,995309.7,0.0,0.00678
A12_P1_M79_L001,Post_P20,Post,995127.0,995127.0,0.0,0.00705
A12_P2_M79_L001,Post_P20,Post,996461.9,996461.9,0.0,0.00511
A12_P3_M79_L001,Post_P20,Post,994934.7,994934.7,-0.0,0.00733
A12_P4_M79_L001,Post_P20,Post,995386.8,995176.2,210.6,0.00698
A2_P1_M79_L001,Post_P20,Post,988819.9,988611.5,208.4,0.01652
A2_P2_M79_L001,Post_P20,Post,995696.5,995696.5,-0.0,0.00622
A2_P3_M79_L001,Post_P20,Post,995335.0,995333.7,1.3,0.00675
A2_P4_M79_L001,Post_P20,Post,994439.6,994439.6,-0.0,0.00804
A3_P1_M79_L001,Post_P20,Post,997762.2,997762.2,0.0,0.00323
A3_P2_M79_L001,Post_P20,Post,992449.2,992252.5,196.7,0.01122
A3_P3_M79_L001,Post_P20,Post,996080.0,996016.5,63.5,0.00576
A3_P4_M79_L001,Post_P20,Post,995221.2,995221.2,0.0,0.00691
A4_P1_M79_L001,Post_P20,Post,995144.5,995144.5,-0.0,0.00702
A4_P2_M79_L001,Post_P20,Post,994144.2,994144.2,0.0,0.00847
A4_P3_M79_L001,Post_P20,Post,995380.7,995380.7,-0.0,0.00668
A4_P4_M79_L001,Post_P20,Post,996167.2,996167.2,0.0,0.00554
A5_P1_M79_L001,Post_P20,Post,994694.5,994694.5,-0.0,0.00767
A5_P2_M79_L001,Post_P20,Post,988763.8,988763.8,0.0,0.0163
A5_P3_M79_L001,Post_P20,Post,993420.3,993269.0,151.3,0.00974
A5_P4_M79_L001,Post_P20,Post,997407.0,997347.4,59.6,0.00383
A6_P1_M79_L001,Post_P20,Post,993869.6,993857.7,11.9,0.00889
A6_P2_M79_L001,Post_P20,Post,991709.2,991709.2,-0.0,0.01201
A6_P3_M79_L001,Post_P20,Post,992457.7,992411.8,45.9,0.01099
A6_P4_M79_L001,Post_P20,Post,995628.9,995628.9,-0.0,0.00632
A7_P1_M79_L001,Post_P20,Post,994680.7,994680.7,0.0,0.00769
A7_P2_M79_L001,Post_P20,Post,994410.4,994331.5,78.9,0.0082
A7_P3_M79_L001,Post_P20,Post,994318.7,994318.7,-0.0,0.00822
A7_P4_M79_L001,Post_P20,Post,997569.7,997516.5,53.2,0.00359
A8_P2_M79_L001,Post_P20,Post,994719.2,994719.2,0.0,0.00764
A8_P3_M79_L001,Post_P20,Post,997868.2,997868.2,-0.0,0.00308
A8_P4_M79_L001,Post_P20,Post,997272.5,997226.0,46.5,0.00401
A9_P1_M79_L001,Post_P20,Post,996693.8,996693.8,-0.0,0.00478
A9_P2_M79_L001,Post_P20,Post,989290.8,989290.8,0.0,0.01553
A9_P4_M79_L001,Post_P20,Post,995578.6,995578.6,0.0,0.00639
B10_P1_M79_L001,Post_P20,Post,996167.2,996113.6,53.6,0.00562
B10_P2_M79_L001,Post_P20,Post,993446.8,993446.8,0.0,0.00949
B10_P3_M79_L001,Post_P20,Post,996240.8,996240.8,-0.0,0.00543
B10_P4_M79_L001,Post_P20,Post,996767.5,996440.8,326.7,0.00514
B11_P1_M79_L001,Post_P20,Post,995659.8,995659.8,-0.0,0.00628
B11_P2_M79_L001,Post_P20,Post,995715.1,995659.6,55.5,0.00628
B11_P3_M79_L001,Post_P20,Post,993221.5,993221.5,-0.0,0.00981
B11_P4_M79_L001,Post_P20,Post,994517.4,994517.4,0.0,0.00793
B12_P1_M79_L001,Post_P20,Post,995790.2,995790.2,0.0,0.00609
B12_P2_M79_L001,Post_P20,Post,995912.6,995912.6,-0.0,0.00591
B12_P3_M79_L001,Post_P20,Post,996498.1,996498.1,0.0,0.00506
B12_P4_M79_L001,Post_P20,Post,996130.3,996130.3,0.0,0.00559
B1_P1_M79_L001,Post_P20,Post,996732.2,996732.2,0.0,0.00472
B1_P2_M79_L001,Post_P20,Post,995157.0,995011.0,146.0,0.00722
B1_P3_M79_L001,Post_P20,Post,995414.7,995414.7,-0.0,0.00663
B1_P4_M79_L001,Post_P20,Post,997042.9,997008.4,34.5,0.00432
B2_P1_M79_L001,Post_P20,Post,988093.0,988093.0,0.0,0.01728
B2_P2_M79_L001,Post_P20,Post,996287.3,996287.3,-0.0,0.00537
B2_P4_M79_L001,Post_P20,Post,995027.8,995027.8,0.0,0.00719
B3_P1_M79_L001,Post_P20,Post,994714.8,994697.2,17.6,0.00767
B3_P2_M79_L001,Post_P20,Post,994956.1,994956.1,-0.0,0.0073
B3_P3_M79_L001,Post_P20,Post,996186.2,996174.9,11.3,0.00553
B3_P4_M79_L001,Post_P20,Post,993639.1,993639.1,0.0,0.00921
B4_P1_M79_L001,Post_P20,Post,996052.8,994768.3,1284.5,0.00757
B4_P2_M79_L001,Post_P20,Post,993391.4,993391.4,-0.0,0.00957
B4_P3_M79_L001,Post_P20,Post,996113.2,996113.2,0.0,0.00562
B4_P4_M79_L001,Post_P20,Post,995590.0,995590.0,-0.0,0.00638
B5_P1_M79_L001,Post_P20,Post,994245.9,994245.9,-0.0,0.00833
B5_P2_M79_L001,Post_P20,Post,995325.5,995325.5,-0.0,0.00676
B5_P3_M79_L001,Post_P20,Post,992872.9,992872.9,0.0,0.01032
B5_P4_M79_L001,Post_P20,Post,995443.5,995443.5,0.0,0.00659
B6_P1_M79_L001,Post_P20,Post,995316.2,995316.2,-0.0,0.00677
B6_P2_M79_L001,Post_P20,Post,995018.0,995018.0,0.0,0.00721
B6_P3_M79_L001,Post_P20,Post,993271.7,993271.7,0.0,0.00974
B6_P4_M79_L001,Post_P20,Post,992025.0,992025.0,0.0,0.01155
B7_P1_M79_L001,Post_P20,Post,990376.1,990376.1,-0.0,0.01395
B7_P2_M79_L001,Post_P20,Post,995887.9,995887.9,-0.0,0.00594
B7_P3_M79_L001,Post_P20,Post,993473.3,993473.3,0.0,0.00945
B7_P4_M79_L001,Post_P20,Post,987978.1,985062.7,2915.4,0.02171
B8_P1_M79_L001,Post_P20,Post,994029.2,994029.2,-0.0,0.00864
B8_P2_M79_L001,Post_P20,Post,995749.2,995749.2,0.0,0.00615
B8_P3_M79_L001,Post_P20,Post,993376.4,993103.1,273.3,0.00998
B8_P4_M79_L001,Post_P20,Post,994538.4,994257.3,281.1,0.00831
B9_P1_M79_L001,Post_P20,Post,995914.5,995914.5,-0.0,0.00591
B9_P2_M79_L001,Post_P20,Post,995768.5,995768.5,-0.0,0.00612
B9_P3_M79_L001,Post_P20,Post,999849.5,999849.5,-0.0,0.00022
B9_P4_M79_L001,Post_P20,Post,996971.7,994232.6,2739.1,0.00834
C10_P1_M79_L001,Post_P20,Post,997076.1,997076.1,-0.0,0.00422
C10_P3_M79_L001,Post_P20,Post,994597.1,994597.1,0.0,0.00782
C10_P4_M79_L001,Post_P20,Post,996561.3,996561.3,-0.0,0.00497
C11_P1_M79_L001,Post_P20,Post,996624.1,996624.1,-0.0,0.00488
C11_P2_M79_L001,Post_P20,Post,992586.1,992586.1,0.0,0.01074
C11_P4_M79_L001,Post_P20,Post,994086.7,994045.5,41.2,0.00862
C12_P1_M79_L001,Post_P20,Post,997629.4,997629.4,-0.0,0.00342
C12_P2_M79_L001,Post_P20,Post,995258.5,995258.5,0.0,0.00686
C12_P3_M79_L001,Post_P20,Post,996123.9,996123.9,0.0,0.0056
C12_P4_M79_L001,Post_P20,Post,994070.9,994070.9,-0.0,0.00858
C1_P1_M79_L001,Post_P20,Post,998694.3,993439.4,5254.9,0.0095
C1_P2_M79_L001,Post_P20,Post,996928.6,996928.6,-0.0,0.00444
C1_P3_M79_L001,Post_P20,Post,994327.2,994262.9,64.3,0.0083
C1_P4_M79_L001,Post_P20,Post,995364.5,995364.5,0.0,0.0067
C2_P1_M79_L001,Post_P20,Post,993775.8,993434.3,341.5,0.0095
C2_P2_M79_L001,Post_P20,Post,997033.3,997033.3,-0.0,0.00429
C2_P3_M79_L001,Post_P20,Post,996949.6,996805.6,144.0,0.00462
C2_P4_M79_L001,Post_P20,Post,995523.1,995523.1,0.0,0.00647
C3_P1_M79_L001,Post_P20,Post,994187.2,994187.2,-0.0,0.00841
C3_P2_M79_L001,Post_P20,Post,994901.8,994901.8,-0.0,0.00737
C3_P3_M79_L001,Post_P20,Post,996430.5,996430.5,0.0,0.00516
C3_P4_M79_L001,Post_P20,Post,995888.4,995888.4,-0.0,0.00594
C4_P1_M79_L001,Post_P20,Post,996651.2,996651.2,-0.0,0.00484
C4_P2_M79_L001,Post_P20,Post,994816.5,994816.5,0.0,0.0075
C4_P3_M79_L001,Post_P20,Post,996084.3,996025.6,58.7,0.00575
C4_P4_M79_L001,Post_P20,Post,994059.6,994059.6,-0.0,0.0086
C5_P1_M79_L001,Post_P20,Post,993037.2,993017.7,19.5,0.01011
C5_P2_M79_L001,Post_P20,Post,997177.3,997177.3,0.0,0.00408
C5_P4_M79_L001,Post_P20,Post,994935.7,994930.7,5.0,0.00733
C6_P2_M79_L001,Post_P20,Post,993838.0,993838.0,-0.0,0.00892
C6_P3_M79_L001,Post_P20,Post,994864.8,994864.8,-0.0,0.00743
C6_P4_M79_L001,Post_P20,Post,996446.3,996446.3,-0.0,0.00514
C7_P1_M79_L001,Post_P20,Post,991716.0,991705.0,11.0,0.01202
C7_P3_M79_L001,Post_P20,Post,995790.8,995777.8,13.0,0.0061
C7_P4_M79_L001,Post_P20,Post,992308.4,992308.4,0.0,0.01114
C8_P1_M79_L001,Post_P20,Post,996373.9,996373.9,-0.0,0.00524
C8_P2_M79_L001,Post_P20,Post,991637.6,991571.4,66.2,0.01221
C8_P3_M79_L001,Post_P20,Post,994703.2,994703.2,-0.0,0.00766
C8_P4_M79_L001,Post_P20,Post,992997.0,992997.0,0.0,0.01014
C9_P1_M79_L001,Post_P20,Post,991906.7,991906.7,-0.0,0.01172
C9_P3_M79_L001,Post_P20,Post,996456.6,996456.6,-0.0,0.00512
C9_P4_M79_L001,Post_P20,Post,996765.4,996765.4,0.0,0.00467
D10_P2_M79_L001,Post_P20,Post,996357.0,996357.0,-0.0,0.00527
D10_P3_M79_L001,Post_P20,Post,995436.1,995436.1,0.0,0.0066
D11_P1_M79_L001,Post_P20,Post,995053.0,995053.0,0.0,0.00715
D11_P2_M79_L001,Post_P20,Post,993040.6,993033.9,6.7,0.01009
D11_P3_M79_L001,Post_P20,Post,995075.5,995075.5,0.0,0.00712
D11_P4_M79_L001,Post_P20,Post,993971.5,993961.6,9.9,0.00874
D12_P2_M79_L001,Post_P20,Post,997355.9,997355.9,0.0,0.00382
D12_P3_M79_L001,Post_P20,Post,996491.5,996491.5,-0.0,0.00507
D12_P4_M79_L001,Post_P20,Post,994193.4,994193.4,0.0,0.0084
D1_P1_M79_L001,Post_P20,Post,997534.7,997534.7,0.0,0.00356
D1_P2_M79_L001,Post_P20,Post,993790.4,993642.4,148.0,0.0092
D1_P3_M79_L001,Post_P20,Post,993540.8,993476.9,63.9,0.00944
D1_P4_M79_L001,Post_P20,Post,995556.7,995556.7,-0.0,0.00642
D2_P1_M79_L001,Post_P20,Post,997482.3,997482.3,0.0,0.00364
D2_P2_M79_L001,Post_P20,Post,997178.6,997178.6,-0.0,0.00408
D2_P3_M79_L001,Post_P20,Post,997172.8,997007.2,165.6,0.00432
D2_P4_M79_L001,Post_P20,Post,991016.0,991009.6,6.4,0.01303
D3_P1_M79_L001,Post_P20,Post,995671.1,995666.9,4.2,0.00626
D3_P2_M79_L001,Post_P20,Post,994681.6,994681.6,-0.0,0.00769
D3_P3_M79_L001,Post_P20,Post,993236.9,993123.3,113.6,0.00996
D3_P4_M79_L001,Post_P20,Post,993740.6,993740.6,-0.0,0.00906
D4_P1_M79_L001,Post_P20,Post,996149.3,996130.2,19.1,0.00559
D4_P2_M79_L001,Post_P20,Post,993420.3,993420.3,0.0,0.00952
D4_P3_M79_L001,Post_P20,Post,995807.8,994826.5,981.3,0.00748
D5_P1_M79_L001,Post_P20,Post,997589.6,997589.6,0.0,0.00348
D5_P2_M79_L001,Post_P20,Post,994402.4,994402.4,0.0,0.0081
D5_P3_M79_L001,Post_P20,Post,992200.2,992200.2,0.0,0.0113
D5_P4_M79_L001,Post_P20,Post,990060.4,990060.4,0.0,0.01441
D6_P2_M79_L001,Post_P20,Post,998496.0,998496.0,-0.0,0.00217
D6_P3_M79_L001,Post_P20,Post,995664.9,995664.9,0.0,0.00627
D6_P4_M79_L001,Post_P20,Post,995395.6,994604.2,791.4,0.00781
D7_P1_M79_L001,Post_P20,Post,995797.4,995797.4,-0.0,0.00608
D7_P2_M79_L001,Post_P20,Post,992342.0,992342.0,0.0,0.01109
D7_P3_M79_L001,Post_P20,Post,999691.6,999691.6,0.0,0.00044
D7_P4_M79_L001,Post_P20,Post,996479.8,996479.8,-0.0,0.00509
D8_P1_M79_L001,Post_P20,Post,993314.8,993041.4,273.4,0.01007
D8_P2_M79_L001,Post_P20,Post,996020.9,996020.9,0.0,0.00575
D8_P3_M79_L001,Post_P20,Post,995150.0,995098.3,51.7,0.00709
D8_P4_M79_L001,Post_P20,Post,992596.0,992573.4,22.6,0.01075
D9_P1_M79_L001,Post_P20,Post,993989.8,993989.8,-0.0,0.0087
D9_P2_M79_L001,Post_P20,Post,997362.0,997362.0,-0.0,0.00381
D9_P3_M79_L001,Post_P20,Post,994935.0,994935.0,-0.0,0.00733
D9_P4_M79_L001,Post_P20,Post,996081.3,996081.3,0.0,0.00566
E10_P1_M79_L001,Post_P20,Post,995813.2,995813.2,-0.0,0.00605
E10_P2_M79_L001,Post_P20,Post,997201.0,997201.0,0.0,0.00404
E10_P3_M79_L001,Post_P20,Post,986108.5,986108.5,0.0,0.02018
E10_P4_M79_L001,Post_P20,Post,994182.4,994182.4,-0.0,0.00842
E11_P1_M79_L001,Post_P20,Post,996178.7,995982.9,195.8,0.00581
E11_P2_M79_L001,Post_P20,Post,994144.4,994081.8,62.6,0.00856
E11_P3_M79_L001,Post_P20,Post,996689.0,996689.0,-0.0,0.00478
E11_P4_M79_L001,Post_P20,Post,996549.0,996549.0,0.0,0.00499
E12_P1_M79_L001,Post_P20,Post,996498.7,996498.7,0.0,0.00506
E12_P2_M79_L001,Post_P20,Post,995781.5,995781.5,0.0,0.0061
E12_P3_M79_L001,Post_P20,Post,998129.7,998129.7,-0.0,0.0027
E12_P4_M79_L001,Post_P20,Post,994064.8,994064.8,-0.0,0.00859
E1_P1_M79_L001,Post_P20,Post,996813.0,996813.0,0.0,0.00461
E1_P2_M79_L001,Post_P20,Post,997979.5,997979.5,-0.0,0.00292
E1_P3_M79_L001,Post_P20,Post,996394.8,996394.8,0.0,0.00521
E1_P4_M79_L001,Post_P20,Post,996020.1,993935.5,2084.6,0.00878
E2_P1_M79_L001,Post_P20,Post,994191.4,994191.4,0.0,0.0084
E2_P2_M79_L001,Post_P20,Post,994180.9,994180.9,0.0,0.00842
E2_P3_M79_L001,Post_P20,Post,995839.7,995582.9,256.8,0.00639
E2_P4_M79_L001,Post_P20,Post,995492.3,995492.3,-0.0,0.00652
E3_P1_M79_L001,Post_P20,Post,995045.0,994966.6,78.4,0.00728
E3_P2_M79_L001,Post_P20,Post,990649.0,990621.7,27.3,0.01359
E3_P3_M79_L001,Post_P20,Post,995902.8,995774.1,128.7,0.00611
E3_P4_M79_L001,Post_P20,Post,995103.5,995103.5,-0.0,0.00708
E4_P1_M79_L001,Post_P20,Post,995777.9,995098.6,679.3,0.00709
E4_P2_M79_L001,Post_P20,Post,993109.9,993109.9,-0.0,0.00997
E4_P3_M79_L001,Post_P20,Post,993226.5,991107.3,2119.2,0.01289
E4_P4_M79_L001,Post_P20,Post,992445.4,992403.2,42.2,0.011
E5_P1_M79_L001,Post_P20,Post,995003.3,995003.3,0.0,0.00723
E5_P2_M79_L001,Post_P20,Post,995585.9,995585.9,0.0,0.00638
E5_P3_M79_L001,Post_P20,Post,997244.5,997244.5,-0.0,0.00398
E5_P4_M79_L001,Post_P20,Post,993711.3,993551.4,159.9,0.00933
E6_P1_M79_L001,Post_P20,Post,990713.4,990713.4,-0.0,0.01346
E6_P2_M79_L001,Post_P20,Post,996925.0,996917.8,7.2,0.00445
E6_P3_M79_L001,Post_P20,Post,993367.8,993317.9,49.9,0.00967
E6_P4_M79_L001,Post_P20,Post,995176.7,995176.7,-0.0,0.00698
E7_P1_M79_L001,Post_P20,Post,995267.0,995267.0,0.0,0.00684
E7_P2_M79_L001,Post_P20,Post,995593.7,995593.7,-0.0,0.00637
E7_P3_M79_L001,Post_P20,Post,990449.8,990449.8,0.0,0.01384
E7_P4_M79_L001,Post_P20,Post,991987.6,991987.6,-0.0,0.01161
E8_P1_M79_L001,Post_P20,Post,991943.5,991943.5,-0.0,0.01167
E8_P2_M79_L001,Post_P20,Post,995613.2,995613.2,0.0,0.00634
E8_P3_M79_L001,Post_P20,Post,995637.3,995498.3,139.0,0.00651
E8_P4_M79_L001,Post_P20,Post,995412.3,995412.3,-0.0,0.00663
E9_P1_M79_L001,Post_P20,Post,996850.8,996846.0,4.8,0.00456
E9_P2_M79_L001,Post_P20,Post,995879.4,995879.4,0.0,0.00596
E9_P3_M79_L001,Post_P20,Post,995742.6,995742.6,-0.0,0.00616
E9_P4_M79_L001,Post_P20,Post,995637.3,995637.3,-0.0,0.00631
F10_P1_M79_L001,Post_P20,Post,998072.1,998051.7,20.4,0.00281
F10_P2_M79_L001,Post_P20,Post,995036.8,995036.8,-0.0,0.00718
F10_P3_M79_L001,Post_P20,Post,993519.3,993519.3,0.0,0.00938
F10_P4_M79_L001,Post_P20,Post,993603.5,992536.2,1067.3,0.01081
F11_P1_M79_L001,Post_P20,Post,995254.3,995191.7,62.6,0.00695
F11_P2_M79_L001,Post_P20,Post,992220.6,992220.6,0.0,0.01127
F11_P3_M79_L001,Post_P20,Post,996181.4,996181.4,-0.0,0.00552
F11_P4_M79_L001,Post_P20,Post,993428.9,993399.2,29.7,0.00955
F12_P1_M79_L001,Post_P20,Post,996841.0,996706.7,134.3,0.00476
F12_P2_M79_L001,Post_P20,Post,995859.6,995859.6,-0.0,0.00599
F12_P3_M79_L001,Post_P20,Post,996195.7,996195.7,-0.0,0.0055
F12_P4_M79_L001,Post_P20,Post,991002.7,991002.7,0.0,0.01304
F1_P1_M79_L001,Post_P20,Post,995600.3,995600.3,0.0,0.00636
F1_P2_M79_L001,Post_P20,Post,994723.8,994723.8,0.0,0.00763
F1_P3_M79_L001,Post_P20,Post,994194.7,994194.7,0.0,0.0084
F1_P4_M79_L001,Post_P20,Post,996998.2,996998.2,0.0,0.00434
F2_P1_M79_L001,Post_P20,Post,996426.9,996426.9,-0.0,0.00516
F2_P2_M79_L001,Post_P20,Post,990468.1,990468.1,-0.0,0.01382
F2_P3_M79_L001,Post_P20,Post,996834.1,996834.1,-0.0,0.00457
F2_P4_M79_L001,Post_P20,Post,995458.1,995337.2,120.9,0.00674
F3_P1_M79_L001,Post_P20,Post,995333.5,995327.8,5.7,0.00676
F3_P2_M79_L001,Post_P20,Post,995093.9,995093.9,-0.0,0.0071
F3_P3_M79_L001,Post_P20,Post,996015.5,995983.3,32.2,0.00581
F3_P4_M79_L001,Post_P20,Post,994172.3,994172.3,-0.0,0.00843
F4_P2_M79_L001,Post_P20,Post,992736.5,992736.5,0.0,0.01052
F4_P3_M79_L001,Post_P20,Post,996326.2,996326.2,0.0,0.00531
F4_P4_M79_L001,Post_P20,Post,996562.3,996562.3,0.0,0.00497
F5_P2_M79_L001,Post_P20,Post,996675.6,996675.6,-0.0,0.0048
F5_P3_M79_L001,Post_P20,Post,993570.8,993570.8,0.0,0.00931
F5_P4_M79_L001,Post_P20,Post,992999.6,992999.6,-0.0,0.01013
F6_P1_M79_L001,Post_P20,Post,995836.7,995836.7,-0.0,0.00602
F6_P2_M79_L001,Post_P20,Post,993540.6,993540.6,-0.0,0.00935
F6_P3_M79_L001,Post_P20,Post,994742.9,992399.7,2343.2,0.01101
F6_P4_M79_L001,Post_P20,Post,995333.4,995248.8,84.6,0.00687
F7_P1_M79_L001,Post_P20,Post,994066.4,994066.4,-0.0,0.00859
F7_P2_M79_L001,Post_P20,Post,995829.4,995829.4,0.0,0.00603
F7_P3_M79_L001,Post_P20,Post,996303.0,996303.0,-0.0,0.00534
F8_P1_M79_L001,Post_P20,Post,993878.1,993878.1,0.0,0.00886
F8_P2_M79_L001,Post_P20,Post,997420.0,997420.0,0.0,0.00373
F8_P3_M79_L001,Post_P20,Post,993199.5,993199.5,-0.0,0.00984
F8_P4_M79_L001,Post_P20,Post,994830.0,994830.0,-0.0,0.00748
F9_P1_M79_L001,Post_P20,Post,996019.4,996019.4,-0.0,0.00575
F9_P2_M79_L001,Post_P20,Post,996083.1,996083.1,-0.0,0.00566
F9_P3_M79_L001,Post_P20,Post,995290.1,995290.1,0.0,0.00681
F9_P4_M79_L001,Post_P20,Post,997093.4,997093.4,0.0,0.0042
G10_P1_M79_L001,Post_P20,Post,994392.6,994285.2,107.4,0.00827
G10_P2_M79_L001,Post_P20,Post,995224.1,995224.1,0.0,0.00691
G10_P3_M79_L001,Post_P20,Post,993697.8,993697.8,-0.0,0.00912
G10_P4_M79_L001,Post_P20,Post,995884.2,995884.2,0.0,0.00595
G11_P1_M79_L001,Post_P20,Post,995073.4,995021.0,52.4,0.0072
G11_P2_M79_L001,Post_P20,Post,996565.8,996565.8,-0.0,0.00496
G11_P3_M79_L001,Post_P20,Post,995666.4,995666.4,-0.0,0.00627
G11_P4_M79_L001,Post_P20,Post,994887.9,994825.3,62.6,0.00748
G12_P1_M79_L001,Post_P20,Post,995536.2,995536.2,-0.0,0.00645
G12_P2_M79_L001,Post_P20,Post,992392.8,992253.7,139.1,0.01122
G12_P3_M79_L001,Post_P20,Post,995981.6,995981.6,-0.0,0.00581
G12_P4_M79_L001,Post_P20,Post,995723.4,995723.4,0.0,0.00618
G1_P1_M79_L001,Post_P20,Post,998686.4,998686.4,-0.0,0.0019
G1_P2_M79_L001,Post_P20,Post,996169.1,996169.1,0.0,0.00554
G1_P3_M79_L001,Post_P20,Post,996964.0,996964.0,-0.0,0.00439
G1_P4_M79_L001,Post_P20,Post,996045.4,996045.4,-0.0,0.00572
G2_P1_M79_L001,Post_P20,Post,995597.8,995597.8,-0.0,0.00637
G2_P2_M79_L001,Post_P20,Post,995016.3,995016.3,-0.0,0.00721
G2_P3_M79_L001,Post_P20,Post,994412.8,994063.7,349.1,0.00859
G2_P4_M79_L001,Post_P20,Post,993206.8,993206.8,0.0,0.00983
G3_P1_M79_L001,Post_P20,Post,996021.3,995503.1,518.2,0.0065
G3_P2_M79_L001,Post_P20,Post,996999.8,996999.8,0.0,0.00433
G3_P3_M79_L001,Post_P20,Post,995111.2,995111.2,0.0,0.00707
G3_P4_M79_L001,Post_P20,Post,994823.9,994823.9,-0.0,0.00749
G4_P1_M79_L001,Post_P20,Post,992386.0,992379.3,6.7,0.01104
G4_P2_M79_L001,Post_P20,Post,993443.5,993443.5,-0.0,0.00949
G4_P3_M79_L001,Post_P20,Post,999923.3,999909.8,13.5,0.00013
G4_P4_M79_L001,Post_P20,Post,996364.0,996244.8,119.2,0.00543
G5_P1_M79_L001,Post_P20,Post,994183.1,993793.4,389.7,0.00898
G5_P2_M79_L001,Post_P20,Post,997517.3,997517.3,-0.0,0.00359
G5_P3_M79_L001,Post_P20,Post,992578.4,992578.4,-0.0,0.01075
G5_P4_M79_L001,Post_P20,Post,995797.5,995710.4,87.1,0.0062
G6_P1_M79_L001,Post_P20,Post,997461.5,997461.5,0.0,0.00367
G6_P2_M79_L001,Post_P20,Post,995757.0,995757.0,-0.0,0.00613
G6_P3_M79_L001,Post_P20,Post,996695.0,995925.3,769.7,0.00589
G6_P4_M79_L001,Post_P20,Post,996703.8,996693.2,10.6,0.00478
G7_P2_M79_L001,Post_P20,Post,999562.6,999525.7,36.9,0.00068
G7_P3_M79_L001,Post_P20,Post,993427.1,993427.1,-0.0,0.00951
G7_P4_M79_L001,Post_P20,Post,993705.2,993705.2,0.0,0.00911
G8_P1_M79_L001,Post_P20,Post,998014.3,998014.3,0.0,0.00287
G8_P2_M79_L001,Post_P20,Post,994903.0,993806.5,1096.5,0.00896
G8_P3_M79_L001,Post_P20,Post,994247.4,994247.4,0.0,0.00832
G8_P4_M79_L001,Post_P20,Post,992913.8,992913.8,-0.0,0.01026
G9_P1_M79_L001,Post_P20,Post,994459.8,994459.8,0.0,0.00802
G9_P2_M79_L001,Post_P20,Post,995056.7,995056.7,0.0,0.00715
G9_P4_M79_L001,Post_P20,Post,995243.8,995243.8,0.0,0.00688
H10_P1_M79_L001,Post_P20,Post,992261.6,992261.6,-0.0,0.01121
H10_P2_M79_L001,Post_P20,Post,996776.0,996776.0,-0.0,0.00466
H10_P3_M79_L001,Post_P20,Post,994491.4,994463.7,27.7,0.00801
H10_P4_M79_L001,Post_P20,Post,993849.6,993849.6,-0.0,0.0089
H11_P1_M79_L001,Post_P20,Post,987802.8,987802.8,0.0,0.01771
H11_P2_M79_L001,Post_P20,Post,993324.5,993324.5,-0.0,0.00966
H11_P3_M79_L001,Post_P20,Post,995954.9,995954.9,-0.0,0.00585
H11_P4_M79_L001,Post_P20,Post,994640.9,994640.9,0.0,0.00775
H12_P1_M79_L001,Post_P20,Post,994128.6,994128.6,-0.0,0.0085
H12_P2_M79_L001,Post_P20,Post,996326.4,996326.4,-0.0,0.00531
H12_P3_M79_L001,Post_P20,Post,997384.7,997384.7,-0.0,0.00378
H12_P4_M79_L001,Post_P20,Post,994934.7,994886.2,48.5,0.0074
H1_P2_M79_L001,Post_P20,Post,998029.6,997685.7,343.9,0.00334
H1_P3_M79_L001,Post_P20,Post,994595.3,994581.1,14.2,0.00784
H1_P4_M79_L001,Post_P20,Post,995171.0,995171.0,-0.0,0.00698
H2_P1_M79_L001,Post_P20,Post,994457.4,994457.4,0.0,0.00802
H2_P2_M79_L001,Post_P20,Post,993953.3,993867.5,85.8,0.00887
H2_P3_M79_L001,Post_P20,Post,998398.0,998398.0,0.0,0.00231
H2_P4_M79_L001,Post_P20,Post,995416.4,995143.0,273.4,0.00702
H3_P1_M79_L001,Post_P20,Post,996252.0,996186.3,65.7,0.00551
H3_P2_M79_L001,Post_P20,Post,997725.3,997725.3,-0.0,0.00329
H3_P3_M79_L001,Post_P20,Post,989286.9,988987.6,299.3,0.01598
H3_P4_M79_L001,Post_P20,Post,994854.6,994770.3,84.3,0.00756
H4_P1_M79_L001,Post_P20,Post,994545.9,994545.9,-0.0,0.00789
H4_P2_M79_L001,Post_P20,Post,993970.9,993970.9,-0.0,0.00872
H4_P3_M79_L001,Post_P20,Post,996241.5,996028.8,212.7,0.00574
H4_P4_M79_L001,Post_P20,Post,992900.8,992353.1,547.7,0.01107
H5_P1_M79_L001,Post_P20,Post,996680.3,996674.0,6.3,0.00481
H5_P2_M79_L001,Post_P20,Post,995909.7,995909.7,-0.0,0.00591
H5_P3_M79_L001,Post_P20,Post,993956.9,993956.9,-0.0,0.00874
H5_P4_M79_L001,Post_P20,Post,995444.4,995433.7,10.7,0.0066
H6_P1_M79_L001,Post_P20,Post,992480.9,989978.9,2502.0,0.01453
H6_P2_M79_L001,Post_P20,Post,995357.7,995333.9,23.8,0.00675
H6_P3_M79_L001,Post_P20,Post,993853.9,993853.9,0.0,0.00889
H6_P4_M79_L001,Post_P20,Post,996088.5,996026.4,62.1,0.00574
H7_P1_M79_L001,Post_P20,Post,994791.8,994791.8,0.0,0.00753
H7_P2_M79_L001,Post_P20,Post,993670.6,993670.6,0.0,0.00916
H7_P4_M79_L001,Post_P20,Post,995383.5,995378.6,4.9,0.00668
H8_P1_M79_L001,Post_P20,Post,997388.6,997388.6,-0.0,0.00377
H8_P2_M79_L001,Post_P20,Post,996324.7,996324.7,0.0,0.00531
H8_P3_M79_L001,Post_P20,Post,996238.1,996238.1,-0.0,0.00544
H9_P1_M79_L001,Post_P20,Post,995834.9,995834.9,-0.0,0.00602
H9_P2_M79_L001,Post_P20,Post,990893.6,990893.6,0.0,0.0132
H9_P3_M79_L001,Post_P20,Post,996814.3,996814.3,-0.0,0.0046
H9_P4_M79_L001,Post_P20,Post,995093.2,995093.2,0.0,0.0071
A10_P1_M51_L001,Post_P21,Post,994742.9,992772.7,1970.2,0.01046
A10_P2_M51_L001,Post_P21,Post,996647.5,996050.9,596.6,0.00571
A10_P6_M51_L001,Post_P21,Post,991580.2,991580.2,0.0,0.0122
A11_P1_M51_L001,Post_P21,Post,990583.0,990583.0,0.0,0.01365
A11_P6_M51_L001,Post_P21,Post,998853.5,998853.5,-0.0,0.00165
A12_P1_M51_L001,Post_P21,Post,991896.4,991896.4,0.0,0.01174
A1_P1_M51_L001,Post_P21,Post,994938.0,994905.4,32.6,0.00737
A1_P2_M51_L001,Post_P21,Post,985828.9,985828.9,0.0,0.02059
A1_P6_M51_L001,Post_P21,Post,992765.1,992765.1,0.0,0.01048
A2_P2_M51_L001,Post_P21,Post,987520.3,987520.3,0.0,0.01812
A2_P6_M51_L001,Post_P21,Post,995779.8,995779.8,-0.0,0.0061
A3_P1_M51_L001,Post_P21,Post,1000481.8,1000469.6,12.2,-0.00068
A3_P2_M51_L001,Post_P21,Post,995032.4,995032.4,0.0,0.00718
A4_P1_M51_L001,Post_P21,Post,996384.8,996337.8,47.0,0.00529
A4_P2_M51_L001,Post_P21,Post,993635.5,993635.5,0.0,0.00921
A4_P6_M51_L001,Post_P21,Post,996437.7,996437.7,0.0,0.00515
A5_P1_M51_L001,Post_P21,Post,991659.1,991659.1,-0.0,0.01208
A5_P6_M51_L001,Post_P21,Post,998609.7,998609.7,0.0,0.00201
A6_P1_M51_L001,Post_P21,Post,996779.8,996779.8,-0.0,0.00465
A6_P2_M51_L001,Post_P21,Post,999311.1,999157.8,153.3,0.00122
A6_P6_M51_L001,Post_P21,Post,998662.1,998662.1,-0.0,0.00193
A7_P1_M51_L001,Post_P21,Post,993723.5,993646.3,77.2,0.0092
A7_P2_M51_L001,Post_P21,Post,997844.5,997842.3,2.2,0.00312
A7_P6_M51_L001,Post_P21,Post,991206.4,991057.3,149.1,0.01296
A8_P2_M51_L001,Post_P21,Post,996134.3,996134.3,-0.0,0.00559
A9_P1_M51_L001,Post_P21,Post,991424.2,991424.2,-0.0,0.01243
B10_P6_M51_L001,Post_P21,Post,1000860.8,1000860.8,-0.0,-0.00124
B11_P2_M51_L001,Post_P21,Post,997807.4,997807.4,-0.0,0.00317
B11_P6_M51_L001,Post_P21,Post,996084.5,994637.3,1447.2,0.00776
B12_P1_M51_L001,Post_P21,Post,997696.8,997696.8,-0.0,0.00333
B12_P2_M51_L001,Post_P21,Post,994463.8,994462.2,1.6,0.00801
B1_P1_M51_L001,Post_P21,Post,996890.3,996890.3,-0.0,0.00449
B1_P2_M51_L001,Post_P21,Post,992820.9,992558.8,262.1,0.01078
B1_P6_M51_L001,Post_P21,Post,997748.2,997748.2,-0.0,0.00325
B2_P1_M51_L001,Post_P21,Post,998220.6,998220.6,-0.0,0.00257
B2_P2_M51_L001,Post_P21,Post,993175.7,993175.7,-0.0,0.00988
B2_P6_M51_L001,Post_P21,Post,997212.9,997212.9,-0.0,0.00403
B3_P6_M51_L001,Post_P21,Post,999135.4,999135.4,-0.0,0.00125
B4_P1_M51_L001,Post_P21,Post,998964.9,998377.8,587.1,0.00234
B4_P2_M51_L001,Post_P21,Post,995763.1,995763.1,0.0,0.00613
B4_P6_M51_L001,Post_P21,Post,996156.7,996106.8,49.9,0.00563
B5_P1_M51_L001,Post_P21,Post,962873.9,940349.5,22524.4,0.08873
B5_P2_M51_L001,Post_P21,Post,986451.1,986451.1,-0.0,0.01968
B5_P6_M51_L001,Post_P21,Post,992461.3,991957.4,503.9,0.01165
B6_P1_M51_L001,Post_P21,Post,991338.2,991338.2,-0.0,0.01255
B6_P2_M51_L001,Post_P21,Post,992112.8,992112.8,0.0,0.01142
B6_P6_M51_L001,Post_P21,Post,991006.7,990765.5,241.2,0.01338
B7_P1_M51_L001,Post_P21,Post,994165.7,994165.7,0.0,0.00844
B8_P1_M51_L001,Post_P21,Post,998542.1,998542.1,-0.0,0.0021
B8_P2_M51_L001,Post_P21,Post,999527.9,999527.9,-0.0,0.00068
B9_P1_M51_L001,Post_P21,Post,994864.5,994864.5,-0.0,0.00743
B9_P2_M51_L001,Post_P21,Post,995903.5,995903.5,-0.0,0.00592
C10_P1_M51_L001,Post_P21,Post,993876.2,993839.6,36.6,0.00892
C10_P2_M51_L001,Post_P21,Post,995246.8,995246.8,-0.0,0.00687
C10_P6_M51_L001,Post_P21,Post,993788.9,992637.9,1151.0,0.01066
C11_P1_M51_L001,Post_P21,Post,994131.0,994131.0,0.0,0.00849
C11_P2_M51_L001,Post_P21,Post,999178.1,999178.1,0.0,0.00119
C11_P6_M51_L001,Post_P21,Post,993491.7,991253.7,2238.0,0.01267
C12_P1_M51_L001,Post_P21,Post,997369.4,997369.4,-0.0,0.0038
C12_P2_M51_L001,Post_P21,Post,998508.4,998508.4,-0.0,0.00215
C1_P1_M51_L001,Post_P21,Post,998434.2,998434.2,-0.0,0.00226
C1_P6_M51_L001,Post_P21,Post,992949.4,992949.4,0.0,0.01021
C2_P1_M51_L001,Post_P21,Post,992896.8,992896.8,0.0,0.01028
C2_P2_M51_L001,Post_P21,Post,995231.1,993647.4,1583.7,0.00919
C2_P6_M51_L001,Post_P21,Post,995569.7,995569.7,-0.0,0.00641
C4_P6_M51_L001,Post_P21,Post,996533.4,996509.5,23.9,0.00504
C6_P1_M51_L001,Post_P21,Post,1000138.3,1000138.3,0.0,-0.0002
C6_P2_M51_L001,Post_P21,Post,1000787.7,1000787.7,-0.0,-0.00114
C6_P6_M51_L001,Post_P21,Post,998185.0,998185.0,-0.0,0.00262
C7_P1_M51_L001,Post_P21,Post,990110.2,990110.2,0.0,0.01434
C7_P2_M51_L001,Post_P21,Post,998910.0,998903.6,6.4,0.00158
C7_P6_M51_L001,Post_P21,Post,997600.2,997600.2,0.0,0.00347
C8_P1_M51_L001,Post_P21,Post,996445.3,996445.3,0.0,0.00514
C8_P2_M51_L001,Post_P21,Post,999097.3,999055.8,41.5,0.00136
C8_P6_M51_L001,Post_P21,Post,991838.9,991019.6,819.3,0.01301
C9_P1_M51_L001,Post_P21,Post,992231.7,992127.0,104.7,0.0114
C9_P2_M51_L001,Post_P21,Post,992494.7,992494.7,-0.0,0.01087
C9_P6_M51_L001,Post_P21,Post,995127.9,995127.9,0.0,0.00705
D10_P1_M51_L001,Post_P21,Post,995382.4,995382.4,0.0,0.00668
D10_P2_M51_L001,Post_P21,Post,999149.3,999149.3,0.0,0.00123
D10_P6_M51_L001,Post_P21,Post,998184.6,998184.6,0.0,0.00262
D11_P1_M51_L001,Post_P21,Post,995368.7,995368.7,0.0,0.0067
D11_P2_M51_L001,Post_P21,Post,994624.3,994624.3,0.0,0.00778
D12_P1_M51_L001,Post_P21,Post,994512.5,994512.5,-0.0,0.00794
D1_P2_M51_L001,Post_P21,Post,999559.6,999559.6,0.0,0.00064
D1_P6_M51_L001,Post_P21,Post,995258.6,995258.6,0.0,0.00686
D2_P1_M51_L001,Post_P21,Post,995022.5,993059.8,1962.7,0.01005
D2_P2_M51_L001,Post_P21,Post,992722.0,992722.0,0.0,0.01054
D3_P1_M51_L001,Post_P21,Post,998562.9,998562.9,0.0,0.00207
D3_P2_M51_L001,Post_P21,Post,999627.8,999627.8,-0.0,0.00054
D3_P6_M51_L001,Post_P21,Post,994904.2,994904.2,-0.0,0.00737
D4_P1_M51_L001,Post_P21,Post,997910.1,997695.1,215.0,0.00333
D4_P6_M51_L001,Post_P21,Post,992029.0,992029.0,-0.0,0.01155
D5_P1_M51_L001,Post_P21,Post,990972.9,990972.9,0.0,0.01308
D5_P2_M51_L001,Post_P21,Post,995094.2,992218.9,2875.3,0.01127
D5_P6_M51_L001,Post_P21,Post,995991.6,995991.6,-0.0,0.00579
D6_P2_M51_L001,Post_P21,Post,998402.7,998381.4,21.3,0.00234
D7_P1_M51_L001,Post_P21,Post,992916.4,992433.0,483.4,0.01096
D7_P2_M51_L001,Post_P21,Post,996197.2,996197.2,0.0,0.0055
D7_P6_M51_L001,Post_P21,Post,991268.0,990535.7,732.3,0.01372
D8_P1_M51_L001,Post_P21,Post,996916.6,996242.0,674.6,0.00543
D8_P2_M51_L001,Post_P21,Post,999721.7,999721.7,-0.0,0.0004
D9_P1_M51_L001,Post_P21,Post,994718.1,994663.8,54.3,0.00772
D9_P2_M51_L001,Post_P21,Post,997395.6,997395.6,-0.0,0.00376
D9_P6_M51_L001,Post_P21,Post,997139.2,997132.9,6.3,0.00414
E10_P1_M51_L001,Post_P21,Post,998286.8,997997.3,289.5,0.00289
E10_P2_M51_L001,Post_P21,Post,994563.6,994563.6,0.0,0.00786
E10_P6_M51_L001,Post_P21,Post,998488.7,998477.3,11.4,0.0022
E11_P1_M51_L001,Post_P21,Post,996459.2,996459.2,-0.0,0.00512
E11_P2_M51_L001,Post_P21,Post,993936.3,993936.3,0.0,0.00877
E12_P1_M51_L001,Post_P21,Post,995173.1,994061.3,1111.8,0.00859
E12_P6_M51_L001,Post_P21,Post,999889.9,999889.9,-0.0,0.00016
E1_P1_M51_L001,Post_P21,Post,989252.6,989252.6,-0.0,0.01559
E1_P2_M51_L001,Post_P21,Post,993026.2,993026.2,-0.0,0.0101
E1_P6_M51_L001,Post_P21,Post,994953.4,994620.1,333.3,0.00778
E2_P1_M51_L001,Post_P21,Post,997443.2,997443.2,-0.0,0.00369
E2_P2_M51_L001,Post_P21,Post,997264.2,997264.2,-0.0,0.00395
E3_P2_M51_L001,Post_P21,Post,998566.5,998566.5,0.0,0.00207
E4_P1_M51_L001,Post_P21,Post,998149.1,998149.1,0.0,0.00267
E4_P2_M51_L001,Post_P21,Post,990427.0,990427.0,0.0,0.01388
E4_P6_M51_L001,Post_P21,Post,997691.0,997691.0,0.0,0.00334
E5_P1_M51_L001,Post_P21,Post,993677.5,993677.5,-0.0,0.00915
E5_P6_M51_L001,Post_P21,Post,999131.4,999131.4,-0.0,0.00125
E6_P2_M51_L001,Post_P21,Post,996463.7,996438.3,25.4,0.00515
E6_P6_M51_L001,Post_P21,Post,994827.2,994796.2,31.0,0.00753
E7_P1_M51_L001,Post_P21,Post,991410.1,991400.2,9.9,0.01246
E7_P2_M51_L001,Post_P21,Post,997798.6,997798.6,0.0,0.00318
E8_P2_M51_L001,Post_P21,Post,989494.7,989377.1,117.6,0.01541
E8_P6_M51_L001,Post_P21,Post,996244.7,996228.0,16.7,0.00545
E9_P1_M51_L001,Post_P21,Post,999621.1,999621.1,-0.0,0.00055
E9_P2_M51_L001,Post_P21,Post,999311.2,999301.5,9.7,0.00101
E9_P6_M51_L001,Post_P21,Post,1000648.6,1000648.6,0.0,-0.00094
F10_P1_M51_L001,Post_P21,Post,994770.0,994125.1,644.9,0.0085
F11_P1_M51_L001,Post_P21,Post,997300.7,997300.7,-0.0,0.0039
F11_P2_M51_L001,Post_P21,Post,999994.2,999994.2,-0.0,1e-05
F11_P6_M51_L001,Post_P21,Post,998126.3,998124.5,1.8,0.00271
F1_P1_M51_L001,Post_P21,Post,995170.2,995170.2,-0.0,0.00698
F1_P2_M51_L001,Post_P21,Post,995350.6,995302.4,48.2,0.00679
F1_P6_M51_L001,Post_P21,Post,995034.9,995026.4,8.5,0.00719
F2_P1_M51_L001,Post_P21,Post,992790.2,992790.2,0.0,0.01044
F2_P6_M51_L001,Post_P21,Post,990961.9,990600.9,361.0,0.01362
F3_P1_M51_L001,Post_P21,Post,998642.2,997416.0,1226.2,0.00373
F3_P6_M51_L001,Post_P21,Post,995112.4,994246.3,866.1,0.00832
F4_P2_M51_L001,Post_P21,Post,996086.5,994202.9,1883.6,0.00839
F4_P6_M51_L001,Post_P21,Post,992665.1,992665.1,-0.0,0.01062
F5_P2_M51_L001,Post_P21,Post,999457.2,999454.2,3.0,0.00079
F5_P6_M51_L001,Post_P21,Post,997386.1,997386.1,0.0,0.00378
F6_P1_M51_L001,Post_P21,Post,990589.9,987306.7,3283.2,0.01843
F6_P2_M51_L001,Post_P21,Post,996367.8,996367.8,0.0,0.00525
F6_P6_M51_L001,Post_P21,Post,998096.0,997839.2,256.8,0.00312
F7_P1_M51_L001,Post_P21,Post,999043.9,998819.0,224.9,0.0017
F7_P2_M51_L001,Post_P21,Post,995886.8,995886.8,-0.0,0.00595
F7_P6_M51_L001,Post_P21,Post,994933.5,994933.5,0.0,0.00733
F8_P1_M51_L001,Post_P21,Post,989954.5,986414.4,3540.1,0.01973
F8_P2_M51_L001,Post_P21,Post,989089.5,986904.1,2185.4,0.01902
F8_P6_M51_L001,Post_P21,Post,993495.1,993495.1,0.0,0.00942
F9_P2_M51_L001,Post_P21,Post,996627.3,995940.6,686.7,0.00587
F9_P6_M51_L001,Post_P21,Post,994778.2,994778.2,0.0,0.00755
G10_P1_M51_L001,Post_P21,Post,994888.0,994888.0,0.0,0.00739
G10_P2_M51_L001,Post_P21,Post,996504.0,996504.0,0.0,0.00505
G11_P1_M51_L001,Post_P21,Post,999251.8,999251.8,-0.0,0.00108
G11_P2_M51_L001,Post_P21,Post,994781.4,994781.4,-0.0,0.00755
G1_P1_M51_L001,Post_P21,Post,993814.0,993814.0,-0.0,0.00895
G1_P2_M51_L001,Post_P21,Post,996833.6,996833.6,0.0,0.00458
G1_P6_M51_L001,Post_P21,Post,996213.1,996115.1,98.0,0.00562
G2_P2_M51_L001,Post_P21,Post,998587.7,998587.7,0.0,0.00204
G2_P6_M51_L001,Post_P21,Post,993960.6,993960.6,-0.0,0.00874
G3_P1_M51_L001,Post_P21,Post,991784.5,991747.2,37.3,0.01196
G3_P2_M51_L001,Post_P21,Post,992394.5,992394.5,-0.0,0.01101
G3_P6_M51_L001,Post_P21,Post,992295.6,991912.3,383.3,0.01172
G4_P1_M51_L001,Post_P21,Post,998455.2,998455.2,0.0,0.00223
G4_P2_M51_L001,Post_P21,Post,998302.7,998302.7,0.0,0.00245
G5_P1_M51_L001,Post_P21,Post,998358.4,998358.4,0.0,0.00237
G5_P2_M51_L001,Post_P21,Post,992781.3,992781.3,0.0,0.01045
G6_P1_M51_L001,Post_P21,Post,991090.3,991083.9,6.4,0.01292
G6_P2_M51_L001,Post_P21,Post,997785.9,994006.1,3779.8,0.00867
G6_P6_M51_L001,Post_P21,Post,999280.4,999253.8,26.6,0.00108
G7_P1_M51_L001,Post_P21,Post,1000591.2,1000591.2,0.0,-0.00085
G7_P2_M51_L001,Post_P21,Post,992257.9,992257.9,0.0,0.01121
G7_P6_M51_L001,Post_P21,Post,996893.9,996306.8,587.1,0.00534
G8_P1_M51_L001,Post_P21,Post,997691.9,997691.9,0.0,0.00333
G8_P2_M51_L001,Post_P21,Post,995508.7,995274.2,234.5,0.00683
G8_P6_M51_L001,Post_P21,Post,996128.8,991581.6,4547.2,0.0122
G9_P1_M51_L001,Post_P21,Post,989827.2,989827.2,-0.0,0.01475
G9_P2_M51_L001,Post_P21,Post,999836.1,999836.1,-0.0,0.00024
H10_P1_M51_L001,Post_P21,Post,998580.2,998580.2,0.0,0.00205
H10_P2_M51_L001,Post_P21,Post,997374.5,997374.5,0.0,0.00379
H10_P6_M51_L001,Post_P21,Post,993682.0,993647.5,34.5,0.00919
H11_P1_M51_L001,Post_P21,Post,996410.1,996324.0,86.1,0.00531
H12_P2_M51_L001,Post_P21,Post,999719.8,999719.8,-0.0,0.0004
H12_P6_M51_L001,Post_P21,Post,996189.8,995476.7,713.1,0.00654
H1_P1_M51_L001,Post_P21,Post,998928.6,998928.6,-0.0,0.00155
H1_P6_M51_L001,Post_P21,Post,993184.9,993162.2,22.7,0.0099
H2_P2_M51_L001,Post_P21,Post,994673.2,994627.4,45.8,0.00777
H2_P6_M51_L001,Post_P21,Post,994825.8,994825.8,-0.0,0.00748
H3_P1_M51_L001,Post_P21,Post,993841.8,993841.8,-0.0,0.00891
H4_P1_M51_L001,Post_P21,Post,991434.0,991293.0,141.0,0.01262
H4_P2_M51_L001,Post_P21,Post,1000169.1,1000169.1,0.0,-0.00024
H4_P6_M51_L001,Post_P21,Post,994005.7,994005.7,-0.0,0.00867
H5_P1_M51_L001,Post_P21,Post,998334.5,998334.5,-0.0,0.0024
H5_P2_M51_L001,Post_P21,Post,994205.0,994205.0,0.0,0.00838
H6_P1_M51_L001,Post_P21,Post,994753.9,992706.9,2047.0,0.01056
H6_P6_M51_L001,Post_P21,Post,993622.5,993588.9,33.6,0.00928
H7_P1_M51_L001,Post_P21,Post,993296.5,993296.5,-0.0,0.0097
H7_P2_M51_L001,Post_P21,Post,995838.1,995838.1,-0.0,0.00602
H7_P6_M51_L001,Post_P21,Post,995487.6,995487.6,0.0,0.00652
H8_P1_M51_L001,Post_P21,Post,997393.3,997393.3,0.0,0.00377
H8_P2_M51_L001,Post_P21,Post,996893.0,996893.0,0.0,0.00449
H8_P6_M51_L001,Post_P21,Post,993464.7,993464.7,0.0,0.00946
H9_P1_M51_L001,Post_P21,Post,998933.8,998725.2,208.6,0.00184
H9_P2_M51_L001,Post_P21,Post,991327.9,989787.5,1540.4,0.01481
H9_P6_M51_L001,Post_P21,Post,997966.4,997966.4,0.0,0.00294
A10_P1_MMD6_L001,Post_P22,Post,992160.7,991693.9,466.8,0.01203
A10_P2_MMD6_L001,Post_P22,Post,995992.3,995992.3,0.0,0.00579
A10_P4_MMD6_L001,Post_P22,Post,994943.0,994943.0,-0.0,0.00731
A11_P1_MMD6_L001,Post_P22,Post,993418.4,991697.3,1721.1,0.01203
A11_P2_MMD6_L001,Post_P22,Post,992423.8,992423.8,-0.0,0.01097
A11_P4_MMD6_L001,Post_P22,Post,993134.7,993134.7,0.0,0.00994
A12_P1_MMD6_L001,Post_P22,Post,990280.5,984440.9,5839.6,0.02262
A12_P2_MMD6_L001,Post_P22,Post,994942.8,994516.2,426.6,0.00793
A12_P4_MMD6_L001,Post_P22,Post,993944.9,991888.4,2056.5,0.01175
A2_P1_MMD6_L001,Post_P22,Post,992496.6,992496.6,-0.0,0.01087
A2_P2_MMD6_L001,Post_P22,Post,993995.4,993995.4,-0.0,0.00869
A2_P4_MMD6_L001,Post_P22,Post,993799.9,990356.6,3443.3,0.01398
A3_P1_MMD6_L001,Post_P22,Post,993373.0,993367.5,5.5,0.0096
A3_P2_MMD6_L001,Post_P22,Post,997340.6,997340.6,-0.0,0.00384
A3_P4_MMD6_L001,Post_P22,Post,991723.3,990686.0,1037.3,0.0135
A4_P1_MMD6_L001,Post_P22,Post,991105.2,991105.2,0.0,0.01289
A4_P2_MMD6_L001,Post_P22,Post,992311.9,992300.2,11.7,0.01115
A4_P4_MMD6_L001,Post_P22,Post,995374.0,995374.0,0.0,0.00669
A5_P1_MMD6_L001,Post_P22,Post,992616.2,990552.9,2063.3,0.01369
A5_P2_MMD6_L001,Post_P22,Post,993222.8,993215.0,7.8,0.00982
A5_P4_MMD6_L001,Post_P22,Post,987137.7,987137.7,0.0,0.01868
A6_P1_MMD6_L001,Post_P22,Post,994120.5,994120.5,0.0,0.00851
A6_P4_MMD6_L001,Post_P22,Post,993532.1,993532.1,-0.0,0.00936
A7_P1_MMD6_L001,Post_P22,Post,990668.7,990668.7,0.0,0.01353
A7_P2_MMD6_L001,Post_P22,Post,989158.2,989158.2,-0.0,0.01573
A7_P4_MMD6_L001,Post_P22,Post,991292.4,991292.4,-0.0,0.01262
A8_P1_MMD6_L001,Post_P22,Post,993150.6,993123.2,27.4,0.00996
A8_P2_MMD6_L001,Post_P22,Post,996382.1,996382.1,0.0,0.00523
A8_P4_MMD6_L001,Post_P22,Post,994252.4,994252.4,-0.0,0.00832
A9_P1_MMD6_L001,Post_P22,Post,992152.0,992152.0,0.0,0.01137
A9_P2_MMD6_L001,Post_P22,Post,993465.6,993416.4,49.2,0.00953
A9_P4_MMD6_L001,Post_P22,Post,991481.6,989624.3,1857.3,0.01505
B10_P2_MMD6_L001,Post_P22,Post,991205.5,991205.5,0.0,0.01274
B10_P4_MMD6_L001,Post_P22,Post,991081.7,989769.8,1311.9,0.01484
B11_P1_MMD6_L001,Post_P22,Post,991584.0,991584.0,0.0,0.01219
B11_P2_MMD6_L001,Post_P22,Post,990364.5,989898.8,465.7,0.01465
B12_P1_MMD6_L001,Post_P22,Post,994985.1,994722.9,262.2,0.00763
B12_P2_MMD6_L001,Post_P22,Post,992724.0,992724.0,-0.0,0.01054
B12_P4_MMD6_L001,Post_P22,Post,995488.2,995297.2,191.0,0.0068
B1_P1_MMD6_L001,Post_P22,Post,996870.7,996870.7,-0.0,0.00452
B1_P2_MMD6_L001,Post_P22,Post,995701.9,995701.9,-0.0,0.00621
B1_P4_MMD6_L001,Post_P22,Post,993468.5,993468.5,0.0,0.00945
B2_P1_MMD6_L001,Post_P22,Post,995759.2,995759.2,0.0,0.00613
B2_P2_MMD6_L001,Post_P22,Post,993179.3,991649.5,1529.8,0.0121
B2_P4_MMD6_L001,Post_P22,Post,991671.6,991671.6,-0.0,0.01207
B3_P2_MMD6_L001,Post_P22,Post,995959.7,994365.0,1594.7,0.00815
B3_P4_MMD6_L001,Post_P22,Post,991753.0,991753.0,-0.0,0.01195
B4_P1_MMD6_L001,Post_P22,Post,995795.1,995795.1,-0.0,0.00608
B4_P2_MMD6_L001,Post_P22,Post,990500.9,990500.9,-0.0,0.01377
B5_P1_MMD6_L001,Post_P22,Post,993176.0,992734.8,441.2,0.01052
B5_P2_MMD6_L001,Post_P22,Post,992013.8,990924.9,1088.9,0.01315
B5_P4_MMD6_L001,Post_P22,Post,992349.4,991428.4,921.0,0.01242
B6_P1_MMD6_L001,Post_P22,Post,995174.3,995174.3,0.0,0.00698
B6_P2_MMD6_L001,Post_P22,Post,993359.5,993359.5,0.0,0.00961
B6_P4_MMD6_L001,Post_P22,Post,991615.6,991615.6,0.0,0.01215
B7_P1_MMD6_L001,Post_P22,Post,991124.1,990623.6,500.5,0.01359
B7_P2_MMD6_L001,Post_P22,Post,995386.7,994822.1,564.6,0.00749
B7_P4_MMD6_L001,Post_P22,Post,994611.6,994607.6,4.0,0.0078
B8_P1_MMD6_L001,Post_P22,Post,995242.6,995242.6,-0.0,0.00688
B8_P2_MMD6_L001,Post_P22,Post,994577.8,994106.5,471.3,0.00853
B8_P4_MMD6_L001,Post_P22,Post,994279.9,994279.9,-0.0,0.00828
B9_P1_MMD6_L001,Post_P22,Post,997034.7,995908.9,1125.8,0.00591
B9_P2_MMD6_L001,Post_P22,Post,994231.0,991671.8,2559.2,0.01207
B9_P4_MMD6_L001,Post_P22,Post,995370.3,994482.2,888.1,0.00798
C10_P1_MMD6_L001,Post_P22,Post,990488.8,990440.1,48.7,0.01386
C10_P2_MMD6_L001,Post_P22,Post,997436.3,997436.3,-0.0,0.0037
C10_P4_MMD6_L001,Post_P22,Post,991745.6,991012.4,733.2,0.01302
C11_P1_MMD6_L001,Post_P22,Post,987788.8,987788.8,-0.0,0.01773
C11_P2_MMD6_L001,Post_P22,Post,995864.0,995864.0,-0.0,0.00598
C11_P4_MMD6_L001,Post_P22,Post,995958.5,995958.5,-0.0,0.00584
C12_P1_MMD6_L001,Post_P22,Post,991152.5,990698.4,454.1,0.01348
C12_P2_MMD6_L001,Post_P22,Post,992216.2,990999.4,1216.8,0.01304
C12_P4_MMD6_L001,Post_P22,Post,995825.5,994949.4,876.1,0.0073
C1_P1_MMD6_L001,Post_P22,Post,988147.3,988045.8,101.5,0.01735
C1_P2_MMD6_L001,Post_P22,Post,993802.4,993802.4,0.0,0.00897
C1_P4_MMD6_L001,Post_P22,Post,993309.9,993309.9,0.0,0.00968
C2_P1_MMD6_L001,Post_P22,Post,992479.2,991110.2,1369.0,0.01288
C2_P2_MMD6_L001,Post_P22,Post,993088.8,993088.8,0.0,0.01001
C2_P4_MMD6_L001,Post_P22,Post,994920.1,994404.1,516.0,0.0081
C3_P1_MMD6_L001,Post_P22,Post,992428.5,992428.5,-0.0,0.01096
C3_P2_MMD6_L001,Post_P22,Post,1000317.5,1000317.5,-0.0,-0.00046
C3_P4_MMD6_L001,Post_P22,Post,992806.3,991903.4,902.9,0.01173
C4_P1_MMD6_L001,Post_P22,Post,993269.1,993269.1,0.0,0.00974
C4_P2_MMD6_L001,Post_P22,Post,991700.5,991700.5,-0.0,0.01202
C4_P4_MMD6_L001,Post_P22,Post,994157.4,994157.4,-0.0,0.00845
C5_P1_MMD6_L001,Post_P22,Post,993790.8,993790.8,0.0,0.00899
C5_P2_MMD6_L001,Post_P22,Post,993390.1,993390.1,-0.0,0.00957
C5_P4_MMD6_L001,Post_P22,Post,993178.9,993178.9,0.0,0.00987
C6_P1_MMD6_L001,Post_P22,Post,993999.6,993522.9,476.7,0.00937
C6_P2_MMD6_L001,Post_P22,Post,994507.5,994507.5,-0.0,0.00795
C6_P4_MMD6_L001,Post_P22,Post,992658.7,992658.7,-0.0,0.01063
C7_P1_MMD6_L001,Post_P22,Post,997156.4,993898.9,3257.5,0.00883
C7_P2_MMD6_L001,Post_P22,Post,995619.4,994976.8,642.6,0.00727
C7_P4_MMD6_L001,Post_P22,Post,993054.1,993054.1,-0.0,0.01006
C8_P1_MMD6_L001,Post_P22,Post,990685.1,990326.5,358.6,0.01402
C8_P2_MMD6_L001,Post_P22,Post,993756.6,993756.6,0.0,0.00904
C8_P4_MMD6_L001,Post_P22,Post,994734.1,994734.1,0.0,0.00762
C9_P1_MMD6_L001,Post_P22,Post,996682.5,996662.8,19.7,0.00482
C9_P2_MMD6_L001,Post_P22,Post,990175.7,988871.5,1304.2,0.01615
C9_P4_MMD6_L001,Post_P22,Post,992868.3,992868.3,-0.0,0.01033
D10_P1_MMD6_L001,Post_P22,Post,994945.2,993477.8,1467.4,0.00944
D10_P2_MMD6_L001,Post_P22,Post,991709.7,991709.7,0.0,0.01201
D10_P4_MMD6_L001,Post_P22,Post,994330.0,994330.0,0.0,0.0082
D11_P1_MMD6_L001,Post_P22,Post,994411.9,994411.9,0.0,0.00808
D11_P2_MMD6_L001,Post_P22,Post,996116.0,996116.0,0.0,0.00561
D11_P4_MMD6_L001,Post_P22,Post,993281.4,993281.4,0.0,0.00973
D12_P1_MMD6_L001,Post_P22,Post,993791.1,993787.4,3.7,0.00899
D12_P2_MMD6_L001,Post_P22,Post,994195.7,994195.7,0.0,0.0084
D12_P4_MMD6_L001,Post_P22,Post,993905.9,993905.9,0.0,0.00882
D1_P1_MMD6_L001,Post_P22,Post,993962.7,992205.4,1757.3,0.01129
D1_P2_MMD6_L001,Post_P22,Post,990562.2,990562.2,-0.0,0.01368
D1_P4_MMD6_L001,Post_P22,Post,994771.2,994771.2,-0.0,0.00756
D2_P1_MMD6_L001,Post_P22,Post,995620.8,995017.2,603.6,0.00721
D2_P2_MMD6_L001,Post_P22,Post,989519.9,989511.9,8.0,0.01521
D2_P4_MMD6_L001,Post_P22,Post,993959.8,993401.4,558.4,0.00955
D3_P4_MMD6_L001,Post_P22,Post,993672.7,993672.7,-0.0,0.00916
D4_P4_MMD6_L001,Post_P22,Post,989049.6,987016.7,2032.9,0.01885
D5_P1_MMD6_L001,Post_P22,Post,995187.3,993699.4,1487.9,0.00912
D5_P2_MMD6_L001,Post_P22,Post,994070.0,994070.0,0.0,0.00858
D5_P4_MMD6_L001,Post_P22,Post,990381.9,990381.9,-0.0,0.01394
D6_P1_MMD6_L001,Post_P22,Post,994673.1,994673.1,0.0,0.00771
D6_P2_MMD6_L001,Post_P22,Post,992290.6,992285.8,4.8,0.01117
D6_P4_MMD6_L001,Post_P22,Post,992784.8,992784.8,0.0,0.01045
D7_P1_MMD6_L001,Post_P22,Post,991064.7,991064.7,0.0,0.01295
D7_P2_MMD6_L001,Post_P22,Post,993705.8,993697.2,8.6,0.00912
D7_P4_MMD6_L001,Post_P22,Post,993425.7,993088.9,336.8,0.01001
D8_P1_MMD6_L001,Post_P22,Post,992966.0,991227.9,1738.1,0.01271
D8_P2_MMD6_L001,Post_P22,Post,994700.5,994457.6,242.9,0.00802
D8_P4_MMD6_L001,Post_P22,Post,997114.3,996112.4,1001.9,0.00562
D9_P1_MMD6_L001,Post_P22,Post,995577.9,994160.6,1417.3,0.00845
D9_P2_MMD6_L001,Post_P22,Post,993774.8,993774.8,0.0,0.00901
D9_P4_MMD6_L001,Post_P22,Post,996015.2,995978.1,37.1,0.00581
E10_P1_MMD6_L001,Post_P22,Post,991683.6,991592.2,91.4,0.01218
E10_P2_MMD6_L001,Post_P22,Post,994081.8,994081.8,0.0,0.00856
E10_P4_MMD6_L001,Post_P22,Post,994104.4,994104.4,-0.0,0.00853
E11_P1_MMD6_L001,Post_P22,Post,991070.1,991070.1,-0.0,0.01294
E11_P2_MMD6_L001,Post_P22,Post,994705.9,994705.9,-0.0,0.00766
E11_P4_MMD6_L001,Post_P22,Post,995489.4,995489.4,0.0,0.00652
E12_P1_MMD6_L001,Post_P22,Post,992399.2,992399.2,-0.0,0.01101
E12_P4_MMD6_L001,Post_P22,Post,995627.2,995627.2,0.0,0.00632
E1_P1_MMD6_L001,Post_P22,Post,994292.6,994269.2,23.4,0.00829
E1_P2_MMD6_L001,Post_P22,Post,994968.3,991901.3,3067.0,0.01173
E1_P4_MMD6_L001,Post_P22,Post,996674.4,996674.4,0.0,0.00481
E2_P2_MMD6_L001,Post_P22,Post,993598.9,993598.9,0.0,0.00926
E2_P4_MMD6_L001,Post_P22,Post,991372.9,991206.1,166.8,0.01274
E3_P1_MMD6_L001,Post_P22,Post,993523.6,991344.8,2178.8,0.01254
E3_P2_MMD6_L001,Post_P22,Post,995784.3,995784.3,0.0,0.00609
E3_P4_MMD6_L001,Post_P22,Post,994302.7,993923.7,379.0,0.00879
E4_P1_MMD6_L001,Post_P22,Post,993967.2,970469.0,23498.2,0.04325
E4_P2_MMD6_L001,Post_P22,Post,994442.3,994442.3,0.0,0.00804
E4_P4_MMD6_L001,Post_P22,Post,991424.3,991424.3,-0.0,0.01243
E5_P2_MMD6_L001,Post_P22,Post,994955.4,994955.4,-0.0,0.0073
E5_P4_MMD6_L001,Post_P22,Post,996593.9,996593.9,0.0,0.00492
E6_P1_MMD6_L001,Post_P22,Post,993066.8,993066.8,-0.0,0.01004
E6_P2_MMD6_L001,Post_P22,Post,990301.2,990301.2,-0.0,0.01406
E6_P4_MMD6_L001,Post_P22,Post,995077.7,994702.1,375.6,0.00766
E7_P1_MMD6_L001,Post_P22,Post,994955.9,994955.9,0.0,0.0073
E7_P2_MMD6_L001,Post_P22,Post,991300.5,991300.5,-0.0,0.01261
E7_P4_MMD6_L001,Post_P22,Post,991796.9,990702.4,1094.5,0.01348
E8_P1_MMD6_L001,Post_P22,Post,990897.6,988075.1,2822.5,0.01731
E8_P2_MMD6_L001,Post_P22,Post,996243.7,994629.9,1613.8,0.00777
E8_P4_MMD6_L001,Post_P22,Post,993363.9,993347.7,16.2,0.00963
E9_P1_MMD6_L001,Post_P22,Post,992715.9,992715.9,-0.0,0.01055
E9_P2_MMD6_L001,Post_P22,Post,995488.7,995488.7,0.0,0.00652
E9_P4_MMD6_L001,Post_P22,Post,993312.2,991716.3,1595.9,0.012
F10_P1_MMD6_L001,Post_P22,Post,995926.5,995851.3,75.2,0.006
F10_P2_MMD6_L001,Post_P22,Post,999532.6,999532.6,-0.0,0.00067
F10_P4_MMD6_L001,Post_P22,Post,994370.0,994301.0,69.0,0.00825
F11_P1_MMD6_L001,Post_P22,Post,993905.4,993905.4,-0.0,0.00882
F11_P4_MMD6_L001,Post_P22,Post,992380.8,992380.8,0.0,0.01103
F12_P1_MMD6_L001,Post_P22,Post,996715.1,993633.3,3081.8,0.00921
F12_P2_MMD6_L001,Post_P22,Post,996213.2,996213.2,0.0,0.00547
F12_P4_MMD6_L001,Post_P22,Post,994968.9,994385.8,583.1,0.00812
F1_P2_MMD6_L001,Post_P22,Post,991897.6,990687.0,1210.6,0.0135
F1_P4_MMD6_L001,Post_P22,Post,993743.1,993743.1,-0.0,0.00906
F2_P1_MMD6_L001,Post_P22,Post,995327.7,995327.7,-0.0,0.00676
F2_P2_MMD6_L001,Post_P22,Post,990642.9,990179.2,463.7,0.01424
F2_P4_MMD6_L001,Post_P22,Post,993021.6,993021.6,0.0,0.0101
F3_P1_MMD6_L001,Post_P22,Post,993936.2,993936.2,-0.0,0.00877
F3_P2_MMD6_L001,Post_P22,Post,992750.1,992750.1,0.0,0.0105
F3_P4_MMD6_L001,Post_P22,Post,994478.8,994478.8,-0.0,0.00799
F4_P2_MMD6_L001,Post_P22,Post,992842.9,992842.9,-0.0,0.01036
F4_P4_MMD6_L001,Post_P22,Post,992278.5,992278.5,0.0,0.01118
F5_P1_MMD6_L001,Post_P22,Post,994524.1,994524.1,0.0,0.00792
F5_P2_MMD6_L001,Post_P22,Post,993255.1,993255.1,0.0,0.00976
F5_P4_MMD6_L001,Post_P22,Post,994652.1,993023.8,1628.3,0.0101
F6_P1_MMD6_L001,Post_P22,Post,988958.6,985043.5,3915.1,0.02174
F6_P2_MMD6_L001,Post_P22,Post,994095.0,992451.0,1644.0,0.01093
F6_P4_MMD6_L001,Post_P22,Post,998188.2,996406.3,1781.9,0.00519
F7_P4_MMD6_L001,Post_P22,Post,986889.4,986889.4,-0.0,0.01904
F8_P2_MMD6_L001,Post_P22,Post,993551.6,993469.3,82.3,0.00945
F9_P1_MMD6_L001,Post_P22,Post,997018.5,996989.2,29.3,0.00435
F9_P2_MMD6_L001,Post_P22,Post,994703.4,994693.7,9.7,0.00768
F9_P4_MMD6_L001,Post_P22,Post,994915.2,994915.2,0.0,0.00735
G10_P1_MMD6_L001,Post_P22,Post,995630.3,995630.3,-0.0,0.00632
G10_P2_MMD6_L001,Post_P22,Post,995433.8,994889.8,544.0,0.00739
G10_P4_MMD6_L001,Post_P22,Post,991920.5,991909.6,10.9,0.01172
G11_P1_MMD6_L001,Post_P22,Post,988234.2,988234.2,0.0,0.01708
G11_P2_MMD6_L001,Post_P22,Post,986724.8,986724.8,-0.0,0.01928
G11_P4_MMD6_L001,Post_P22,Post,993110.5,990442.7,2667.8,0.01385
G12_P2_MMD6_L001,Post_P22,Post,990546.2,987807.1,2739.1,0.0177
G1_P1_MMD6_L001,Post_P22,Post,992285.3,992264.1,21.2,0.0112
G1_P2_MMD6_L001,Post_P22,Post,994268.4,993771.4,497.0,0.00901
G1_P4_MMD6_L001,Post_P22,Post,990823.6,990823.6,-0.0,0.0133
G2_P1_MMD6_L001,Post_P22,Post,996021.4,996021.4,0.0,0.00575
G2_P2_MMD6_L001,Post_P22,Post,990343.4,990287.9,55.5,0.01408
G2_P4_MMD6_L001,Post_P22,Post,990664.4,990664.4,-0.0,0.01353
G3_P1_MMD6_L001,Post_P22,Post,992814.8,992814.8,0.0,0.0104
G3_P2_MMD6_L001,Post_P22,Post,995986.0,995263.0,723.0,0.00685
G3_P4_MMD6_L001,Post_P22,Post,991241.3,991235.0,6.3,0.0127
G4_P1_MMD6_L001,Post_P22,Post,993940.3,992680.6,1259.7,0.0106
G4_P2_MMD6_L001,Post_P22,Post,992755.0,992755.0,0.0,0.01049
G4_P4_MMD6_L001,Post_P22,Post,992167.5,992167.5,-0.0,0.01134
G5_P1_MMD6_L001,Post_P22,Post,996421.5,996421.5,0.0,0.00517
G5_P2_MMD6_L001,Post_P22,Post,995557.8,995557.8,-0.0,0.00642
G5_P4_MMD6_L001,Post_P22,Post,994272.8,994272.8,0.0,0.00829
G6_P1_MMD6_L001,Post_P22,Post,993917.2,993917.2,0.0,0.0088
G6_P2_MMD6_L001,Post_P22,Post,991451.1,991451.1,0.0,0.01239
G6_P4_MMD6_L001,Post_P22,Post,992906.4,992906.4,0.0,0.01027
G7_P1_MMD6_L001,Post_P22,Post,992182.4,992177.3,5.1,0.01133
G7_P2_MMD6_L001,Post_P22,Post,994901.8,994901.8,0.0,0.00737
G7_P4_MMD6_L001,Post_P22,Post,993832.6,992087.4,1745.2,0.01146
G8_P1_MMD6_L001,Post_P22,Post,996346.7,996346.7,-0.0,0.00528
G9_P2_MMD6_L001,Post_P22,Post,991687.2,989742.3,1944.9,0.01488
H10_P2_MMD6_L001,Post_P22,Post,993732.7,993705.0,27.7,0.00911
H10_P4_MMD6_L001,Post_P22,Post,992610.2,992610.2,0.0,0.0107
H11_P1_MMD6_L001,Post_P22,Post,996209.4,995034.2,1175.2,0.00718
H11_P2_MMD6_L001,Post_P22,Post,995044.7,995044.7,-0.0,0.00717
H11_P4_MMD6_L001,Post_P22,Post,995221.4,995078.4,143.0,0.00712
H12_P1_MMD6_L001,Post_P22,Post,990865.9,990865.9,0.0,0.01324
H12_P2_MMD6_L001,Post_P22,Post,988577.3,987217.7,1359.6,0.01856
H12_P4_MMD6_L001,Post_P22,Post,996548.1,992396.0,4152.1,0.01101
H1_P1_MMD6_L001,Post_P22,Post,993325.9,992292.3,1033.6,0.01116
H1_P2_MMD6_L001,Post_P22,Post,995687.2,994674.4,1012.8,0.0077
H1_P4_MMD6_L001,Post_P22,Post,994802.8,994026.4,776.4,0.00864
H2_P1_MMD6_L001,Post_P22,Post,994907.1,992669.8,2237.3,0.01061
H2_P2_MMD6_L001,Post_P22,Post,988594.6,988594.6,0.0,0.01655
H2_P4_MMD6_L001,Post_P22,Post,994667.8,994131.4,536.4,0.00849
H3_P1_MMD6_L001,Post_P22,Post,991315.2,991315.2,0.0,0.01258
H3_P2_MMD6_L001,Post_P22,Post,993470.6,993470.6,0.0,0.00945
H3_P4_MMD6_L001,Post_P22,Post,994745.9,994085.2,660.7,0.00856
H4_P1_MMD6_L001,Post_P22,Post,992606.6,992606.6,0.0,0.01071
H4_P2_MMD6_L001,Post_P22,Post,992735.5,990631.7,2103.8,0.01358
H4_P4_MMD6_L001,Post_P22,Post,994339.9,993385.4,954.5,0.00957
H5_P1_MMD6_L001,Post_P22,Post,987870.1,987870.1,0.0,0.01761
H5_P2_MMD6_L001,Post_P22,Post,994183.7,994124.1,59.6,0.0085
H5_P4_MMD6_L001,Post_P22,Post,990872.5,989455.2,1417.3,0.01529
H6_P1_MMD6_L001,Post_P22,Post,994712.7,993937.7,775.0,0.00877
H6_P2_MMD6_L001,Post_P22,Post,992822.8,992755.2,67.6,0.01049
H6_P4_MMD6_L001,Post_P22,Post,993867.2,987020.5,6846.7,0.01885
H7_P1_MMD6_L001,Post_P22,Post,994127.8,994127.8,-0.0,0.0085
H7_P2_MMD6_L001,Post_P22,Post,993110.7,988308.6,4802.1,0.01697
H7_P4_MMD6_L001,Post_P22,Post,994628.3,994628.3,0.0,0.00777
H8_P1_MMD6_L001,Post_P22,Post,990460.5,990460.5,-0.0,0.01383
H8_P2_MMD6_L001,Post_P22,Post,992426.0,992426.0,-0.0,0.01097
H8_P4_MMD6_L001,Post_P22,Post,992751.6,990864.8,1886.8,0.01324
H9_P1_MMD6_L001,Post_P22,Post,994779.5,994779.5,0.0,0.00755
H9_P2_MMD6_L001,Post_P22,Post,994751.9,994751.9,-0.0,0.00759
H9_P4_MMD6_L001,Post_P22,Post,988239.8,986535.4,1704.4,0.01956
A10_P1_M83_L001,Post_P23,Post,992851.3,992851.3,0.0,0.01035
A10_P2_M83_L001,Post_P23,Post,995223.7,995223.7,0.0,0.00691
A10_P5_M83_L001,Post_P23,Post,989479.2,989437.8,41.4,0.01532
A10_P6_M83_L001,Post_P23,Post,993385.5,993385.5,-0.0,0.00957
A11_P1_M83_L001,Post_P23,Post,995203.4,995165.4,38.0,0.00699
A11_P2_M83_L001,Post_P23,Post,994336.4,994336.4,0.0,0.00819
A11_P5_M83_L001,Post_P23,Post,993510.7,993510.7,0.0,0.00939
A11_P6_M83_L001,Post_P23,Post,993255.0,993206.1,48.9,0.00983
A12_P1_M83_L001,Post_P23,Post,996174.7,996031.3,143.4,0.00574
A12_P2_M83_L001,Post_P23,Post,993088.5,993088.5,-0.0,0.01001
A12_P5_M83_L001,Post_P23,Post,995771.1,995771.1,-0.0,0.00611
A12_P6_M83_L001,Post_P23,Post,996976.9,995508.4,1468.5,0.00649
A2_P1_M83_L001,Post_P23,Post,998755.6,998755.6,-0.0,0.0018
A2_P2_M83_L001,Post_P23,Post,996419.6,995868.0,551.6,0.00597
A2_P5_M83_L001,Post_P23,Post,996405.2,996405.2,0.0,0.0052
A2_P6_M83_L001,Post_P23,Post,994768.6,994139.2,629.4,0.00848
A3_P1_M83_L001,Post_P23,Post,994713.3,994713.3,-0.0,0.00765
A3_P2_M83_L001,Post_P23,Post,995977.8,995935.6,42.2,0.00588
A3_P5_M83_L001,Post_P23,Post,995023.3,995023.3,0.0,0.0072
A4_P1_M83_L001,Post_P23,Post,990241.3,990241.3,-0.0,0.01415
A4_P2_M83_L001,Post_P23,Post,996284.9,996044.3,240.6,0.00572
A4_P5_M83_L001,Post_P23,Post,994438.1,994438.1,-0.0,0.00805
A4_P6_M83_L001,Post_P23,Post,994472.2,994445.6,26.6,0.00804
A5_P1_M83_L001,Post_P23,Post,996151.8,996151.8,-0.0,0.00556
A5_P2_M83_L001,Post_P23,Post,996447.7,996447.7,-0.0,0.00513
A5_P5_M83_L001,Post_P23,Post,994575.0,994575.0,-0.0,0.00785
A5_P6_M83_L001,Post_P23,Post,992461.1,992461.1,-0.0,0.01092
A6_P1_M83_L001,Post_P23,Post,994521.3,994487.3,34.0,0.00798
A6_P2_M83_L001,Post_P23,Post,996487.2,996487.2,-0.0,0.00508
A6_P5_M83_L001,Post_P23,Post,996710.4,996609.5,100.9,0.0049
A6_P6_M83_L001,Post_P23,Post,996055.9,995088.2,967.7,0.0071
A7_P1_M83_L001,Post_P23,Post,995033.4,995033.4,-0.0,0.00718
A7_P5_M83_L001,Post_P23,Post,995723.1,995723.1,-0.0,0.00618
A7_P6_M83_L001,Post_P23,Post,991934.9,991285.7,649.2,0.01263
A8_P1_M83_L001,Post_P23,Post,993274.2,993242.0,32.2,0.00978
A8_P2_M83_L001,Post_P23,Post,995254.1,995254.1,-0.0,0.00686
A8_P5_M83_L001,Post_P23,Post,995612.8,995612.8,-0.0,0.00634
A8_P6_M83_L001,Post_P23,Post,995062.2,995062.2,-0.0,0.00714
A9_P1_M83_L001,Post_P23,Post,994867.8,994867.8,0.0,0.00742
A9_P2_M83_L001,Post_P23,Post,992572.2,992572.2,0.0,0.01076
A9_P5_M83_L001,Post_P23,Post,995300.3,995300.3,-0.0,0.0068
A9_P6_M83_L001,Post_P23,Post,994083.0,994083.0,0.0,0.00856
B10_P1_M83_L001,Post_P23,Post,995224.1,995042.9,181.2,0.00717
B10_P5_M83_L001,Post_P23,Post,993398.9,993398.9,0.0,0.00955
B11_P1_M83_L001,Post_P23,Post,994915.5,994915.5,0.0,0.00735
B11_P2_M83_L001,Post_P23,Post,990489.1,990489.1,-0.0,0.01379
B11_P5_M83_L001,Post_P23,Post,995625.0,995625.0,0.0,0.00633
B11_P6_M83_L001,Post_P23,Post,995161.8,994857.2,304.6,0.00744
B12_P1_M83_L001,Post_P23,Post,993549.3,993549.3,0.0,0.00934
B12_P2_M83_L001,Post_P23,Post,994394.8,994394.8,-0.0,0.00811
B12_P5_M83_L001,Post_P23,Post,995895.2,995844.2,51.0,0.00601
B12_P6_M83_L001,Post_P23,Post,989832.6,989832.6,-0.0,0.01474
B1_P1_M83_L001,Post_P23,Post,994516.6,994516.6,-0.0,0.00793
B1_P2_M83_L001,Post_P23,Post,993379.2,993379.2,-0.0,0.00958
B1_P5_M83_L001,Post_P23,Post,995477.2,995477.2,0.0,0.00654
B1_P6_M83_L001,Post_P23,Post,996281.3,996281.3,0.0,0.00537
B2_P1_M83_L001,Post_P23,Post,993193.8,993170.0,23.8,0.00989
B2_P2_M83_L001,Post_P23,Post,996591.5,994985.2,1606.3,0.00725
B2_P5_M83_L001,Post_P23,Post,994974.8,994974.8,-0.0,0.00727
B2_P6_M83_L001,Post_P23,Post,991503.2,991349.8,153.4,0.01253
B3_P1_M83_L001,Post_P23,Post,995257.0,995252.4,4.6,0.00687
B3_P2_M83_L001,Post_P23,Post,994579.0,994579.0,-0.0,0.00784
B3_P5_M83_L001,Post_P23,Post,995858.3,995858.3,-0.0,0.00599
B3_P6_M83_L001,Post_P23,Post,993968.0,993968.0,0.0,0.00873
B4_P1_M83_L001,Post_P23,Post,998601.2,998601.2,0.0,0.00202
B4_P2_M83_L001,Post_P23,Post,992181.3,992181.3,-0.0,0.01132
B4_P5_M83_L001,Post_P23,Post,994055.2,993968.7,86.5,0.00873
B4_P6_M83_L001,Post_P23,Post,993312.2,993312.2,0.0,0.00968
B5_P2_M83_L001,Post_P23,Post,992770.4,992770.4,0.0,0.01047
B5_P5_M83_L001,Post_P23,Post,994574.8,994465.2,109.6,0.00801
B5_P6_M83_L001,Post_P23,Post,994701.2,994701.2,-0.0,0.00766
B6_P1_M83_L001,Post_P23,Post,994634.6,994634.6,-0.0,0.00776
B6_P2_M83_L001,Post_P23,Post,995305.3,995305.3,0.0,0.00679
B6_P5_M83_L001,Post_P23,Post,994753.7,993458.6,1295.1,0.00947
B7_P1_M83_L001,Post_P23,Post,994361.2,994350.8,10.4,0.00817
B7_P2_M83_L001,Post_P23,Post,994022.1,993987.1,35.0,0.0087
B7_P6_M83_L001,Post_P23,Post,995768.5,995768.5,0.0,0.00612
B8_P1_M83_L001,Post_P23,Post,994798.2,994798.2,-0.0,0.00752
B8_P2_M83_L001,Post_P23,Post,995080.1,995080.1,0.0,0.00712
B8_P5_M83_L001,Post_P23,Post,994305.6,992699.7,1605.9,0.01057
B8_P6_M83_L001,Post_P23,Post,995740.1,995738.5,1.6,0.00616
B9_P1_M83_L001,Post_P23,Post,993218.3,993218.3,0.0,0.00982
B9_P2_M83_L001,Post_P23,Post,993972.8,993972.8,0.0,0.00872
B9_P5_M83_L001,Post_P23,Post,993457.4,993457.4,0.0,0.00947
B9_P6_M83_L001,Post_P23,Post,993013.3,992986.2,27.1,0.01015
C10_P1_M83_L001,Post_P23,Post,993639.0,993639.0,0.0,0.00921
C10_P2_M83_L001,Post_P23,Post,993825.4,993825.4,-0.0,0.00894
C10_P5_M83_L001,Post_P23,Post,993962.8,993962.8,-0.0,0.00874
C10_P6_M83_L001,Post_P23,Post,993242.0,992399.7,842.3,0.01101
C11_P1_M83_L001,Post_P23,Post,995807.3,995807.3,0.0,0.00606
C11_P2_M83_L001,Post_P23,Post,991170.3,991170.3,0.0,0.0128
C11_P5_M83_L001,Post_P23,Post,994576.1,994576.1,0.0,0.00785
C11_P6_M83_L001,Post_P23,Post,996200.6,996200.6,0.0,0.00549
C12_P1_M83_L001,Post_P23,Post,996206.9,996206.9,0.0,0.00548
C12_P2_M83_L001,Post_P23,Post,992043.0,992043.0,0.0,0.01153
C12_P5_M83_L001,Post_P23,Post,997930.3,997930.3,0.0,0.00299
C12_P6_M83_L001,Post_P23,Post,995976.1,995972.1,4.0,0.00582
C1_P1_M83_L001,Post_P23,Post,993999.1,993999.1,0.0,0.00868
C1_P2_M83_L001,Post_P23,Post,995953.5,995953.5,0.0,0.00585
C1_P5_M83_L001,Post_P23,Post,997148.7,997148.7,0.0,0.00412
C1_P6_M83_L001,Post_P23,Post,996099.3,996099.3,0.0,0.00564
C2_P1_M83_L001,Post_P23,Post,993903.2,993903.2,-0.0,0.00882
C2_P2_M83_L001,Post_P23,Post,992446.5,991877.2,569.3,0.01177
C2_P5_M83_L001,Post_P23,Post,996729.5,996604.3,125.2,0.00491
C2_P6_M83_L001,Post_P23,Post,994936.6,994498.0,438.6,0.00796
C3_P1_M83_L001,Post_P23,Post,993840.6,993840.6,-0.0,0.00891
C3_P2_M83_L001,Post_P23,Post,993746.8,993746.8,0.0,0.00905
C3_P5_M83_L001,Post_P23,Post,997798.8,997527.3,271.5,0.00357
C3_P6_M83_L001,Post_P23,Post,994278.5,994278.5,0.0,0.00828
C4_P1_M83_L001,Post_P23,Post,992013.2,992013.2,0.0,0.01157
C4_P2_M83_L001,Post_P23,Post,994533.6,994533.6,0.0,0.00791
C4_P5_M83_L001,Post_P23,Post,993837.7,993837.7,0.0,0.00892
C5_P1_M83_L001,Post_P23,Post,994331.9,994331.9,-0.0,0.0082
C5_P2_M83_L001,Post_P23,Post,993797.4,993797.4,-0.0,0.00898
C5_P5_M83_L001,Post_P23,Post,985635.1,985635.1,-0.0,0.02087
C5_P6_M83_L001,Post_P23,Post,993863.7,993863.7,0.0,0.00888
C6_P2_M83_L001,Post_P23,Post,992582.8,992582.8,0.0,0.01074
C6_P6_M83_L001,Post_P23,Post,994325.3,994325.3,0.0,0.00821
C7_P1_M83_L001,Post_P23,Post,993734.4,993734.4,-0.0,0.00907
C7_P2_M83_L001,Post_P23,Post,995928.6,995928.6,-0.0,0.00589
C7_P5_M83_L001,Post_P23,Post,994728.6,994728.6,-0.0,0.00763
C8_P1_M83_L001,Post_P23,Post,994930.1,994930.1,-0.0,0.00733
C8_P2_M83_L001,Post_P23,Post,995797.9,995797.9,0.0,0.00608
C8_P5_M83_L001,Post_P23,Post,995250.3,995250.3,0.0,0.00687
C8_P6_M83_L001,Post_P23,Post,992202.4,991527.8,674.6,0.01227
C9_P2_M83_L001,Post_P23,Post,993510.5,993510.5,0.0,0.00939
C9_P5_M83_L001,Post_P23,Post,985319.4,985319.4,0.0,0.02134
D10_P1_M83_L001,Post_P23,Post,997447.2,996907.0,540.2,0.00447
D10_P2_M83_L001,Post_P23,Post,994105.5,994105.5,-0.0,0.00853
D10_P5_M83_L001,Post_P23,Post,992498.9,992498.9,0.0,0.01086
D10_P6_M83_L001,Post_P23,Post,993595.1,993562.9,32.2,0.00932
D11_P2_M83_L001,Post_P23,Post,994514.6,994514.6,0.0,0.00794
D11_P5_M83_L001,Post_P23,Post,997199.0,997199.0,0.0,0.00405
D11_P6_M83_L001,Post_P23,Post,993983.8,993983.8,-0.0,0.00871
D12_P1_M83_L001,Post_P23,Post,994070.6,994070.6,-0.0,0.00858
D12_P2_M83_L001,Post_P23,Post,992978.2,992973.5,4.7,0.01017
D12_P5_M83_L001,Post_P23,Post,990180.2,990180.2,0.0,0.01424
D12_P6_M83_L001,Post_P23,Post,997453.0,997257.2,195.8,0.00396
D1_P1_M83_L001,Post_P23,Post,986980.0,986980.0,0.0,0.01891
D1_P2_M83_L001,Post_P23,Post,998309.0,998309.0,-0.0,0.00244
D1_P5_M83_L001,Post_P23,Post,998214.1,998214.1,0.0,0.00258
D1_P6_M83_L001,Post_P23,Post,989579.0,989579.0,0.0,0.01511
D2_P1_M83_L001,Post_P23,Post,991693.4,988053.7,3639.7,0.01734
D2_P2_M83_L001,Post_P23,Post,993687.4,993481.9,205.5,0.00943
D2_P5_M83_L001,Post_P23,Post,994366.9,994366.9,0.0,0.00815
D2_P6_M83_L001,Post_P23,Post,995071.8,995071.8,-0.0,0.00713
D3_P1_M83_L001,Post_P23,Post,991209.7,991209.7,0.0,0.01274
D3_P2_M83_L001,Post_P23,Post,991581.8,991581.8,0.0,0.0122
D3_P5_M83_L001,Post_P23,Post,995546.4,995546.4,0.0,0.00644
D3_P6_M83_L001,Post_P23,Post,994169.3,994093.2,76.1,0.00855
D4_P1_M83_L001,Post_P23,Post,994912.5,992935.3,1977.2,0.01023
D4_P5_M83_L001,Post_P23,Post,994855.1,994855.1,0.0,0.00744
D4_P6_M83_L001,Post_P23,Post,994534.6,994534.6,0.0,0.00791
D5_P1_M83_L001,Post_P23,Post,994371.7,994371.7,0.0,0.00814
D5_P2_M83_L001,Post_P23,Post,995466.8,995466.8,-0.0,0.00655
D5_P5_M83_L001,Post_P23,Post,998605.7,998605.7,-0.0,0.00201
D5_P6_M83_L001,Post_P23,Post,994382.5,994382.5,-0.0,0.00813
D6_P1_M83_L001,Post_P23,Post,994573.9,994573.9,0.0,0.00785
D6_P2_M83_L001,Post_P23,Post,995455.9,995435.7,20.2,0.0066
D6_P5_M83_L001,Post_P23,Post,991420.6,988820.8,2599.8,0.01622
D6_P6_M83_L001,Post_P23,Post,993730.5,993730.5,0.0,0.00907
D7_P1_M83_L001,Post_P23,Post,996697.2,996697.2,-0.0,0.00477
D7_P2_M83_L001,Post_P23,Post,997266.1,997266.1,-0.0,0.00395
D7_P5_M83_L001,Post_P23,Post,988076.0,988076.0,-0.0,0.01731
D7_P6_M83_L001,Post_P23,Post,996598.7,996598.7,0.0,0.00492
D8_P1_M83_L001,Post_P23,Post,996437.8,996437.8,0.0,0.00515
D8_P2_M83_L001,Post_P23,Post,997242.1,997242.1,-0.0,0.00398
D8_P5_M83_L001,Post_P23,Post,990693.8,990693.8,-0.0,0.01349
D8_P6_M83_L001,Post_P23,Post,994394.1,994394.1,-0.0,0.00811
D9_P1_M83_L001,Post_P23,Post,988296.6,988296.6,-0.0,0.01698
D9_P2_M83_L001,Post_P23,Post,989747.1,989486.7,260.4,0.01525
D9_P5_M83_L001,Post_P23,Post,992429.6,992429.6,0.0,0.01096
D9_P6_M83_L001,Post_P23,Post,994626.9,994626.9,-0.0,0.00777
E10_P1_M83_L001,Post_P23,Post,992043.9,992043.9,0.0,0.01152
E10_P2_M83_L001,Post_P23,Post,992090.3,992090.3,-0.0,0.01146
E10_P5_M83_L001,Post_P23,Post,993331.9,993331.9,-0.0,0.00965
E10_P6_M83_L001,Post_P23,Post,988270.8,988270.8,-0.0,0.01702
E11_P1_M83_L001,Post_P23,Post,995593.0,995593.0,0.0,0.00637
E11_P2_M83_L001,Post_P23,Post,994675.5,994675.5,0.0,0.0077
E11_P5_M83_L001,Post_P23,Post,995457.5,995341.5,116.0,0.00674
E11_P6_M83_L001,Post_P23,Post,994792.7,994792.7,0.0,0.00753
E12_P1_M83_L001,Post_P23,Post,996198.7,996198.7,-0.0,0.00549
E12_P2_M83_L001,Post_P23,Post,992711.4,992646.6,64.8,0.01065
E12_P5_M83_L001,Post_P23,Post,995074.2,995074.2,-0.0,0.00712
E12_P6_M83_L001,Post_P23,Post,996284.7,996284.7,-0.0,0.00537
E1_P1_M83_L001,Post_P23,Post,995920.8,995920.8,0.0,0.0059
E1_P2_M83_L001,Post_P23,Post,994771.8,994771.8,-0.0,0.00756
E1_P5_M83_L001,Post_P23,Post,995896.0,995896.0,-0.0,0.00593
E1_P6_M83_L001,Post_P23,Post,995180.2,995180.2,0.0,0.00697
E2_P1_M83_L001,Post_P23,Post,994591.3,994539.2,52.1,0.0079
E2_P2_M83_L001,Post_P23,Post,996500.8,996500.8,0.0,0.00506
E2_P5_M83_L001,Post_P23,Post,988693.7,988242.8,450.9,0.01706
E2_P6_M83_L001,Post_P23,Post,992760.4,992760.4,-0.0,0.01048
E3_P1_M83_L001,Post_P23,Post,992980.7,992980.7,-0.0,0.01016
E3_P5_M83_L001,Post_P23,Post,994633.4,994552.8,80.6,0.00788
E3_P6_M83_L001,Post_P23,Post,997042.1,997042.1,0.0,0.00427
E4_P1_M83_L001,Post_P23,Post,990467.3,990467.3,-0.0,0.01382
E4_P2_M83_L001,Post_P23,Post,994116.6,994116.6,0.0,0.00851
E4_P6_M83_L001,Post_P23,Post,995378.9,995378.9,-0.0,0.00668
E5_P1_M83_L001,Post_P23,Post,996098.7,996098.7,0.0,0.00564
E5_P2_M83_L001,Post_P23,Post,994259.8,994259.8,0.0,0.00831
E5_P5_M83_L001,Post_P23,Post,995047.9,993442.1,1605.8,0.00949
E5_P6_M83_L001,Post_P23,Post,993218.5,993218.5,-0.0,0.00982
E6_P1_M83_L001,Post_P23,Post,995000.2,995000.2,0.0,0.00723
E6_P2_M83_L001,Post_P23,Post,995593.1,995593.1,-0.0,0.00637
E6_P5_M83_L001,Post_P23,Post,994749.9,994749.9,-0.0,0.00759
E6_P6_M83_L001,Post_P23,Post,995495.3,995480.3,15.0,0.00654
E7_P1_M83_L001,Post_P23,Post,993474.9,992602.8,872.1,0.01071
E7_P2_M83_L001,Post_P23,Post,994187.3,993566.6,620.7,0.00931
E7_P5_M83_L001,Post_P23,Post,993004.9,993004.9,0.0,0.01013
E7_P6_M83_L001,Post_P23,Post,993683.6,993683.6,-0.0,0.00914
E8_P1_M83_L001,Post_P23,Post,991164.1,991164.1,0.0,0.0128
E8_P5_M83_L001,Post_P23,Post,995810.7,993900.9,1909.8,0.00883
E8_P6_M83_L001,Post_P23,Post,995774.8,995753.6,21.2,0.00614
E9_P1_M83_L001,Post_P23,Post,996079.1,996079.1,0.0,0.00567
E9_P2_M83_L001,Post_P23,Post,991478.2,991478.2,-0.0,0.01235
E9_P6_M83_L001,Post_P23,Post,994045.7,994045.7,0.0,0.00862
F10_P1_M83_L001,Post_P23,Post,990546.2,990533.2,13.0,0.01372
F10_P2_M83_L001,Post_P23,Post,996021.1,996021.1,0.0,0.00575
F10_P5_M83_L001,Post_P23,Post,989218.0,989102.9,115.1,0.01581
F11_P1_M83_L001,Post_P23,Post,992612.3,992612.3,0.0,0.0107
F11_P2_M83_L001,Post_P23,Post,994426.7,994335.3,91.4,0.0082
F11_P5_M83_L001,Post_P23,Post,991707.3,990915.9,791.4,0.01317
F11_P6_M83_L001,Post_P23,Post,995938.0,995938.0,-0.0,0.00587
F12_P1_M83_L001,Post_P23,Post,996512.9,996512.9,-0.0,0.00504
F12_P2_M83_L001,Post_P23,Post,997226.9,997226.9,-0.0,0.00401
F12_P5_M83_L001,Post_P23,Post,996826.8,996826.8,0.0,0.00459
F12_P6_M83_L001,Post_P23,Post,995225.7,995225.7,0.0,0.0069
F1_P1_M83_L001,Post_P23,Post,993071.0,992180.6,890.4,0.01133
F1_P2_M83_L001,Post_P23,Post,994638.6,994638.6,0.0,0.00776
F1_P5_M83_L001,Post_P23,Post,994132.5,994132.5,-0.0,0.00849
F1_P6_M83_L001,Post_P23,Post,995551.5,995551.5,-0.0,0.00643
F2_P1_M83_L001,Post_P23,Post,991296.4,991296.4,0.0,0.01261
F2_P2_M83_L001,Post_P23,Post,996590.9,996590.9,-0.0,0.00493
F2_P5_M83_L001,Post_P23,Post,996264.5,994507.2,1757.3,0.00795
F2_P6_M83_L001,Post_P23,Post,994341.3,994310.1,31.2,0.00823
F3_P1_M83_L001,Post_P23,Post,995868.0,995868.0,0.0,0.00597
F3_P2_M83_L001,Post_P23,Post,995634.3,995634.3,0.0,0.00631
F3_P5_M83_L001,Post_P23,Post,995107.3,995107.3,0.0,0.00708
F4_P1_M83_L001,Post_P23,Post,991248.4,991248.4,-0.0,0.01268
F4_P2_M83_L001,Post_P23,Post,992057.9,992057.9,-0.0,0.0115
F4_P5_M83_L001,Post_P23,Post,994111.1,994111.1,-0.0,0.00852
F4_P6_M83_L001,Post_P23,Post,995961.3,994830.9,1130.4,0.00748
F5_P1_M83_L001,Post_P23,Post,994237.7,994237.7,0.0,0.00834
F5_P2_M83_L001,Post_P23,Post,993367.3,993282.7,84.6,0.00972
F5_P5_M83_L001,Post_P23,Post,995917.4,995917.4,0.0,0.0059
F5_P6_M83_L001,Post_P23,Post,993663.1,993663.1,0.0,0.00917
F6_P1_M83_L001,Post_P23,Post,992951.9,992904.0,47.9,0.01027
F6_P2_M83_L001,Post_P23,Post,994386.9,994386.9,0.0,0.00812
F6_P5_M83_L001,Post_P23,Post,992971.5,992971.5,0.0,0.01018
F6_P6_M83_L001,Post_P23,Post,992492.1,992492.1,0.0,0.01087
F7_P1_M83_L001,Post_P23,Post,994300.7,994300.7,-0.0,0.00825
F7_P2_M83_L001,Post_P23,Post,995802.8,995802.8,-0.0,0.00607
F7_P5_M83_L001,Post_P23,Post,995871.1,995799.1,72.0,0.00607
F7_P6_M83_L001,Post_P23,Post,994217.6,994217.6,-0.0,0.00837
F8_P1_M83_L001,Post_P23,Post,993190.8,993190.8,0.0,0.00986
F8_P2_M83_L001,Post_P23,Post,991792.7,991792.7,-0.0,0.01189
F8_P5_M83_L001,Post_P23,Post,996494.8,996494.8,-0.0,0.00507
F8_P6_M83_L001,Post_P23,Post,994621.1,994590.4,30.7,0.00783
F9_P1_M83_L001,Post_P23,Post,994060.5,994060.5,0.0,0.00859
F9_P2_M83_L001,Post_P23,Post,994000.2,994000.2,-0.0,0.00868
F9_P5_M83_L001,Post_P23,Post,994895.9,994895.9,0.0,0.00738
F9_P6_M83_L001,Post_P23,Post,993546.8,993546.8,0.0,0.00934
G10_P1_M83_L001,Post_P23,Post,994440.1,994162.9,277.2,0.00845
G10_P5_M83_L001,Post_P23,Post,991999.2,991999.2,0.0,0.01159
G10_P6_M83_L001,Post_P23,Post,995613.3,995613.3,-0.0,0.00634
G11_P2_M83_L001,Post_P23,Post,994437.9,994437.9,0.0,0.00805
G11_P5_M83_L001,Post_P23,Post,997338.7,997338.7,0.0,0.00384
G11_P6_M83_L001,Post_P23,Post,993571.2,993571.2,0.0,0.0093
G12_P1_M83_L001,Post_P23,Post,993482.1,993482.1,0.0,0.00943
G12_P2_M83_L001,Post_P23,Post,994726.8,994003.7,723.1,0.00868
G12_P5_M83_L001,Post_P23,Post,994068.6,994068.6,-0.0,0.00858
G12_P6_M83_L001,Post_P23,Post,993811.8,993811.8,-0.0,0.00896
G1_P1_M83_L001,Post_P23,Post,992483.4,992455.0,28.4,0.01093
G1_P2_M83_L001,Post_P23,Post,998009.2,998009.2,-0.0,0.00287
G1_P5_M83_L001,Post_P23,Post,993663.0,993663.0,0.0,0.00917
G1_P6_M83_L001,Post_P23,Post,994031.5,994031.5,-0.0,0.00864
G2_P1_M83_L001,Post_P23,Post,991270.6,991270.6,0.0,0.01265
G2_P2_M83_L001,Post_P23,Post,988887.7,988887.7,0.0,0.01612
G2_P5_M83_L001,Post_P23,Post,995088.4,995076.0,12.4,0.00712
G2_P6_M83_L001,Post_P23,Post,993547.7,993547.7,-0.0,0.00934
G3_P1_M83_L001,Post_P23,Post,996196.9,996196.9,-0.0,0.0055
G3_P2_M83_L001,Post_P23,Post,994808.3,994808.3,0.0,0.00751
G3_P5_M83_L001,Post_P23,Post,993551.3,993408.4,142.9,0.00954
G3_P6_M83_L001,Post_P23,Post,995373.1,995373.1,0.0,0.00669
G4_P1_M83_L001,Post_P23,Post,994534.9,994534.9,0.0,0.00791
G4_P2_M83_L001,Post_P23,Post,994129.0,994107.7,21.3,0.00853
G4_P5_M83_L001,Post_P23,Post,994236.8,994060.5,176.3,0.00859
G4_P6_M83_L001,Post_P23,Post,993947.1,993947.1,0.0,0.00876
G5_P1_M83_L001,Post_P23,Post,995504.1,994498.4,1005.7,0.00796
G5_P2_M83_L001,Post_P23,Post,993375.9,990579.3,2796.6,0.01366
G5_P5_M83_L001,Post_P23,Post,987664.3,987664.3,0.0,0.01791
G5_P6_M83_L001,Post_P23,Post,994121.9,994121.9,0.0,0.00851
G6_P1_M83_L001,Post_P23,Post,994971.0,994944.3,26.7,0.00731
G6_P2_M83_L001,Post_P23,Post,995203.4,995203.4,0.0,0.00694
G6_P5_M83_L001,Post_P23,Post,995190.0,995190.0,-0.0,0.00696
G6_P6_M83_L001,Post_P23,Post,991871.4,990704.3,1167.1,0.01347
G7_P1_M83_L001,Post_P23,Post,995683.2,995682.0,1.2,0.00624
G7_P2_M83_L001,Post_P23,Post,996857.8,996857.8,0.0,0.00454
G7_P5_M83_L001,Post_P23,Post,994469.9,994469.9,-0.0,0.008
G7_P6_M83_L001,Post_P23,Post,993416.7,993416.7,-0.0,0.00953
G8_P1_M83_L001,Post_P23,Post,993562.9,993562.9,-0.0,0.00932
G8_P2_M83_L001,Post_P23,Post,995859.7,995815.3,44.4,0.00605
G8_P5_M83_L001,Post_P23,Post,993755.7,993222.9,532.8,0.00981
G8_P6_M83_L001,Post_P23,Post,997549.1,997549.1,0.0,0.00354
G9_P1_M83_L001,Post_P23,Post,996211.0,996211.0,-0.0,0.00548
G9_P2_M83_L001,Post_P23,Post,996319.1,996319.1,0.0,0.00532
G9_P5_M83_L001,Post_P23,Post,992139.9,992139.9,0.0,0.01138
H10_P1_M83_L001,Post_P23,Post,995935.0,995935.0,-0.0,0.00588
H10_P2_M83_L001,Post_P23,Post,994769.7,994769.7,-0.0,0.00757
H10_P5_M83_L001,Post_P23,Post,992886.7,992886.7,0.0,0.0103
H10_P6_M83_L001,Post_P23,Post,992276.5,992276.5,-0.0,0.01119
H11_P1_M83_L001,Post_P23,Post,990297.0,990289.3,7.7,0.01408
H11_P2_M83_L001,Post_P23,Post,994011.6,994011.6,-0.0,0.00867
H11_P5_M83_L001,Post_P23,Post,995055.6,995055.6,-0.0,0.00715
H11_P6_M83_L001,Post_P23,Post,994736.3,994736.3,-0.0,0.00761
H12_P1_M83_L001,Post_P23,Post,993440.5,993440.5,-0.0,0.00949
H12_P2_M83_L001,Post_P23,Post,994839.5,994839.5,-0.0,0.00746
H12_P5_M83_L001,Post_P23,Post,996769.6,996756.7,12.9,0.00469
H12_P6_M83_L001,Post_P23,Post,996399.6,996399.6,0.0,0.0052
H1_P1_M83_L001,Post_P23,Post,994641.6,994641.6,0.0,0.00775
H1_P2_M83_L001,Post_P23,Post,993861.7,991938.5,1923.2,0.01168
H1_P5_M83_L001,Post_P23,Post,991504.9,991504.9,-0.0,0.01231
H1_P6_M83_L001,Post_P23,Post,995402.9,995361.0,41.9,0.00671
H2_P1_M83_L001,Post_P23,Post,996147.4,996147.4,-0.0,0.00557
H2_P2_M83_L001,Post_P23,Post,994808.3,994808.3,0.0,0.00751
H2_P5_M83_L001,Post_P23,Post,996190.8,996190.8,0.0,0.00551
H2_P6_M83_L001,Post_P23,Post,994483.9,994483.9,0.0,0.00798
H3_P1_M83_L001,Post_P23,Post,991153.0,989735.7,1417.3,0.01488
H3_P2_M83_L001,Post_P23,Post,992727.4,992727.4,-0.0,0.01053
H3_P5_M83_L001,Post_P23,Post,995364.0,995364.0,-0.0,0.0067
H3_P6_M83_L001,Post_P23,Post,995932.9,995932.9,-0.0,0.00588
H4_P2_M83_L001,Post_P23,Post,991154.9,991154.9,-0.0,0.01282
H4_P5_M83_L001,Post_P23,Post,996114.6,996114.6,0.0,0.00562
H4_P6_M83_L001,Post_P23,Post,994113.0,994113.0,0.0,0.00852
H5_P1_M83_L001,Post_P23,Post,994910.5,993932.9,977.6,0.00878
H5_P2_M83_L001,Post_P23,Post,995360.8,995354.5,6.3,0.00672
H5_P5_M83_L001,Post_P23,Post,994222.0,994148.0,74.0,0.00847
H5_P6_M83_L001,Post_P23,Post,995458.8,995458.8,0.0,0.00657
H6_P1_M83_L001,Post_P23,Post,995254.5,995254.5,-0.0,0.00686
H6_P2_M83_L001,Post_P23,Post,996513.8,996513.8,-0.0,0.00504
H6_P5_M83_L001,Post_P23,Post,997276.6,997276.6,0.0,0.00393
H6_P6_M83_L001,Post_P23,Post,995152.5,995152.5,-0.0,0.00701
H7_P1_M83_L001,Post_P23,Post,993366.1,993352.1,14.0,0.00962
H7_P2_M83_L001,Post_P23,Post,995578.6,995578.6,-0.0,0.00639
H7_P6_M83_L001,Post_P23,Post,996638.1,996592.6,45.5,0.00492
H8_P1_M83_L001,Post_P23,Post,995595.7,995595.7,0.0,0.00637
H8_P2_M83_L001,Post_P23,Post,998192.9,998192.9,0.0,0.00261
H8_P5_M83_L001,Post_P23,Post,995198.5,995198.5,0.0,0.00694
H8_P6_M83_L001,Post_P23,Post,994969.8,994969.8,-0.0,0.00728
H9_P1_M83_L001,Post_P23,Post,991447.6,991447.6,0.0,0.01239
H9_P2_M83_L001,Post_P23,Post,993200.0,993200.0,-0.0,0.00984
H9_P5_M83_L001,Post_P23,Post,996079.5,996079.5,0.0,0.00567
H9_P6_M83_L001,Post_P23,Post,996562.7,996562.7,0.0,0.00497
A10_P1_M68_L001,Post_P23_2,Post,996126.7,996126.7,-0.0,0.0056
A10_P3_M68_L001,Post_P23_2,Post,995025.8,995025.8,-0.0,0.00719
A10_P5_M68_L001,Post_P23_2,Post,996699.2,996699.2,-0.0,0.00477
A10_P6_M68_L001,Post_P23_2,Post,996227.8,996227.8,0.0,0.00545
A11_P1_M68_L001,Post_P23_2,Post,988143.1,988143.1,-0.0,0.01721
A11_P3_M68_L001,Post_P23_2,Post,993577.1,993577.1,-0.0,0.0093
A11_P6_M68_L001,Post_P23_2,Post,994036.9,994036.9,0.0,0.00863
A12_P1_M68_L001,Post_P23_2,Post,994351.2,994351.2,-0.0,0.00817
A12_P3_M68_L001,Post_P23_2,Post,995036.8,995036.8,-0.0,0.00718
A12_P5_M68_L001,Post_P23_2,Post,989769.6,989769.6,0.0,0.01484
A1_P1_M68_L001,Post_P23_2,Post,995919.9,995919.9,0.0,0.0059
A1_P3_M68_L001,Post_P23_2,Post,995778.3,994870.1,908.2,0.00742
A1_P5_M68_L001,Post_P23_2,Post,995535.1,992916.0,2619.1,0.01026
A1_P6_M68_L001,Post_P23_2,Post,992530.6,992530.6,-0.0,0.01082
A2_P3_M68_L001,Post_P23_2,Post,993969.2,993943.7,25.5,0.00876
A2_P5_M68_L001,Post_P23_2,Post,995194.6,995175.8,18.8,0.00698
A2_P6_M68_L001,Post_P23_2,Post,990506.1,990506.1,-0.0,0.01376
A3_P1_M68_L001,Post_P23_2,Post,994816.3,994816.3,-0.0,0.0075
A3_P3_M68_L001,Post_P23_2,Post,992879.0,992879.0,-0.0,0.01031
A3_P5_M68_L001,Post_P23_2,Post,986733.3,986733.3,-0.0,0.01927
A3_P6_M68_L001,Post_P23_2,Post,996450.4,996437.8,12.6,0.00515
A4_P1_M68_L001,Post_P23_2,Post,993439.7,992985.6,454.1,0.01016
A4_P5_M68_L001,Post_P23_2,Post,988188.7,985901.4,2287.3,0.02048
A4_P6_M68_L001,Post_P23_2,Post,992815.3,992815.3,-0.0,0.0104
A5_P1_M68_L001,Post_P23_2,Post,994950.6,994950.6,-0.0,0.0073
A5_P3_M68_L001,Post_P23_2,Post,995650.3,995650.3,0.0,0.00629
A5_P6_M68_L001,Post_P23_2,Post,995679.9,995679.9,0.0,0.00625
A6_P1_M68_L001,Post_P23_2,Post,995124.5,994300.0,824.5,0.00825
A6_P3_M68_L001,Post_P23_2,Post,993509.5,993509.5,-0.0,0.00939
A6_P5_M68_L001,Post_P23_2,Post,993463.9,991554.0,1909.9,0.01224
A6_P6_M68_L001,Post_P23_2,Post,991403.1,989705.6,1697.5,0.01493
A7_P1_M68_L001,Post_P23_2,Post,991235.7,991235.7,0.0,0.0127
A7_P5_M68_L001,Post_P23_2,Post,992809.5,992809.5,0.0,0.01041
A7_P6_M68_L001,Post_P23_2,Post,996458.9,996458.9,0.0,0.00512
A8_P1_M68_L001,Post_P23_2,Post,993565.6,993565.6,0.0,0.00931
A8_P3_M68_L001,Post_P23_2,Post,988387.8,988387.8,0.0,0.01685
A8_P6_M68_L001,Post_P23_2,Post,993448.0,992856.8,591.2,0.01034
A9_P1_M68_L001,Post_P23_2,Post,992553.0,992308.5,244.5,0.01114
A9_P3_M68_L001,Post_P23_2,Post,995595.8,995595.8,-0.0,0.00637
A9_P5_M68_L001,Post_P23_2,Post,994728.2,994710.8,17.4,0.00765
A9_P6_M68_L001,Post_P23_2,Post,993652.8,993652.8,-0.0,0.00919
B10_P1_M68_L001,Post_P23_2,Post,994104.2,994104.2,-0.0,0.00853
B10_P3_M68_L001,Post_P23_2,Post,991793.5,991408.4,385.1,0.01245
B10_P5_M68_L001,Post_P23_2,Post,995011.9,994999.9,12.0,0.00723
B10_P6_M68_L001,Post_P23_2,Post,993212.9,992382.2,830.7,0.01103
B11_P1_M68_L001,Post_P23_2,Post,994070.1,994070.1,-0.0,0.00858
B11_P3_M68_L001,Post_P23_2,Post,990451.0,990410.6,40.4,0.0139
B11_P5_M68_L001,Post_P23_2,Post,989196.9,988921.6,275.3,0.01607
B11_P6_M68_L001,Post_P23_2,Post,990851.0,990729.4,121.6,0.01344
B12_P1_M68_L001,Post_P23_2,Post,993809.4,992828.1,981.3,0.01038
B12_P3_M68_L001,Post_P23_2,Post,997464.2,997442.9,21.3,0.00369
B12_P5_M68_L001,Post_P23_2,Post,993949.4,993949.4,0.0,0.00876
B12_P6_M68_L001,Post_P23_2,Post,992448.7,991923.3,525.4,0.0117
B1_P3_M68_L001,Post_P23_2,Post,992609.1,992609.1,0.0,0.0107
B1_P5_M68_L001,Post_P23_2,Post,995692.5,995692.5,0.0,0.00623
B1_P6_M68_L001,Post_P23_2,Post,995246.1,995120.8,125.3,0.00706
B2_P1_M68_L001,Post_P23_2,Post,989363.2,989363.2,-0.0,0.01543
B2_P3_M68_L001,Post_P23_2,Post,995828.1,995828.1,-0.0,0.00603
B2_P5_M68_L001,Post_P23_2,Post,996392.5,996392.5,0.0,0.00521
B2_P6_M68_L001,Post_P23_2,Post,992512.2,992512.2,-0.0,0.01084
B3_P1_M68_L001,Post_P23_2,Post,992959.4,992959.4,0.0,0.01019
B3_P3_M68_L001,Post_P23_2,Post,993904.2,993904.2,-0.0,0.00882
B3_P5_M68_L001,Post_P23_2,Post,995389.2,993816.4,1572.8,0.00895
B3_P6_M68_L001,Post_P23_2,Post,989062.5,989062.5,0.0,0.01587
B4_P1_M68_L001,Post_P23_2,Post,997486.4,997486.4,-0.0,0.00363
B4_P3_M68_L001,Post_P23_2,Post,995095.6,994724.4,371.2,0.00763
B4_P5_M68_L001,Post_P23_2,Post,992573.4,992573.4,-0.0,0.01075
B4_P6_M68_L001,Post_P23_2,Post,993567.6,993567.6,-0.0,0.00931
B5_P1_M68_L001,Post_P23_2,Post,1001208.6,1001208.6,0.0,-0.00174
B5_P3_M68_L001,Post_P23_2,Post,992736.5,992736.5,0.0,0.01052
B5_P5_M68_L001,Post_P23_2,Post,995274.9,991305.1,3969.8,0.0126
B6_P1_M68_L001,Post_P23_2,Post,995014.4,995005.1,9.3,0.00722
B6_P3_M68_L001,Post_P23_2,Post,988165.8,988157.4,8.4,0.01719
B6_P5_M68_L001,Post_P23_2,Post,991194.6,991156.5,38.1,0.01282
B6_P6_M68_L001,Post_P23_2,Post,997289.4,997289.4,-0.0,0.00392
B7_P3_M68_L001,Post_P23_2,Post,991618.0,991618.0,0.0,0.01214
B7_P5_M68_L001,Post_P23_2,Post,993056.6,993056.6,0.0,0.01005
B7_P6_M68_L001,Post_P23_2,Post,997016.9,995857.9,1159.0,0.00599
B8_P1_M68_L001,Post_P23_2,Post,995607.1,995607.1,-0.0,0.00635
B8_P3_M68_L001,Post_P23_2,Post,994894.4,994894.4,-0.0,0.00738
B8_P5_M68_L001,Post_P23_2,Post,996865.5,996860.4,5.1,0.00454
B8_P6_M68_L001,Post_P23_2,Post,995889.4,995889.4,0.0,0.00594
B9_P1_M68_L001,Post_P23_2,Post,993144.3,993033.9,110.4,0.01009
B9_P3_M68_L001,Post_P23_2,Post,992613.2,992613.2,0.0,0.0107
B9_P5_M68_L001,Post_P23_2,Post,996522.1,996522.1,0.0,0.00503
B9_P6_M68_L001,Post_P23_2,Post,994931.9,994356.8,575.1,0.00816
C10_P1_M68_L001,Post_P23_2,Post,995855.4,995848.6,6.8,0.006
C10_P3_M68_L001,Post_P23_2,Post,994474.2,993613.2,861.0,0.00924
C10_P5_M68_L001,Post_P23_2,Post,994598.4,994598.4,0.0,0.00781
C10_P6_M68_L001,Post_P23_2,Post,996717.4,993933.1,2784.3,0.00878
C11_P1_M68_L001,Post_P23_2,Post,989431.2,989431.2,0.0,0.01533
C11_P3_M68_L001,Post_P23_2,Post,995257.0,992679.3,2577.7,0.0106
C11_P5_M68_L001,Post_P23_2,Post,993163.8,993163.8,0.0,0.0099
C11_P6_M68_L001,Post_P23_2,Post,994244.5,994244.5,0.0,0.00833
C12_P1_M68_L001,Post_P23_2,Post,993890.9,993890.9,-0.0,0.00884
C12_P3_M68_L001,Post_P23_2,Post,995407.6,990079.5,5328.1,0.01438
C12_P5_M68_L001,Post_P23_2,Post,993477.3,993200.1,277.2,0.00984
C12_P6_M68_L001,Post_P23_2,Post,996607.7,996578.0,29.7,0.00495
C1_P1_M68_L001,Post_P23_2,Post,994211.6,994211.6,-0.0,0.00838
C1_P3_M68_L001,Post_P23_2,Post,995563.1,995563.1,0.0,0.00642
C1_P5_M68_L001,Post_P23_2,Post,989859.2,987812.2,2047.0,0.01769
C1_P6_M68_L001,Post_P23_2,Post,995739.2,995739.2,-0.0,0.00616
C2_P1_M68_L001,Post_P23_2,Post,993824.6,993824.6,0.0,0.00894
C2_P3_M68_L001,Post_P23_2,Post,992398.3,992398.3,0.0,0.01101
C2_P6_M68_L001,Post_P23_2,Post,994895.7,994895.7,0.0,0.00738
C3_P3_M68_L001,Post_P23_2,Post,994674.4,994674.4,-0.0,0.0077
C3_P6_M68_L001,Post_P23_2,Post,992667.3,992667.3,-0.0,0.01062
C4_P1_M68_L001,Post_P23_2,Post,997551.6,996084.3,1467.3,0.00566
C4_P3_M68_L001,Post_P23_2,Post,994575.1,994465.7,109.4,0.00801
C4_P5_M68_L001,Post_P23_2,Post,993026.7,992692.1,334.6,0.01058
C5_P1_M68_L001,Post_P23_2,Post,994556.9,994556.9,0.0,0.00787
C5_P3_M68_L001,Post_P23_2,Post,993914.9,993914.9,0.0,0.00881
C5_P5_M68_L001,Post_P23_2,Post,994167.6,994167.6,0.0,0.00844
C5_P6_M68_L001,Post_P23_2,Post,993922.5,993827.8,94.7,0.00893
C6_P1_M68_L001,Post_P23_2,Post,991026.2,990051.6,974.6,0.01442
C6_P5_M68_L001,Post_P23_2,Post,994453.0,994453.0,0.0,0.00802
C6_P6_M68_L001,Post_P23_2,Post,992046.9,991843.7,203.2,0.01182
C7_P1_M68_L001,Post_P23_2,Post,994311.2,994311.2,-0.0,0.00823
C7_P3_M68_L001,Post_P23_2,Post,996371.5,996352.6,18.9,0.00527
C7_P5_M68_L001,Post_P23_2,Post,993402.1,993402.1,-0.0,0.00955
C7_P6_M68_L001,Post_P23_2,Post,994245.3,994245.3,0.0,0.00833
C8_P1_M68_L001,Post_P23_2,Post,994309.2,994309.2,-0.0,0.00823
C8_P3_M68_L001,Post_P23_2,Post,994284.0,994037.7,246.3,0.00863
C8_P5_M68_L001,Post_P23_2,Post,992247.9,992247.9,-0.0,0.01123
C8_P6_M68_L001,Post_P23_2,Post,997333.8,997333.8,-0.0,0.00385
C9_P1_M68_L001,Post_P23_2,Post,997260.6,997260.6,0.0,0.00396
C9_P3_M68_L001,Post_P23_2,Post,994005.2,993457.5,547.7,0.00947
C9_P5_M68_L001,Post_P23_2,Post,993369.3,993369.3,-0.0,0.0096
C9_P6_M68_L001,Post_P23_2,Post,992565.0,992546.7,18.3,0.01079
D10_P1_M68_L001,Post_P23_2,Post,993162.4,993127.1,35.3,0.00995
D10_P3_M68_L001,Post_P23_2,Post,995683.6,995683.6,0.0,0.00624
D10_P5_M68_L001,Post_P23_2,Post,990295.9,989981.7,314.2,0.01453
D10_P6_M68_L001,Post_P23_2,Post,994595.7,994595.7,-0.0,0.00782
D11_P1_M68_L001,Post_P23_2,Post,993993.6,993464.3,529.3,0.00946
D11_P3_M68_L001,Post_P23_2,Post,992927.1,992927.1,0.0,0.01024
D11_P5_M68_L001,Post_P23_2,Post,996184.5,996184.5,-0.0,0.00552
D11_P6_M68_L001,Post_P23_2,Post,994567.7,994567.7,0.0,0.00786
D12_P1_M68_L001,Post_P23_2,Post,994328.4,994328.4,-0.0,0.00821
D12_P3_M68_L001,Post_P23_2,Post,994786.8,994548.9,237.9,0.00789
D12_P5_M68_L001,Post_P23_2,Post,989152.0,989152.0,0.0,0.01574
D12_P6_M68_L001,Post_P23_2,Post,995373.7,995373.7,-0.0,0.00669
D1_P1_M68_L001,Post_P23_2,Post,994596.8,994596.8,0.0,0.00782
D1_P3_M68_L001,Post_P23_2,Post,996225.3,996225.3,-0.0,0.00546
D1_P5_M68_L001,Post_P23_2,Post,997880.1,997880.1,0.0,0.00306
D1_P6_M68_L001,Post_P23_2,Post,993949.7,993949.7,-0.0,0.00876
D2_P1_M68_L001,Post_P23_2,Post,992051.0,992051.0,0.0,0.01151
D2_P3_M68_L001,Post_P23_2,Post,990493.1,990493.1,0.0,0.01378
D2_P5_M68_L001,Post_P23_2,Post,992893.3,992893.3,-0.0,0.01029
D2_P6_M68_L001,Post_P23_2,Post,993404.3,993404.3,0.0,0.00955
D3_P1_M68_L001,Post_P23_2,Post,995563.4,995459.7,103.7,0.00657
D3_P3_M68_L001,Post_P23_2,Post,993200.7,993200.7,0.0,0.00984
D3_P5_M68_L001,Post_P23_2,Post,996036.9,996036.9,0.0,0.00573
D3_P6_M68_L001,Post_P23_2,Post,987830.5,987830.5,0.0,0.01766
D4_P1_M68_L001,Post_P23_2,Post,998117.7,998117.7,0.0,0.00272
D4_P3_M68_L001,Post_P23_2,Post,998832.5,998826.0,6.5,0.00169
D4_P5_M68_L001,Post_P23_2,Post,995836.8,995836.8,0.0,0.00602
D4_P6_M68_L001,Post_P23_2,Post,993412.5,993412.5,0.0,0.00954
D5_P1_M68_L001,Post_P23_2,Post,995164.3,995155.7,8.6,0.00701
D5_P3_M68_L001,Post_P23_2,Post,992162.6,992143.8,18.8,0.01138
D5_P5_M68_L001,Post_P23_2,Post,991425.4,985593.5,5831.9,0.02094
D5_P6_M68_L001,Post_P23_2,Post,995498.3,995498.3,0.0,0.00651
D6_P1_M68_L001,Post_P23_2,Post,995895.8,995895.8,0.0,0.00593
D6_P3_M68_L001,Post_P23_2,Post,992156.0,992028.1,127.9,0.01155
D6_P5_M68_L001,Post_P23_2,Post,998899.7,998899.7,-0.0,0.00159
D6_P6_M68_L001,Post_P23_2,Post,989644.1,989644.1,-0.0,0.01502
D7_P1_M68_L001,Post_P23_2,Post,997268.5,993708.3,3560.2,0.00911
D7_P3_M68_L001,Post_P23_2,Post,992191.9,991957.4,234.5,0.01165
D7_P5_M68_L001,Post_P23_2,Post,993696.6,993672.5,24.1,0.00916
D7_P6_M68_L001,Post_P23_2,Post,994129.9,994129.9,0.0,0.00849
D8_P1_M68_L001,Post_P23_2,Post,992968.1,992968.1,-0.0,0.01018
D8_P3_M68_L001,Post_P23_2,Post,995456.5,995456.5,-0.0,0.00657
D8_P5_M68_L001,Post_P23_2,Post,993226.6,993208.7,17.9,0.00983
D8_P6_M68_L001,Post_P23_2,Post,995499.9,995499.9,0.0,0.00651
D9_P1_M68_L001,Post_P23_2,Post,989792.5,989792.5,0.0,0.0148
D9_P3_M68_L001,Post_P23_2,Post,996069.3,996069.3,0.0,0.00568
D9_P5_M68_L001,Post_P23_2,Post,993364.5,993067.3,297.2,0.01004
D9_P6_M68_L001,Post_P23_2,Post,994503.7,994503.7,-0.0,0.00795
E10_P1_M68_L001,Post_P23_2,Post,989632.9,989632.9,-0.0,0.01503
E10_P3_M68_L001,Post_P23_2,Post,993438.7,993422.4,16.3,0.00952
E10_P5_M68_L001,Post_P23_2,Post,994846.6,994846.6,-0.0,0.00745
E10_P6_M68_L001,Post_P23_2,Post,996230.3,996230.3,-0.0,0.00545
E11_P1_M68_L001,Post_P23_2,Post,995979.3,995979.3,0.0,0.00581
E11_P3_M68_L001,Post_P23_2,Post,994408.7,994408.7,-0.0,0.00809
E11_P5_M68_L001,Post_P23_2,Post,993146.0,993146.0,0.0,0.00992
E11_P6_M68_L001,Post_P23_2,Post,991182.5,991182.5,0.0,0.01278
E12_P1_M68_L001,Post_P23_2,Post,992134.8,991364.5,770.3,0.01251
E12_P3_M68_L001,Post_P23_2,Post,991737.0,991737.0,-0.0,0.01197
E12_P5_M68_L001,Post_P23_2,Post,995919.2,995919.2,-0.0,0.0059
E12_P6_M68_L001,Post_P23_2,Post,994704.5,994704.5,0.0,0.00766
E1_P1_M68_L001,Post_P23_2,Post,993303.0,993303.0,0.0,0.00969
E1_P3_M68_L001,Post_P23_2,Post,996295.4,996295.4,0.0,0.00535
E1_P5_M68_L001,Post_P23_2,Post,994219.6,994219.6,0.0,0.00836
E1_P6_M68_L001,Post_P23_2,Post,993815.5,993815.5,0.0,0.00895
E2_P1_M68_L001,Post_P23_2,Post,989971.8,989971.8,-0.0,0.01454
E2_P3_M68_L001,Post_P23_2,Post,987929.6,987929.6,-0.0,0.01752
E2_P5_M68_L001,Post_P23_2,Post,988834.4,988834.4,-0.0,0.0162
E2_P6_M68_L001,Post_P23_2,Post,994325.2,994325.2,-0.0,0.00821
E3_P1_M68_L001,Post_P23_2,Post,994648.9,994648.9,-0.0,0.00774
E3_P3_M68_L001,Post_P23_2,Post,993167.7,993167.7,0.0,0.00989
E3_P5_M68_L001,Post_P23_2,Post,991713.2,991667.1,46.1,0.01207
E3_P6_M68_L001,Post_P23_2,Post,995008.9,995008.9,0.0,0.00722
E4_P1_M68_L001,Post_P23_2,Post,992295.2,992188.6,106.6,0.01131
E4_P3_M68_L001,Post_P23_2,Post,992082.3,989491.1,2591.2,0.01524
E4_P5_M68_L001,Post_P23_2,Post,988410.7,987469.4,941.3,0.01819
E4_P6_M68_L001,Post_P23_2,Post,992105.6,992072.8,32.8,0.01148
E5_P1_M68_L001,Post_P23_2,Post,993884.1,993884.1,0.0,0.00885
E5_P3_M68_L001,Post_P23_2,Post,995076.1,994543.4,532.7,0.00789
E5_P5_M68_L001,Post_P23_2,Post,989886.8,989299.7,587.1,0.01552
E6_P1_M68_L001,Post_P23_2,Post,995092.4,995092.4,-0.0,0.0071
E6_P3_M68_L001,Post_P23_2,Post,996638.7,996638.7,-0.0,0.00486
E6_P5_M68_L001,Post_P23_2,Post,994143.5,993643.0,500.5,0.0092
E6_P6_M68_L001,Post_P23_2,Post,995286.7,995278.7,8.0,0.00683
E7_P1_M68_L001,Post_P23_2,Post,995256.3,995132.8,123.5,0.00704
E7_P3_M68_L001,Post_P23_2,Post,996312.1,996174.9,137.2,0.00553
E7_P5_M68_L001,Post_P23_2,Post,992505.5,992505.5,-0.0,0.01085
E7_P6_M68_L001,Post_P23_2,Post,992179.0,992179.0,-0.0,0.01133
E8_P1_M68_L001,Post_P23_2,Post,995887.4,995887.4,0.0,0.00595
E8_P3_M68_L001,Post_P23_2,Post,994110.2,994110.2,-0.0,0.00852
E8_P5_M68_L001,Post_P23_2,Post,992220.5,992220.5,-0.0,0.01127
E8_P6_M68_L001,Post_P23_2,Post,996649.8,995484.7,1165.1,0.00653
E9_P1_M68_L001,Post_P23_2,Post,987545.4,987545.4,-0.0,0.01808
E9_P3_M68_L001,Post_P23_2,Post,993903.9,993903.9,-0.0,0.00882
E9_P5_M68_L001,Post_P23_2,Post,994145.6,994113.7,31.9,0.00852
E9_P6_M68_L001,Post_P23_2,Post,993389.9,993389.9,0.0,0.00957
F10_P1_M68_L001,Post_P23_2,Post,993442.3,993442.3,-0.0,0.00949
F10_P3_M68_L001,Post_P23_2,Post,995449.0,993626.0,1823.0,0.00923
F10_P5_M68_L001,Post_P23_2,Post,996219.7,996219.7,-0.0,0.00546
F10_P6_M68_L001,Post_P23_2,Post,990781.5,990781.5,0.0,0.01336
F11_P1_M68_L001,Post_P23_2,Post,995154.7,995154.7,-0.0,0.00701
F11_P3_M68_L001,Post_P23_2,Post,993572.2,993572.2,0.0,0.0093
F11_P6_M68_L001,Post_P23_2,Post,994088.4,994088.4,0.0,0.00855
F12_P1_M68_L001,Post_P23_2,Post,998196.4,998196.4,0.0,0.0026
F12_P3_M68_L001,Post_P23_2,Post,994566.8,994566.8,0.0,0.00786
F12_P5_M68_L001,Post_P23_2,Post,991770.8,991732.4,38.4,0.01198
F12_P6_M68_L001,Post_P23_2,Post,997932.0,997914.7,17.3,0.00301
F1_P1_M68_L001,Post_P23_2,Post,994314.2,994314.2,-0.0,0.00823
F1_P3_M68_L001,Post_P23_2,Post,996417.8,996417.8,0.0,0.00518
F1_P5_M68_L001,Post_P23_2,Post,999754.2,999754.2,-0.0,0.00035
F1_P6_M68_L001,Post_P23_2,Post,998358.6,998358.6,-0.0,0.00237
F2_P1_M68_L001,Post_P23_2,Post,992604.1,992604.1,-0.0,0.01071
F2_P3_M68_L001,Post_P23_2,Post,996925.2,996880.6,44.6,0.00451
F2_P5_M68_L001,Post_P23_2,Post,992130.2,990233.6,1896.6,0.01416
F2_P6_M68_L001,Post_P23_2,Post,990710.4,990710.4,0.0,0.01346
F3_P1_M68_L001,Post_P23_2,Post,991211.8,991211.8,-0.0,0.01273
F3_P3_M68_L001,Post_P23_2,Post,994737.3,994723.0,14.3,0.00763
F3_P5_M68_L001,Post_P23_2,Post,997355.1,997355.1,-0.0,0.00382
F3_P6_M68_L001,Post_P23_2,Post,993702.3,993454.3,248.0,0.00947
F4_P1_M68_L001,Post_P23_2,Post,994774.9,994774.9,-0.0,0.00756
F4_P3_M68_L001,Post_P23_2,Post,992508.2,992508.2,0.0,0.01085
F4_P5_M68_L001,Post_P23_2,Post,993883.1,993883.1,-0.0,0.00885
F4_P6_M68_L001,Post_P23_2,Post,995483.8,994871.7,612.1,0.00742
F5_P1_M68_L001,Post_P23_2,Post,994881.3,993549.7,1331.6,0.00934
F5_P3_M68_L001,Post_P23_2,Post,992509.5,992499.4,10.1,0.01086
F5_P5_M68_L001,Post_P23_2,Post,991686.0,991686.0,0.0,0.01204
F5_P6_M68_L001,Post_P23_2,Post,993037.6,993037.6,0.0,0.01008
F6_P1_M68_L001,Post_P23_2,Post,995525.7,995525.7,-0.0,0.00647
F6_P3_M68_L001,Post_P23_2,Post,995366.3,995366.3,0.0,0.0067
F6_P5_M68_L001,Post_P23_2,Post,990731.0,990731.0,-0.0,0.01343
F6_P6_M68_L001,Post_P23_2,Post,995555.3,995555.3,0.0,0.00643
F7_P1_M68_L001,Post_P23_2,Post,993271.2,993271.2,0.0,0.00974
F7_P3_M68_L001,Post_P23_2,Post,994789.2,994789.2,-0.0,0.00754
F7_P5_M68_L001,Post_P23_2,Post,994582.4,994582.4,0.0,0.00784
F7_P6_M68_L001,Post_P23_2,Post,992785.8,992764.7,21.1,0.01048
F8_P1_M68_L001,Post_P23_2,Post,993671.8,990949.8,2722.0,0.01312
F8_P3_M68_L001,Post_P23_2,Post,993838.6,993838.6,-0.0,0.00892
F8_P5_M68_L001,Post_P23_2,Post,992904.4,992904.4,-0.0,0.01027
F8_P6_M68_L001,Post_P23_2,Post,993345.7,993345.7,-0.0,0.00963
F9_P1_M68_L001,Post_P23_2,Post,993420.7,993420.7,0.0,0.00952
F9_P3_M68_L001,Post_P23_2,Post,993429.5,993407.9,21.6,0.00954
F9_P5_M68_L001,Post_P23_2,Post,986461.0,986461.0,0.0,0.01967
F9_P6_M68_L001,Post_P23_2,Post,991821.0,991821.0,0.0,0.01185
G10_P3_M68_L001,Post_P23_2,Post,994566.3,994566.3,0.0,0.00786
G10_P5_M68_L001,Post_P23_2,Post,994887.5,992078.9,2808.6,0.01147
G10_P6_M68_L001,Post_P23_2,Post,994733.2,994733.2,-0.0,0.00762
G11_P1_M68_L001,Post_P23_2,Post,991906.8,991906.8,-0.0,0.01172
G11_P3_M68_L001,Post_P23_2,Post,994606.9,994606.9,0.0,0.0078
G11_P5_M68_L001,Post_P23_2,Post,994548.4,994548.4,-0.0,0.00789
G11_P6_M68_L001,Post_P23_2,Post,993049.9,992361.1,688.8,0.01106
G12_P1_M68_L001,Post_P23_2,Post,993943.8,993943.8,0.0,0.00876
G12_P3_M68_L001,Post_P23_2,Post,995889.4,995889.4,-0.0,0.00594
G12_P5_M68_L001,Post_P23_2,Post,990330.3,990330.3,0.0,0.01402
G12_P6_M68_L001,Post_P23_2,Post,993059.0,993059.0,-0.0,0.01005
G1_P1_M68_L001,Post_P23_2,Post,993540.0,993540.0,0.0,0.00935
G1_P3_M68_L001,Post_P23_2,Post,996090.5,996090.5,-0.0,0.00565
G1_P5_M68_L001,Post_P23_2,Post,996391.2,996391.2,-0.0,0.00522
G1_P6_M68_L001,Post_P23_2,Post,996903.3,996903.3,-0.0,0.00447
G2_P1_M68_L001,Post_P23_2,Post,993707.0,993707.0,0.0,0.00911
G2_P3_M68_L001,Post_P23_2,Post,993224.1,993224.1,-0.0,0.00981
G2_P5_M68_L001,Post_P23_2,Post,993407.4,991909.2,1498.2,0.01172
G3_P1_M68_L001,Post_P23_2,Post,995429.9,995429.9,0.0,0.00661
G3_P3_M68_L001,Post_P23_2,Post,990433.0,990421.7,11.3,0.01389
G3_P5_M68_L001,Post_P23_2,Post,990503.0,990503.0,0.0,0.01377
G3_P6_M68_L001,Post_P23_2,Post,992221.2,992221.2,-0.0,0.01127
G4_P1_M68_L001,Post_P23_2,Post,993083.5,993072.1,11.4,0.01003
G4_P3_M68_L001,Post_P23_2,Post,990998.2,990998.2,-0.0,0.01305
G4_P5_M68_L001,Post_P23_2,Post,992175.6,992175.6,0.0,0.01133
G4_P6_M68_L001,Post_P23_2,Post,992138.0,989944.0,2194.0,0.01458
G5_P1_M68_L001,Post_P23_2,Post,993011.6,993011.6,0.0,0.01012
G5_P3_M68_L001,Post_P23_2,Post,992574.2,992574.2,0.0,0.01075
G5_P5_M68_L001,Post_P23_2,Post,991237.4,991237.4,0.0,0.0127
G5_P6_M68_L001,Post_P23_2,Post,992871.3,992782.5,88.8,0.01045
G6_P1_M68_L001,Post_P23_2,Post,995277.5,994000.2,1277.3,0.00868
G6_P3_M68_L001,Post_P23_2,Post,995611.9,995004.0,607.9,0.00723
G6_P5_M68_L001,Post_P23_2,Post,990182.7,990182.7,0.0,0.01423
G6_P6_M68_L001,Post_P23_2,Post,993237.4,992321.9,915.5,0.01112
G7_P1_M68_L001,Post_P23_2,Post,995589.8,994201.4,1388.4,0.00839
G7_P3_M68_L001,Post_P23_2,Post,993333.0,993172.0,161.0,0.00988
G7_P5_M68_L001,Post_P23_2,Post,994728.3,994728.3,0.0,0.00763
G7_P6_M68_L001,Post_P23_2,Post,992324.6,992324.6,0.0,0.01112
G8_P1_M68_L001,Post_P23_2,Post,992424.4,992424.4,-0.0,0.01097
G8_P3_M68_L001,Post_P23_2,Post,995285.7,995110.6,175.1,0.00707
G8_P5_M68_L001,Post_P23_2,Post,990212.0,988927.9,1284.1,0.01606
G8_P6_M68_L001,Post_P23_2,Post,992286.8,992286.8,-0.0,0.01117
G9_P1_M68_L001,Post_P23_2,Post,994949.3,994949.3,-0.0,0.00731
G9_P3_M68_L001,Post_P23_2,Post,994066.9,994066.9,-0.0,0.00859
G9_P6_M68_L001,Post_P23_2,Post,992731.2,992731.2,0.0,0.01052
H10_P1_M68_L001,Post_P23_2,Post,996607.5,996607.5,0.0,0.0049
H10_P3_M68_L001,Post_P23_2,Post,991873.8,991873.8,0.0,0.01177
H10_P5_M68_L001,Post_P23_2,Post,994210.5,994210.5,-0.0,0.00838
H11_P1_M68_L001,Post_P23_2,Post,992298.6,992298.6,-0.0,0.01115
H11_P3_M68_L001,Post_P23_2,Post,995609.9,995246.3,363.6,0.00687
H11_P5_M68_L001,Post_P23_2,Post,995215.5,995011.4,204.1,0.00722
H11_P6_M68_L001,Post_P23_2,Post,990450.0,990450.0,0.0,0.01384
H12_P1_M68_L001,Post_P23_2,Post,994495.7,994495.7,-0.0,0.00796
H12_P3_M68_L001,Post_P23_2,Post,993992.5,993992.5,0.0,0.00869
H12_P5_M68_L001,Post_P23_2,Post,993260.4,993260.4,-0.0,0.00976
H12_P6_M68_L001,Post_P23_2,Post,996560.6,996560.6,-0.0,0.00497
H1_P1_M68_L001,Post_P23_2,Post,995876.9,995876.9,-0.0,0.00596
H1_P3_M68_L001,Post_P23_2,Post,999610.0,999610.0,-0.0,0.00056
H1_P5_M68_L001,Post_P23_2,Post,995231.6,995116.5,115.1,0.00706
H1_P6_M68_L001,Post_P23_2,Post,994354.9,994354.9,0.0,0.00817
H2_P1_M68_L001,Post_P23_2,Post,999770.2,999770.2,-0.0,0.00033
H2_P3_M68_L001,Post_P23_2,Post,990653.3,989564.3,1089.0,0.01513
H2_P5_M68_L001,Post_P23_2,Post,993675.2,993181.7,493.5,0.00987
H2_P6_M68_L001,Post_P23_2,Post,990621.7,990621.7,-0.0,0.01359
H3_P1_M68_L001,Post_P23_2,Post,994141.4,994141.4,0.0,0.00848
H3_P3_M68_L001,Post_P23_2,Post,994928.5,994928.5,-0.0,0.00734
H3_P5_M68_L001,Post_P23_2,Post,993407.3,993407.3,0.0,0.00954
H3_P6_M68_L001,Post_P23_2,Post,992932.6,992060.5,872.1,0.0115
H4_P1_M68_L001,Post_P23_2,Post,989291.8,989206.6,85.2,0.01566
H4_P3_M68_L001,Post_P23_2,Post,992468.4,992283.3,185.1,0.01118
H4_P5_M68_L001,Post_P23_2,Post,995843.3,995832.7,10.6,0.00602
H4_P6_M68_L001,Post_P23_2,Post,994774.3,994774.3,-0.0,0.00756
H5_P1_M68_L001,Post_P23_2,Post,996435.0,996427.8,7.2,0.00516
H5_P3_M68_L001,Post_P23_2,Post,994359.7,994359.7,0.0,0.00816
H5_P5_M68_L001,Post_P23_2,Post,989700.4,989700.4,0.0,0.01494
H5_P6_M68_L001,Post_P23_2,Post,997038.3,997038.3,0.0,0.00428
H6_P1_M68_L001,Post_P23_2,Post,996741.7,995882.5,859.2,0.00595
H6_P3_M68_L001,Post_P23_2,Post,996507.2,996472.4,34.8,0.0051
H6_P5_M68_L001,Post_P23_2,Post,993152.7,993137.8,14.9,0.00993
H6_P6_M68_L001,Post_P23_2,Post,991081.2,991081.2,-0.0,0.01292
H7_P1_M68_L001,Post_P23_2,Post,997315.9,997315.9,-0.0,0.00388
H7_P3_M68_L001,Post_P23_2,Post,994053.3,994053.3,0.0,0.0086
H7_P5_M68_L001,Post_P23_2,Post,993056.8,992998.9,57.9,0.01014
H7_P6_M68_L001,Post_P23_2,Post,992341.5,992341.5,0.0,0.01109
H8_P1_M68_L001,Post_P23_2,Post,993517.3,993517.3,-0.0,0.00938
H8_P3_M68_L001,Post_P23_2,Post,993849.8,993849.8,-0.0,0.0089
H8_P5_M68_L001,Post_P23_2,Post,993759.6,993759.6,0.0,0.00903
H8_P6_M68_L001,Post_P23_2,Post,993061.0,993061.0,0.0,0.01005
H9_P3_M68_L001,Post_P23_2,Post,993758.9,993758.9,0.0,0.00903
H9_P5_M68_L001,Post_P23_2,Post,993997.9,992746.9,1251.0,0.0105
H9_P6_M68_L001,Post_P23_2,Post,993287.2,993287.2,0.0,0.00972
A10_P6_M82_L001,Pre_P24,Pre,984771.2,984771.2,-0.0,0.02214
A10_P7_M82_L001,Pre_P24,Pre,988985.4,988985.4,0.0,0.01598
A10_P8_M82_L001,Pre_P24,Pre,995639.7,995617.6,22.1,0.00634
A10_P9_M82_L001,Pre_P24,Pre,995799.7,995679.6,120.1,0.00625
A11_P7_M82_L001,Pre_P24,Pre,990194.4,990194.4,-0.0,0.01422
A12_P6_M82_L001,Pre_P24,Pre,992223.5,992223.5,-0.0,0.01126
A12_P7_M82_L001,Pre_P24,Pre,995177.6,994663.0,514.6,0.00772
A12_P8_M82_L001,Pre_P24,Pre,991151.8,991136.4,15.4,0.01284
A1_P6_M82_L001,Pre_P24,Pre,994740.9,994740.9,-0.0,0.00761
A1_P8_M82_L001,Pre_P24,Pre,996362.9,996348.4,14.5,0.00528
A1_P9_M82_L001,Pre_P24,Pre,994865.7,994865.7,0.0,0.00743
A2_P7_M82_L001,Pre_P24,Pre,989232.1,989232.1,0.0,0.01562
A2_P8_M82_L001,Pre_P24,Pre,995260.5,991841.0,3419.5,0.01182
A2_P9_M82_L001,Pre_P24,Pre,994909.8,994909.8,-0.0,0.00736
A3_P6_M82_L001,Pre_P24,Pre,995476.5,995476.5,0.0,0.00654
A3_P7_M82_L001,Pre_P24,Pre,989454.1,989454.1,-0.0,0.0153
A3_P8_M82_L001,Pre_P24,Pre,992966.8,992251.6,715.2,0.01122
A4_P6_M82_L001,Pre_P24,Pre,991919.3,991919.3,-0.0,0.01171
A4_P7_M82_L001,Pre_P24,Pre,994530.5,994530.5,-0.0,0.00791
A4_P8_M82_L001,Pre_P24,Pre,994556.0,993216.3,1339.7,0.00982
A4_P9_M82_L001,Pre_P24,Pre,995179.4,995179.4,-0.0,0.00697
A5_P6_M82_L001,Pre_P24,Pre,991981.1,991981.1,0.0,0.01162
A5_P7_M82_L001,Pre_P24,Pre,993868.6,993841.1,27.5,0.00891
A5_P8_M82_L001,Pre_P24,Pre,995393.5,994080.2,1313.3,0.00857
A5_P9_M82_L001,Pre_P24,Pre,988676.5,988676.5,-0.0,0.01643
A6_P6_M82_L001,Pre_P24,Pre,994390.0,994390.0,-0.0,0.00812
A6_P7_M82_L001,Pre_P24,Pre,996065.0,996065.0,0.0,0.00569
A6_P8_M82_L001,Pre_P24,Pre,994541.2,994541.2,0.0,0.0079
A7_P6_M82_L001,Pre_P24,Pre,995724.8,995724.8,-0.0,0.00618
A7_P7_M82_L001,Pre_P24,Pre,986820.3,986820.3,-0.0,0.01914
A7_P8_M82_L001,Pre_P24,Pre,985452.4,985443.9,8.5,0.02115
A7_P9_M82_L001,Pre_P24,Pre,992224.3,992224.3,-0.0,0.01126
A8_P6_M82_L001,Pre_P24,Pre,997713.2,997713.2,-0.0,0.0033
A8_P7_M82_L001,Pre_P24,Pre,993270.3,993270.3,-0.0,0.00974
A8_P8_M82_L001,Pre_P24,Pre,994255.3,991870.9,2384.4,0.01178
A8_P9_M82_L001,Pre_P24,Pre,995836.6,995836.6,-0.0,0.00602
A9_P6_M82_L001,Pre_P24,Pre,997212.5,997212.5,0.0,0.00403
A9_P7_M82_L001,Pre_P24,Pre,991879.7,991879.7,-0.0,0.01176
A9_P8_M82_L001,Pre_P24,Pre,995355.2,995336.7,18.5,0.00674
A9_P9_M82_L001,Pre_P24,Pre,993180.1,992836.2,343.9,0.01037
B10_P6_M82_L001,Pre_P24,Pre,993990.7,993990.7,0.0,0.0087
B10_P7_M82_L001,Pre_P24,Pre,995958.1,991599.4,4358.7,0.01217
B10_P8_M82_L001,Pre_P24,Pre,993491.5,993491.5,0.0,0.00942
B10_P9_M82_L001,Pre_P24,Pre,995531.2,995531.2,-0.0,0.00646
B11_P6_M82_L001,Pre_P24,Pre,993096.4,993096.4,-0.0,0.00999
B11_P7_M82_L001,Pre_P24,Pre,995370.2,995370.2,-0.0,0.00669
B11_P8_M82_L001,Pre_P24,Pre,993999.4,993999.4,-0.0,0.00868
B11_P9_M82_L001,Pre_P24,Pre,988401.3,988401.3,-0.0,0.01683
B12_P6_M82_L001,Pre_P24,Pre,992243.7,992235.0,8.7,0.01125
B12_P7_M82_L001,Pre_P24,Pre,994550.5,994512.1,38.4,0.00794
B12_P8_M82_L001,Pre_P24,Pre,995382.9,995382.9,0.0,0.00668
B12_P9_M82_L001,Pre_P24,Pre,992648.4,992648.4,0.0,0.01065
B1_P6_M82_L001,Pre_P24,Pre,996489.2,995902.1,587.1,0.00592
B1_P7_M82_L001,Pre_P24,Pre,995407.7,995407.7,-0.0,0.00664
B1_P8_M82_L001,Pre_P24,Pre,996019.0,995675.1,343.9,0.00625
B2_P6_M82_L001,Pre_P24,Pre,990628.7,990628.7,-0.0,0.01358
B2_P7_M82_L001,Pre_P24,Pre,995233.7,995233.7,-0.0,0.00689
B2_P8_M82_L001,Pre_P24,Pre,993474.1,993474.1,-0.0,0.00945
B2_P9_M82_L001,Pre_P24,Pre,997038.1,997038.1,-0.0,0.00428
B3_P6_M82_L001,Pre_P24,Pre,993748.3,993748.3,0.0,0.00905
B3_P7_M82_L001,Pre_P24,Pre,992093.1,992093.1,0.0,0.01145
B3_P8_M82_L001,Pre_P24,Pre,987169.1,987169.1,-0.0,0.01863
B3_P9_M82_L001,Pre_P24,Pre,991743.2,991743.2,0.0,0.01196
B4_P6_M82_L001,Pre_P24,Pre,985096.5,985096.5,-0.0,0.02166
B4_P8_M82_L001,Pre_P24,Pre,994277.6,994277.6,0.0,0.00828
B4_P9_M82_L001,Pre_P24,Pre,997639.3,997639.3,-0.0,0.00341
B5_P7_M82_L001,Pre_P24,Pre,992615.5,992436.7,178.8,0.01095
B5_P8_M82_L001,Pre_P24,Pre,992234.7,992163.2,71.5,0.01135
B5_P9_M82_L001,Pre_P24,Pre,993783.4,993783.4,-0.0,0.009
B6_P6_M82_L001,Pre_P24,Pre,993800.3,993800.3,-0.0,0.00897
B6_P7_M82_L001,Pre_P24,Pre,992327.4,992183.3,144.1,0.01132
B6_P8_M82_L001,Pre_P24,Pre,991747.0,991747.0,-0.0,0.01196
B6_P9_M82_L001,Pre_P24,Pre,996168.1,996168.1,-0.0,0.00554
B7_P6_M82_L001,Pre_P24,Pre,993383.2,993383.2,0.0,0.00958
B7_P7_M82_L001,Pre_P24,Pre,996813.9,996813.9,-0.0,0.0046
B7_P8_M82_L001,Pre_P24,Pre,995311.6,995311.6,-0.0,0.00678
B7_P9_M82_L001,Pre_P24,Pre,994928.4,994928.4,-0.0,0.00734
B8_P6_M82_L001,Pre_P24,Pre,995990.9,995990.9,-0.0,0.0058
B8_P7_M82_L001,Pre_P24,Pre,988292.6,988292.6,0.0,0.01699
B8_P8_M82_L001,Pre_P24,Pre,987882.1,986825.7,1056.4,0.01913
B8_P9_M82_L001,Pre_P24,Pre,993301.0,993301.0,0.0,0.0097
B9_P6_M82_L001,Pre_P24,Pre,990630.8,990630.8,-0.0,0.01358
B9_P7_M82_L001,Pre_P24,Pre,992785.5,992785.5,0.0,0.01045
B9_P8_M82_L001,Pre_P24,Pre,995198.2,994819.1,379.1,0.00749
B9_P9_M82_L001,Pre_P24,Pre,989558.8,989542.5,16.3,0.01517
C10_P6_M82_L001,Pre_P24,Pre,994565.9,994565.9,0.0,0.00786
C10_P7_M82_L001,Pre_P24,Pre,996693.9,996693.9,0.0,0.00478
C10_P8_M82_L001,Pre_P24,Pre,993886.4,993886.4,-0.0,0.00885
C10_P9_M82_L001,Pre_P24,Pre,988824.3,988809.6,14.7,0.01624
C11_P6_M82_L001,Pre_P24,Pre,994661.5,994604.9,56.6,0.0078
C11_P7_M82_L001,Pre_P24,Pre,997180.5,997180.5,0.0,0.00407
C11_P8_M82_L001,Pre_P24,Pre,991995.6,991400.2,595.4,0.01246
C12_P6_M82_L001,Pre_P24,Pre,997815.5,997815.5,-0.0,0.00316
C12_P7_M82_L001,Pre_P24,Pre,987484.6,987484.6,-0.0,0.01817
C12_P8_M82_L001,Pre_P24,Pre,992881.1,992881.1,-0.0,0.01031
C1_P6_M82_L001,Pre_P24,Pre,996203.4,996203.4,0.0,0.00549
C1_P7_M82_L001,Pre_P24,Pre,993651.4,993651.4,-0.0,0.00919
C1_P8_M82_L001,Pre_P24,Pre,994286.9,994286.9,0.0,0.00827
C1_P9_M82_L001,Pre_P24,Pre,993510.9,993510.9,-0.0,0.00939
C2_P6_M82_L001,Pre_P24,Pre,997147.7,997147.7,-0.0,0.00412
C2_P7_M82_L001,Pre_P24,Pre,998186.7,998186.7,-0.0,0.00262
C2_P8_M82_L001,Pre_P24,Pre,995195.2,995195.2,-0.0,0.00695
C2_P9_M82_L001,Pre_P24,Pre,993309.9,993171.8,138.1,0.00988
C3_P6_M82_L001,Pre_P24,Pre,995652.3,995652.3,0.0,0.00629
C3_P7_M82_L001,Pre_P24,Pre,990724.0,990717.7,6.3,0.01345
C3_P8_M82_L001,Pre_P24,Pre,993090.0,993052.2,37.8,0.01006
C3_P9_M82_L001,Pre_P24,Pre,993228.6,993228.6,-0.0,0.0098
C4_P6_M82_L001,Pre_P24,Pre,993642.2,993599.2,43.0,0.00926
C4_P8_M82_L001,Pre_P24,Pre,996439.4,996439.4,0.0,0.00515
C4_P9_M82_L001,Pre_P24,Pre,991898.4,991898.4,0.0,0.01174
C5_P6_M82_L001,Pre_P24,Pre,993316.2,993316.2,0.0,0.00968
C5_P7_M82_L001,Pre_P24,Pre,996537.5,994986.4,1551.1,0.00725
C5_P8_M82_L001,Pre_P24,Pre,995971.9,995881.1,90.8,0.00595
C5_P9_M82_L001,Pre_P24,Pre,997351.0,997351.0,0.0,0.00383
C6_P6_M82_L001,Pre_P24,Pre,995521.9,995521.9,0.0,0.00648
C6_P7_M82_L001,Pre_P24,Pre,988387.4,986803.7,1583.7,0.01916
C6_P8_M82_L001,Pre_P24,Pre,995106.4,995106.4,-0.0,0.00708
C6_P9_M82_L001,Pre_P24,Pre,997863.0,997856.2,6.8,0.0031
C7_P6_M82_L001,Pre_P24,Pre,989972.1,989972.1,0.0,0.01454
C7_P7_M82_L001,Pre_P24,Pre,997118.4,997118.4,0.0,0.00416
C7_P8_M82_L001,Pre_P24,Pre,989356.6,989356.6,-0.0,0.01544
C7_P9_M82_L001,Pre_P24,Pre,994775.1,994775.1,0.0,0.00756
C8_P6_M82_L001,Pre_P24,Pre,992601.3,992601.3,-0.0,0.01071
C8_P7_M82_L001,Pre_P24,Pre,984239.9,984239.9,0.0,0.02292
C8_P9_M82_L001,Pre_P24,Pre,995399.6,995399.6,0.0,0.00665
C9_P6_M82_L001,Pre_P24,Pre,995547.6,995319.5,228.1,0.00677
C9_P7_M82_L001,Pre_P24,Pre,996229.0,996229.0,0.0,0.00545
C9_P9_M82_L001,Pre_P24,Pre,993597.3,993597.3,-0.0,0.00927
D10_P6_M82_L001,Pre_P24,Pre,993199.5,993199.5,-0.0,0.00984
D10_P7_M82_L001,Pre_P24,Pre,995703.0,995703.0,-0.0,0.00621
D10_P8_M82_L001,Pre_P24,Pre,993381.7,993381.7,-0.0,0.00958
D11_P6_M82_L001,Pre_P24,Pre,989138.2,988966.7,171.5,0.01601
D11_P7_M82_L001,Pre_P24,Pre,994424.1,994424.1,0.0,0.00807
D11_P8_M82_L001,Pre_P24,Pre,996051.4,995687.9,363.5,0.00623
D12_P6_M82_L001,Pre_P24,Pre,992328.2,992328.2,0.0,0.01111
D12_P7_M82_L001,Pre_P24,Pre,995686.9,995686.9,0.0,0.00624
D12_P8_M82_L001,Pre_P24,Pre,995539.8,993236.6,2303.2,0.00979
D12_P9_M82_L001,Pre_P24,Pre,995596.2,995596.2,-0.0,0.00637
D1_P6_M82_L001,Pre_P24,Pre,994128.4,994128.4,-0.0,0.0085
D1_P7_M82_L001,Pre_P24,Pre,992137.9,992137.9,0.0,0.01139
D1_P8_M82_L001,Pre_P24,Pre,997049.5,997049.5,0.0,0.00426
D1_P9_M82_L001,Pre_P24,Pre,993360.7,991913.6,1447.1,0.01171
D2_P6_M82_L001,Pre_P24,Pre,996843.9,996747.3,96.6,0.0047
D2_P7_M82_L001,Pre_P24,Pre,994283.8,994283.8,-0.0,0.00827
D2_P8_M82_L001,Pre_P24,Pre,997309.5,996781.4,528.1,0.00465
D2_P9_M82_L001,Pre_P24,Pre,996194.2,996194.2,0.0,0.0055
D3_P6_M82_L001,Pre_P24,Pre,994207.4,994207.4,0.0,0.00838
D3_P8_M82_L001,Pre_P24,Pre,996196.0,996196.0,-0.0,0.0055
D3_P9_M82_L001,Pre_P24,Pre,997045.5,997045.5,0.0,0.00427
D4_P6_M82_L001,Pre_P24,Pre,991957.1,991957.1,0.0,0.01165
D4_P7_M82_L001,Pre_P24,Pre,993865.0,993673.1,191.9,0.00916
D4_P9_M82_L001,Pre_P24,Pre,995927.0,995927.0,0.0,0.00589
D5_P6_M82_L001,Pre_P24,Pre,989736.9,989736.9,-0.0,0.01488
D5_P7_M82_L001,Pre_P24,Pre,995735.6,995268.7,466.9,0.00684
D5_P9_M82_L001,Pre_P24,Pre,996185.0,996185.0,-0.0,0.00551
D6_P7_M82_L001,Pre_P24,Pre,996016.9,995862.5,154.4,0.00598
D6_P8_M82_L001,Pre_P24,Pre,998337.1,998337.1,-0.0,0.0024
D6_P9_M82_L001,Pre_P24,Pre,997487.6,997430.1,57.5,0.00371
D7_P6_M82_L001,Pre_P24,Pre,996239.9,996025.8,214.1,0.00574
D7_P7_M82_L001,Pre_P24,Pre,991468.0,991468.0,0.0,0.01236
D7_P8_M82_L001,Pre_P24,Pre,995940.4,994382.7,1557.7,0.00813
D7_P9_M82_L001,Pre_P24,Pre,995597.9,994955.3,642.6,0.0073
D8_P6_M82_L001,Pre_P24,Pre,988181.3,988142.9,38.4,0.01721
D8_P7_M82_L001,Pre_P24,Pre,991030.0,991030.0,0.0,0.013
D8_P8_M82_L001,Pre_P24,Pre,993608.5,993608.5,0.0,0.00925
D8_P9_M82_L001,Pre_P24,Pre,995841.2,995829.4,11.8,0.00603
D9_P6_M82_L001,Pre_P24,Pre,994831.2,994831.2,0.0,0.00748
D9_P7_M82_L001,Pre_P24,Pre,995689.2,995448.0,241.2,0.00658
D9_P8_M82_L001,Pre_P24,Pre,996807.8,996807.8,0.0,0.00461
D9_P9_M82_L001,Pre_P24,Pre,993027.9,993027.9,0.0,0.01009
E10_P6_M82_L001,Pre_P24,Pre,991843.5,991843.5,-0.0,0.01182
E10_P7_M82_L001,Pre_P24,Pre,996349.5,996349.5,0.0,0.00528
E10_P8_M82_L001,Pre_P24,Pre,993913.9,993906.4,7.5,0.00882
E10_P9_M82_L001,Pre_P24,Pre,993189.0,993189.0,-0.0,0.00986
E11_P7_M82_L001,Pre_P24,Pre,996670.3,996670.3,-0.0,0.00481
E11_P8_M82_L001,Pre_P24,Pre,991723.1,990713.1,1010.0,0.01346
E11_P9_M82_L001,Pre_P24,Pre,994699.4,994699.4,-0.0,0.00767
E12_P6_M82_L001,Pre_P24,Pre,994484.4,994484.4,0.0,0.00798
E12_P7_M82_L001,Pre_P24,Pre,995474.0,995474.0,-0.0,0.00654
E12_P8_M82_L001,Pre_P24,Pre,993509.0,993355.6,153.4,0.00962
E1_P6_M82_L001,Pre_P24,Pre,993662.5,993591.0,71.5,0.00928
E1_P7_M82_L001,Pre_P24,Pre,994441.1,994441.1,-0.0,0.00804
E1_P8_M82_L001,Pre_P24,Pre,996462.7,993780.0,2682.7,0.009
E2_P6_M82_L001,Pre_P24,Pre,990476.8,990476.8,0.0,0.0138
E2_P8_M82_L001,Pre_P24,Pre,993351.0,993351.0,-0.0,0.00962
E2_P9_M82_L001,Pre_P24,Pre,996916.3,996916.3,0.0,0.00446
E3_P6_M82_L001,Pre_P24,Pre,991010.4,991010.4,-0.0,0.01303
E3_P7_M82_L001,Pre_P24,Pre,993222.3,993222.3,-0.0,0.00981
E3_P8_M82_L001,Pre_P24,Pre,988725.1,988725.1,-0.0,0.01636
E3_P9_M82_L001,Pre_P24,Pre,991698.4,991698.4,-0.0,0.01203
E4_P6_M82_L001,Pre_P24,Pre,994936.8,994936.8,-0.0,0.00732
E4_P7_M82_L001,Pre_P24,Pre,990241.2,990241.2,0.0,0.01415
E4_P8_M82_L001,Pre_P24,Pre,995656.1,995656.1,0.0,0.00628
E4_P9_M82_L001,Pre_P24,Pre,991497.1,991326.1,171.0,0.01257
E5_P6_M82_L001,Pre_P24,Pre,991468.7,991468.7,0.0,0.01236
E5_P7_M82_L001,Pre_P24,Pre,995356.7,995356.7,-0.0,0.00671
E5_P8_M82_L001,Pre_P24,Pre,992955.9,992598.8,357.1,0.01072
E5_P9_M82_L001,Pre_P24,Pre,994048.8,994048.8,0.0,0.00861
E6_P6_M82_L001,Pre_P24,Pre,991590.3,991590.3,0.0,0.01218
E6_P7_M82_L001,Pre_P24,Pre,993959.1,993347.0,612.1,0.00963
E6_P8_M82_L001,Pre_P24,Pre,989724.5,989659.4,65.1,0.015
E6_P9_M82_L001,Pre_P24,Pre,992930.5,992930.5,0.0,0.01024
E7_P6_M82_L001,Pre_P24,Pre,993860.8,993710.9,149.9,0.0091
E7_P8_M82_L001,Pre_P24,Pre,994569.3,994569.3,0.0,0.00786
E7_P9_M82_L001,Pre_P24,Pre,993168.9,993168.9,-0.0,0.00989
E8_P6_M82_L001,Pre_P24,Pre,994256.7,994256.7,-0.0,0.00831
E8_P7_M82_L001,Pre_P24,Pre,993452.9,993452.9,0.0,0.00948
E8_P8_M82_L001,Pre_P24,Pre,994486.5,994130.4,356.1,0.00849
E8_P9_M82_L001,Pre_P24,Pre,993884.2,993884.2,0.0,0.00885
E9_P6_M82_L001,Pre_P24,Pre,991994.8,991994.8,-0.0,0.0116
E9_P7_M82_L001,Pre_P24,Pre,996921.1,995150.9,1770.2,0.00701
E9_P9_M82_L001,Pre_P24,Pre,995534.4,995534.4,-0.0,0.00646
F10_P7_M82_L001,Pre_P24,Pre,991523.8,991523.8,0.0,0.01228
F10_P8_M82_L001,Pre_P24,Pre,989863.5,989863.5,-0.0,0.0147
F10_P9_M82_L001,Pre_P24,Pre,992762.1,992762.1,-0.0,0.01048
F11_P6_M82_L001,Pre_P24,Pre,994726.4,994726.4,0.0,0.00763
F11_P7_M82_L001,Pre_P24,Pre,997125.6,997125.6,0.0,0.00415
F11_P8_M82_L001,Pre_P24,Pre,995533.8,995533.8,0.0,0.00646
F12_P8_M82_L001,Pre_P24,Pre,994717.2,994717.2,0.0,0.00764
F12_P9_M82_L001,Pre_P24,Pre,996379.5,996379.5,-0.0,0.00523
F1_P6_M82_L001,Pre_P24,Pre,995383.8,995383.8,-0.0,0.00668
F1_P7_M82_L001,Pre_P24,Pre,995602.8,995602.8,-0.0,0.00636
F1_P8_M82_L001,Pre_P24,Pre,994729.2,994729.2,-0.0,0.00762
F1_P9_M82_L001,Pre_P24,Pre,993786.9,993786.9,-0.0,0.00899
F2_P7_M82_L001,Pre_P24,Pre,996353.6,996353.6,-0.0,0.00527
F2_P8_M82_L001,Pre_P24,Pre,993949.2,993940.4,8.8,0.00877
F3_P6_M82_L001,Pre_P24,Pre,988353.4,987758.0,595.4,0.01777
F3_P7_M82_L001,Pre_P24,Pre,996064.0,996064.0,-0.0,0.00569
F3_P8_M82_L001,Pre_P24,Pre,996029.3,996029.3,0.0,0.00574
F3_P9_M82_L001,Pre_P24,Pre,994360.9,994360.9,0.0,0.00816
F4_P6_M82_L001,Pre_P24,Pre,992173.3,992173.3,-0.0,0.01134
F4_P7_M82_L001,Pre_P24,Pre,993424.5,993424.5,-0.0,0.00952
F4_P9_M82_L001,Pre_P24,Pre,996644.2,996644.2,-0.0,0.00485
F5_P6_M82_L001,Pre_P24,Pre,995410.4,995306.7,103.7,0.00679
F5_P7_M82_L001,Pre_P24,Pre,990812.2,990812.2,0.0,0.01332
F5_P8_M82_L001,Pre_P24,Pre,995610.0,995596.6,13.4,0.00637
F6_P6_M82_L001,Pre_P24,Pre,988585.1,988585.1,0.0,0.01656
F6_P8_M82_L001,Pre_P24,Pre,992930.4,992930.4,0.0,0.01024
F6_P9_M82_L001,Pre_P24,Pre,993057.2,993049.1,8.1,0.01006
F7_P6_M82_L001,Pre_P24,Pre,992515.4,992515.4,0.0,0.01084
F7_P7_M82_L001,Pre_P24,Pre,992533.4,992533.4,-0.0,0.01081
F7_P8_M82_L001,Pre_P24,Pre,993996.5,992907.5,1089.0,0.01027
F7_P9_M82_L001,Pre_P24,Pre,995797.6,995797.6,-0.0,0.00608
F8_P6_M82_L001,Pre_P24,Pre,995078.0,995078.0,-0.0,0.00712
F8_P7_M82_L001,Pre_P24,Pre,987599.9,987599.9,-0.0,0.018
F8_P8_M82_L001,Pre_P24,Pre,991456.0,990835.6,620.4,0.01328
F8_P9_M82_L001,Pre_P24,Pre,989239.3,989239.3,0.0,0.01561
F9_P6_M82_L001,Pre_P24,Pre,990617.5,990617.5,-0.0,0.0136
F9_P7_M82_L001,Pre_P24,Pre,992757.9,992757.9,-0.0,0.01049
F9_P8_M82_L001,Pre_P24,Pre,992462.2,991922.0,540.2,0.0117
F9_P9_M82_L001,Pre_P24,Pre,995685.1,995685.1,0.0,0.00624
G10_P6_M82_L001,Pre_P24,Pre,993579.8,993579.8,0.0,0.00929
G10_P7_M82_L001,Pre_P24,Pre,992445.0,992445.0,-0.0,0.01094
G10_P8_M82_L001,Pre_P24,Pre,996779.5,993865.5,2914.0,0.00888
G10_P9_M82_L001,Pre_P24,Pre,991235.8,991235.8,0.0,0.0127
G11_P6_M82_L001,Pre_P24,Pre,995756.3,995756.3,0.0,0.00614
G11_P7_M82_L001,Pre_P24,Pre,990200.0,990200.0,-0.0,0.01421
G11_P8_M82_L001,Pre_P24,Pre,995969.1,995969.1,0.0,0.00583
G11_P9_M82_L001,Pre_P24,Pre,994003.6,994003.6,-0.0,0.00868
G12_P6_M82_L001,Pre_P24,Pre,991963.8,991963.8,0.0,0.01164
G12_P7_M82_L001,Pre_P24,Pre,991858.0,991858.0,-0.0,0.01179
G12_P8_M82_L001,Pre_P24,Pre,993905.9,993905.9,-0.0,0.00882
G1_P6_M82_L001,Pre_P24,Pre,995837.7,995837.7,0.0,0.00602
G1_P7_M82_L001,Pre_P24,Pre,996829.2,996829.2,0.0,0.00458
G1_P8_M82_L001,Pre_P24,Pre,994257.2,994257.2,0.0,0.00831
G1_P9_M82_L001,Pre_P24,Pre,995485.2,995485.2,0.0,0.00653
G2_P7_M82_L001,Pre_P24,Pre,997143.5,997143.5,-0.0,0.00413
G2_P8_M82_L001,Pre_P24,Pre,994061.0,994061.0,0.0,0.00859
G2_P9_M82_L001,Pre_P24,Pre,994746.2,994108.0,638.2,0.00853
G3_P6_M82_L001,Pre_P24,Pre,991294.6,990783.6,511.0,0.01336
G3_P7_M82_L001,Pre_P24,Pre,993435.3,993435.3,0.0,0.0095
G3_P8_M82_L001,Pre_P24,Pre,995642.2,995642.2,0.0,0.0063
G4_P6_M82_L001,Pre_P24,Pre,994853.3,994853.3,-0.0,0.00744
G4_P7_M82_L001,Pre_P24,Pre,989649.8,989649.8,-0.0,0.01501
G4_P8_M82_L001,Pre_P24,Pre,997829.4,997829.4,-0.0,0.00313
G4_P9_M82_L001,Pre_P24,Pre,993653.8,993653.8,-0.0,0.00918
G5_P6_M82_L001,Pre_P24,Pre,996493.4,996493.4,0.0,0.00507
G5_P7_M82_L001,Pre_P24,Pre,995554.8,995554.8,0.0,0.00643
G5_P8_M82_L001,Pre_P24,Pre,995312.4,995312.4,0.0,0.00678
G5_P9_M82_L001,Pre_P24,Pre,995195.1,995094.1,101.0,0.0071
G6_P6_M82_L001,Pre_P24,Pre,994130.1,994130.1,0.0,0.00849
G6_P7_M82_L001,Pre_P24,Pre,996219.8,996219.8,-0.0,0.00546
G6_P8_M82_L001,Pre_P24,Pre,990990.3,990990.3,0.0,0.01306
G6_P9_M82_L001,Pre_P24,Pre,989230.1,989230.1,-0.0,0.01562
G7_P6_M82_L001,Pre_P24,Pre,994499.1,994499.1,0.0,0.00796
G7_P8_M82_L001,Pre_P24,Pre,993410.1,993410.1,-0.0,0.00954
G7_P9_M82_L001,Pre_P24,Pre,996717.2,996717.2,-0.0,0.00474
G8_P6_M82_L001,Pre_P24,Pre,991952.3,990268.8,1683.5,0.01411
G8_P7_M82_L001,Pre_P24,Pre,996386.1,996386.1,-0.0,0.00522
G8_P8_M82_L001,Pre_P24,Pre,993589.1,993544.8,44.3,0.00934
G8_P9_M82_L001,Pre_P24,Pre,993234.8,993234.8,-0.0,0.00979
G9_P6_M82_L001,Pre_P24,Pre,987125.2,987125.2,-0.0,0.0187
G9_P7_M82_L001,Pre_P24,Pre,993915.8,993915.8,-0.0,0.0088
G9_P8_M82_L001,Pre_P24,Pre,996623.4,996623.4,0.0,0.00488
G9_P9_M82_L001,Pre_P24,Pre,991094.6,991090.8,3.8,0.01291
H10_P6_M82_L001,Pre_P24,Pre,996349.0,996349.0,0.0,0.00528
H10_P7_M82_L001,Pre_P24,Pre,991926.9,991036.5,890.4,0.01299
H10_P8_M82_L001,Pre_P24,Pre,992720.3,992720.3,0.0,0.01054
H10_P9_M82_L001,Pre_P24,Pre,996355.2,996355.2,0.0,0.00527
H11_P6_M82_L001,Pre_P24,Pre,992104.0,992104.0,-0.0,0.01144
H11_P7_M82_L001,Pre_P24,Pre,993367.3,993367.3,0.0,0.0096
H11_P9_M82_L001,Pre_P24,Pre,994880.2,994880.2,0.0,0.00741
H12_P6_M82_L001,Pre_P24,Pre,992186.8,992186.8,-0.0,0.01132
H12_P9_M82_L001,Pre_P24,Pre,992483.8,992483.8,-0.0,0.01088
H1_P6_M82_L001,Pre_P24,Pre,995707.0,995698.1,8.9,0.00622
H1_P7_M82_L001,Pre_P24,Pre,996804.2,996804.2,0.0,0.00462
H1_P8_M82_L001,Pre_P24,Pre,992231.9,992231.9,-0.0,0.01125
H1_P9_M82_L001,Pre_P24,Pre,995846.7,995846.7,-0.0,0.006
H2_P6_M82_L001,Pre_P24,Pre,995229.1,995229.1,0.0,0.0069
H2_P7_M82_L001,Pre_P24,Pre,988627.7,986770.1,1857.6,0.01921
H2_P8_M82_L001,Pre_P24,Pre,980586.0,980586.0,-0.0,0.02828
H2_P9_M82_L001,Pre_P24,Pre,993635.2,993635.2,-0.0,0.00921
H3_P6_M82_L001,Pre_P24,Pre,997578.0,997578.0,0.0,0.0035
H3_P7_M82_L001,Pre_P24,Pre,991456.6,991456.6,-0.0,0.01238
H3_P8_M82_L001,Pre_P24,Pre,995483.4,995483.4,0.0,0.00653
H3_P9_M82_L001,Pre_P24,Pre,992501.2,992501.2,-0.0,0.01086
H4_P6_M82_L001,Pre_P24,Pre,994631.3,994477.9,153.4,0.00799
H4_P7_M82_L001,Pre_P24,Pre,994776.3,994776.3,-0.0,0.00756
H4_P8_M82_L001,Pre_P24,Pre,997372.1,997372.1,0.0,0.0038
H4_P9_M82_L001,Pre_P24,Pre,994372.6,994372.6,0.0,0.00814
H5_P6_M82_L001,Pre_P24,Pre,993202.3,993202.3,-0.0,0.00984
H5_P7_M82_L001,Pre_P24,Pre,994150.2,994150.2,0.0,0.00846
H5_P8_M82_L001,Pre_P24,Pre,995815.6,995808.8,6.8,0.00606
H5_P9_M82_L001,Pre_P24,Pre,991975.2,991975.2,0.0,0.01162
H6_P6_M82_L001,Pre_P24,Pre,995230.0,995230.0,0.0,0.0069
H6_P7_M82_L001,Pre_P24,Pre,988019.4,988019.4,-0.0,0.01739
H6_P8_M82_L001,Pre_P24,Pre,995847.1,995847.1,0.0,0.006
H6_P9_M82_L001,Pre_P24,Pre,996883.1,995504.5,1378.6,0.0065
H7_P6_M82_L001,Pre_P24,Pre,992810.4,992810.4,0.0,0.01041
H7_P7_M82_L001,Pre_P24,Pre,994516.2,994516.2,0.0,0.00793
H7_P9_M82_L001,Pre_P24,Pre,994451.0,994451.0,-0.0,0.00803
H8_P7_M82_L001,Pre_P24,Pre,992877.8,992877.8,0.0,0.01031
H8_P8_M82_L001,Pre_P24,Pre,994833.8,994833.8,0.0,0.00747
H8_P9_M82_L001,Pre_P24,Pre,996158.2,996158.2,0.0,0.00555
H9_P6_M82_L001,Pre_P24,Pre,994411.7,994411.7,-0.0,0.00808
H9_P7_M82_L001,Pre_P24,Pre,994229.3,994229.3,0.0,0.00835
H9_P8_M82_L001,Pre_P24,Pre,997429.5,997429.5,0.0,0.00371
H9_P9_M82_L001,Pre_P24,Pre,993143.7,993138.3,5.4,0.00993
A10_P1_M24_L001,Pre_P25,Pre,989881.5,989881.5,-0.0,0.01467
A10_P2_M24_L001,Pre_P25,Pre,990830.3,988633.4,2196.9,0.01649
A10_P3_M24_L001,Pre_P25,Pre,990228.0,990228.0,0.0,0.01417
A10_P4_M24_L001,Pre_P25,Pre,993741.7,993741.7,-0.0,0.00906
A11_P1_M24_L001,Pre_P25,Pre,994154.5,994154.5,0.0,0.00846
A11_P2_M24_L001,Pre_P25,Pre,992039.0,991902.8,136.2,0.01173
A11_P3_M24_L001,Pre_P25,Pre,994693.2,994591.5,101.7,0.00782
A11_P4_M24_L001,Pre_P25,Pre,997990.3,997246.9,743.4,0.00398
A12_P1_M24_L001,Pre_P25,Pre,992709.3,992466.9,242.4,0.01091
A12_P2_M24_L001,Pre_P25,Pre,995334.5,995334.5,-0.0,0.00675
A12_P3_M24_L001,Pre_P25,Pre,990498.9,990498.9,0.0,0.01377
A12_P4_M24_L001,Pre_P25,Pre,992954.7,992933.7,21.0,0.01023
A2_P1_M24_L001,Pre_P25,Pre,995007.8,995007.8,-0.0,0.00722
A2_P2_M24_L001,Pre_P25,Pre,996929.7,996929.7,0.0,0.00444
A2_P3_M24_L001,Pre_P25,Pre,992476.1,992476.1,0.0,0.0109
A2_P4_M24_L001,Pre_P25,Pre,992334.3,992308.2,26.1,0.01114
A3_P1_M24_L001,Pre_P25,Pre,995481.0,995481.0,-0.0,0.00653
A3_P2_M24_L001,Pre_P25,Pre,992615.3,992591.9,23.4,0.01073
A3_P3_M24_L001,Pre_P25,Pre,993886.7,993886.7,0.0,0.00885
A3_P4_M24_L001,Pre_P25,Pre,994557.3,994557.3,0.0,0.00787
A4_P1_M24_L001,Pre_P25,Pre,994469.6,994469.6,0.0,0.008
A4_P2_M24_L001,Pre_P25,Pre,992422.1,992422.1,0.0,0.01097
A4_P3_M24_L001,Pre_P25,Pre,994110.9,994110.9,0.0,0.00852
A4_P4_M24_L001,Pre_P25,Pre,994236.0,994236.0,-0.0,0.00834
A5_P1_M24_L001,Pre_P25,Pre,989943.4,989870.3,73.1,0.01469
A5_P2_M24_L001,Pre_P25,Pre,984868.6,984868.6,0.0,0.022
A5_P3_M24_L001,Pre_P25,Pre,987581.2,987581.2,0.0,0.01803
A5_P4_M24_L001,Pre_P25,Pre,996614.0,996140.6,473.4,0.00558
A6_P2_M24_L001,Pre_P25,Pre,994502.0,994502.0,0.0,0.00795
A6_P3_M24_L001,Pre_P25,Pre,986578.7,986578.7,0.0,0.01949
A6_P4_M24_L001,Pre_P25,Pre,995864.0,995864.0,-0.0,0.00598
A7_P1_M24_L001,Pre_P25,Pre,994464.0,994464.0,-0.0,0.00801
A7_P4_M24_L001,Pre_P25,Pre,998010.9,998010.9,-0.0,0.00287
A8_P1_M24_L001,Pre_P25,Pre,988026.5,987992.0,34.5,0.01743
A8_P2_M24_L001,Pre_P25,Pre,991231.1,991231.1,-0.0,0.01271
A8_P3_M24_L001,Pre_P25,Pre,994446.1,994446.1,-0.0,0.00803
A8_P4_M24_L001,Pre_P25,Pre,996542.7,992962.5,3580.2,0.01019
A9_P1_M24_L001,Pre_P25,Pre,994202.9,994202.9,0.0,0.00839
A9_P2_M24_L001,Pre_P25,Pre,991831.5,991664.7,166.8,0.01208
A9_P3_M24_L001,Pre_P25,Pre,990367.7,989792.6,575.1,0.0148
A9_P4_M24_L001,Pre_P25,Pre,993533.6,992437.1,1096.5,0.01095
B10_P1_M24_L001,Pre_P25,Pre,991791.2,991791.2,0.0,0.01189
B10_P2_M24_L001,Pre_P25,Pre,987626.7,985807.4,1819.3,0.02062
B10_P3_M24_L001,Pre_P25,Pre,994135.8,994135.8,-0.0,0.00849
B10_P4_M24_L001,Pre_P25,Pre,993912.9,993912.9,0.0,0.00881
B11_P1_M24_L001,Pre_P25,Pre,995263.0,995263.0,0.0,0.00685
B11_P2_M24_L001,Pre_P25,Pre,988636.4,988636.4,-0.0,0.01649
B11_P3_M24_L001,Pre_P25,Pre,995499.4,995499.4,0.0,0.00651
B11_P4_M24_L001,Pre_P25,Pre,992742.6,992742.6,-0.0,0.01051
B12_P1_M24_L001,Pre_P25,Pre,994617.0,994617.0,-0.0,0.00779
B12_P2_M24_L001,Pre_P25,Pre,990016.5,990016.5,0.0,0.01448
B12_P3_M24_L001,Pre_P25,Pre,991436.4,991436.4,0.0,0.01241
B12_P4_M24_L001,Pre_P25,Pre,994895.1,994098.3,796.8,0.00854
B1_P1_M24_L001,Pre_P25,Pre,991449.9,991449.9,0.0,0.01239
B1_P2_M24_L001,Pre_P25,Pre,994974.1,993276.6,1697.5,0.00973
B1_P3_M24_L001,Pre_P25,Pre,992375.4,992375.4,-0.0,0.01104
B1_P4_M24_L001,Pre_P25,Pre,996115.3,996115.3,0.0,0.00562
B2_P1_M24_L001,Pre_P25,Pre,992806.2,992806.2,-0.0,0.01042
B2_P2_M24_L001,Pre_P25,Pre,992800.7,992706.1,94.6,0.01056
B2_P3_M24_L001,Pre_P25,Pre,989252.1,988155.6,1096.5,0.01719
B2_P4_M24_L001,Pre_P25,Pre,996088.1,996088.1,-0.0,0.00565
B3_P1_M24_L001,Pre_P25,Pre,991061.6,991061.6,-0.0,0.01295
B3_P2_M24_L001,Pre_P25,Pre,984809.5,983894.0,915.5,0.02343
B3_P4_M24_L001,Pre_P25,Pre,992784.0,992784.0,-0.0,0.01045
B4_P1_M24_L001,Pre_P25,Pre,998264.3,998264.3,-0.0,0.00251
B4_P2_M24_L001,Pre_P25,Pre,993826.3,993692.9,133.4,0.00913
B4_P3_M24_L001,Pre_P25,Pre,994634.9,994634.9,0.0,0.00776
B4_P4_M24_L001,Pre_P25,Pre,995137.2,995069.2,68.0,0.00713
B5_P1_M24_L001,Pre_P25,Pre,993138.1,992950.4,187.7,0.01021
B5_P2_M24_L001,Pre_P25,Pre,994108.2,994108.2,0.0,0.00853
B5_P3_M24_L001,Pre_P25,Pre,994957.2,994957.2,0.0,0.00729
B5_P4_M24_L001,Pre_P25,Pre,993711.5,993711.5,0.0,0.0091
B6_P1_M24_L001,Pre_P25,Pre,994663.8,994663.8,-0.0,0.00772
B6_P2_M24_L001,Pre_P25,Pre,993269.3,993235.5,33.8,0.00979
B6_P3_M24_L001,Pre_P25,Pre,991228.3,989781.2,1447.1,0.01482
B6_P4_M24_L001,Pre_P25,Pre,993702.3,992958.8,743.5,0.01019
B7_P1_M24_L001,Pre_P25,Pre,992996.6,992996.6,0.0,0.01014
B7_P2_M24_L001,Pre_P25,Pre,993150.6,993150.6,0.0,0.00992
B7_P3_M24_L001,Pre_P25,Pre,991767.1,991767.1,0.0,0.01193
B7_P4_M24_L001,Pre_P25,Pre,995612.8,995612.8,-0.0,0.00634
B8_P1_M24_L001,Pre_P25,Pre,993342.2,993259.4,82.8,0.00976
B8_P3_M24_L001,Pre_P25,Pre,985287.5,985221.3,66.2,0.02148
B8_P4_M24_L001,Pre_P25,Pre,995220.7,994876.8,343.9,0.00741
B9_P1_M24_L001,Pre_P25,Pre,996584.1,996584.1,-0.0,0.00494
B9_P2_M24_L001,Pre_P25,Pre,995557.5,995557.5,-0.0,0.00642
B9_P3_M24_L001,Pre_P25,Pre,996333.0,996333.0,-0.0,0.0053
B9_P4_M24_L001,Pre_P25,Pre,994002.5,994002.5,0.0,0.00868
C10_P1_M24_L001,Pre_P25,Pre,994434.7,994434.7,0.0,0.00805
C10_P2_M24_L001,Pre_P25,Pre,992980.6,992980.6,-0.0,0.01016
C10_P3_M24_L001,Pre_P25,Pre,996511.9,996511.9,-0.0,0.00504
C10_P4_M24_L001,Pre_P25,Pre,995800.3,995800.3,-0.0,0.00607
C11_P1_M24_L001,Pre_P25,Pre,989650.6,989650.6,-0.0,0.01501
C11_P2_M24_L001,Pre_P25,Pre,993441.4,993441.4,0.0,0.00949
C11_P3_M24_L001,Pre_P25,Pre,995193.3,995193.3,-0.0,0.00695
C11_P4_M24_L001,Pre_P25,Pre,994790.8,994790.8,-0.0,0.00753
C12_P1_M24_L001,Pre_P25,Pre,989440.7,989440.7,0.0,0.01531
C12_P2_M24_L001,Pre_P25,Pre,997122.3,997122.3,0.0,0.00416
C12_P3_M24_L001,Pre_P25,Pre,994832.1,994832.1,-0.0,0.00748
C12_P4_M24_L001,Pre_P25,Pre,992978.1,992978.1,-0.0,0.01017
C1_P1_M24_L001,Pre_P25,Pre,993856.5,993856.5,0.0,0.00889
C1_P2_M24_L001,Pre_P25,Pre,995341.5,995307.0,34.5,0.00679
C1_P3_M24_L001,Pre_P25,Pre,995235.4,995235.4,-0.0,0.00689
C1_P4_M24_L001,Pre_P25,Pre,993059.6,993059.6,0.0,0.01005
C2_P1_M24_L001,Pre_P25,Pre,992913.8,992913.8,-0.0,0.01026
C2_P2_M24_L001,Pre_P25,Pre,995219.8,995208.6,11.2,0.00693
C2_P3_M24_L001,Pre_P25,Pre,995591.0,995591.0,-0.0,0.00637
C2_P4_M24_L001,Pre_P25,Pre,994209.8,994209.8,-0.0,0.00838
C3_P1_M24_L001,Pre_P25,Pre,990462.0,990442.3,19.7,0.01386
C3_P2_M24_L001,Pre_P25,Pre,997917.7,997917.7,-0.0,0.00301
C3_P3_M24_L001,Pre_P25,Pre,993095.1,993095.1,0.0,0.01
C3_P4_M24_L001,Pre_P25,Pre,994406.4,994406.4,-0.0,0.00809
C4_P1_M24_L001,Pre_P25,Pre,993105.2,993105.2,0.0,0.00998
C4_P2_M24_L001,Pre_P25,Pre,996952.2,996952.2,-0.0,0.0044
C4_P3_M24_L001,Pre_P25,Pre,995844.8,995844.8,-0.0,0.00601
C4_P4_M24_L001,Pre_P25,Pre,995727.8,995721.2,6.6,0.00619
C5_P1_M24_L001,Pre_P25,Pre,995169.6,995169.6,0.0,0.00699
C5_P2_M24_L001,Pre_P25,Pre,996652.4,996652.4,-0.0,0.00484
C5_P3_M24_L001,Pre_P25,Pre,996882.2,996874.3,7.9,0.00452
C5_P4_M24_L001,Pre_P25,Pre,996472.2,996472.2,0.0,0.0051
C6_P1_M24_L001,Pre_P25,Pre,992420.4,992420.4,0.0,0.01098
C6_P2_M24_L001,Pre_P25,Pre,996450.0,996450.0,0.0,0.00513
C6_P3_M24_L001,Pre_P25,Pre,992655.7,992655.7,0.0,0.01063
C6_P4_M24_L001,Pre_P25,Pre,990615.7,990615.7,-0.0,0.0136
C7_P1_M24_L001,Pre_P25,Pre,996897.0,996897.0,0.0,0.00448
C7_P2_M24_L001,Pre_P25,Pre,995145.4,995145.4,0.0,0.00702
C7_P3_M24_L001,Pre_P25,Pre,994992.0,994984.2,7.8,0.00725
C7_P4_M24_L001,Pre_P25,Pre,995607.8,995607.8,0.0,0.00635
C8_P1_M24_L001,Pre_P25,Pre,996149.6,996149.6,-0.0,0.00557
C8_P2_M24_L001,Pre_P25,Pre,993175.6,993175.6,-0.0,0.00988
C8_P3_M24_L001,Pre_P25,Pre,994126.6,994126.6,0.0,0.0085
C8_P4_M24_L001,Pre_P25,Pre,993488.6,993488.6,0.0,0.00942
C9_P1_M24_L001,Pre_P25,Pre,994470.3,994470.3,0.0,0.008
C9_P2_M24_L001,Pre_P25,Pre,995928.2,995650.5,277.7,0.00629
C9_P3_M24_L001,Pre_P25,Pre,993618.2,993618.2,-0.0,0.00924
C9_P4_M24_L001,Pre_P25,Pre,992664.0,992664.0,0.0,0.01062
D10_P1_M24_L001,Pre_P25,Pre,993388.3,993388.3,-0.0,0.00957
D10_P2_M24_L001,Pre_P25,Pre,995802.8,995802.8,-0.0,0.00607
D10_P3_M24_L001,Pre_P25,Pre,989159.1,988772.1,387.0,0.01629
D10_P4_M24_L001,Pre_P25,Pre,990427.9,990427.9,-0.0,0.01388
D11_P1_M24_L001,Pre_P25,Pre,992074.6,992074.6,0.0,0.01148
D11_P2_M24_L001,Pre_P25,Pre,986013.7,986013.7,0.0,0.02032
D11_P3_M24_L001,Pre_P25,Pre,996444.6,996444.6,0.0,0.00514
D11_P4_M24_L001,Pre_P25,Pre,992502.0,992485.8,16.2,0.01088
D12_P1_M24_L001,Pre_P25,Pre,995561.9,995561.9,0.0,0.00642
D12_P3_M24_L001,Pre_P25,Pre,993863.1,993863.1,-0.0,0.00888
D12_P4_M24_L001,Pre_P25,Pre,997107.0,997107.0,0.0,0.00418
D1_P1_M24_L001,Pre_P25,Pre,995730.4,995730.4,0.0,0.00617
D1_P2_M24_L001,Pre_P25,Pre,991856.0,991856.0,-0.0,0.0118
D1_P4_M24_L001,Pre_P25,Pre,994114.5,994114.5,-0.0,0.00852
D2_P1_M24_L001,Pre_P25,Pre,994242.3,994242.3,0.0,0.00833
D2_P2_M24_L001,Pre_P25,Pre,991733.0,991733.0,-0.0,0.01198
D2_P3_M24_L001,Pre_P25,Pre,992449.0,992312.8,136.2,0.01113
D2_P4_M24_L001,Pre_P25,Pre,994512.1,994512.1,-0.0,0.00794
D3_P1_M24_L001,Pre_P25,Pre,989946.4,989946.4,-0.0,0.01458
D3_P2_M24_L001,Pre_P25,Pre,992479.0,992479.0,-0.0,0.01089
D3_P3_M24_L001,Pre_P25,Pre,995478.5,995478.5,0.0,0.00654
D3_P4_M24_L001,Pre_P25,Pre,992432.3,992432.3,-0.0,0.01096
D4_P1_M24_L001,Pre_P25,Pre,994674.3,994674.3,0.0,0.0077
D4_P2_M24_L001,Pre_P25,Pre,992979.3,992979.3,-0.0,0.01016
D4_P3_M24_L001,Pre_P25,Pre,995026.6,995026.6,0.0,0.00719
D4_P4_M24_L001,Pre_P25,Pre,997417.2,997417.2,0.0,0.00373
D5_P1_M24_L001,Pre_P25,Pre,993032.9,993032.9,-0.0,0.01009
D5_P2_M24_L001,Pre_P25,Pre,994915.4,994915.4,-0.0,0.00735
D5_P3_M24_L001,Pre_P25,Pre,996231.9,996225.3,6.6,0.00546
D5_P4_M24_L001,Pre_P25,Pre,996388.5,996388.5,-0.0,0.00522
D6_P1_M24_L001,Pre_P25,Pre,991375.5,991375.5,-0.0,0.0125
D6_P2_M24_L001,Pre_P25,Pre,994703.2,994703.2,0.0,0.00766
D6_P3_M24_L001,Pre_P25,Pre,996123.1,996123.1,0.0,0.0056
D6_P4_M24_L001,Pre_P25,Pre,995494.8,994670.8,824.0,0.00771
D7_P1_M24_L001,Pre_P25,Pre,995782.9,995782.9,0.0,0.0061
D7_P2_M24_L001,Pre_P25,Pre,991465.8,991465.8,0.0,0.01237
D7_P3_M24_L001,Pre_P25,Pre,994964.1,994964.1,0.0,0.00728
D7_P4_M24_L001,Pre_P25,Pre,992445.8,992445.8,0.0,0.01094
D8_P1_M24_L001,Pre_P25,Pre,989462.1,989462.1,-0.0,0.01528
D8_P2_M24_L001,Pre_P25,Pre,995264.0,994159.8,1104.2,0.00845
D8_P3_M24_L001,Pre_P25,Pre,995760.8,995760.8,0.0,0.00613
D8_P4_M24_L001,Pre_P25,Pre,992723.6,992723.6,0.0,0.01054
D9_P1_M24_L001,Pre_P25,Pre,995801.6,995801.6,0.0,0.00607
D9_P2_M24_L001,Pre_P25,Pre,992532.0,992532.0,0.0,0.01081
D9_P3_M24_L001,Pre_P25,Pre,993663.6,993663.6,-0.0,0.00917
D9_P4_M24_L001,Pre_P25,Pre,996025.7,996025.7,-0.0,0.00575
E10_P1_M24_L001,Pre_P25,Pre,990365.6,990361.8,3.8,0.01397
E10_P2_M24_L001,Pre_P25,Pre,996405.6,996258.5,147.1,0.00541
E10_P3_M24_L001,Pre_P25,Pre,991333.4,991325.2,8.2,0.01257
E10_P4_M24_L001,Pre_P25,Pre,996040.7,996040.7,0.0,0.00572
E11_P1_M24_L001,Pre_P25,Pre,996736.4,996736.4,-0.0,0.00472
E11_P2_M24_L001,Pre_P25,Pre,993966.5,993966.5,-0.0,0.00873
E11_P3_M24_L001,Pre_P25,Pre,993283.5,993283.5,-0.0,0.00972
E11_P4_M24_L001,Pre_P25,Pre,994366.8,994366.8,-0.0,0.00815
E12_P1_M24_L001,Pre_P25,Pre,990953.0,990953.0,0.0,0.01311
E12_P2_M24_L001,Pre_P25,Pre,993679.4,993679.4,0.0,0.00915
E12_P3_M24_L001,Pre_P25,Pre,998497.2,998497.2,0.0,0.00217
E12_P4_M24_L001,Pre_P25,Pre,993824.6,993819.2,5.4,0.00894
E1_P1_M24_L001,Pre_P25,Pre,994978.8,994978.8,-0.0,0.00726
E1_P2_M24_L001,Pre_P25,Pre,993385.5,993384.3,1.2,0.00958
E1_P3_M24_L001,Pre_P25,Pre,994099.6,994099.6,-0.0,0.00854
E1_P4_M24_L001,Pre_P25,Pre,996872.8,996872.8,-0.0,0.00452
E2_P1_M24_L001,Pre_P25,Pre,995497.6,995497.6,0.0,0.00651
E2_P2_M24_L001,Pre_P25,Pre,992363.8,991194.6,1169.2,0.01276
E2_P3_M24_L001,Pre_P25,Pre,994254.9,994254.9,-0.0,0.00831
E2_P4_M24_L001,Pre_P25,Pre,997019.5,997019.5,-0.0,0.00431
E3_P1_M24_L001,Pre_P25,Pre,995715.4,995715.4,-0.0,0.00619
E3_P2_M24_L001,Pre_P25,Pre,990676.2,989977.8,698.4,0.01453
E3_P3_M24_L001,Pre_P25,Pre,994256.6,994256.6,0.0,0.00831
E3_P4_M24_L001,Pre_P25,Pre,994059.3,994059.3,0.0,0.0086
E4_P1_M24_L001,Pre_P25,Pre,993061.1,993061.1,0.0,0.01005
E4_P2_M24_L001,Pre_P25,Pre,992353.8,991040.5,1313.3,0.01298
E4_P3_M24_L001,Pre_P25,Pre,994498.9,994396.6,102.3,0.00811
E4_P4_M24_L001,Pre_P25,Pre,991533.7,991533.7,0.0,0.01227
E5_P1_M24_L001,Pre_P25,Pre,996903.1,996903.1,0.0,0.00447
E5_P2_M24_L001,Pre_P25,Pre,996648.4,996648.4,0.0,0.00484
E5_P3_M24_L001,Pre_P25,Pre,996895.1,996087.1,808.0,0.00566
E5_P4_M24_L001,Pre_P25,Pre,994986.9,994986.9,-0.0,0.00725
E6_P1_M24_L001,Pre_P25,Pre,994430.6,994430.6,0.0,0.00806
E6_P2_M24_L001,Pre_P25,Pre,995943.5,995943.5,0.0,0.00586
E6_P3_M24_L001,Pre_P25,Pre,993778.9,993740.5,38.4,0.00906
E7_P1_M24_L001,Pre_P25,Pre,993985.9,993985.9,0.0,0.0087
E7_P2_M24_L001,Pre_P25,Pre,994876.2,994876.2,-0.0,0.00741
E7_P3_M24_L001,Pre_P25,Pre,995682.9,995682.9,0.0,0.00624
E7_P4_M24_L001,Pre_P25,Pre,994371.7,994371.7,-0.0,0.00814
E8_P1_M24_L001,Pre_P25,Pre,992542.1,992542.1,-0.0,0.0108
E8_P2_M24_L001,Pre_P25,Pre,994008.5,994006.2,2.3,0.00867
E8_P3_M24_L001,Pre_P25,Pre,990190.1,990138.7,51.4,0.0143
E8_P4_M24_L001,Pre_P25,Pre,994569.7,994569.7,-0.0,0.00786
E9_P1_M24_L001,Pre_P25,Pre,995052.2,995052.2,0.0,0.00716
E9_P2_M24_L001,Pre_P25,Pre,993569.5,993569.5,-0.0,0.00931
E9_P3_M24_L001,Pre_P25,Pre,995807.6,995807.6,0.0,0.00606
E9_P4_M24_L001,Pre_P25,Pre,991599.0,990644.6,954.4,0.01356
F10_P1_M24_L001,Pre_P25,Pre,993614.0,993614.0,-0.0,0.00924
F10_P2_M24_L001,Pre_P25,Pre,993511.3,993511.3,0.0,0.00939
F10_P3_M24_L001,Pre_P25,Pre,996782.5,996782.5,-0.0,0.00465
F10_P4_M24_L001,Pre_P25,Pre,994962.4,994962.4,0.0,0.00729
F11_P1_M24_L001,Pre_P25,Pre,995141.5,995141.5,-0.0,0.00703
F11_P2_M24_L001,Pre_P25,Pre,993378.4,993378.4,-0.0,0.00958
F11_P3_M24_L001,Pre_P25,Pre,993322.3,991834.4,1487.9,0.01183
F11_P4_M24_L001,Pre_P25,Pre,992553.3,992553.3,0.0,0.01078
F12_P1_M24_L001,Pre_P25,Pre,996383.3,996383.3,0.0,0.00523
F12_P2_M24_L001,Pre_P25,Pre,996057.8,995470.7,587.1,0.00655
F12_P3_M24_L001,Pre_P25,Pre,996289.6,996289.6,0.0,0.00536
F12_P4_M24_L001,Pre_P25,Pre,997256.9,997256.9,0.0,0.00396
F1_P1_M24_L001,Pre_P25,Pre,990517.1,990517.1,-0.0,0.01375
F1_P2_M24_L001,Pre_P25,Pre,996764.1,996764.1,-0.0,0.00468
F1_P3_M24_L001,Pre_P25,Pre,989013.9,989013.9,-0.0,0.01594
F1_P4_M24_L001,Pre_P25,Pre,993573.7,993573.7,0.0,0.0093
F2_P1_M24_L001,Pre_P25,Pre,995195.4,995195.4,0.0,0.00695
F2_P2_M24_L001,Pre_P25,Pre,993023.8,993023.8,-0.0,0.0101
F2_P3_M24_L001,Pre_P25,Pre,996728.2,996521.3,206.9,0.00503
F2_P4_M24_L001,Pre_P25,Pre,995357.2,995357.2,0.0,0.00671
F3_P1_M24_L001,Pre_P25,Pre,995958.9,995958.9,-0.0,0.00584
F3_P2_M24_L001,Pre_P25,Pre,994661.4,994661.4,-0.0,0.00772
F3_P3_M24_L001,Pre_P25,Pre,995045.3,995045.3,0.0,0.00717
F3_P4_M24_L001,Pre_P25,Pre,995957.0,995957.0,0.0,0.00584
F4_P1_M24_L001,Pre_P25,Pre,995637.3,995637.3,0.0,0.00631
F4_P2_M24_L001,Pre_P25,Pre,996765.8,996751.6,14.2,0.00469
F4_P3_M24_L001,Pre_P25,Pre,994920.9,994920.9,0.0,0.00735
F4_P4_M24_L001,Pre_P25,Pre,991987.0,991019.2,967.8,0.01302
F5_P1_M24_L001,Pre_P25,Pre,992620.8,992620.8,-0.0,0.01069
F5_P2_M24_L001,Pre_P25,Pre,989486.8,989486.8,0.0,0.01525
F5_P3_M24_L001,Pre_P25,Pre,992993.2,992993.2,-0.0,0.01014
F5_P4_M24_L001,Pre_P25,Pre,987551.2,987551.2,0.0,0.01807
F6_P1_M24_L001,Pre_P25,Pre,991648.0,990352.9,1295.1,0.01399
F6_P2_M24_L001,Pre_P25,Pre,992603.4,992603.4,-0.0,0.01071
F6_P3_M24_L001,Pre_P25,Pre,996030.3,996030.3,-0.0,0.00574
F6_P4_M24_L001,Pre_P25,Pre,997359.6,997359.6,0.0,0.00381
F7_P1_M24_L001,Pre_P25,Pre,996949.1,996881.5,67.6,0.00451
F7_P2_M24_L001,Pre_P25,Pre,991793.1,991793.1,-0.0,0.01189
F7_P3_M24_L001,Pre_P25,Pre,992943.1,992943.1,-0.0,0.01022
F7_P4_M24_L001,Pre_P25,Pre,996222.8,996222.8,0.0,0.00546
F8_P1_M24_L001,Pre_P25,Pre,992230.4,992230.4,0.0,0.01125
F8_P2_M24_L001,Pre_P25,Pre,990296.9,990296.9,0.0,0.01407
F8_P3_M24_L001,Pre_P25,Pre,995289.8,994996.8,293.0,0.00724
F8_P4_M24_L001,Pre_P25,Pre,995121.5,995121.5,-0.0,0.00706
F9_P1_M24_L001,Pre_P25,Pre,991979.2,991979.2,-0.0,0.01162
F9_P2_M24_L001,Pre_P25,Pre,991905.9,991905.9,-0.0,0.01172
F9_P3_M24_L001,Pre_P25,Pre,992812.0,992812.0,-0.0,0.01041
F9_P4_M24_L001,Pre_P25,Pre,993640.8,993640.8,-0.0,0.0092
G10_P1_M24_L001,Pre_P25,Pre,996074.0,995610.4,463.6,0.00635
G10_P4_M24_L001,Pre_P25,Pre,995006.2,995006.2,0.0,0.00722
G11_P1_M24_L001,Pre_P25,Pre,995920.3,995920.3,0.0,0.0059
G11_P2_M24_L001,Pre_P25,Pre,995340.2,995340.2,-0.0,0.00674
G11_P3_M24_L001,Pre_P25,Pre,994482.5,994482.5,0.0,0.00798
G11_P4_M24_L001,Pre_P25,Pre,991796.6,991796.6,0.0,0.01188
G12_P1_M24_L001,Pre_P25,Pre,996226.9,996226.9,-0.0,0.00545
G12_P2_M24_L001,Pre_P25,Pre,994539.9,994539.9,-0.0,0.0079
G12_P3_M24_L001,Pre_P25,Pre,993754.5,993754.5,0.0,0.00904
G12_P4_M24_L001,Pre_P25,Pre,994426.1,994426.1,-0.0,0.00806
G1_P1_M24_L001,Pre_P25,Pre,996723.8,996723.8,0.0,0.00473
G1_P2_M24_L001,Pre_P25,Pre,994915.7,994915.7,0.0,0.00735
G1_P3_M24_L001,Pre_P25,Pre,996196.3,996196.3,-0.0,0.0055
G1_P4_M24_L001,Pre_P25,Pre,995009.1,995009.1,-0.0,0.00722
G2_P1_M24_L001,Pre_P25,Pre,994460.8,994460.8,-0.0,0.00801
G2_P2_M24_L001,Pre_P25,Pre,994970.7,994970.7,-0.0,0.00727
G2_P3_M24_L001,Pre_P25,Pre,993189.9,993189.9,-0.0,0.00986
G2_P4_M24_L001,Pre_P25,Pre,990509.3,990509.3,-0.0,0.01376
G3_P1_M24_L001,Pre_P25,Pre,996841.1,996841.1,-0.0,0.00456
G3_P2_M24_L001,Pre_P25,Pre,991178.2,991178.2,0.0,0.01278
G3_P3_M24_L001,Pre_P25,Pre,991986.0,991986.0,-0.0,0.01161
G3_P4_M24_L001,Pre_P25,Pre,993899.7,993899.7,0.0,0.00883
G4_P1_M24_L001,Pre_P25,Pre,996476.0,996476.0,-0.0,0.00509
G4_P2_M24_L001,Pre_P25,Pre,996209.9,996209.9,0.0,0.00548
G4_P3_M24_L001,Pre_P25,Pre,992540.2,992540.2,0.0,0.0108
G4_P4_M24_L001,Pre_P25,Pre,996733.6,996730.9,2.7,0.00472
G5_P1_M24_L001,Pre_P25,Pre,989028.6,989022.7,5.9,0.01592
G5_P2_M24_L001,Pre_P25,Pre,991778.0,991778.0,0.0,0.01191
G5_P3_M24_L001,Pre_P25,Pre,992236.2,992236.2,-0.0,0.01124
G5_P4_M24_L001,Pre_P25,Pre,997892.5,997892.5,0.0,0.00304
G6_P1_M24_L001,Pre_P25,Pre,993516.9,993516.9,-0.0,0.00938
G6_P2_M24_L001,Pre_P25,Pre,997634.8,996233.2,1401.6,0.00544
G6_P3_M24_L001,Pre_P25,Pre,993791.4,993512.2,279.2,0.00939
G6_P4_M24_L001,Pre_P25,Pre,993842.8,993842.8,-0.0,0.00891
G7_P1_M24_L001,Pre_P25,Pre,997045.7,997045.7,0.0,0.00427
G7_P2_M24_L001,Pre_P25,Pre,994364.9,994364.9,-0.0,0.00815
G7_P3_M24_L001,Pre_P25,Pre,994483.8,994483.8,0.0,0.00798
G7_P4_M24_L001,Pre_P25,Pre,995741.5,995741.5,-0.0,0.00616
G8_P1_M24_L001,Pre_P25,Pre,994928.4,994928.4,0.0,0.00734
G8_P2_M24_L001,Pre_P25,Pre,992302.7,992302.7,0.0,0.01115
G8_P3_M24_L001,Pre_P25,Pre,993604.0,993604.0,-0.0,0.00926
G8_P4_M24_L001,Pre_P25,Pre,994516.7,994516.7,0.0,0.00793
G9_P1_M24_L001,Pre_P25,Pre,997152.5,997152.5,0.0,0.00411
G9_P2_M24_L001,Pre_P25,Pre,992960.8,992960.8,0.0,0.01019
G9_P3_M24_L001,Pre_P25,Pre,992890.7,992890.7,-0.0,0.01029
G9_P4_M24_L001,Pre_P25,Pre,993941.1,993941.1,-0.0,0.00877
H10_P1_M24_L001,Pre_P25,Pre,994615.1,994615.1,-0.0,0.00779
H10_P2_M24_L001,Pre_P25,Pre,994055.0,994055.0,0.0,0.0086
H10_P3_M24_L001,Pre_P25,Pre,995439.5,995439.5,-0.0,0.00659
H10_P4_M24_L001,Pre_P25,Pre,992880.9,992880.9,-0.0,0.01031
H11_P1_M24_L001,Pre_P25,Pre,991996.6,990126.1,1870.5,0.01432
H11_P2_M24_L001,Pre_P25,Pre,996880.9,996880.9,-0.0,0.00451
H11_P3_M24_L001,Pre_P25,Pre,991268.2,991268.2,0.0,0.01265
H11_P4_M24_L001,Pre_P25,Pre,993828.9,993828.9,0.0,0.00893
H12_P1_M24_L001,Pre_P25,Pre,995989.0,995989.0,0.0,0.0058
H12_P2_M24_L001,Pre_P25,Pre,995554.1,995554.1,0.0,0.00643
H12_P3_M24_L001,Pre_P25,Pre,996963.8,996963.8,0.0,0.00439
H12_P4_M24_L001,Pre_P25,Pre,992524.1,991770.2,753.9,0.01192
H1_P1_M24_L001,Pre_P25,Pre,992950.5,992950.5,-0.0,0.01021
H1_P2_M24_L001,Pre_P25,Pre,993402.4,993402.4,0.0,0.00955
H1_P3_M24_L001,Pre_P25,Pre,995234.2,995234.2,0.0,0.00689
H1_P4_M24_L001,Pre_P25,Pre,994662.1,994533.3,128.8,0.00791
H2_P1_M24_L001,Pre_P25,Pre,995563.7,995347.9,215.8,0.00673
H2_P2_M24_L001,Pre_P25,Pre,991471.6,991471.6,0.0,0.01236
H2_P3_M24_L001,Pre_P25,Pre,996880.0,996880.0,-0.0,0.00451
H2_P4_M24_L001,Pre_P25,Pre,992913.5,992913.5,-0.0,0.01026
H3_P1_M24_L001,Pre_P25,Pre,994123.7,994123.7,-0.0,0.0085
H3_P2_M24_L001,Pre_P25,Pre,996288.7,996288.7,0.0,0.00536
H3_P3_M24_L001,Pre_P25,Pre,996195.1,996194.3,0.8,0.0055
H3_P4_M24_L001,Pre_P25,Pre,995371.4,995371.4,0.0,0.00669
H4_P1_M24_L001,Pre_P25,Pre,996294.4,996294.4,0.0,0.00536
H4_P2_M24_L001,Pre_P25,Pre,995594.6,995594.6,-0.0,0.00637
H4_P3_M24_L001,Pre_P25,Pre,995463.3,995463.3,-0.0,0.00656
H4_P4_M24_L001,Pre_P25,Pre,994633.6,994633.6,0.0,0.00776
H5_P1_M24_L001,Pre_P25,Pre,996837.6,992623.4,4214.2,0.01068
H5_P2_M24_L001,Pre_P25,Pre,994821.0,993996.0,825.0,0.00869
H5_P3_M24_L001,Pre_P25,Pre,993849.7,993849.7,-0.0,0.0089
H5_P4_M24_L001,Pre_P25,Pre,992502.9,992502.9,0.0,0.01086
H6_P1_M24_L001,Pre_P25,Pre,994940.4,994940.4,0.0,0.00732
H6_P2_M24_L001,Pre_P25,Pre,993297.6,993297.6,0.0,0.0097
H6_P3_M24_L001,Pre_P25,Pre,992188.9,992188.9,-0.0,0.01131
H6_P4_M24_L001,Pre_P25,Pre,986426.8,986405.2,21.6,0.01975
H7_P1_M24_L001,Pre_P25,Pre,994120.1,994120.1,0.0,0.00851
H7_P2_M24_L001,Pre_P25,Pre,992365.3,991914.4,450.9,0.01171
H7_P4_M24_L001,Pre_P25,Pre,996970.7,996970.7,-0.0,0.00438
H8_P1_M24_L001,Pre_P25,Pre,995102.0,995102.0,0.0,0.00708
H8_P2_M24_L001,Pre_P25,Pre,994674.6,994674.6,-0.0,0.0077
H8_P3_M24_L001,Pre_P25,Pre,995253.1,994027.9,1225.2,0.00864
H8_P4_M24_L001,Pre_P25,Pre,996114.7,996114.7,0.0,0.00562
H9_P1_M24_L001,Pre_P25,Pre,993699.5,993699.5,-0.0,0.00912
H9_P2_M24_L001,Pre_P25,Pre,996319.6,996319.6,-0.0,0.00532
H9_P3_M24_L001,Pre_P25,Pre,997347.2,997347.2,-0.0,0.00383
H9_P4_M24_L001,Pre_P25,Pre,995470.9,995470.9,-0.0,0.00655
A10_P1_M29_L001,Pre_P26,Pre,994653.9,994653.9,-0.0,0.00773
A10_P2_M29_L001,Pre_P26,Pre,996064.9,995765.6,299.3,0.00612
A10_P4_M29_L001,Pre_P26,Pre,993181.8,992285.2,896.6,0.01117
A10_P5_M29_L001,Pre_P26,Pre,994670.6,994670.6,0.0,0.00771
A11_P1_M29_L001,Pre_P26,Pre,993502.8,993502.8,0.0,0.0094
A11_P2_M29_L001,Pre_P26,Pre,995912.2,995912.2,0.0,0.00591
A11_P4_M29_L001,Pre_P26,Pre,993701.4,993701.4,-0.0,0.00912
A11_P5_M29_L001,Pre_P26,Pre,996835.9,996835.9,-0.0,0.00457
A12_P1_M29_L001,Pre_P26,Pre,996964.3,996964.3,-0.0,0.00439
A12_P2_M29_L001,Pre_P26,Pre,994184.2,994184.2,0.0,0.00841
A12_P4_M29_L001,Pre_P26,Pre,998427.7,998427.7,0.0,0.00227
A12_P5_M29_L001,Pre_P26,Pre,993730.7,991721.0,2009.7,0.01199
A1_P1_M29_L001,Pre_P26,Pre,992099.6,991508.4,591.2,0.0123
A1_P2_M29_L001,Pre_P26,Pre,995951.4,995951.4,-0.0,0.00585
A1_P4_M29_L001,Pre_P26,Pre,990845.6,990845.6,-0.0,0.01327
A1_P5_M29_L001,Pre_P26,Pre,998431.5,998431.5,0.0,0.00226
A2_P1_M29_L001,Pre_P26,Pre,992248.5,992017.2,231.3,0.01156
A2_P2_M29_L001,Pre_P26,Pre,993890.6,993878.5,12.1,0.00886
A2_P4_M29_L001,Pre_P26,Pre,996951.9,996751.2,200.7,0.00469
A2_P5_M29_L001,Pre_P26,Pre,994595.2,994595.2,0.0,0.00782
A3_P1_M29_L001,Pre_P26,Pre,994455.7,993255.7,1200.0,0.00976
A3_P2_M29_L001,Pre_P26,Pre,993884.5,993884.5,-0.0,0.00885
A3_P4_M29_L001,Pre_P26,Pre,995537.3,994706.5,830.8,0.00766
A4_P1_M29_L001,Pre_P26,Pre,995504.6,995504.6,-0.0,0.0065
A4_P2_M29_L001,Pre_P26,Pre,994739.5,992604.0,2135.5,0.01071
A4_P4_M29_L001,Pre_P26,Pre,994733.9,994688.3,45.6,0.00768
A4_P5_M29_L001,Pre_P26,Pre,992702.5,992702.5,0.0,0.01057
A5_P1_M29_L001,Pre_P26,Pre,996063.1,996063.1,-0.0,0.00569
A5_P2_M29_L001,Pre_P26,Pre,994909.0,994909.0,0.0,0.00736
A5_P4_M29_L001,Pre_P26,Pre,996114.9,996114.9,0.0,0.00562
A5_P5_M29_L001,Pre_P26,Pre,996009.9,994347.4,1662.5,0.00818
A6_P1_M29_L001,Pre_P26,Pre,991941.2,991919.9,21.3,0.0117
A6_P2_M29_L001,Pre_P26,Pre,994559.5,994559.5,-0.0,0.00787
A6_P4_M29_L001,Pre_P26,Pre,992654.7,992262.3,392.4,0.01121
A6_P5_M29_L001,Pre_P26,Pre,994046.2,992419.6,1626.6,0.01098
A7_P1_M29_L001,Pre_P26,Pre,997843.8,997843.8,0.0,0.00311
A7_P2_M29_L001,Pre_P26,Pre,994633.5,994633.5,-0.0,0.00776
A7_P5_M29_L001,Pre_P26,Pre,996885.1,996808.9,76.2,0.00461
A8_P1_M29_L001,Pre_P26,Pre,993775.8,993775.8,0.0,0.00901
A8_P4_M29_L001,Pre_P26,Pre,994357.7,994357.7,-0.0,0.00816
A8_P5_M29_L001,Pre_P26,Pre,996722.6,996361.5,361.1,0.00526
A9_P1_M29_L001,Pre_P26,Pre,994585.1,994585.1,-0.0,0.00783
A9_P2_M29_L001,Pre_P26,Pre,993118.9,993118.9,-0.0,0.00996
A9_P4_M29_L001,Pre_P26,Pre,996420.8,996420.8,0.0,0.00517
A9_P5_M29_L001,Pre_P26,Pre,995743.8,995743.8,-0.0,0.00615
B10_P1_M29_L001,Pre_P26,Pre,997464.2,997464.2,0.0,0.00366
B10_P2_M29_L001,Pre_P26,Pre,994890.1,994890.1,0.0,0.00739
B10_P4_M29_L001,Pre_P26,Pre,994786.4,994786.4,-0.0,0.00754
B10_P5_M29_L001,Pre_P26,Pre,998218.3,997562.2,656.1,0.00352
B11_P1_M29_L001,Pre_P26,Pre,996054.3,995498.9,555.4,0.00651
B11_P2_M29_L001,Pre_P26,Pre,995578.4,995578.4,-0.0,0.00639
B11_P4_M29_L001,Pre_P26,Pre,992472.3,992472.3,-0.0,0.0109
B11_P5_M29_L001,Pre_P26,Pre,993031.5,993031.5,-0.0,0.01009
B12_P1_M29_L001,Pre_P26,Pre,996104.9,996104.9,-0.0,0.00563
B12_P2_M29_L001,Pre_P26,Pre,995551.6,995551.6,-0.0,0.00643
B12_P5_M29_L001,Pre_P26,Pre,996706.8,995347.9,1358.9,0.00673
B1_P1_M29_L001,Pre_P26,Pre,994091.0,994091.0,-0.0,0.00855
B1_P2_M29_L001,Pre_P26,Pre,992254.3,992254.3,-0.0,0.01122
B1_P4_M29_L001,Pre_P26,Pre,997169.9,997169.9,0.0,0.00409
B1_P5_M29_L001,Pre_P26,Pre,997345.9,997345.9,0.0,0.00383
B2_P4_M29_L001,Pre_P26,Pre,997818.9,997807.6,11.3,0.00317
B2_P5_M29_L001,Pre_P26,Pre,995491.9,995491.9,-0.0,0.00652
B3_P1_M29_L001,Pre_P26,Pre,996584.6,996584.6,0.0,0.00494
B3_P2_M29_L001,Pre_P26,Pre,994853.5,994853.5,-0.0,0.00744
B3_P4_M29_L001,Pre_P26,Pre,997524.8,996781.4,743.4,0.00465
B3_P5_M29_L001,Pre_P26,Pre,994123.1,994123.1,0.0,0.0085
B4_P1_M29_L001,Pre_P26,Pre,987106.8,987106.8,-0.0,0.01872
B4_P2_M29_L001,Pre_P26,Pre,992548.6,992548.6,-0.0,0.01079
B4_P5_M29_L001,Pre_P26,Pre,994691.2,994477.0,214.2,0.00799
B5_P1_M29_L001,Pre_P26,Pre,998367.5,998367.5,-0.0,0.00236
B5_P2_M29_L001,Pre_P26,Pre,996319.1,996319.1,-0.0,0.00532
B5_P4_M29_L001,Pre_P26,Pre,995839.7,995786.6,53.1,0.00609
B5_P5_M29_L001,Pre_P26,Pre,996902.2,996902.2,-0.0,0.00448
B6_P1_M29_L001,Pre_P26,Pre,996503.2,996496.7,6.5,0.00506
B6_P2_M29_L001,Pre_P26,Pre,990963.5,990963.5,0.0,0.0131
B6_P4_M29_L001,Pre_P26,Pre,997784.9,997583.6,201.3,0.00349
B6_P5_M29_L001,Pre_P26,Pre,996748.0,996748.0,0.0,0.0047
B7_P1_M29_L001,Pre_P26,Pre,997275.2,997275.2,0.0,0.00394
B7_P2_M29_L001,Pre_P26,Pre,998945.1,998945.1,0.0,0.00152
B7_P4_M29_L001,Pre_P26,Pre,995958.2,994838.6,1119.6,0.00747
B8_P1_M29_L001,Pre_P26,Pre,992089.2,992089.2,0.0,0.01146
B8_P4_M29_L001,Pre_P26,Pre,995821.2,995821.2,-0.0,0.00604
B8_P5_M29_L001,Pre_P26,Pre,995669.0,995669.0,-0.0,0.00626
B9_P1_M29_L001,Pre_P26,Pre,995737.0,995737.0,0.0,0.00616
B9_P2_M29_L001,Pre_P26,Pre,995169.5,995169.5,0.0,0.00699
B9_P4_M29_L001,Pre_P26,Pre,994924.0,994924.0,0.0,0.00734
B9_P5_M29_L001,Pre_P26,Pre,995549.4,995549.4,0.0,0.00644
C10_P1_M29_L001,Pre_P26,Pre,996558.5,996558.5,0.0,0.00497
C10_P2_M29_L001,Pre_P26,Pre,991137.6,991133.3,4.3,0.01285
C10_P4_M29_L001,Pre_P26,Pre,994704.0,993729.5,974.5,0.00907
C10_P5_M29_L001,Pre_P26,Pre,996586.3,996586.3,-0.0,0.00493
C11_P1_M29_L001,Pre_P26,Pre,992714.9,991945.2,769.7,0.01167
C11_P2_M29_L001,Pre_P26,Pre,995682.9,995682.9,0.0,0.00624
C11_P4_M29_L001,Pre_P26,Pre,991759.6,991759.6,-0.0,0.01194
C11_P5_M29_L001,Pre_P26,Pre,995378.5,995314.6,63.9,0.00678
C12_P1_M29_L001,Pre_P26,Pre,995337.4,995310.3,27.1,0.00678
C12_P4_M29_L001,Pre_P26,Pre,990258.1,990258.1,0.0,0.01412
C1_P1_M29_L001,Pre_P26,Pre,995388.3,995388.3,-0.0,0.00667
C1_P2_M29_L001,Pre_P26,Pre,996055.4,996055.4,0.0,0.0057
C1_P4_M29_L001,Pre_P26,Pre,994093.6,994093.6,-0.0,0.00855
C1_P5_M29_L001,Pre_P26,Pre,997764.0,997764.0,-0.0,0.00323
C2_P1_M29_L001,Pre_P26,Pre,993524.3,993523.3,1.0,0.00937
C2_P2_M29_L001,Pre_P26,Pre,995815.0,995815.0,-0.0,0.00605
C2_P4_M29_L001,Pre_P26,Pre,996705.9,996705.9,-0.0,0.00476
C2_P5_M29_L001,Pre_P26,Pre,992949.5,992949.5,0.0,0.01021
C3_P1_M29_L001,Pre_P26,Pre,990625.9,990625.9,-0.0,0.01359
C3_P2_M29_L001,Pre_P26,Pre,995758.6,995758.6,0.0,0.00613
C3_P4_M29_L001,Pre_P26,Pre,995093.6,995093.6,-0.0,0.0071
C3_P5_M29_L001,Pre_P26,Pre,993953.1,993953.1,-0.0,0.00875
C4_P1_M29_L001,Pre_P26,Pre,996486.8,996486.8,-0.0,0.00508
C4_P4_M29_L001,Pre_P26,Pre,993880.1,993880.1,-0.0,0.00886
C4_P5_M29_L001,Pre_P26,Pre,993102.5,993102.5,-0.0,0.00999
C5_P1_M29_L001,Pre_P26,Pre,995409.5,995409.5,0.0,0.00664
C5_P2_M29_L001,Pre_P26,Pre,995317.9,995317.9,-0.0,0.00677
C5_P4_M29_L001,Pre_P26,Pre,993817.6,993817.6,0.0,0.00895
C6_P1_M29_L001,Pre_P26,Pre,995952.2,995952.2,0.0,0.00585
C6_P2_M29_L001,Pre_P26,Pre,996345.7,996345.7,-0.0,0.00528
C6_P5_M29_L001,Pre_P26,Pre,990990.8,989839.8,1151.0,0.01473
C7_P1_M29_L001,Pre_P26,Pre,995924.6,995924.6,-0.0,0.00589
C7_P2_M29_L001,Pre_P26,Pre,997613.7,997613.7,0.0,0.00345
C7_P4_M29_L001,Pre_P26,Pre,991635.2,991635.2,0.0,0.01212
C8_P1_M29_L001,Pre_P26,Pre,994637.1,994637.1,0.0,0.00776
C8_P2_M29_L001,Pre_P26,Pre,994686.5,991314.0,3372.5,0.01259
C8_P4_M29_L001,Pre_P26,Pre,998184.8,997909.6,275.2,0.00302
C8_P5_M29_L001,Pre_P26,Pre,994671.9,994671.9,-0.0,0.00771
C9_P1_M29_L001,Pre_P26,Pre,994295.0,994295.0,0.0,0.00825
C9_P4_M29_L001,Pre_P26,Pre,992399.0,992231.1,167.9,0.01125
C9_P5_M29_L001,Pre_P26,Pre,993891.0,993891.0,-0.0,0.00884
D10_P1_M29_L001,Pre_P26,Pre,993753.6,993753.6,-0.0,0.00904
D10_P2_M29_L001,Pre_P26,Pre,995617.7,995617.7,-0.0,0.00634
D10_P4_M29_L001,Pre_P26,Pre,996352.3,996352.3,0.0,0.00527
D10_P5_M29_L001,Pre_P26,Pre,991861.3,991861.3,0.0,0.01179
D11_P1_M29_L001,Pre_P26,Pre,994647.9,994647.9,0.0,0.00774
D11_P2_M29_L001,Pre_P26,Pre,992274.9,992274.9,0.0,0.01119
D11_P5_M29_L001,Pre_P26,Pre,995774.3,995740.8,33.5,0.00616
D12_P1_M29_L001,Pre_P26,Pre,996339.5,996339.5,-0.0,0.00529
D12_P2_M29_L001,Pre_P26,Pre,997343.6,995866.0,1477.6,0.00598
D12_P4_M29_L001,Pre_P26,Pre,995851.3,995851.3,0.0,0.006
D12_P5_M29_L001,Pre_P26,Pre,996285.4,996285.4,-0.0,0.00537
D1_P1_M29_L001,Pre_P26,Pre,994177.3,994177.3,0.0,0.00842
D1_P2_M29_L001,Pre_P26,Pre,997328.5,997328.5,0.0,0.00386
D1_P4_M29_L001,Pre_P26,Pre,995497.8,995497.8,-0.0,0.00651
D1_P5_M29_L001,Pre_P26,Pre,993462.7,993462.7,0.0,0.00946
D2_P1_M29_L001,Pre_P26,Pre,995519.4,995519.4,0.0,0.00648
D2_P2_M29_L001,Pre_P26,Pre,993140.9,991204.4,1936.5,0.01275
D2_P4_M29_L001,Pre_P26,Pre,997070.1,996976.1,94.0,0.00437
D2_P5_M29_L001,Pre_P26,Pre,992529.9,992529.9,0.0,0.01082
D3_P1_M29_L001,Pre_P26,Pre,994144.4,994144.4,-0.0,0.00847
D3_P2_M29_L001,Pre_P26,Pre,998804.4,998787.3,17.1,0.00175
D3_P4_M29_L001,Pre_P26,Pre,992265.6,992265.6,-0.0,0.0112
D3_P5_M29_L001,Pre_P26,Pre,997374.9,997374.9,-0.0,0.00379
D4_P1_M29_L001,Pre_P26,Pre,995947.8,995947.8,0.0,0.00586
D4_P2_M29_L001,Pre_P26,Pre,997486.9,997486.9,-0.0,0.00363
D4_P4_M29_L001,Pre_P26,Pre,993983.8,993837.2,146.6,0.00892
D4_P5_M29_L001,Pre_P26,Pre,997155.6,997099.3,56.3,0.00419
D5_P2_M29_L001,Pre_P26,Pre,990085.4,990085.4,-0.0,0.01438
D5_P4_M29_L001,Pre_P26,Pre,995937.0,991579.3,4357.7,0.0122
D5_P5_M29_L001,Pre_P26,Pre,996112.0,995067.5,1044.5,0.00713
D6_P2_M29_L001,Pre_P26,Pre,995610.4,995479.8,130.6,0.00654
D6_P4_M29_L001,Pre_P26,Pre,995244.6,995244.6,-0.0,0.00688
D6_P5_M29_L001,Pre_P26,Pre,994070.0,994070.0,-0.0,0.00858
D7_P1_M29_L001,Pre_P26,Pre,993669.6,993669.6,-0.0,0.00916
D7_P2_M29_L001,Pre_P26,Pre,995508.6,995508.6,-0.0,0.00649
D7_P4_M29_L001,Pre_P26,Pre,995728.4,995571.9,156.5,0.0064
D7_P5_M29_L001,Pre_P26,Pre,995251.5,995251.5,0.0,0.00687
D8_P1_M29_L001,Pre_P26,Pre,996604.1,996604.1,-0.0,0.00491
D8_P2_M29_L001,Pre_P26,Pre,992809.4,992809.4,-0.0,0.01041
D8_P4_M29_L001,Pre_P26,Pre,993032.6,993032.6,-0.0,0.01009
D8_P5_M29_L001,Pre_P26,Pre,993965.6,993965.6,0.0,0.00873
D9_P1_M29_L001,Pre_P26,Pre,994651.5,994651.5,-0.0,0.00774
D9_P2_M29_L001,Pre_P26,Pre,995124.4,995124.4,-0.0,0.00705
D9_P4_M29_L001,Pre_P26,Pre,995847.6,995847.6,-0.0,0.006
D9_P5_M29_L001,Pre_P26,Pre,996756.4,996756.4,0.0,0.00469
E10_P2_M29_L001,Pre_P26,Pre,992026.0,992026.0,-0.0,0.01155
E10_P4_M29_L001,Pre_P26,Pre,996249.4,995517.4,732.0,0.00648
E10_P5_M29_L001,Pre_P26,Pre,994914.0,994911.5,2.5,0.00736
E11_P1_M29_L001,Pre_P26,Pre,996335.8,996335.8,0.0,0.0053
E11_P2_M29_L001,Pre_P26,Pre,994162.2,994162.2,0.0,0.00845
E11_P4_M29_L001,Pre_P26,Pre,996751.2,996751.2,0.0,0.00469
E11_P5_M29_L001,Pre_P26,Pre,991221.6,991218.6,3.0,0.01272
E12_P1_M29_L001,Pre_P26,Pre,994399.2,994257.2,142.0,0.00831
E12_P2_M29_L001,Pre_P26,Pre,994717.3,994717.3,-0.0,0.00764
E12_P5_M29_L001,Pre_P26,Pre,992048.0,992048.0,0.0,0.01152
E1_P1_M29_L001,Pre_P26,Pre,995947.6,995947.6,0.0,0.00586
E1_P5_M29_L001,Pre_P26,Pre,992609.4,992609.4,0.0,0.0107
E2_P1_M29_L001,Pre_P26,Pre,991942.9,991942.9,0.0,0.01167
E2_P2_M29_L001,Pre_P26,Pre,995746.6,995746.6,-0.0,0.00615
E2_P4_M29_L001,Pre_P26,Pre,990904.8,990730.9,173.9,0.01343
E2_P5_M29_L001,Pre_P26,Pre,989508.2,989508.2,-0.0,0.01522
E3_P1_M29_L001,Pre_P26,Pre,993231.5,992186.9,1044.6,0.01132
E3_P2_M29_L001,Pre_P26,Pre,996326.4,996326.4,0.0,0.00531
E3_P4_M29_L001,Pre_P26,Pre,995314.6,995314.6,0.0,0.00678
E3_P5_M29_L001,Pre_P26,Pre,996852.1,995701.0,1151.1,0.00622
E4_P1_M29_L001,Pre_P26,Pre,995057.2,995040.1,17.1,0.00717
E4_P4_M29_L001,Pre_P26,Pre,996823.3,996823.3,0.0,0.00459
E5_P1_M29_L001,Pre_P26,Pre,996440.3,996440.3,-0.0,0.00514
E5_P2_M29_L001,Pre_P26,Pre,998032.4,998032.4,0.0,0.00284
E5_P5_M29_L001,Pre_P26,Pre,994618.1,993450.9,1167.2,0.00948
E6_P1_M29_L001,Pre_P26,Pre,998161.6,998161.6,-0.0,0.00265
E6_P2_M29_L001,Pre_P26,Pre,997391.2,997391.2,-0.0,0.00377
E6_P5_M29_L001,Pre_P26,Pre,994740.9,994740.9,-0.0,0.00761
E7_P1_M29_L001,Pre_P26,Pre,993562.9,993562.9,-0.0,0.00932
E7_P2_M29_L001,Pre_P26,Pre,994903.8,994903.8,0.0,0.00737
E7_P4_M29_L001,Pre_P26,Pre,993137.0,993128.4,8.6,0.00995
E8_P1_M29_L001,Pre_P26,Pre,996917.0,996917.0,0.0,0.00445
E8_P2_M29_L001,Pre_P26,Pre,989826.2,989826.2,-0.0,0.01475
E8_P4_M29_L001,Pre_P26,Pre,993592.3,993592.3,0.0,0.00927
E8_P5_M29_L001,Pre_P26,Pre,998285.5,998285.5,-0.0,0.00248
E9_P1_M29_L001,Pre_P26,Pre,994984.9,994984.9,-0.0,0.00725
E9_P2_M29_L001,Pre_P26,Pre,996036.2,996036.2,0.0,0.00573
E9_P4_M29_L001,Pre_P26,Pre,995964.9,995964.9,0.0,0.00583
E9_P5_M29_L001,Pre_P26,Pre,996184.8,995492.2,692.6,0.00652
F10_P1_M29_L001,Pre_P26,Pre,997679.4,997679.4,-0.0,0.00335
F10_P2_M29_L001,Pre_P26,Pre,992415.3,992415.3,-0.0,0.01098
F10_P4_M29_L001,Pre_P26,Pre,996164.7,996164.7,0.0,0.00554
F11_P1_M29_L001,Pre_P26,Pre,996200.7,996200.7,-0.0,0.00549
F11_P4_M29_L001,Pre_P26,Pre,995226.6,995226.6,-0.0,0.0069
F11_P5_M29_L001,Pre_P26,Pre,998375.4,998375.4,-0.0,0.00235
F12_P2_M29_L001,Pre_P26,Pre,996983.6,996983.6,0.0,0.00436
F12_P4_M29_L001,Pre_P26,Pre,997215.6,997215.6,-0.0,0.00402
F12_P5_M29_L001,Pre_P26,Pre,994697.7,994697.7,0.0,0.00767
F1_P1_M29_L001,Pre_P26,Pre,995125.6,995125.6,0.0,0.00705
F1_P4_M29_L001,Pre_P26,Pre,994565.3,994565.3,0.0,0.00786
F2_P1_M29_L001,Pre_P26,Pre,993743.5,993743.5,-0.0,0.00905
F2_P4_M29_L001,Pre_P26,Pre,995690.3,995690.3,-0.0,0.00623
F2_P5_M29_L001,Pre_P26,Pre,997909.5,997405.6,503.9,0.00375
F3_P1_M29_L001,Pre_P26,Pre,997138.4,997138.4,0.0,0.00413
F3_P2_M29_L001,Pre_P26,Pre,995491.1,995491.1,-0.0,0.00652
F3_P5_M29_L001,Pre_P26,Pre,993670.7,993670.7,0.0,0.00916
F4_P1_M29_L001,Pre_P26,Pre,996355.1,996243.1,112.0,0.00543
F4_P2_M29_L001,Pre_P26,Pre,998938.4,998938.4,0.0,0.00153
F4_P5_M29_L001,Pre_P26,Pre,992930.9,992911.5,19.4,0.01026
F5_P1_M29_L001,Pre_P26,Pre,995303.7,995303.7,0.0,0.00679
F5_P2_M29_L001,Pre_P26,Pre,996665.6,996665.6,0.0,0.00482
F5_P4_M29_L001,Pre_P26,Pre,995906.2,995906.2,0.0,0.00592
F6_P1_M29_L001,Pre_P26,Pre,991346.5,989906.8,1439.7,0.01464
F6_P2_M29_L001,Pre_P26,Pre,991840.1,991840.1,0.0,0.01182
F6_P4_M29_L001,Pre_P26,Pre,996638.6,996630.3,8.3,0.00487
F7_P1_M29_L001,Pre_P26,Pre,995708.8,995607.3,101.5,0.00635
F7_P2_M29_L001,Pre_P26,Pre,997243.0,997243.0,-0.0,0.00398
F7_P4_M29_L001,Pre_P26,Pre,995743.9,995743.9,-0.0,0.00615
F7_P5_M29_L001,Pre_P26,Pre,995250.3,995250.3,-0.0,0.00687
F8_P1_M29_L001,Pre_P26,Pre,996238.6,992143.6,4095.0,0.01138
F8_P2_M29_L001,Pre_P26,Pre,992565.3,992565.3,0.0,0.01077
F9_P1_M29_L001,Pre_P26,Pre,993842.9,993842.9,-0.0,0.00891
F9_P2_M29_L001,Pre_P26,Pre,994363.0,994363.0,-0.0,0.00816
F9_P4_M29_L001,Pre_P26,Pre,993463.6,993463.6,-0.0,0.00946
F9_P5_M29_L001,Pre_P26,Pre,997917.9,997917.9,-0.0,0.00301
G10_P1_M29_L001,Pre_P26,Pre,994461.1,994461.1,-0.0,0.00801
G10_P2_M29_L001,Pre_P26,Pre,996433.6,996433.6,0.0,0.00515
G10_P4_M29_L001,Pre_P26,Pre,994664.8,994664.8,0.0,0.00772
G10_P5_M29_L001,Pre_P26,Pre,996743.9,996743.9,0.0,0.00471
G11_P1_M29_L001,Pre_P26,Pre,997345.3,997345.3,0.0,0.00384
G11_P2_M29_L001,Pre_P26,Pre,996945.5,996937.0,8.5,0.00443
G11_P4_M29_L001,Pre_P26,Pre,993292.6,992976.3,316.3,0.01017
G11_P5_M29_L001,Pre_P26,Pre,992760.0,992760.0,-0.0,0.01048
G12_P1_M29_L001,Pre_P26,Pre,985728.6,985714.1,14.5,0.02076
G12_P2_M29_L001,Pre_P26,Pre,991460.8,991460.8,0.0,0.01237
G12_P4_M29_L001,Pre_P26,Pre,994486.6,994486.6,-0.0,0.00798
G12_P5_M29_L001,Pre_P26,Pre,994437.3,994413.2,24.1,0.00808
G1_P1_M29_L001,Pre_P26,Pre,997827.8,997615.0,212.8,0.00344
G1_P4_M29_L001,Pre_P26,Pre,994944.8,994944.8,-0.0,0.00731
G1_P5_M29_L001,Pre_P26,Pre,994006.6,994006.6,0.0,0.00867
G2_P2_M29_L001,Pre_P26,Pre,996272.8,996272.8,-0.0,0.00539
G2_P4_M29_L001,Pre_P26,Pre,995484.5,995484.5,-0.0,0.00653
G2_P5_M29_L001,Pre_P26,Pre,992870.6,992870.6,0.0,0.01032
G3_P1_M29_L001,Pre_P26,Pre,993801.2,993801.2,0.0,0.00897
G3_P2_M29_L001,Pre_P26,Pre,991670.8,991670.8,0.0,0.01207
G3_P4_M29_L001,Pre_P26,Pre,996469.3,996469.3,-0.0,0.0051
G3_P5_M29_L001,Pre_P26,Pre,995994.0,995994.0,0.0,0.00579
G4_P1_M29_L001,Pre_P26,Pre,996040.8,994849.1,1191.7,0.00745
G4_P4_M29_L001,Pre_P26,Pre,996630.9,996630.9,-0.0,0.00487
G4_P5_M29_L001,Pre_P26,Pre,995422.0,995422.0,0.0,0.00662
G5_P1_M29_L001,Pre_P26,Pre,996118.5,996118.5,-0.0,0.00561
G5_P2_M29_L001,Pre_P26,Pre,992190.0,992190.0,0.0,0.01131
G5_P4_M29_L001,Pre_P26,Pre,990320.8,990320.8,0.0,0.01403
G5_P5_M29_L001,Pre_P26,Pre,994559.6,994559.6,0.0,0.00787
G6_P1_M29_L001,Pre_P26,Pre,996455.2,995988.3,466.9,0.0058
G6_P4_M29_L001,Pre_P26,Pre,997112.8,997112.8,-0.0,0.00417
G6_P5_M29_L001,Pre_P26,Pre,993391.1,993391.1,0.0,0.00957
G7_P1_M29_L001,Pre_P26,Pre,995546.0,995417.4,128.6,0.00663
G7_P2_M29_L001,Pre_P26,Pre,996102.1,996102.1,-0.0,0.00563
G7_P5_M29_L001,Pre_P26,Pre,993481.7,993481.7,0.0,0.00943
G8_P1_M29_L001,Pre_P26,Pre,994260.0,994241.3,18.7,0.00833
G8_P2_M29_L001,Pre_P26,Pre,995709.2,995698.7,10.5,0.00622
G8_P4_M29_L001,Pre_P26,Pre,995672.4,995655.7,16.7,0.00628
G8_P5_M29_L001,Pre_P26,Pre,995248.5,995234.3,14.2,0.00689
G9_P1_M29_L001,Pre_P26,Pre,994141.1,994141.1,0.0,0.00848
G9_P2_M29_L001,Pre_P26,Pre,990609.9,990609.9,0.0,0.01361
G9_P4_M29_L001,Pre_P26,Pre,995551.2,995551.2,-0.0,0.00643
G9_P5_M29_L001,Pre_P26,Pre,989636.1,989636.1,-0.0,0.01503
H10_P2_M29_L001,Pre_P26,Pre,996704.2,996704.2,0.0,0.00476
H10_P4_M29_L001,Pre_P26,Pre,996991.7,996612.6,379.1,0.0049
H11_P2_M29_L001,Pre_P26,Pre,997139.4,997139.4,0.0,0.00413
H11_P4_M29_L001,Pre_P26,Pre,998504.2,998504.2,-0.0,0.00216
H11_P5_M29_L001,Pre_P26,Pre,997899.2,997899.2,-0.0,0.00303
H12_P1_M29_L001,Pre_P26,Pre,992936.4,992936.4,-0.0,0.01023
H12_P2_M29_L001,Pre_P26,Pre,994933.7,994933.7,0.0,0.00733
H12_P4_M29_L001,Pre_P26,Pre,997367.3,996977.6,389.7,0.00437
H12_P5_M29_L001,Pre_P26,Pre,996740.0,996740.0,-0.0,0.00471
H1_P2_M29_L001,Pre_P26,Pre,996657.8,996657.8,0.0,0.00483
H1_P5_M29_L001,Pre_P26,Pre,993299.7,993299.7,0.0,0.0097
H2_P1_M29_L001,Pre_P26,Pre,990713.4,990713.4,-0.0,0.01346
H2_P2_M29_L001,Pre_P26,Pre,998848.0,997987.9,860.1,0.00291
H2_P4_M29_L001,Pre_P26,Pre,995846.7,995323.0,523.7,0.00676
H2_P5_M29_L001,Pre_P26,Pre,993815.1,993815.1,0.0,0.00895
H3_P1_M29_L001,Pre_P26,Pre,994011.5,994011.5,-0.0,0.00867
H3_P2_M29_L001,Pre_P26,Pre,995224.4,995224.4,0.0,0.00691
H3_P4_M29_L001,Pre_P26,Pre,996737.9,996737.9,0.0,0.00471
H3_P5_M29_L001,Pre_P26,Pre,994711.5,994711.5,0.0,0.00765
H4_P1_M29_L001,Pre_P26,Pre,996809.8,996809.8,-0.0,0.00461
H4_P2_M29_L001,Pre_P26,Pre,997530.8,997530.8,0.0,0.00357
H4_P4_M29_L001,Pre_P26,Pre,995402.3,993518.8,1883.5,0.00938
H4_P5_M29_L001,Pre_P26,Pre,993020.3,993020.3,0.0,0.0101
H5_P1_M29_L001,Pre_P26,Pre,997563.9,997563.9,-0.0,0.00352
H5_P2_M29_L001,Pre_P26,Pre,995488.7,995488.7,0.0,0.00652
H5_P4_M29_L001,Pre_P26,Pre,988714.0,988714.0,0.0,0.01637
H5_P5_M29_L001,Pre_P26,Pre,997442.7,997442.7,0.0,0.00369
H6_P1_M29_L001,Pre_P26,Pre,993232.2,993232.2,-0.0,0.0098
H6_P2_M29_L001,Pre_P26,Pre,995925.3,995925.3,-0.0,0.00589
H6_P4_M29_L001,Pre_P26,Pre,993441.1,993441.1,0.0,0.00949
H6_P5_M29_L001,Pre_P26,Pre,989922.9,989922.9,-0.0,0.01461
H7_P1_M29_L001,Pre_P26,Pre,995108.2,995108.2,0.0,0.00707
H7_P2_M29_L001,Pre_P26,Pre,995485.5,995485.5,0.0,0.00653
H7_P4_M29_L001,Pre_P26,Pre,994752.3,994752.3,-0.0,0.00759
H7_P5_M29_L001,Pre_P26,Pre,995845.0,994618.0,1227.0,0.00779
H8_P1_M29_L001,Pre_P26,Pre,999013.6,999013.6,0.0,0.00142
H8_P2_M29_L001,Pre_P26,Pre,996057.7,996057.7,-0.0,0.0057
H8_P4_M29_L001,Pre_P26,Pre,995941.8,995941.8,-0.0,0.00587
H8_P5_M29_L001,Pre_P26,Pre,993679.1,993672.1,7.0,0.00916
H9_P1_M29_L001,Pre_P26,Pre,992736.3,992736.3,0.0,0.01052
H9_P2_M29_L001,Pre_P26,Pre,994240.3,994240.3,0.0,0.00833
H9_P4_M29_L001,Pre_P26,Pre,994899.5,994899.5,-0.0,0.00738
A10_P1_M91_L001,Pre_P27,Pre,994430.4,994430.4,0.0,0.00806
A10_P4_M91_L001,Pre_P27,Pre,994468.2,994468.2,-0.0,0.008
A11_P1_M91_L001,Pre_P27,Pre,989282.9,989282.9,0.0,0.01554
A11_P3_M91_L001,Pre_P27,Pre,997109.9,997109.9,0.0,0.00418
A11_P4_M91_L001,Pre_P27,Pre,992510.4,989733.4,2777.0,0.01489
A11_P5_M91_L001,Pre_P27,Pre,996363.3,994154.1,2209.2,0.00846
A12_P1_M91_L001,Pre_P27,Pre,996108.7,996108.7,0.0,0.00562
A12_P3_M91_L001,Pre_P27,Pre,994541.6,994541.6,-0.0,0.0079
A12_P5_M91_L001,Pre_P27,Pre,995700.6,995700.6,-0.0,0.00622
A2_P1_M91_L001,Pre_P27,Pre,992302.9,992302.9,0.0,0.01115
A2_P3_M91_L001,Pre_P27,Pre,994096.3,993882.9,213.4,0.00885
A2_P4_M91_L001,Pre_P27,Pre,988834.5,988834.5,0.0,0.0162
A3_P1_M91_L001,Pre_P27,Pre,991923.2,990610.0,1313.2,0.01361
A3_P3_M91_L001,Pre_P27,Pre,992991.6,992991.6,-0.0,0.01015
A3_P4_M91_L001,Pre_P27,Pre,994218.0,994218.0,0.0,0.00837
A3_P5_M91_L001,Pre_P27,Pre,990526.2,990382.2,144.0,0.01394
A4_P1_M91_L001,Pre_P27,Pre,989383.3,988985.3,398.0,0.01598
A4_P3_M91_L001,Pre_P27,Pre,993303.7,993303.7,-0.0,0.00969
A4_P5_M91_L001,Pre_P27,Pre,993168.3,993168.3,0.0,0.00989
A5_P1_M91_L001,Pre_P27,Pre,994576.6,994576.6,-0.0,0.00785
A5_P3_M91_L001,Pre_P27,Pre,995688.0,995191.0,497.0,0.00695
A5_P4_M91_L001,Pre_P27,Pre,991246.9,991032.7,214.2,0.013
A6_P1_M91_L001,Pre_P27,Pre,992157.8,990529.6,1628.2,0.01373
A6_P3_M91_L001,Pre_P27,Pre,994752.0,994752.0,0.0,0.00759
A6_P4_M91_L001,Pre_P27,Pre,993427.6,993427.6,0.0,0.00951
A6_P5_M91_L001,Pre_P27,Pre,996466.3,996466.3,-0.0,0.00511
A7_P1_M91_L001,Pre_P27,Pre,994101.2,994096.6,4.6,0.00854
A7_P3_M91_L001,Pre_P27,Pre,993915.4,993858.7,56.7,0.00889
A7_P5_M91_L001,Pre_P27,Pre,994738.9,994738.9,-0.0,0.00761
A8_P1_M91_L001,Pre_P27,Pre,992955.7,992890.0,65.7,0.01029
A8_P3_M91_L001,Pre_P27,Pre,994932.9,994932.9,0.0,0.00733
A8_P4_M91_L001,Pre_P27,Pre,991613.0,989676.5,1936.5,0.01497
A8_P5_M91_L001,Pre_P27,Pre,991452.3,991452.3,-0.0,0.01238
A9_P1_M91_L001,Pre_P27,Pre,991461.5,987216.2,4245.3,0.01856
A9_P3_M91_L001,Pre_P27,Pre,993236.2,993111.8,124.4,0.00997
A9_P4_M91_L001,Pre_P27,Pre,992199.3,989974.7,2224.6,0.01454
A9_P5_M91_L001,Pre_P27,Pre,994530.8,994530.8,-0.0,0.00791
B10_P1_M91_L001,Pre_P27,Pre,995119.2,995119.2,-0.0,0.00706
B10_P3_M91_L001,Pre_P27,Pre,996457.7,996442.3,15.4,0.00514
B10_P4_M91_L001,Pre_P27,Pre,992235.2,992025.4,209.8,0.01155
B10_P5_M91_L001,Pre_P27,Pre,995775.8,995636.7,139.1,0.00631
B11_P1_M91_L001,Pre_P27,Pre,984847.0,984847.0,0.0,0.02203
B11_P3_M91_L001,Pre_P27,Pre,991658.1,991658.1,0.0,0.01209
B11_P4_M91_L001,Pre_P27,Pre,993485.2,993485.2,-0.0,0.00943
B11_P5_M91_L001,Pre_P27,Pre,993949.9,993949.9,0.0,0.00875
B12_P1_M91_L001,Pre_P27,Pre,994015.4,994015.4,-0.0,0.00866
B12_P3_M91_L001,Pre_P27,Pre,990883.8,990883.8,0.0,0.01321
B12_P4_M91_L001,Pre_P27,Pre,992379.8,992379.8,-0.0,0.01104
B12_P5_M91_L001,Pre_P27,Pre,995065.0,995065.0,-0.0,0.00714
B1_P1_M91_L001,Pre_P27,Pre,996308.5,996308.5,0.0,0.00534
B1_P3_M91_L001,Pre_P27,Pre,993631.9,993631.9,-0.0,0.00922
B1_P4_M91_L001,Pre_P27,Pre,995739.4,995739.4,-0.0,0.00616
B1_P5_M91_L001,Pre_P27,Pre,991526.7,991526.7,-0.0,0.01228
B2_P1_M91_L001,Pre_P27,Pre,995793.2,995793.2,0.0,0.00608
B2_P3_M91_L001,Pre_P27,Pre,995308.8,995308.8,-0.0,0.00678
B2_P4_M91_L001,Pre_P27,Pre,996026.8,996026.8,0.0,0.00574
B2_P5_M91_L001,Pre_P27,Pre,994604.0,994604.0,0.0,0.00781
B3_P1_M91_L001,Pre_P27,Pre,994770.8,994770.8,0.0,0.00756
B3_P3_M91_L001,Pre_P27,Pre,996634.2,996634.2,-0.0,0.00486
B3_P4_M91_L001,Pre_P27,Pre,997891.1,997891.1,-0.0,0.00305
B3_P5_M91_L001,Pre_P27,Pre,990821.8,990821.8,0.0,0.0133
B4_P1_M91_L001,Pre_P27,Pre,995177.9,995177.9,0.0,0.00697
B4_P3_M91_L001,Pre_P27,Pre,994409.4,994316.7,92.7,0.00822
B4_P4_M91_L001,Pre_P27,Pre,993537.8,993537.8,-0.0,0.00935
B4_P5_M91_L001,Pre_P27,Pre,995975.2,995851.7,123.5,0.006
B5_P1_M91_L001,Pre_P27,Pre,992698.4,992698.4,0.0,0.01057
B5_P3_M91_L001,Pre_P27,Pre,999729.1,999729.1,0.0,0.00039
B5_P4_M91_L001,Pre_P27,Pre,994138.6,994138.6,0.0,0.00848
B5_P5_M91_L001,Pre_P27,Pre,992106.0,992106.0,-0.0,0.01143
B6_P1_M91_L001,Pre_P27,Pre,992462.1,992462.1,-0.0,0.01092
B6_P3_M91_L001,Pre_P27,Pre,991949.0,991949.0,-0.0,0.01166
B6_P4_M91_L001,Pre_P27,Pre,995412.1,995412.1,0.0,0.00663
B6_P5_M91_L001,Pre_P27,Pre,993678.1,993458.1,220.0,0.00947
B7_P1_M91_L001,Pre_P27,Pre,992255.9,992255.9,0.0,0.01122
B7_P3_M91_L001,Pre_P27,Pre,994755.7,994755.7,-0.0,0.00759
B7_P5_M91_L001,Pre_P27,Pre,993869.8,993859.1,10.7,0.00889
B8_P1_M91_L001,Pre_P27,Pre,992681.4,992681.4,-0.0,0.0106
B8_P3_M91_L001,Pre_P27,Pre,994294.3,994294.3,0.0,0.00826
B8_P4_M91_L001,Pre_P27,Pre,991194.9,991194.9,0.0,0.01276
B9_P1_M91_L001,Pre_P27,Pre,991635.5,989486.0,2149.5,0.01525
B9_P3_M91_L001,Pre_P27,Pre,991703.9,991703.9,-0.0,0.01202
B9_P4_M91_L001,Pre_P27,Pre,996482.7,995173.8,1308.9,0.00698
B9_P5_M91_L001,Pre_P27,Pre,991522.2,991323.7,198.5,0.01257
C10_P3_M91_L001,Pre_P27,Pre,995082.5,995082.5,-0.0,0.00711
C10_P5_M91_L001,Pre_P27,Pre,996728.5,996728.5,0.0,0.00473
C11_P1_M91_L001,Pre_P27,Pre,996386.6,996386.6,-0.0,0.00522
C11_P3_M91_L001,Pre_P27,Pre,995438.0,995438.0,-0.0,0.0066
C11_P4_M91_L001,Pre_P27,Pre,995482.2,995482.2,-0.0,0.00653
C11_P5_M91_L001,Pre_P27,Pre,993516.1,993516.1,-0.0,0.00938
C12_P1_M91_L001,Pre_P27,Pre,993373.5,993373.5,-0.0,0.00959
C12_P4_M91_L001,Pre_P27,Pre,994947.0,994947.0,-0.0,0.00731
C12_P5_M91_L001,Pre_P27,Pre,991076.5,989937.9,1138.6,0.01459
C1_P1_M91_L001,Pre_P27,Pre,995132.0,995132.0,-0.0,0.00704
C1_P3_M91_L001,Pre_P27,Pre,993291.8,992156.6,1135.2,0.01136
C1_P5_M91_L001,Pre_P27,Pre,994328.2,994328.2,-0.0,0.00821
C2_P1_M91_L001,Pre_P27,Pre,995212.1,995212.1,-0.0,0.00692
C2_P3_M91_L001,Pre_P27,Pre,992874.1,992874.1,0.0,0.01032
C2_P4_M91_L001,Pre_P27,Pre,991133.8,991133.8,0.0,0.01285
C3_P1_M91_L001,Pre_P27,Pre,992722.4,992028.9,693.5,0.01155
C3_P3_M91_L001,Pre_P27,Pre,994568.2,993141.0,1427.2,0.00993
C3_P4_M91_L001,Pre_P27,Pre,996623.5,994093.2,2530.3,0.00855
C3_P5_M91_L001,Pre_P27,Pre,993028.7,992162.6,866.1,0.01135
C4_P3_M91_L001,Pre_P27,Pre,995085.9,995085.9,0.0,0.00711
C4_P4_M91_L001,Pre_P27,Pre,996683.6,996032.0,651.6,0.00574
C4_P5_M91_L001,Pre_P27,Pre,991970.2,991970.2,-0.0,0.01163
C5_P1_M91_L001,Pre_P27,Pre,995068.9,994513.5,555.4,0.00794
C5_P3_M91_L001,Pre_P27,Pre,996132.5,996132.5,0.0,0.00559
C5_P4_M91_L001,Pre_P27,Pre,995942.5,995942.5,-0.0,0.00587
C5_P5_M91_L001,Pre_P27,Pre,994981.6,994728.4,253.2,0.00763
C6_P1_M91_L001,Pre_P27,Pre,990208.6,989740.8,467.8,0.01488
C6_P3_M91_L001,Pre_P27,Pre,991465.5,990646.2,819.3,0.01356
C6_P4_M91_L001,Pre_P27,Pre,993945.1,993945.1,-0.0,0.00876
C6_P5_M91_L001,Pre_P27,Pre,993879.4,992904.9,974.5,0.01027
C7_P1_M91_L001,Pre_P27,Pre,991024.9,991024.9,0.0,0.01301
C7_P3_M91_L001,Pre_P27,Pre,991122.4,991122.4,-0.0,0.01286
C7_P4_M91_L001,Pre_P27,Pre,994123.1,994123.1,-0.0,0.0085
C7_P5_M91_L001,Pre_P27,Pre,992611.0,992611.0,-0.0,0.0107
C8_P3_M91_L001,Pre_P27,Pre,995435.7,995435.7,0.0,0.0066
C8_P4_M91_L001,Pre_P27,Pre,995435.6,995435.6,-0.0,0.0066
C8_P5_M91_L001,Pre_P27,Pre,993367.7,993367.7,0.0,0.0096
C9_P1_M91_L001,Pre_P27,Pre,995143.8,995143.8,0.0,0.00702
C9_P4_M91_L001,Pre_P27,Pre,996093.1,996093.1,-0.0,0.00565
C9_P5_M91_L001,Pre_P27,Pre,993675.3,993504.3,171.0,0.0094
D10_P1_M91_L001,Pre_P27,Pre,991711.9,991414.8,297.1,0.01244
D10_P3_M91_L001,Pre_P27,Pre,996232.4,996232.4,0.0,0.00545
D10_P4_M91_L001,Pre_P27,Pre,995418.3,995418.3,-0.0,0.00663
D10_P5_M91_L001,Pre_P27,Pre,994696.3,993715.0,981.3,0.0091
D11_P1_M91_L001,Pre_P27,Pre,992756.6,990227.6,2529.0,0.01417
D11_P3_M91_L001,Pre_P27,Pre,992229.3,990508.2,1721.1,0.01376
D11_P4_M91_L001,Pre_P27,Pre,993011.6,993007.7,3.9,0.01012
D11_P5_M91_L001,Pre_P27,Pre,995055.0,995000.3,54.7,0.00723
D12_P1_M91_L001,Pre_P27,Pre,996774.1,996754.9,19.2,0.00469
D12_P3_M91_L001,Pre_P27,Pre,994795.3,994795.3,-0.0,0.00753
D12_P4_M91_L001,Pre_P27,Pre,995152.9,995152.9,0.0,0.00701
D12_P5_M91_L001,Pre_P27,Pre,992263.2,991282.0,981.2,0.01263
D1_P1_M91_L001,Pre_P27,Pre,995500.2,995500.2,-0.0,0.00651
D1_P3_M91_L001,Pre_P27,Pre,995176.6,995108.1,68.5,0.00707
D1_P4_M91_L001,Pre_P27,Pre,995129.5,995129.5,-0.0,0.00704
D1_P5_M91_L001,Pre_P27,Pre,991700.9,991700.9,-0.0,0.01202
D2_P1_M91_L001,Pre_P27,Pre,993544.7,993391.3,153.4,0.00957
D2_P3_M91_L001,Pre_P27,Pre,991369.3,991055.1,314.2,0.01296
D2_P4_M91_L001,Pre_P27,Pre,991273.6,991273.6,-0.0,0.01264
D2_P5_M91_L001,Pre_P27,Pre,997257.5,997100.7,156.8,0.00419
D3_P1_M91_L001,Pre_P27,Pre,993577.5,993570.5,7.0,0.00931
D3_P3_M91_L001,Pre_P27,Pre,995293.8,995287.4,6.4,0.00681
D3_P4_M91_L001,Pre_P27,Pre,995395.2,995395.2,0.0,0.00666
D3_P5_M91_L001,Pre_P27,Pre,994467.8,992734.7,1733.1,0.01052
D4_P1_M91_L001,Pre_P27,Pre,992874.0,992874.0,-0.0,0.01032
D4_P3_M91_L001,Pre_P27,Pre,988656.9,988656.9,-0.0,0.01646
D4_P4_M91_L001,Pre_P27,Pre,990537.5,990537.5,-0.0,0.01372
D4_P5_M91_L001,Pre_P27,Pre,994247.5,994247.5,-0.0,0.00832
D5_P1_M91_L001,Pre_P27,Pre,996108.6,996108.6,-0.0,0.00563
D5_P3_M91_L001,Pre_P27,Pre,994497.6,994497.6,0.0,0.00796
D5_P4_M91_L001,Pre_P27,Pre,991158.2,991158.2,-0.0,0.01281
D5_P5_M91_L001,Pre_P27,Pre,995766.1,993937.1,1829.0,0.00877
D6_P3_M91_L001,Pre_P27,Pre,993918.8,993918.8,-0.0,0.0088
D6_P4_M91_L001,Pre_P27,Pre,995227.6,995227.6,0.0,0.0069
D6_P5_M91_L001,Pre_P27,Pre,996937.6,996883.7,53.9,0.0045
D7_P1_M91_L001,Pre_P27,Pre,995366.2,995366.2,0.0,0.0067
D7_P4_M91_L001,Pre_P27,Pre,997119.0,997119.0,0.0,0.00416
D7_P5_M91_L001,Pre_P27,Pre,993289.3,993220.7,68.6,0.00981
D8_P1_M91_L001,Pre_P27,Pre,991008.9,991008.9,-0.0,0.01303
D8_P3_M91_L001,Pre_P27,Pre,990800.6,989469.0,1331.6,0.01527
D8_P4_M91_L001,Pre_P27,Pre,995550.7,995550.7,0.0,0.00643
D8_P5_M91_L001,Pre_P27,Pre,990678.2,990500.9,177.3,0.01377
D9_P1_M91_L001,Pre_P27,Pre,995838.3,995835.9,2.4,0.00602
D9_P3_M91_L001,Pre_P27,Pre,995439.3,993811.1,1628.2,0.00896
D9_P4_M91_L001,Pre_P27,Pre,994676.9,994676.9,0.0,0.0077
D9_P5_M91_L001,Pre_P27,Pre,992649.9,992649.9,-0.0,0.01064
E10_P1_M91_L001,Pre_P27,Pre,991184.3,991184.3,0.0,0.01277
E10_P3_M91_L001,Pre_P27,Pre,994044.8,994044.8,0.0,0.00862
E10_P4_M91_L001,Pre_P27,Pre,996428.1,996428.1,-0.0,0.00516
E10_P5_M91_L001,Pre_P27,Pre,994364.5,994364.5,-0.0,0.00815
E11_P3_M91_L001,Pre_P27,Pre,992907.2,992833.7,73.5,0.01038
E11_P4_M91_L001,Pre_P27,Pre,991155.2,990543.1,612.1,0.01371
E11_P5_M91_L001,Pre_P27,Pre,994279.2,994279.2,0.0,0.00828
E12_P1_M91_L001,Pre_P27,Pre,994515.7,994432.6,83.1,0.00805
E12_P3_M91_L001,Pre_P27,Pre,996503.0,996503.0,0.0,0.00505
E12_P4_M91_L001,Pre_P27,Pre,995825.1,995825.1,-0.0,0.00604
E1_P1_M91_L001,Pre_P27,Pre,993394.6,993394.6,-0.0,0.00956
E1_P3_M91_L001,Pre_P27,Pre,996095.3,996095.3,-0.0,0.00564
E1_P4_M91_L001,Pre_P27,Pre,991919.1,991919.1,-0.0,0.01171
E1_P5_M91_L001,Pre_P27,Pre,988729.7,988729.7,0.0,0.01635
E2_P1_M91_L001,Pre_P27,Pre,986653.7,986653.7,0.0,0.01938
E2_P3_M91_L001,Pre_P27,Pre,991482.1,991482.1,-0.0,0.01234
E2_P4_M91_L001,Pre_P27,Pre,993239.3,993239.3,0.0,0.00979
E2_P5_M91_L001,Pre_P27,Pre,996271.4,996271.4,-0.0,0.00539
E3_P1_M91_L001,Pre_P27,Pre,992602.2,992311.1,291.1,0.01114
E3_P3_M91_L001,Pre_P27,Pre,994639.2,994632.0,7.2,0.00777
E3_P4_M91_L001,Pre_P27,Pre,992595.3,992595.3,-0.0,0.01072
E4_P1_M91_L001,Pre_P27,Pre,997080.1,994452.6,2627.5,0.00803
E4_P3_M91_L001,Pre_P27,Pre,992546.9,992512.0,34.9,0.01084
E4_P4_M91_L001,Pre_P27,Pre,995100.7,994682.9,417.8,0.00769
E4_P5_M91_L001,Pre_P27,Pre,992094.6,991948.6,146.0,0.01166
E5_P3_M91_L001,Pre_P27,Pre,994384.7,994384.7,0.0,0.00812
E5_P4_M91_L001,Pre_P27,Pre,997060.3,997060.3,0.0,0.00425
E5_P5_M91_L001,Pre_P27,Pre,989650.1,989650.1,0.0,0.01501
E6_P1_M91_L001,Pre_P27,Pre,995152.3,995152.3,-0.0,0.00701
E6_P3_M91_L001,Pre_P27,Pre,996850.0,996850.0,0.0,0.00455
E6_P4_M91_L001,Pre_P27,Pre,995956.9,995956.9,-0.0,0.00584
E6_P5_M91_L001,Pre_P27,Pre,989602.4,989602.4,-0.0,0.01508
E7_P1_M91_L001,Pre_P27,Pre,991074.9,987884.4,3190.5,0.01759
E7_P3_M91_L001,Pre_P27,Pre,995003.4,995003.4,0.0,0.00723
E7_P4_M91_L001,Pre_P27,Pre,994289.7,994289.7,0.0,0.00826
E7_P5_M91_L001,Pre_P27,Pre,992100.3,991744.3,356.0,0.01196
E8_P1_M91_L001,Pre_P27,Pre,993712.7,993712.7,0.0,0.0091
E8_P3_M91_L001,Pre_P27,Pre,991444.0,991444.0,0.0,0.0124
E8_P5_M91_L001,Pre_P27,Pre,992246.9,992246.9,0.0,0.01123
E9_P1_M91_L001,Pre_P27,Pre,989100.0,989100.0,-0.0,0.01581
E9_P3_M91_L001,Pre_P27,Pre,993135.9,993133.2,2.7,0.00994
E9_P4_M91_L001,Pre_P27,Pre,995219.0,994745.6,473.4,0.0076
E9_P5_M91_L001,Pre_P27,Pre,994493.6,994493.6,0.0,0.00797
F10_P1_M91_L001,Pre_P27,Pre,992555.5,992555.5,-0.0,0.01078
F10_P3_M91_L001,Pre_P27,Pre,992636.8,991314.5,1322.3,0.01259
F10_P4_M91_L001,Pre_P27,Pre,994035.9,993964.3,71.6,0.00873
F10_P5_M91_L001,Pre_P27,Pre,995022.6,994034.9,987.7,0.00863
F11_P1_M91_L001,Pre_P27,Pre,994783.1,994783.1,-0.0,0.00755
F11_P3_M91_L001,Pre_P27,Pre,993243.1,993243.1,0.0,0.00978
F11_P4_M91_L001,Pre_P27,Pre,992629.3,992629.3,0.0,0.01067
F12_P1_M91_L001,Pre_P27,Pre,995932.8,995932.8,0.0,0.00588
F12_P3_M91_L001,Pre_P27,Pre,995110.7,995110.7,-0.0,0.00707
F12_P4_M91_L001,Pre_P27,Pre,995562.8,995562.8,0.0,0.00642
F12_P5_M91_L001,Pre_P27,Pre,992795.1,992795.1,0.0,0.01043
F1_P1_M91_L001,Pre_P27,Pre,994784.9,994714.8,70.1,0.00765
F1_P3_M91_L001,Pre_P27,Pre,992031.1,992031.1,-0.0,0.01154
F1_P4_M91_L001,Pre_P27,Pre,992362.7,992362.7,-0.0,0.01106
F2_P3_M91_L001,Pre_P27,Pre,994274.4,994274.4,0.0,0.00828
F2_P5_M91_L001,Pre_P27,Pre,991531.4,991531.4,0.0,0.01227
F3_P1_M91_L001,Pre_P27,Pre,994016.9,993621.7,395.2,0.00923
F3_P4_M91_L001,Pre_P27,Pre,994326.5,994326.5,0.0,0.00821
F4_P1_M91_L001,Pre_P27,Pre,992347.4,992347.4,-0.0,0.01108
F4_P3_M91_L001,Pre_P27,Pre,989187.2,989187.2,-0.0,0.01568
F4_P5_M91_L001,Pre_P27,Pre,993849.2,993578.4,270.8,0.00929
F5_P1_M91_L001,Pre_P27,Pre,995240.3,995240.3,0.0,0.00688
F5_P3_M91_L001,Pre_P27,Pre,994695.1,993506.5,1188.6,0.0094
F5_P4_M91_L001,Pre_P27,Pre,995999.1,995347.6,651.5,0.00673
F5_P5_M91_L001,Pre_P27,Pre,994134.2,994134.2,-0.0,0.00849
F6_P1_M91_L001,Pre_P27,Pre,994694.2,994694.2,0.0,0.00768
F6_P3_M91_L001,Pre_P27,Pre,993815.5,993626.5,189.0,0.00922
F6_P4_M91_L001,Pre_P27,Pre,993820.1,993820.1,-0.0,0.00894
F6_P5_M91_L001,Pre_P27,Pre,996195.5,996195.5,-0.0,0.0055
F7_P1_M91_L001,Pre_P27,Pre,994657.5,994657.5,0.0,0.00773
F7_P3_M91_L001,Pre_P27,Pre,994172.9,994172.9,0.0,0.00843
F7_P4_M91_L001,Pre_P27,Pre,995800.2,991872.0,3928.2,0.01177
F7_P5_M91_L001,Pre_P27,Pre,995145.4,994951.1,194.3,0.0073
F8_P1_M91_L001,Pre_P27,Pre,992292.4,991493.9,798.5,0.01232
F8_P3_M91_L001,Pre_P27,Pre,996327.6,996327.6,0.0,0.00531
F8_P4_M91_L001,Pre_P27,Pre,992357.5,992150.5,207.0,0.01137
F8_P5_M91_L001,Pre_P27,Pre,995529.0,995529.0,0.0,0.00646
F9_P1_M91_L001,Pre_P27,Pre,994871.0,994751.7,119.3,0.00759
F9_P3_M91_L001,Pre_P27,Pre,993980.9,993980.9,0.0,0.00871
F9_P4_M91_L001,Pre_P27,Pre,994854.4,994854.4,0.0,0.00744
F9_P5_M91_L001,Pre_P27,Pre,996317.4,994207.6,2109.8,0.00838
G10_P1_M91_L001,Pre_P27,Pre,991073.0,991073.0,-0.0,0.01294
G10_P3_M91_L001,Pre_P27,Pre,993150.0,993150.0,0.0,0.00992
G10_P5_M91_L001,Pre_P27,Pre,996482.6,994586.0,1896.6,0.00783
G11_P1_M91_L001,Pre_P27,Pre,993019.1,993019.1,0.0,0.01011
G11_P3_M91_L001,Pre_P27,Pre,994554.4,993348.4,1206.0,0.00963
G11_P4_M91_L001,Pre_P27,Pre,987973.2,987973.2,-0.0,0.01746
G11_P5_M91_L001,Pre_P27,Pre,992853.8,992853.8,-0.0,0.01035
G12_P1_M91_L001,Pre_P27,Pre,990328.4,990328.4,-0.0,0.01402
G12_P3_M91_L001,Pre_P27,Pre,996261.5,996261.5,-0.0,0.0054
G12_P5_M91_L001,Pre_P27,Pre,994569.4,994569.4,0.0,0.00786
G1_P1_M91_L001,Pre_P27,Pre,995656.8,995656.8,0.0,0.00628
G1_P3_M91_L001,Pre_P27,Pre,995230.0,994065.7,1164.3,0.00859
G1_P4_M91_L001,Pre_P27,Pre,996684.6,993930.8,2753.8,0.00878
G2_P1_M91_L001,Pre_P27,Pre,993846.6,991182.4,2664.2,0.01278
G2_P3_M91_L001,Pre_P27,Pre,994887.0,994887.0,-0.0,0.0074
G2_P4_M91_L001,Pre_P27,Pre,993389.8,993389.8,0.0,0.00957
G2_P5_M91_L001,Pre_P27,Pre,991912.8,991883.3,29.5,0.01176
G3_P1_M91_L001,Pre_P27,Pre,993605.9,993605.9,0.0,0.00925
G3_P3_M91_L001,Pre_P27,Pre,996692.8,996692.8,-0.0,0.00478
G3_P4_M91_L001,Pre_P27,Pre,993214.7,993214.7,-0.0,0.00982
G3_P5_M91_L001,Pre_P27,Pre,984674.5,984674.5,-0.0,0.02228
G4_P1_M91_L001,Pre_P27,Pre,997251.1,997251.1,-0.0,0.00397
G4_P3_M91_L001,Pre_P27,Pre,992950.2,992950.2,-0.0,0.01021
G4_P4_M91_L001,Pre_P27,Pre,992069.8,992041.8,28.0,0.01153
G4_P5_M91_L001,Pre_P27,Pre,998318.6,998318.6,-0.0,0.00243
G5_P1_M91_L001,Pre_P27,Pre,991628.3,989325.1,2303.2,0.01548
G5_P3_M91_L001,Pre_P27,Pre,991628.6,991628.6,0.0,0.01213
G5_P4_M91_L001,Pre_P27,Pre,981444.7,981444.7,0.0,0.02702
G5_P5_M91_L001,Pre_P27,Pre,994881.0,992906.8,1974.2,0.01027
G6_P1_M91_L001,Pre_P27,Pre,994317.4,993248.7,1068.7,0.00977
G6_P3_M91_L001,Pre_P27,Pre,992460.0,992460.0,-0.0,0.01092
G6_P4_M91_L001,Pre_P27,Pre,993334.8,992565.1,769.7,0.01077
G6_P5_M91_L001,Pre_P27,Pre,996296.0,993400.7,2895.3,0.00955
G7_P1_M91_L001,Pre_P27,Pre,992289.5,992289.5,-0.0,0.01117
G7_P3_M91_L001,Pre_P27,Pre,992401.5,992401.5,-0.0,0.011
G7_P4_M91_L001,Pre_P27,Pre,994289.6,994289.6,-0.0,0.00826
G7_P5_M91_L001,Pre_P27,Pre,993874.6,993874.6,-0.0,0.00886
G8_P1_M91_L001,Pre_P27,Pre,995448.0,995448.0,-0.0,0.00658
G8_P3_M91_L001,Pre_P27,Pre,992653.9,992653.9,-0.0,0.01064
G8_P4_M91_L001,Pre_P27,Pre,994488.4,994488.4,-0.0,0.00797
G8_P5_M91_L001,Pre_P27,Pre,995409.0,995401.6,7.4,0.00665
G9_P3_M91_L001,Pre_P27,Pre,995885.6,992345.4,3540.2,0.01109
G9_P4_M91_L001,Pre_P27,Pre,992508.7,992508.7,0.0,0.01085
G9_P5_M91_L001,Pre_P27,Pre,994080.5,994080.5,0.0,0.00857
H10_P1_M91_L001,Pre_P27,Pre,996100.6,996100.6,-0.0,0.00564
H10_P3_M91_L001,Pre_P27,Pre,990975.0,989788.6,1186.4,0.01481
H10_P4_M91_L001,Pre_P27,Pre,993810.8,990464.4,3346.4,0.01382
H10_P5_M91_L001,Pre_P27,Pre,993787.0,993491.9,295.1,0.00942
H11_P1_M91_L001,Pre_P27,Pre,996796.3,996796.3,0.0,0.00463
H11_P3_M91_L001,Pre_P27,Pre,993892.2,993892.2,0.0,0.00884
H11_P4_M91_L001,Pre_P27,Pre,993380.7,993380.7,0.0,0.00958
H11_P5_M91_L001,Pre_P27,Pre,991028.7,991028.7,-0.0,0.013
H12_P1_M91_L001,Pre_P27,Pre,993273.2,993234.2,39.0,0.00979
H12_P4_M91_L001,Pre_P27,Pre,995064.3,995064.3,-0.0,0.00714
H12_P5_M91_L001,Pre_P27,Pre,993198.2,993198.2,0.0,0.00985
H1_P1_M91_L001,Pre_P27,Pre,996449.8,994359.7,2090.1,0.00816
H1_P3_M91_L001,Pre_P27,Pre,995298.6,995298.6,0.0,0.0068
H1_P5_M91_L001,Pre_P27,Pre,991646.8,988628.5,3018.3,0.0165
H2_P1_M91_L001,Pre_P27,Pre,997631.3,995230.3,2401.0,0.0069
H2_P3_M91_L001,Pre_P27,Pre,992764.5,992764.5,0.0,0.01048
H2_P4_M91_L001,Pre_P27,Pre,995061.2,995061.2,0.0,0.00714
H2_P5_M91_L001,Pre_P27,Pre,995470.4,993306.6,2163.8,0.00969
H3_P1_M91_L001,Pre_P27,Pre,994367.9,994367.9,0.0,0.00815
H3_P3_M91_L001,Pre_P27,Pre,992668.9,992668.9,-0.0,0.01062
H3_P4_M91_L001,Pre_P27,Pre,995118.9,994439.6,679.3,0.00804
H3_P5_M91_L001,Pre_P27,Pre,993842.6,993842.6,0.0,0.00891
H4_P1_M91_L001,Pre_P27,Pre,995977.8,995977.8,0.0,0.00581
H4_P3_M91_L001,Pre_P27,Pre,993624.9,993624.9,-0.0,0.00923
H4_P4_M91_L001,Pre_P27,Pre,993441.7,992236.3,1205.4,0.01124
H4_P5_M91_L001,Pre_P27,Pre,996858.8,996858.8,0.0,0.00454
H5_P1_M91_L001,Pre_P27,Pre,995682.2,995682.2,-0.0,0.00624
H5_P3_M91_L001,Pre_P27,Pre,992480.8,992480.8,0.0,0.01089
H5_P4_M91_L001,Pre_P27,Pre,995495.1,995495.1,0.0,0.00651
H5_P5_M91_L001,Pre_P27,Pre,993298.9,992077.7,1221.2,0.01147
H6_P1_M91_L001,Pre_P27,Pre,992490.4,992490.4,0.0,0.01087
H6_P3_M91_L001,Pre_P27,Pre,994720.7,994720.7,0.0,0.00764
H6_P4_M91_L001,Pre_P27,Pre,996802.5,996790.3,12.2,0.00464
H6_P5_M91_L001,Pre_P27,Pre,999250.8,999250.8,0.0,0.00108
H7_P1_M91_L001,Pre_P27,Pre,997718.6,997028.9,689.7,0.00429
H7_P3_M91_L001,Pre_P27,Pre,995120.4,994350.7,769.7,0.00817
H7_P4_M91_L001,Pre_P27,Pre,995085.2,995085.2,-0.0,0.00711
H7_P5_M91_L001,Pre_P27,Pre,992945.2,992945.2,-0.0,0.01021
H8_P1_M91_L001,Pre_P27,Pre,995730.4,995730.4,0.0,0.00617
H8_P3_M91_L001,Pre_P27,Pre,995749.7,995749.7,-0.0,0.00614
H8_P4_M91_L001,Pre_P27,Pre,991772.4,991772.4,-0.0,0.01192
H8_P5_M91_L001,Pre_P27,Pre,993455.6,991004.1,2451.5,0.01304
H9_P1_M91_L001,Pre_P27,Pre,993839.5,993358.8,480.7,0.00961
H9_P3_M91_L001,Pre_P27,Pre,996019.1,996011.4,7.7,0.00577
H9_P5_M91_L001,Pre_P27,Pre,994247.3,994022.3,225.0,0.00865
A10_P1_M81_L001,Pre_P28,Pre,994561.5,990202.9,4358.6,0.0142
A10_P2_M81_L001,Pre_P28,Pre,996393.5,996393.5,-0.0,0.00521
A10_P3_M81_L001,Pre_P28,Pre,995874.7,995874.7,-0.0,0.00596
A10_P4_M81_L001,Pre_P28,Pre,991077.2,991077.2,0.0,0.01293
A11_P1_M81_L001,Pre_P28,Pre,995499.9,995499.9,0.0,0.00651
A11_P2_M81_L001,Pre_P28,Pre,990916.9,990916.9,-0.0,0.01316
A11_P3_M81_L001,Pre_P28,Pre,999036.4,999036.4,0.0,0.00139
A12_P1_M81_L001,Pre_P28,Pre,994772.0,994470.4,301.6,0.008
A12_P2_M81_L001,Pre_P28,Pre,995007.6,994346.7,660.9,0.00818
A12_P3_M81_L001,Pre_P28,Pre,993838.0,993330.5,507.5,0.00965
A12_P4_M81_L001,Pre_P28,Pre,996204.8,996204.8,0.0,0.00549
A1_P1_M81_L001,Pre_P28,Pre,994937.1,993870.6,1066.5,0.00887
A1_P2_M81_L001,Pre_P28,Pre,994792.0,994792.0,0.0,0.00753
A1_P4_M81_L001,Pre_P28,Pre,989172.8,987244.7,1928.1,0.01852
A2_P2_M81_L001,Pre_P28,Pre,990728.3,990532.5,195.8,0.01372
A2_P3_M81_L001,Pre_P28,Pre,992684.6,992684.6,0.0,0.01059
A2_P4_M81_L001,Pre_P28,Pre,996241.0,996241.0,0.0,0.00543
A3_P1_M81_L001,Pre_P28,Pre,995036.0,995036.0,0.0,0.00718
A3_P3_M81_L001,Pre_P28,Pre,993951.8,993930.0,21.8,0.00878
A3_P4_M81_L001,Pre_P28,Pre,990041.7,989458.6,583.1,0.01529
A4_P1_M81_L001,Pre_P28,Pre,996094.5,996086.8,7.7,0.00566
A4_P2_M81_L001,Pre_P28,Pre,993888.5,993885.3,3.2,0.00885
A4_P3_M81_L001,Pre_P28,Pre,993669.2,992946.1,723.1,0.01021
A4_P4_M81_L001,Pre_P28,Pre,996549.6,996545.4,4.2,0.00499
A5_P2_M81_L001,Pre_P28,Pre,995103.0,995103.0,-0.0,0.00708
A5_P4_M81_L001,Pre_P28,Pre,992987.6,992987.6,-0.0,0.01015
A6_P1_M81_L001,Pre_P28,Pre,994127.7,992244.2,1883.5,0.01123
A6_P2_M81_L001,Pre_P28,Pre,991907.8,991907.8,0.0,0.01172
A6_P3_M81_L001,Pre_P28,Pre,993361.4,992638.4,723.0,0.01066
A6_P4_M81_L001,Pre_P28,Pre,996272.3,996272.3,0.0,0.00539
A7_P1_M81_L001,Pre_P28,Pre,989265.6,989265.6,0.0,0.01557
A7_P2_M81_L001,Pre_P28,Pre,996292.2,996292.2,-0.0,0.00536
A7_P3_M81_L001,Pre_P28,Pre,995006.7,994688.1,318.6,0.00768
A7_P4_M81_L001,Pre_P28,Pre,994934.9,994934.9,-0.0,0.00733
A8_P1_M81_L001,Pre_P28,Pre,995858.1,995858.1,-0.0,0.00599
A8_P2_M81_L001,Pre_P28,Pre,997098.6,997098.6,-0.0,0.00419
A8_P3_M81_L001,Pre_P28,Pre,996232.5,996232.5,-0.0,0.00545
A8_P4_M81_L001,Pre_P28,Pre,994898.8,994180.7,718.1,0.00842
A9_P1_M81_L001,Pre_P28,Pre,996912.9,996912.9,-0.0,0.00446
A9_P2_M81_L001,Pre_P28,Pre,993687.6,992912.6,775.0,0.01026
A9_P3_M81_L001,Pre_P28,Pre,994200.1,994200.1,-0.0,0.00839
A9_P4_M81_L001,Pre_P28,Pre,994434.6,994434.6,-0.0,0.00805
B10_P1_M81_L001,Pre_P28,Pre,995425.9,995425.9,0.0,0.00661
B10_P2_M81_L001,Pre_P28,Pre,992546.7,992403.7,143.0,0.011
B10_P3_M81_L001,Pre_P28,Pre,997489.7,997489.7,0.0,0.00363
B10_P4_M81_L001,Pre_P28,Pre,993808.0,992685.2,1122.8,0.01059
B11_P1_M81_L001,Pre_P28,Pre,995366.0,995366.0,-0.0,0.0067
B11_P2_M81_L001,Pre_P28,Pre,997276.6,997276.6,-0.0,0.00393
B11_P3_M81_L001,Pre_P28,Pre,995211.7,995211.7,-0.0,0.00692
B11_P4_M81_L001,Pre_P28,Pre,994892.0,994892.0,-0.0,0.00739
B12_P1_M81_L001,Pre_P28,Pre,996251.1,996251.1,-0.0,0.00542
B12_P2_M81_L001,Pre_P28,Pre,994267.3,994267.3,0.0,0.00829
B12_P3_M81_L001,Pre_P28,Pre,994724.7,993112.0,1612.7,0.00997
B12_P4_M81_L001,Pre_P28,Pre,996722.3,996722.3,0.0,0.00474
B1_P1_M81_L001,Pre_P28,Pre,994427.2,994417.8,9.4,0.00808
B1_P3_M81_L001,Pre_P28,Pre,995874.3,995823.0,51.3,0.00604
B1_P4_M81_L001,Pre_P28,Pre,996895.7,996895.7,0.0,0.00449
B2_P1_M81_L001,Pre_P28,Pre,987501.4,987501.4,-0.0,0.01815
B2_P2_M81_L001,Pre_P28,Pre,997342.3,997342.3,0.0,0.00384
B2_P4_M81_L001,Pre_P28,Pre,994561.6,994561.6,-0.0,0.00787
B3_P2_M81_L001,Pre_P28,Pre,994821.1,994821.1,0.0,0.00749
B3_P4_M81_L001,Pre_P28,Pre,995015.4,993815.4,1200.0,0.00895
B4_P1_M81_L001,Pre_P28,Pre,995971.5,995935.2,36.3,0.00588
B5_P2_M81_L001,Pre_P28,Pre,990338.5,990338.5,-0.0,0.01401
B5_P4_M81_L001,Pre_P28,Pre,994702.1,994702.1,0.0,0.00766
B6_P1_M81_L001,Pre_P28,Pre,994282.7,994266.0,16.7,0.0083
B6_P3_M81_L001,Pre_P28,Pre,992356.3,992352.7,3.6,0.01108
B7_P1_M81_L001,Pre_P28,Pre,996812.4,996800.6,11.8,0.00462
B7_P2_M81_L001,Pre_P28,Pre,991333.2,989803.5,1529.7,0.01479
B7_P3_M81_L001,Pre_P28,Pre,995807.2,995807.2,0.0,0.00606
B7_P4_M81_L001,Pre_P28,Pre,993094.5,991554.2,1540.3,0.01224
B8_P1_M81_L001,Pre_P28,Pre,993722.1,993722.1,0.0,0.00909
B8_P2_M81_L001,Pre_P28,Pre,993198.2,993198.2,0.0,0.00985
B8_P4_M81_L001,Pre_P28,Pre,996831.6,996755.4,76.2,0.00469
B9_P1_M81_L001,Pre_P28,Pre,999379.4,999379.4,-0.0,0.0009
B9_P2_M81_L001,Pre_P28,Pre,995775.3,995775.3,-0.0,0.00611
B9_P3_M81_L001,Pre_P28,Pre,994324.3,994324.3,-0.0,0.00821
C10_P1_M81_L001,Pre_P28,Pre,995606.5,995019.4,587.1,0.0072
C10_P2_M81_L001,Pre_P28,Pre,992512.1,992512.1,-0.0,0.01084
C10_P3_M81_L001,Pre_P28,Pre,995834.8,995834.8,-0.0,0.00602
C10_P4_M81_L001,Pre_P28,Pre,996108.5,994301.8,1806.7,0.00824
C11_P1_M81_L001,Pre_P28,Pre,995814.7,995814.7,0.0,0.00605
C11_P2_M81_L001,Pre_P28,Pre,984623.6,983885.3,738.3,0.02344
C11_P3_M81_L001,Pre_P28,Pre,993759.8,993759.8,0.0,0.00903
C11_P4_M81_L001,Pre_P28,Pre,994297.9,994297.9,-0.0,0.00825
C12_P1_M81_L001,Pre_P28,Pre,994516.5,994294.7,221.8,0.00825
C12_P2_M81_L001,Pre_P28,Pre,993539.9,993539.9,0.0,0.00935
C12_P3_M81_L001,Pre_P28,Pre,995057.9,994513.5,544.4,0.00794
C12_P4_M81_L001,Pre_P28,Pre,995333.7,995333.7,0.0,0.00675
C1_P1_M81_L001,Pre_P28,Pre,992601.9,992601.9,-0.0,0.01071
C1_P2_M81_L001,Pre_P28,Pre,996292.5,996292.5,0.0,0.00536
C1_P3_M81_L001,Pre_P28,Pre,990929.8,990929.8,0.0,0.01315
C1_P4_M81_L001,Pre_P28,Pre,995545.5,995545.5,0.0,0.00644
C2_P1_M81_L001,Pre_P28,Pre,992403.3,992403.3,0.0,0.011
C2_P2_M81_L001,Pre_P28,Pre,991961.5,991961.5,-0.0,0.01164
C2_P3_M81_L001,Pre_P28,Pre,991990.2,991990.2,-0.0,0.0116
C2_P4_M81_L001,Pre_P28,Pre,994728.9,994728.9,-0.0,0.00762
C3_P1_M81_L001,Pre_P28,Pre,995204.3,995155.1,49.2,0.00701
C3_P2_M81_L001,Pre_P28,Pre,997028.9,997028.9,0.0,0.00429
C3_P3_M81_L001,Pre_P28,Pre,986800.7,986800.7,-0.0,0.01917
C3_P4_M81_L001,Pre_P28,Pre,990143.9,990143.9,0.0,0.01429
C4_P1_M81_L001,Pre_P28,Pre,993589.2,993589.2,-0.0,0.00928
C4_P2_M81_L001,Pre_P28,Pre,996132.7,996088.5,44.2,0.00565
C4_P3_M81_L001,Pre_P28,Pre,993543.7,993543.7,0.0,0.00934
C4_P4_M81_L001,Pre_P28,Pre,994050.5,994050.5,0.0,0.00861
C5_P1_M81_L001,Pre_P28,Pre,996361.2,996205.7,155.5,0.00548
C5_P2_M81_L001,Pre_P28,Pre,994271.8,994235.5,36.3,0.00834
C5_P3_M81_L001,Pre_P28,Pre,994785.1,994785.1,0.0,0.00754
C5_P4_M81_L001,Pre_P28,Pre,992387.8,992387.8,-0.0,0.01102
C6_P1_M81_L001,Pre_P28,Pre,998475.6,998148.0,327.6,0.00267
C6_P3_M81_L001,Pre_P28,Pre,989934.8,989934.8,-0.0,0.01459
C7_P1_M81_L001,Pre_P28,Pre,996817.0,996817.0,-0.0,0.0046
C7_P2_M81_L001,Pre_P28,Pre,995828.4,995822.9,5.5,0.00604
C7_P4_M81_L001,Pre_P28,Pre,997640.2,996775.3,864.9,0.00466
C8_P1_M81_L001,Pre_P28,Pre,995668.4,995649.3,19.1,0.00629
C8_P2_M81_L001,Pre_P28,Pre,995409.6,995386.8,22.8,0.00667
C8_P3_M81_L001,Pre_P28,Pre,995530.1,995530.1,0.0,0.00646
C9_P1_M81_L001,Pre_P28,Pre,988415.5,988415.5,-0.0,0.01681
C9_P2_M81_L001,Pre_P28,Pre,993399.6,993399.6,0.0,0.00955
C9_P3_M81_L001,Pre_P28,Pre,995430.5,995430.5,-0.0,0.00661
C9_P4_M81_L001,Pre_P28,Pre,992027.2,992027.2,-0.0,0.01155
D10_P1_M81_L001,Pre_P28,Pre,995807.0,995807.0,-0.0,0.00606
D10_P2_M81_L001,Pre_P28,Pre,994041.1,994041.1,0.0,0.00862
D10_P3_M81_L001,Pre_P28,Pre,996953.2,996953.2,0.0,0.0044
D10_P4_M81_L001,Pre_P28,Pre,993153.9,993153.9,0.0,0.00991
D11_P1_M81_L001,Pre_P28,Pre,997322.2,997322.2,0.0,0.00387
D11_P2_M81_L001,Pre_P28,Pre,994531.4,994531.4,0.0,0.00791
D11_P3_M81_L001,Pre_P28,Pre,991755.7,991755.7,0.0,0.01194
D11_P4_M81_L001,Pre_P28,Pre,995698.5,994774.9,923.6,0.00756
D12_P1_M81_L001,Pre_P28,Pre,996658.2,996634.4,23.8,0.00486
D12_P2_M81_L001,Pre_P28,Pre,993715.7,993715.7,-0.0,0.00909
D12_P3_M81_L001,Pre_P28,Pre,996831.4,996831.4,-0.0,0.00458
D12_P4_M81_L001,Pre_P28,Pre,994408.0,994408.0,0.0,0.00809
D1_P1_M81_L001,Pre_P28,Pre,997000.0,996987.2,12.8,0.00435
D1_P3_M81_L001,Pre_P28,Pre,994592.8,994592.8,0.0,0.00782
D1_P4_M81_L001,Pre_P28,Pre,994297.1,994297.1,-0.0,0.00825
D2_P1_M81_L001,Pre_P28,Pre,994715.7,994715.7,0.0,0.00764
D2_P2_M81_L001,Pre_P28,Pre,993707.7,993707.7,0.0,0.00911
D2_P4_M81_L001,Pre_P28,Pre,995395.3,995395.3,0.0,0.00666
D3_P1_M81_L001,Pre_P28,Pre,995544.7,995544.7,0.0,0.00644
D3_P3_M81_L001,Pre_P28,Pre,994822.1,994822.1,0.0,0.00749
D4_P1_M81_L001,Pre_P28,Pre,992692.6,992692.6,0.0,0.01058
D4_P2_M81_L001,Pre_P28,Pre,995810.9,995810.9,0.0,0.00606
D4_P4_M81_L001,Pre_P28,Pre,993290.8,993290.8,-0.0,0.00971
D5_P1_M81_L001,Pre_P28,Pre,995546.9,995508.5,38.4,0.00649
D5_P2_M81_L001,Pre_P28,Pre,996843.3,996256.1,587.2,0.00541
D5_P3_M81_L001,Pre_P28,Pre,991335.2,991335.2,-0.0,0.01256
D5_P4_M81_L001,Pre_P28,Pre,994351.6,994351.6,-0.0,0.00817
D6_P2_M81_L001,Pre_P28,Pre,995262.1,995262.1,-0.0,0.00685
D6_P3_M81_L001,Pre_P28,Pre,995049.1,995049.1,-0.0,0.00716
D7_P1_M81_L001,Pre_P28,Pre,995444.7,994438.9,1005.8,0.00805
D7_P2_M81_L001,Pre_P28,Pre,997496.1,997496.1,-0.0,0.00362
D7_P3_M81_L001,Pre_P28,Pre,992113.1,991913.2,199.9,0.01171
D7_P4_M81_L001,Pre_P28,Pre,994869.9,994425.2,444.7,0.00807
D8_P2_M81_L001,Pre_P28,Pre,993316.1,993316.1,-0.0,0.00968
D8_P3_M81_L001,Pre_P28,Pre,990570.8,990529.9,40.9,0.01373
D8_P4_M81_L001,Pre_P28,Pre,993506.5,993506.5,0.0,0.0094
D9_P2_M81_L001,Pre_P28,Pre,996907.0,996900.3,6.7,0.00448
D9_P3_M81_L001,Pre_P28,Pre,999160.6,999108.1,52.5,0.00129
D9_P4_M81_L001,Pre_P28,Pre,996666.4,996666.4,0.0,0.00482
E10_P1_M81_L001,Pre_P28,Pre,996018.6,996018.6,0.0,0.00576
E10_P2_M81_L001,Pre_P28,Pre,996590.6,996590.6,0.0,0.00493
E10_P3_M81_L001,Pre_P28,Pre,990343.7,990343.7,0.0,0.014
E10_P4_M81_L001,Pre_P28,Pre,997274.7,997274.7,-0.0,0.00394
E11_P1_M81_L001,Pre_P28,Pre,997519.5,997022.5,497.0,0.0043
E11_P2_M81_L001,Pre_P28,Pre,994028.3,994028.3,-0.0,0.00864
E11_P3_M81_L001,Pre_P28,Pre,993087.0,993087.0,-0.0,0.01001
E11_P4_M81_L001,Pre_P28,Pre,994193.3,994193.3,-0.0,0.0084
E12_P1_M81_L001,Pre_P28,Pre,990881.1,990881.1,-0.0,0.01322
E12_P3_M81_L001,Pre_P28,Pre,991849.2,991849.2,-0.0,0.01181
E12_P4_M81_L001,Pre_P28,Pre,994961.6,994872.7,88.9,0.00742
E1_P1_M81_L001,Pre_P28,Pre,995847.2,995847.2,0.0,0.006
E1_P2_M81_L001,Pre_P28,Pre,996287.4,996287.4,-0.0,0.00537
E1_P3_M81_L001,Pre_P28,Pre,995246.4,995246.4,-0.0,0.00687
E1_P4_M81_L001,Pre_P28,Pre,996785.3,996727.2,58.1,0.00473
E2_P1_M81_L001,Pre_P28,Pre,995548.5,995548.5,-0.0,0.00644
E2_P2_M81_L001,Pre_P28,Pre,994583.0,994583.0,-0.0,0.00784
E2_P3_M81_L001,Pre_P28,Pre,995604.0,995604.0,-0.0,0.00636
E3_P1_M81_L001,Pre_P28,Pre,995306.3,995306.3,-0.0,0.00679
E3_P2_M81_L001,Pre_P28,Pre,996799.6,996799.6,0.0,0.00462
E3_P4_M81_L001,Pre_P28,Pre,995494.5,995494.5,0.0,0.00651
E4_P2_M81_L001,Pre_P28,Pre,995385.1,995385.1,-0.0,0.00667
E4_P3_M81_L001,Pre_P28,Pre,995175.7,994840.1,335.6,0.00746
E4_P4_M81_L001,Pre_P28,Pre,991955.9,991650.3,305.6,0.0121
E5_P1_M81_L001,Pre_P28,Pre,994960.2,994923.9,36.3,0.00734
E5_P2_M81_L001,Pre_P28,Pre,994792.9,994792.9,0.0,0.00753
E5_P3_M81_L001,Pre_P28,Pre,993637.9,993637.9,-0.0,0.00921
E5_P4_M81_L001,Pre_P28,Pre,996210.0,990561.8,5648.2,0.01368
E6_P1_M81_L001,Pre_P28,Pre,992758.5,992328.1,430.4,0.01111
E6_P2_M81_L001,Pre_P28,Pre,994932.5,994932.5,0.0,0.00733
E6_P3_M81_L001,Pre_P28,Pre,994798.0,994686.8,111.2,0.00769
E6_P4_M81_L001,Pre_P28,Pre,993858.2,993658.3,199.9,0.00918
E7_P1_M81_L001,Pre_P28,Pre,995556.9,995556.9,0.0,0.00642
E7_P2_M81_L001,Pre_P28,Pre,996750.8,996280.7,470.1,0.00538
E7_P4_M81_L001,Pre_P28,Pre,995813.2,995813.2,0.0,0.00605
E8_P1_M81_L001,Pre_P28,Pre,994631.5,992391.4,2240.1,0.01102
E8_P2_M81_L001,Pre_P28,Pre,994478.4,994478.4,-0.0,0.00799
E8_P3_M81_L001,Pre_P28,Pre,994799.2,994799.2,0.0,0.00752
E8_P4_M81_L001,Pre_P28,Pre,995617.9,994757.8,860.1,0.00758
E9_P1_M81_L001,Pre_P28,Pre,994762.9,994762.9,0.0,0.00758
E9_P2_M81_L001,Pre_P28,Pre,992978.6,992978.6,0.0,0.01017
E9_P3_M81_L001,Pre_P28,Pre,994367.4,991932.9,2434.5,0.01169
E9_P4_M81_L001,Pre_P28,Pre,992641.5,992629.0,12.5,0.01067
F10_P1_M81_L001,Pre_P28,Pre,994824.4,994824.4,-0.0,0.00749
F10_P2_M81_L001,Pre_P28,Pre,992919.5,992919.5,-0.0,0.01025
F10_P3_M81_L001,Pre_P28,Pre,995187.5,994846.0,341.5,0.00745
F10_P4_M81_L001,Pre_P28,Pre,996871.8,996871.8,-0.0,0.00452
F11_P1_M81_L001,Pre_P28,Pre,996109.6,996109.6,0.0,0.00562
F11_P2_M81_L001,Pre_P28,Pre,994797.3,994797.3,-0.0,0.00753
F11_P3_M81_L001,Pre_P28,Pre,995361.0,993651.8,1709.2,0.00919
F11_P4_M81_L001,Pre_P28,Pre,995863.6,995858.9,4.7,0.00599
F12_P2_M81_L001,Pre_P28,Pre,992438.0,992438.0,-0.0,0.01095
F12_P3_M81_L001,Pre_P28,Pre,996448.2,994443.4,2004.8,0.00804
F12_P4_M81_L001,Pre_P28,Pre,994357.2,994357.2,0.0,0.00816
F1_P1_M81_L001,Pre_P28,Pre,998056.1,997844.8,211.3,0.00311
F1_P3_M81_L001,Pre_P28,Pre,992549.8,992310.3,239.5,0.01114
F1_P4_M81_L001,Pre_P28,Pre,997063.0,997063.0,0.0,0.00424
F2_P1_M81_L001,Pre_P28,Pre,991473.5,991473.5,0.0,0.01235
F2_P2_M81_L001,Pre_P28,Pre,993537.7,993537.7,0.0,0.00935
F2_P3_M81_L001,Pre_P28,Pre,994828.7,994828.7,0.0,0.00748
F2_P4_M81_L001,Pre_P28,Pre,990308.1,990187.1,121.0,0.01423
F3_P1_M81_L001,Pre_P28,Pre,995602.9,994609.6,993.3,0.0078
F3_P2_M81_L001,Pre_P28,Pre,995898.2,995437.8,460.4,0.0066
F3_P3_M81_L001,Pre_P28,Pre,992111.4,992111.4,-0.0,0.01143
F3_P4_M81_L001,Pre_P28,Pre,994066.8,994066.8,-0.0,0.00859
F4_P1_M81_L001,Pre_P28,Pre,996525.1,995921.4,603.7,0.0059
F4_P2_M81_L001,Pre_P28,Pre,993218.0,993218.0,-0.0,0.00982
F4_P3_M81_L001,Pre_P28,Pre,995445.0,995445.0,-0.0,0.00659
F4_P4_M81_L001,Pre_P28,Pre,991179.1,991179.1,0.0,0.01278
F5_P1_M81_L001,Pre_P28,Pre,992464.8,992464.8,-0.0,0.01091
F5_P2_M81_L001,Pre_P28,Pre,994263.5,994263.5,0.0,0.0083
F5_P3_M81_L001,Pre_P28,Pre,994580.6,994580.6,-0.0,0.00784
F5_P4_M81_L001,Pre_P28,Pre,992710.2,992710.2,-0.0,0.01056
F6_P1_M81_L001,Pre_P28,Pre,994770.3,994770.3,-0.0,0.00756
F6_P2_M81_L001,Pre_P28,Pre,995064.2,995064.2,-0.0,0.00714
F6_P3_M81_L001,Pre_P28,Pre,993922.8,993922.8,0.0,0.00879
F6_P4_M81_L001,Pre_P28,Pre,996056.7,996056.7,0.0,0.0057
F7_P1_M81_L001,Pre_P28,Pre,993529.1,993529.1,-0.0,0.00937
F7_P2_M81_L001,Pre_P28,Pre,994230.8,990887.0,3343.8,0.01321
F7_P3_M81_L001,Pre_P28,Pre,992961.0,992961.0,-0.0,0.01019
F7_P4_M81_L001,Pre_P28,Pre,996293.1,996293.1,0.0,0.00536
F8_P1_M81_L001,Pre_P28,Pre,993393.0,993373.0,20.0,0.00959
F8_P2_M81_L001,Pre_P28,Pre,995095.7,995095.7,-0.0,0.00709
F8_P3_M81_L001,Pre_P28,Pre,996532.3,996532.3,0.0,0.00501
F8_P4_M81_L001,Pre_P28,Pre,995286.0,995286.0,-0.0,0.00682
F9_P1_M81_L001,Pre_P28,Pre,993913.3,993913.3,-0.0,0.00881
F9_P2_M81_L001,Pre_P28,Pre,995139.2,995124.6,14.6,0.00705
F9_P3_M81_L001,Pre_P28,Pre,997886.4,997886.4,0.0,0.00305
F9_P4_M81_L001,Pre_P28,Pre,996889.3,996889.3,-0.0,0.00449
G10_P1_M81_L001,Pre_P28,Pre,992920.1,992885.3,34.8,0.0103
G10_P2_M81_L001,Pre_P28,Pre,993937.1,987788.7,6148.4,0.01773
G10_P3_M81_L001,Pre_P28,Pre,992481.6,989995.9,2485.7,0.01451
G10_P4_M81_L001,Pre_P28,Pre,993151.2,993151.2,0.0,0.00991
G11_P1_M81_L001,Pre_P28,Pre,993117.8,993117.8,0.0,0.00996
G11_P2_M81_L001,Pre_P28,Pre,994230.4,994230.4,-0.0,0.00835
G11_P3_M81_L001,Pre_P28,Pre,993294.5,993230.1,64.4,0.0098
G11_P4_M81_L001,Pre_P28,Pre,993286.4,993272.9,13.5,0.00974
G12_P1_M81_L001,Pre_P28,Pre,995256.1,995256.1,0.0,0.00686
G12_P2_M81_L001,Pre_P28,Pre,997311.2,997311.2,-0.0,0.00388
G12_P3_M81_L001,Pre_P28,Pre,997555.6,997555.6,-0.0,0.00353
G12_P4_M81_L001,Pre_P28,Pre,995310.9,995310.9,0.0,0.00678
G1_P1_M81_L001,Pre_P28,Pre,992523.5,992271.4,252.1,0.01119
G1_P2_M81_L001,Pre_P28,Pre,992829.0,992829.0,-0.0,0.01038
G1_P3_M81_L001,Pre_P28,Pre,994967.1,994967.1,0.0,0.00728
G1_P4_M81_L001,Pre_P28,Pre,990689.2,989855.6,833.6,0.01471
G2_P1_M81_L001,Pre_P28,Pre,989518.6,989518.6,-0.0,0.0152
G2_P2_M81_L001,Pre_P28,Pre,991569.4,991569.4,0.0,0.01221
G2_P3_M81_L001,Pre_P28,Pre,995597.4,995525.9,71.5,0.00647
G2_P4_M81_L001,Pre_P28,Pre,995888.6,995888.6,-0.0,0.00594
G3_P2_M81_L001,Pre_P28,Pre,992571.5,992571.5,0.0,0.01076
G3_P3_M81_L001,Pre_P28,Pre,995747.7,995747.7,0.0,0.00615
G3_P4_M81_L001,Pre_P28,Pre,995121.4,995121.4,0.0,0.00706
G4_P1_M81_L001,Pre_P28,Pre,990025.1,989932.4,92.7,0.0146
G4_P2_M81_L001,Pre_P28,Pre,994497.1,994497.1,0.0,0.00796
G4_P3_M81_L001,Pre_P28,Pre,994559.2,994559.2,0.0,0.00787
G4_P4_M81_L001,Pre_P28,Pre,994793.1,994793.1,0.0,0.00753
G5_P1_M81_L001,Pre_P28,Pre,993252.9,992456.1,796.8,0.01092
G5_P2_M81_L001,Pre_P28,Pre,997618.1,997618.1,0.0,0.00344
G5_P3_M81_L001,Pre_P28,Pre,992970.2,992949.3,20.9,0.01021
G5_P4_M81_L001,Pre_P28,Pre,996795.2,996795.2,0.0,0.00463
G6_P1_M81_L001,Pre_P28,Pre,994093.5,994093.5,-0.0,0.00855
G6_P2_M81_L001,Pre_P28,Pre,989136.9,989129.4,7.5,0.01577
G6_P3_M81_L001,Pre_P28,Pre,993762.6,993762.6,0.0,0.00903
G6_P4_M81_L001,Pre_P28,Pre,994460.0,994460.0,-0.0,0.00801
G7_P1_M81_L001,Pre_P28,Pre,997344.0,997344.0,-0.0,0.00384
G7_P2_M81_L001,Pre_P28,Pre,997838.6,997838.6,-0.0,0.00312
G7_P3_M81_L001,Pre_P28,Pre,993531.7,993531.7,0.0,0.00936
G7_P4_M81_L001,Pre_P28,Pre,996449.7,996449.7,0.0,0.00513
G8_P1_M81_L001,Pre_P28,Pre,995090.8,995090.8,-0.0,0.0071
G8_P2_M81_L001,Pre_P28,Pre,996250.4,996081.3,169.1,0.00566
G8_P3_M81_L001,Pre_P28,Pre,989215.8,989215.8,0.0,0.01564
G8_P4_M81_L001,Pre_P28,Pre,993818.7,993818.7,0.0,0.00895
G9_P1_M81_L001,Pre_P28,Pre,992802.1,992802.1,-0.0,0.01042
G9_P2_M81_L001,Pre_P28,Pre,996181.6,996181.6,0.0,0.00552
G9_P4_M81_L001,Pre_P28,Pre,997470.1,997470.1,0.0,0.00365
H10_P1_M81_L001,Pre_P28,Pre,995924.2,995924.2,0.0,0.00589
H10_P2_M81_L001,Pre_P28,Pre,992411.6,992307.9,103.7,0.01114
H10_P3_M81_L001,Pre_P28,Pre,997082.9,997082.9,0.0,0.00421
H11_P1_M81_L001,Pre_P28,Pre,995700.6,995700.6,0.0,0.00622
H11_P2_M81_L001,Pre_P28,Pre,989071.4,989071.4,0.0,0.01585
H11_P3_M81_L001,Pre_P28,Pre,993790.6,993790.6,-0.0,0.00899
H11_P4_M81_L001,Pre_P28,Pre,996708.8,996453.8,255.0,0.00513
H12_P1_M81_L001,Pre_P28,Pre,995122.1,995122.1,-0.0,0.00705
H12_P2_M81_L001,Pre_P28,Pre,994643.3,994643.3,0.0,0.00775
H12_P3_M81_L001,Pre_P28,Pre,995176.4,995176.4,-0.0,0.00698
H12_P4_M81_L001,Pre_P28,Pre,996030.8,995984.0,46.8,0.00581
H1_P2_M81_L001,Pre_P28,Pre,993004.7,993004.7,0.0,0.01013
H1_P3_M81_L001,Pre_P28,Pre,996284.3,995894.4,389.9,0.00594
H1_P4_M81_L001,Pre_P28,Pre,992748.7,992748.7,-0.0,0.0105
H2_P1_M81_L001,Pre_P28,Pre,994129.8,994129.8,-0.0,0.00849
H2_P3_M81_L001,Pre_P28,Pre,993449.3,993449.3,-0.0,0.00948
H2_P4_M81_L001,Pre_P28,Pre,996326.2,996326.2,-0.0,0.00531
H3_P1_M81_L001,Pre_P28,Pre,993716.2,993716.2,0.0,0.00909
H3_P2_M81_L001,Pre_P28,Pre,995256.9,995256.9,-0.0,0.00686
H3_P4_M81_L001,Pre_P28,Pre,998016.0,998016.0,0.0,0.00287
H4_P1_M81_L001,Pre_P28,Pre,995802.1,995802.1,-0.0,0.00607
H4_P2_M81_L001,Pre_P28,Pre,991773.2,991773.2,-0.0,0.01192
H4_P3_M81_L001,Pre_P28,Pre,994776.4,994770.9,5.5,0.00756
H4_P4_M81_L001,Pre_P28,Pre,997073.7,996741.5,332.2,0.00471
H5_P1_M81_L001,Pre_P28,Pre,991675.7,991609.1,66.6,0.01216
H5_P2_M81_L001,Pre_P28,Pre,995440.4,995440.4,-0.0,0.00659
H5_P3_M81_L001,Pre_P28,Pre,996387.8,996387.8,0.0,0.00522
H5_P4_M81_L001,Pre_P28,Pre,992885.4,992885.4,0.0,0.0103
H6_P1_M81_L001,Pre_P28,Pre,991266.3,991266.3,-0.0,0.01266
H6_P2_M81_L001,Pre_P28,Pre,995407.5,995407.5,0.0,0.00664
H6_P3_M81_L001,Pre_P28,Pre,995963.9,995868.5,95.4,0.00597
H6_P4_M81_L001,Pre_P28,Pre,996332.5,996332.5,-0.0,0.0053
H7_P1_M81_L001,Pre_P28,Pre,996455.0,996455.0,-0.0,0.00512
H7_P2_M81_L001,Pre_P28,Pre,993213.2,993057.7,155.5,0.01005
H7_P3_M81_L001,Pre_P28,Pre,996113.8,996113.8,-0.0,0.00562
H7_P4_M81_L001,Pre_P28,Pre,992631.6,991204.4,1427.2,0.01275
H8_P2_M81_L001,Pre_P28,Pre,996721.8,996721.8,-0.0,0.00474
H8_P3_M81_L001,Pre_P28,Pre,995167.3,995167.3,-0.0,0.00699
H8_P4_M81_L001,Pre_P28,Pre,996360.1,996360.1,0.0,0.00526
H9_P1_M81_L001,Pre_P28,Pre,994877.1,994877.1,0.0,0.00741
H9_P3_M81_L001,Pre_P28,Pre,997869.9,997869.9,-0.0,0.00308
H9_P4_M81_L001,Pre_P28,Pre,995045.0,995045.0,0.0,0.00717
A10_P10_M86_L001,Post_P28,Post,996784.4,996784.4,-0.0,0.00465
A10_P6_M86_L001,Post_P28,Post,996570.5,996459.3,111.2,0.00512
A10_P8_M86_L001,Post_P28,Post,992868.4,992860.8,7.6,0.01034
A10_P9_M86_L001,Post_P28,Post,995860.9,995860.9,-0.0,0.00598
A11_P10_M86_L001,Post_P28,Post,996111.5,996111.5,0.0,0.00562
A11_P6_M86_L001,Post_P28,Post,996640.0,996636.2,3.8,0.00486
A11_P8_M86_L001,Post_P28,Post,996215.0,996186.3,28.7,0.00551
A11_P9_M86_L001,Post_P28,Post,996326.5,996326.5,0.0,0.00531
A12_P10_M86_L001,Post_P28,Post,997745.8,997687.5,58.3,0.00334
A12_P6_M86_L001,Post_P28,Post,996081.8,996081.8,0.0,0.00566
A12_P8_M86_L001,Post_P28,Post,997336.2,997293.5,42.7,0.00391
A12_P9_M86_L001,Post_P28,Post,995530.8,995530.8,0.0,0.00646
A2_P10_M86_L001,Post_P28,Post,996498.0,996498.0,0.0,0.00506
A2_P6_M86_L001,Post_P28,Post,995489.4,995489.4,0.0,0.00652
A2_P8_M86_L001,Post_P28,Post,995760.1,994601.0,1159.1,0.00781
A2_P9_M86_L001,Post_P28,Post,996713.2,996713.2,0.0,0.00475
A3_P10_M86_L001,Post_P28,Post,997066.6,997056.0,10.6,0.00425
A3_P6_M86_L001,Post_P28,Post,997593.1,997593.1,-0.0,0.00348
A3_P8_M86_L001,Post_P28,Post,995720.0,995720.0,-0.0,0.00619
A3_P9_M86_L001,Post_P28,Post,996353.5,996348.7,4.8,0.00528
A4_P10_M86_L001,Post_P28,Post,994660.7,994650.6,10.1,0.00774
A4_P6_M86_L001,Post_P28,Post,996441.4,996441.4,0.0,0.00514
A4_P8_M86_L001,Post_P28,Post,996270.1,996270.1,-0.0,0.00539
A4_P9_M86_L001,Post_P28,Post,995693.8,995693.8,-0.0,0.00623
A5_P10_M86_L001,Post_P28,Post,995744.3,995744.3,0.0,0.00615
A5_P6_M86_L001,Post_P28,Post,995721.1,995721.1,-0.0,0.00619
A5_P8_M86_L001,Post_P28,Post,996401.4,996401.4,0.0,0.0052
A5_P9_M86_L001,Post_P28,Post,991774.9,991774.9,-0.0,0.01192
A6_P10_M86_L001,Post_P28,Post,996443.5,996443.5,-0.0,0.00514
A6_P6_M86_L001,Post_P28,Post,996494.3,996494.3,-0.0,0.00507
A6_P8_M86_L001,Post_P28,Post,996752.0,996752.0,-0.0,0.00469
A6_P9_M86_L001,Post_P28,Post,997045.6,997037.3,8.3,0.00428
A7_P10_M86_L001,Post_P28,Post,996744.7,996730.5,14.2,0.00472
A7_P6_M86_L001,Post_P28,Post,997148.5,997121.2,27.3,0.00416
A7_P9_M86_L001,Post_P28,Post,993900.3,993896.4,3.9,0.00883
A8_P10_M86_L001,Post_P28,Post,997571.8,997571.8,0.0,0.00351
A8_P6_M86_L001,Post_P28,Post,996556.8,996556.8,0.0,0.00498
A8_P8_M86_L001,Post_P28,Post,995932.7,995932.7,0.0,0.00588
A8_P9_M86_L001,Post_P28,Post,995878.5,995858.6,19.9,0.00599
A9_P10_M86_L001,Post_P28,Post,995667.4,995667.4,-0.0,0.00626
A9_P6_M86_L001,Post_P28,Post,994898.8,994898.8,-0.0,0.00738
A9_P8_M86_L001,Post_P28,Post,995669.0,994400.5,1268.5,0.0081
A9_P9_M86_L001,Post_P28,Post,995935.0,995646.0,289.0,0.0063
B10_P10_M86_L001,Post_P28,Post,996625.9,996585.6,40.3,0.00493
B10_P6_M86_L001,Post_P28,Post,994982.1,994982.1,-0.0,0.00726
B10_P8_M86_L001,Post_P28,Post,994793.7,994760.7,33.0,0.00758
B10_P9_M86_L001,Post_P28,Post,992155.0,992155.0,-0.0,0.01136
B11_P10_M86_L001,Post_P28,Post,996900.9,996900.9,-0.0,0.00448
B11_P6_M86_L001,Post_P28,Post,996947.4,996947.4,0.0,0.00441
B11_P8_M86_L001,Post_P28,Post,996105.4,996105.4,-0.0,0.00563
B11_P9_M86_L001,Post_P28,Post,997058.4,997058.4,-0.0,0.00425
B12_P10_M86_L001,Post_P28,Post,996548.0,996548.0,0.0,0.00499
B12_P6_M86_L001,Post_P28,Post,997683.5,997683.5,0.0,0.00335
B12_P8_M86_L001,Post_P28,Post,995671.5,995671.5,-0.0,0.00626
B12_P9_M86_L001,Post_P28,Post,996745.1,996745.1,-0.0,0.0047
B1_P10_M86_L001,Post_P28,Post,995501.6,995501.6,-0.0,0.0065
B1_P6_M86_L001,Post_P28,Post,996754.7,996754.7,0.0,0.00469
B1_P8_M86_L001,Post_P28,Post,995860.9,995812.0,48.9,0.00605
B1_P9_M86_L001,Post_P28,Post,996150.0,996150.0,0.0,0.00557
B2_P10_M86_L001,Post_P28,Post,994752.0,994481.9,270.1,0.00798
B2_P6_M86_L001,Post_P28,Post,996915.0,996915.0,-0.0,0.00446
B2_P8_M86_L001,Post_P28,Post,992059.3,992059.3,0.0,0.0115
B2_P9_M86_L001,Post_P28,Post,996365.7,996365.7,0.0,0.00525
B3_P10_M86_L001,Post_P28,Post,995880.2,995880.2,-0.0,0.00596
B3_P6_M86_L001,Post_P28,Post,996173.8,996173.8,-0.0,0.00553
B3_P8_M86_L001,Post_P28,Post,996139.5,996003.3,136.2,0.00578
B3_P9_M86_L001,Post_P28,Post,994999.6,994999.6,-0.0,0.00723
B4_P10_M86_L001,Post_P28,Post,996089.6,996069.4,20.2,0.00568
B4_P6_M86_L001,Post_P28,Post,996610.7,996239.5,371.2,0.00544
B4_P8_M86_L001,Post_P28,Post,996309.7,996309.7,0.0,0.00533
B5_P10_M86_L001,Post_P28,Post,994803.4,994803.4,0.0,0.00752
B5_P6_M86_L001,Post_P28,Post,995781.5,995781.5,-0.0,0.0061
B5_P8_M86_L001,Post_P28,Post,997547.8,997539.0,8.8,0.00355
B5_P9_M86_L001,Post_P28,Post,997877.0,997877.0,-0.0,0.00307
B6_P10_M86_L001,Post_P28,Post,996574.3,996574.3,-0.0,0.00495
B6_P6_M86_L001,Post_P28,Post,997271.4,997226.1,45.3,0.00401
B6_P8_M86_L001,Post_P28,Post,996487.4,996385.9,101.5,0.00522
B6_P9_M86_L001,Post_P28,Post,996857.4,996857.4,-0.0,0.00454
B7_P10_M86_L001,Post_P28,Post,996425.0,996425.0,-0.0,0.00517
B7_P6_M86_L001,Post_P28,Post,997948.1,997913.9,34.2,0.00301
B7_P8_M86_L001,Post_P28,Post,997126.0,996589.2,536.8,0.00493
B7_P9_M86_L001,Post_P28,Post,995671.1,994962.9,708.2,0.00729
B8_P10_M86_L001,Post_P28,Post,993647.2,993638.8,8.4,0.00921
B8_P6_M86_L001,Post_P28,Post,998384.8,998384.8,0.0,0.00233
B8_P8_M86_L001,Post_P28,Post,996579.6,996579.6,0.0,0.00494
B8_P9_M86_L001,Post_P28,Post,995728.2,995728.2,0.0,0.00618
B9_P10_M86_L001,Post_P28,Post,996500.5,996500.5,0.0,0.00506
B9_P6_M86_L001,Post_P28,Post,996704.2,996700.6,3.6,0.00477
B9_P8_M86_L001,Post_P28,Post,995867.0,995850.6,16.4,0.006
B9_P9_M86_L001,Post_P28,Post,996555.4,996526.4,29.0,0.00502
C10_P10_M86_L001,Post_P28,Post,998503.2,998475.3,27.9,0.0022
C10_P6_M86_L001,Post_P28,Post,995645.9,995645.9,-0.0,0.0063
C10_P8_M86_L001,Post_P28,Post,997474.0,997466.5,7.5,0.00366
C10_P9_M86_L001,Post_P28,Post,996282.8,996258.5,24.3,0.00541
C11_P10_M86_L001,Post_P28,Post,995435.2,995420.4,14.8,0.00662
C11_P6_M86_L001,Post_P28,Post,995613.8,995613.8,0.0,0.00634
C11_P8_M86_L001,Post_P28,Post,996338.4,996338.4,0.0,0.00529
C11_P9_M86_L001,Post_P28,Post,995879.6,995879.6,-0.0,0.00596
C12_P10_M86_L001,Post_P28,Post,996104.0,996100.0,4.0,0.00564
C12_P6_M86_L001,Post_P28,Post,995958.1,995958.1,0.0,0.00584
C12_P8_M86_L001,Post_P28,Post,997071.3,997071.3,0.0,0.00423
C12_P9_M86_L001,Post_P28,Post,996948.7,996948.7,-0.0,0.00441
C1_P10_M86_L001,Post_P28,Post,995286.9,995286.9,-0.0,0.00682
C1_P6_M86_L001,Post_P28,Post,996899.0,996899.0,-0.0,0.00448
C1_P8_M86_L001,Post_P28,Post,994715.6,994715.6,-0.0,0.00764
C1_P9_M86_L001,Post_P28,Post,995556.8,995556.8,0.0,0.00642
C2_P10_M86_L001,Post_P28,Post,995635.5,995517.1,118.4,0.00648
C2_P6_M86_L001,Post_P28,Post,997126.5,997126.5,0.0,0.00415
C2_P8_M86_L001,Post_P28,Post,997184.9,997184.9,-0.0,0.00407
C2_P9_M86_L001,Post_P28,Post,998004.1,998004.1,0.0,0.00288
C3_P10_M86_L001,Post_P28,Post,996829.4,996829.4,0.0,0.00458
C3_P6_M86_L001,Post_P28,Post,996853.6,996853.6,-0.0,0.00455
C3_P8_M86_L001,Post_P28,Post,995716.3,995716.3,-0.0,0.00619
C3_P9_M86_L001,Post_P28,Post,997617.5,997617.5,-0.0,0.00344
C4_P10_M86_L001,Post_P28,Post,997442.4,997442.4,-0.0,0.00369
C4_P6_M86_L001,Post_P28,Post,997172.2,997172.2,0.0,0.00409
C4_P8_M86_L001,Post_P28,Post,997566.4,997093.0,473.4,0.0042
C4_P9_M86_L001,Post_P28,Post,996920.0,996920.0,0.0,0.00445
C5_P10_M86_L001,Post_P28,Post,996009.3,996009.3,0.0,0.00577
C5_P6_M86_L001,Post_P28,Post,996163.5,995309.4,854.1,0.00678
C5_P8_M86_L001,Post_P28,Post,996915.6,996915.3,0.3,0.00446
C5_P9_M86_L001,Post_P28,Post,997325.7,997325.7,0.0,0.00386
C6_P10_M86_L001,Post_P28,Post,996471.9,996471.9,0.0,0.0051
C6_P6_M86_L001,Post_P28,Post,997792.3,997792.3,0.0,0.00319
C6_P8_M86_L001,Post_P28,Post,995298.5,995298.5,-0.0,0.0068
C6_P9_M86_L001,Post_P28,Post,997277.5,997256.5,21.0,0.00396
C7_P10_M86_L001,Post_P28,Post,995115.6,995096.9,18.7,0.00709
C7_P6_M86_L001,Post_P28,Post,997572.2,997572.2,-0.0,0.00351
C7_P8_M86_L001,Post_P28,Post,994442.8,994353.9,88.9,0.00817
C7_P9_M86_L001,Post_P28,Post,996861.4,996861.4,-0.0,0.00454
C8_P10_M86_L001,Post_P28,Post,997091.7,997091.7,0.0,0.0042
C8_P6_M86_L001,Post_P28,Post,996284.8,996271.5,13.3,0.00539
C8_P8_M86_L001,Post_P28,Post,996591.2,996591.2,0.0,0.00493
C8_P9_M86_L001,Post_P28,Post,994160.5,994062.5,98.0,0.00859
C9_P10_M86_L001,Post_P28,Post,997071.0,997071.0,0.0,0.00423
C9_P6_M86_L001,Post_P28,Post,997990.9,997990.9,-0.0,0.0029
C9_P8_M86_L001,Post_P28,Post,996711.8,996665.9,45.9,0.00482
C9_P9_M86_L001,Post_P28,Post,996012.6,996005.3,7.3,0.00577
D10_P10_M86_L001,Post_P28,Post,997210.4,997210.4,0.0,0.00403
D10_P6_M86_L001,Post_P28,Post,997064.3,997064.3,-0.0,0.00424
D10_P8_M86_L001,Post_P28,Post,994650.3,993772.3,878.0,0.00901
D10_P9_M86_L001,Post_P28,Post,996060.8,996060.8,-0.0,0.00569
D11_P10_M86_L001,Post_P28,Post,996655.3,996168.6,486.7,0.00554
D11_P6_M86_L001,Post_P28,Post,997024.6,997024.6,0.0,0.0043
D11_P8_M86_L001,Post_P28,Post,996080.5,996064.4,16.1,0.00569
D11_P9_M86_L001,Post_P28,Post,996622.6,996607.8,14.8,0.0049
D12_P10_M86_L001,Post_P28,Post,997126.1,997126.1,0.0,0.00415
D12_P6_M86_L001,Post_P28,Post,997328.3,997322.2,6.1,0.00387
D12_P8_M86_L001,Post_P28,Post,996604.5,996604.5,0.0,0.00491
D12_P9_M86_L001,Post_P28,Post,996903.3,996903.3,0.0,0.00447
D1_P10_M86_L001,Post_P28,Post,998263.3,998263.3,0.0,0.00251
D1_P6_M86_L001,Post_P28,Post,997061.3,997061.3,0.0,0.00425
D1_P8_M86_L001,Post_P28,Post,995883.0,995883.0,-0.0,0.00595
D1_P9_M86_L001,Post_P28,Post,992502.7,991891.9,610.8,0.01175
D2_P10_M86_L001,Post_P28,Post,995302.5,995302.5,0.0,0.00679
D2_P6_M86_L001,Post_P28,Post,995592.7,995592.7,0.0,0.00637
D2_P8_M86_L001,Post_P28,Post,997554.0,997554.0,0.0,0.00353
D2_P9_M86_L001,Post_P28,Post,995678.6,995678.6,-0.0,0.00625
D3_P10_M86_L001,Post_P28,Post,995594.4,995594.4,-0.0,0.00637
D3_P6_M86_L001,Post_P28,Post,996917.2,996658.6,258.6,0.00483
D3_P8_M86_L001,Post_P28,Post,996139.7,996131.4,8.3,0.00559
D3_P9_M86_L001,Post_P28,Post,996403.2,996403.2,-0.0,0.0052
D4_P10_M86_L001,Post_P28,Post,995888.0,995888.0,0.0,0.00594
D4_P6_M86_L001,Post_P28,Post,995109.3,995109.3,0.0,0.00707
D4_P8_M86_L001,Post_P28,Post,996468.6,996468.6,-0.0,0.0051
D4_P9_M86_L001,Post_P28,Post,993834.8,993834.8,0.0,0.00892
D5_P10_M86_L001,Post_P28,Post,994286.3,994244.2,42.1,0.00833
D5_P6_M86_L001,Post_P28,Post,997567.6,997566.9,0.7,0.00351
D5_P8_M86_L001,Post_P28,Post,996225.2,996225.2,-0.0,0.00546
D5_P9_M86_L001,Post_P28,Post,995739.3,995711.3,28.0,0.0062
D6_P10_M86_L001,Post_P28,Post,997296.1,997296.1,-0.0,0.00391
D6_P6_M86_L001,Post_P28,Post,995300.2,995300.2,0.0,0.0068
D6_P8_M86_L001,Post_P28,Post,994771.7,994771.7,-0.0,0.00756
D6_P9_M86_L001,Post_P28,Post,995440.4,995440.4,-0.0,0.00659
D7_P10_M86_L001,Post_P28,Post,995025.0,995013.1,11.9,0.00721
D7_P6_M86_L001,Post_P28,Post,996661.4,996661.4,-0.0,0.00482
D7_P8_M86_L001,Post_P28,Post,996445.2,996326.0,119.2,0.00531
D7_P9_M86_L001,Post_P28,Post,994279.9,994279.9,-0.0,0.00828
D8_P10_M86_L001,Post_P28,Post,995366.1,995366.1,0.0,0.0067
D8_P6_M86_L001,Post_P28,Post,995388.0,995388.0,0.0,0.00667
D8_P8_M86_L001,Post_P28,Post,996037.1,996037.1,0.0,0.00573
D8_P9_M86_L001,Post_P28,Post,996373.7,995947.2,426.5,0.00586
D9_P10_M86_L001,Post_P28,Post,996633.9,996633.9,0.0,0.00486
D9_P6_M86_L001,Post_P28,Post,996401.7,996401.7,-0.0,0.0052
D9_P8_M86_L001,Post_P28,Post,996780.9,996775.7,5.2,0.00466
D9_P9_M86_L001,Post_P28,Post,995025.2,994965.3,59.9,0.00728
E10_P10_M86_L001,Post_P28,Post,996928.4,996928.4,0.0,0.00444
E10_P6_M86_L001,Post_P28,Post,997205.5,997205.5,-0.0,0.00404
E10_P8_M86_L001,Post_P28,Post,996309.0,996309.0,0.0,0.00533
E10_P9_M86_L001,Post_P28,Post,997486.1,997486.1,-0.0,0.00363
E11_P10_M86_L001,Post_P28,Post,995685.3,995681.8,3.5,0.00624
E11_P6_M86_L001,Post_P28,Post,994663.6,994663.6,0.0,0.00772
E11_P8_M86_L001,Post_P28,Post,995530.2,995530.2,-0.0,0.00646
E11_P9_M86_L001,Post_P28,Post,995055.8,994995.8,60.0,0.00724
E12_P10_M86_L001,Post_P28,Post,995096.8,995096.8,0.0,0.00709
E12_P6_M86_L001,Post_P28,Post,997817.1,997817.1,0.0,0.00315
E12_P8_M86_L001,Post_P28,Post,995002.4,994080.5,921.9,0.00857
E12_P9_M86_L001,Post_P28,Post,995632.4,995632.4,-0.0,0.00631
E1_P10_M86_L001,Post_P28,Post,994517.6,994517.6,-0.0,0.00793
E1_P6_M86_L001,Post_P28,Post,997562.5,997562.5,0.0,0.00352
E1_P8_M86_L001,Post_P28,Post,996770.4,996721.5,48.9,0.00474
E1_P9_M86_L001,Post_P28,Post,996937.4,996937.4,-0.0,0.00443
E2_P10_M86_L001,Post_P28,Post,996538.0,996538.0,-0.0,0.005
E2_P6_M86_L001,Post_P28,Post,996144.5,996144.5,-0.0,0.00557
E2_P8_M86_L001,Post_P28,Post,996454.4,996454.4,-0.0,0.00512
E2_P9_M86_L001,Post_P28,Post,996507.5,995837.6,669.9,0.00602
E3_P10_M86_L001,Post_P28,Post,996692.7,996677.8,14.9,0.0048
E3_P6_M86_L001,Post_P28,Post,997905.4,997905.4,0.0,0.00303
E3_P8_M86_L001,Post_P28,Post,996606.8,995853.6,753.2,0.00599
E3_P9_M86_L001,Post_P28,Post,994991.3,994991.3,-0.0,0.00724
E4_P10_M86_L001,Post_P28,Post,994515.9,994515.9,0.0,0.00793
E4_P6_M86_L001,Post_P28,Post,995831.8,995831.8,-0.0,0.00603
E4_P8_M86_L001,Post_P28,Post,997198.4,997193.4,5.0,0.00405
E4_P9_M86_L001,Post_P28,Post,996536.6,996536.6,-0.0,0.00501
E5_P10_M86_L001,Post_P28,Post,995534.0,995534.0,-0.0,0.00646
E5_P6_M86_L001,Post_P28,Post,996895.5,996895.5,-0.0,0.00449
E5_P8_M86_L001,Post_P28,Post,997839.5,997839.5,-0.0,0.00312
E5_P9_M86_L001,Post_P28,Post,994968.4,994968.4,0.0,0.00728
E6_P10_M86_L001,Post_P28,Post,996313.4,995823.9,489.5,0.00604
E6_P6_M86_L001,Post_P28,Post,997571.9,997527.3,44.6,0.00357
E6_P8_M86_L001,Post_P28,Post,994099.4,994099.4,0.0,0.00854
E6_P9_M86_L001,Post_P28,Post,995865.6,995865.6,-0.0,0.00598
E7_P10_M86_L001,Post_P28,Post,995699.2,995699.2,-0.0,0.00622
E7_P6_M86_L001,Post_P28,Post,997185.7,997081.3,104.4,0.00422
E7_P8_M86_L001,Post_P28,Post,996237.0,996199.4,37.6,0.00549
E7_P9_M86_L001,Post_P28,Post,996829.4,996829.4,0.0,0.00458
E8_P10_M86_L001,Post_P28,Post,995836.2,995836.2,-0.0,0.00602
E8_P6_M86_L001,Post_P28,Post,995610.5,995610.5,0.0,0.00635
E8_P8_M86_L001,Post_P28,Post,995517.0,995517.0,-0.0,0.00648
E8_P9_M86_L001,Post_P28,Post,996783.1,996783.1,0.0,0.00465
E9_P10_M86_L001,Post_P28,Post,996198.1,996194.4,3.7,0.0055
E9_P6_M86_L001,Post_P28,Post,992506.8,992377.4,129.4,0.01104
E9_P8_M86_L001,Post_P28,Post,996076.8,996046.2,30.6,0.00572
E9_P9_M86_L001,Post_P28,Post,996859.9,996859.9,-0.0,0.00454
F10_P10_M86_L001,Post_P28,Post,996248.4,996248.4,0.0,0.00542
F10_P6_M86_L001,Post_P28,Post,995152.3,995152.3,0.0,0.00701
F10_P8_M86_L001,Post_P28,Post,995623.7,995611.9,11.8,0.00634
F10_P9_M86_L001,Post_P28,Post,995448.1,995448.1,0.0,0.00658
F11_P10_M86_L001,Post_P28,Post,996259.6,996251.8,7.8,0.00542
F11_P6_M86_L001,Post_P28,Post,997176.4,997176.4,-0.0,0.00408
F11_P8_M86_L001,Post_P28,Post,996139.5,996111.9,27.6,0.00562
F11_P9_M86_L001,Post_P28,Post,996745.6,996745.6,-0.0,0.0047
F12_P10_M86_L001,Post_P28,Post,997458.4,997458.4,-0.0,0.00367
F12_P6_M86_L001,Post_P28,Post,996708.5,996708.5,0.0,0.00476
F12_P8_M86_L001,Post_P28,Post,996721.1,995574.3,1146.8,0.0064
F12_P9_M86_L001,Post_P28,Post,995548.2,995548.2,0.0,0.00644
F1_P10_M86_L001,Post_P28,Post,995449.5,995059.7,389.8,0.00715
F1_P6_M86_L001,Post_P28,Post,996651.5,996651.5,-0.0,0.00484
F1_P8_M86_L001,Post_P28,Post,996360.5,996360.5,0.0,0.00526
F1_P9_M86_L001,Post_P28,Post,996046.6,996037.2,9.4,0.00573
F2_P10_M86_L001,Post_P28,Post,994002.8,994002.8,-0.0,0.00868
F2_P8_M86_L001,Post_P28,Post,994876.4,994805.4,71.0,0.00751
F2_P9_M86_L001,Post_P28,Post,996248.8,996248.8,-0.0,0.00542
F3_P10_M86_L001,Post_P28,Post,997102.8,997102.8,-0.0,0.00419
F3_P6_M86_L001,Post_P28,Post,996957.3,996917.0,40.3,0.00445
F3_P9_M86_L001,Post_P28,Post,996144.2,996144.2,0.0,0.00557
F4_P10_M86_L001,Post_P28,Post,996814.9,996814.9,0.0,0.0046
F4_P6_M86_L001,Post_P28,Post,994755.7,994755.7,-0.0,0.00759
F4_P8_M86_L001,Post_P28,Post,996435.6,996435.6,-0.0,0.00515
F4_P9_M86_L001,Post_P28,Post,996055.3,996055.3,-0.0,0.0057
F5_P10_M86_L001,Post_P28,Post,996550.0,996550.0,-0.0,0.00499
F5_P6_M86_L001,Post_P28,Post,996925.0,996925.0,-0.0,0.00444
F5_P8_M86_L001,Post_P28,Post,996301.4,996215.9,85.5,0.00547
F5_P9_M86_L001,Post_P28,Post,995073.1,995059.2,13.9,0.00715
F6_P10_M86_L001,Post_P28,Post,997411.9,997411.9,-0.0,0.00374
F6_P6_M86_L001,Post_P28,Post,993156.7,992815.1,341.6,0.0104
F6_P8_M86_L001,Post_P28,Post,996140.2,996140.2,-0.0,0.00558
F6_P9_M86_L001,Post_P28,Post,996247.6,996247.6,0.0,0.00542
F7_P10_M86_L001,Post_P28,Post,994303.1,994303.1,-0.0,0.00824
F7_P6_M86_L001,Post_P28,Post,997383.4,997383.4,-0.0,0.00378
F7_P8_M86_L001,Post_P28,Post,995948.0,995948.0,-0.0,0.00586
F7_P9_M86_L001,Post_P28,Post,995041.2,995041.2,0.0,0.00717
F8_P10_M86_L001,Post_P28,Post,996236.7,996236.7,-0.0,0.00544
F8_P6_M86_L001,Post_P28,Post,995913.7,995913.7,0.0,0.00591
F8_P8_M86_L001,Post_P28,Post,995923.1,995923.1,0.0,0.00589
F8_P9_M86_L001,Post_P28,Post,995916.8,995916.8,0.0,0.0059
F9_P10_M86_L001,Post_P28,Post,996439.6,996439.6,0.0,0.00515
F9_P6_M86_L001,Post_P28,Post,996710.8,996710.8,-0.0,0.00475
F9_P8_M86_L001,Post_P28,Post,996082.3,996082.3,0.0,0.00566
F9_P9_M86_L001,Post_P28,Post,995387.1,995387.1,-0.0,0.00667
G10_P10_M86_L001,Post_P28,Post,996398.6,996398.6,-0.0,0.00521
G10_P6_M86_L001,Post_P28,Post,996156.9,996141.4,15.5,0.00558
G10_P8_M86_L001,Post_P28,Post,996581.6,996581.6,-0.0,0.00494
G10_P9_M86_L001,Post_P28,Post,996855.5,996855.5,-0.0,0.00454
G11_P10_M86_L001,Post_P28,Post,995592.5,995559.2,33.3,0.00642
G11_P6_M86_L001,Post_P28,Post,996057.8,995077.2,980.6,0.00712
G11_P8_M86_L001,Post_P28,Post,995729.7,995729.7,0.0,0.00617
G11_P9_M86_L001,Post_P28,Post,994726.8,994726.8,-0.0,0.00763
G12_P10_M86_L001,Post_P28,Post,995812.7,995812.7,0.0,0.00605
G12_P6_M86_L001,Post_P28,Post,997849.3,997849.3,0.0,0.00311
G12_P8_M86_L001,Post_P28,Post,997240.3,997240.3,0.0,0.00399
G12_P9_M86_L001,Post_P28,Post,997071.9,997071.9,0.0,0.00423
G1_P10_M86_L001,Post_P28,Post,996942.4,996904.9,37.5,0.00447
G1_P6_M86_L001,Post_P28,Post,995613.6,995613.6,-0.0,0.00634
G1_P8_M86_L001,Post_P28,Post,997019.8,997019.8,-0.0,0.00431
G1_P9_M86_L001,Post_P28,Post,996769.8,996769.8,-0.0,0.00467
G2_P10_M86_L001,Post_P28,Post,996456.0,996448.4,7.6,0.00513
G2_P6_M86_L001,Post_P28,Post,997702.4,997702.4,0.0,0.00332
G2_P8_M86_L001,Post_P28,Post,995126.7,995126.7,-0.0,0.00705
G2_P9_M86_L001,Post_P28,Post,996181.1,996181.1,-0.0,0.00552
G3_P10_M86_L001,Post_P28,Post,996635.4,996635.4,0.0,0.00486
G3_P6_M86_L001,Post_P28,Post,996787.8,996787.8,-0.0,0.00464
G3_P8_M86_L001,Post_P28,Post,994870.4,994748.9,121.5,0.0076
G3_P9_M86_L001,Post_P28,Post,996397.9,996397.9,0.0,0.00521
G4_P10_M86_L001,Post_P28,Post,995662.8,995662.8,-0.0,0.00627
G4_P6_M86_L001,Post_P28,Post,997568.9,997568.9,-0.0,0.00351
G4_P8_M86_L001,Post_P28,Post,997082.7,997082.7,0.0,0.00421
G4_P9_M86_L001,Post_P28,Post,996020.6,996020.6,0.0,0.00575
G5_P10_M86_L001,Post_P28,Post,996660.2,995616.7,1043.5,0.00634
G5_P6_M86_L001,Post_P28,Post,996534.4,996534.4,-0.0,0.00501
G5_P8_M86_L001,Post_P28,Post,995496.6,995496.6,-0.0,0.00651
G5_P9_M86_L001,Post_P28,Post,996955.8,996955.8,0.0,0.0044
G6_P10_M86_L001,Post_P28,Post,997351.3,997351.3,0.0,0.00383
G6_P6_M86_L001,Post_P28,Post,996446.1,996446.1,0.0,0.00514
G6_P9_M86_L001,Post_P28,Post,997051.3,997051.3,-0.0,0.00426
G7_P10_M86_L001,Post_P28,Post,996692.5,996692.5,0.0,0.00478
G7_P6_M86_L001,Post_P28,Post,997460.1,997460.1,0.0,0.00367
G7_P8_M86_L001,Post_P28,Post,996560.1,996526.5,33.6,0.00502
G8_P10_M86_L001,Post_P28,Post,996513.2,996513.2,0.0,0.00504
G8_P6_M86_L001,Post_P28,Post,997329.6,997329.6,0.0,0.00386
G8_P8_M86_L001,Post_P28,Post,992990.8,992990.8,-0.0,0.01015
G8_P9_M86_L001,Post_P28,Post,995904.5,995904.5,0.0,0.00592
G9_P10_M86_L001,Post_P28,Post,997373.3,997373.3,-0.0,0.00379
G9_P6_M86_L001,Post_P28,Post,996819.7,996163.6,656.1,0.00555
G9_P9_M86_L001,Post_P28,Post,994319.6,994311.1,8.5,0.00823
H10_P10_M86_L001,Post_P28,Post,996924.0,996916.8,7.2,0.00445
H10_P6_M86_L001,Post_P28,Post,997441.0,997402.9,38.1,0.00375
H10_P8_M86_L001,Post_P28,Post,996385.9,996385.9,-0.0,0.00522
H11_P10_M86_L001,Post_P28,Post,997360.9,997358.4,2.5,0.00382
H11_P6_M86_L001,Post_P28,Post,996151.3,995800.2,351.1,0.00607
H11_P8_M86_L001,Post_P28,Post,991472.3,991424.8,47.5,0.01242
H11_P9_M86_L001,Post_P28,Post,996100.3,996100.3,0.0,0.00564
H12_P10_M86_L001,Post_P28,Post,996524.4,996497.5,26.9,0.00506
H12_P6_M86_L001,Post_P28,Post,996055.9,996054.1,1.8,0.0057
H12_P8_M86_L001,Post_P28,Post,997282.6,997282.6,0.0,0.00393
H12_P9_M86_L001,Post_P28,Post,996663.6,996663.6,-0.0,0.00482
H1_P10_M86_L001,Post_P28,Post,995793.5,995793.5,0.0,0.00608
H1_P6_M86_L001,Post_P28,Post,998056.8,998056.8,-0.0,0.00281
H1_P8_M86_L001,Post_P28,Post,995775.4,995775.4,0.0,0.00611
H1_P9_M86_L001,Post_P28,Post,995165.1,995165.1,0.0,0.00699
H2_P10_M86_L001,Post_P28,Post,996729.6,996729.6,-0.0,0.00473
H2_P6_M86_L001,Post_P28,Post,995631.0,995631.0,0.0,0.00632
H2_P8_M86_L001,Post_P28,Post,995705.1,995705.1,0.0,0.00621
H2_P9_M86_L001,Post_P28,Post,996232.9,996232.9,0.0,0.00545
H3_P10_M86_L001,Post_P28,Post,995624.0,995280.1,343.9,0.00683
H3_P6_M86_L001,Post_P28,Post,997607.6,997607.6,0.0,0.00346
H3_P8_M86_L001,Post_P28,Post,996654.3,996654.3,-0.0,0.00483
H3_P9_M86_L001,Post_P28,Post,997352.4,997352.4,0.0,0.00382
H4_P10_M86_L001,Post_P28,Post,997476.1,997476.1,0.0,0.00365
H4_P6_M86_L001,Post_P28,Post,997366.1,997305.3,60.8,0.00389
H4_P8_M86_L001,Post_P28,Post,995296.2,995296.2,-0.0,0.0068
H4_P9_M86_L001,Post_P28,Post,996015.5,996015.5,0.0,0.00576
H5_P10_M86_L001,Post_P28,Post,996135.4,996114.5,20.9,0.00562
H5_P6_M86_L001,Post_P28,Post,996607.6,995612.6,995.0,0.00634
H5_P8_M86_L001,Post_P28,Post,996351.3,996349.1,2.2,0.00528
H5_P9_M86_L001,Post_P28,Post,994422.9,994422.9,-0.0,0.00807
H6_P6_M86_L001,Post_P28,Post,998279.2,998279.2,-0.0,0.00248
H6_P8_M86_L001,Post_P28,Post,995587.4,994828.3,759.1,0.00748
H6_P9_M86_L001,Post_P28,Post,995529.8,995529.8,-0.0,0.00646
H7_P10_M86_L001,Post_P28,Post,997552.8,997552.8,0.0,0.00353
H7_P6_M86_L001,Post_P28,Post,997055.3,997048.0,7.3,0.00427
H7_P8_M86_L001,Post_P28,Post,995885.2,995885.2,0.0,0.00595
H7_P9_M86_L001,Post_P28,Post,996261.9,996261.9,-0.0,0.0054
H8_P10_M86_L001,Post_P28,Post,995947.0,995903.3,43.7,0.00592
H8_P8_M86_L001,Post_P28,Post,995489.7,995485.6,4.1,0.00653
H8_P9_M86_L001,Post_P28,Post,996996.5,996996.5,-0.0,0.00434
H9_P10_M86_L001,Post_P28,Post,996803.3,996128.7,674.6,0.0056
H9_P6_M86_L001,Post_P28,Post,996061.6,996061.6,0.0,0.00569
H9_P9_M86_L001,Post_P28,Post,996492.3,996475.8,16.5,0.00509
A10_P1_M89_L001,Post_P28_2,Post,996691.0,996691.0,-0.0,0.00478
A10_P3_M89_L001,Post_P28_2,Post,996074.1,996044.0,30.1,0.00572
A10_P4_M89_L001,Post_P28_2,Post,995599.2,995599.2,0.0,0.00636
A10_P5_M89_L001,Post_P28_2,Post,996394.3,995940.2,454.1,0.00587
A11_P1_M89_L001,Post_P28_2,Post,997805.3,997805.3,0.0,0.00317
A11_P3_M89_L001,Post_P28_2,Post,994459.0,994368.0,91.0,0.00815
A11_P4_M89_L001,Post_P28_2,Post,997277.5,997277.5,0.0,0.00393
A11_P5_M89_L001,Post_P28_2,Post,994311.2,994311.2,0.0,0.00823
A12_P1_M89_L001,Post_P28_2,Post,994737.6,993763.1,974.5,0.00903
A12_P3_M89_L001,Post_P28_2,Post,996742.7,996742.7,-0.0,0.00471
A12_P4_M89_L001,Post_P28_2,Post,994950.3,994943.2,7.1,0.00731
A12_P5_M89_L001,Post_P28_2,Post,992856.8,992843.9,12.9,0.01036
A2_P1_M89_L001,Post_P28_2,Post,996426.6,996426.6,0.0,0.00516
A2_P3_M89_L001,Post_P28_2,Post,996891.1,996891.1,0.0,0.00449
A2_P4_M89_L001,Post_P28_2,Post,995562.9,994443.4,1119.5,0.00804
A2_P5_M89_L001,Post_P28_2,Post,995184.9,995184.9,0.0,0.00696
A3_P1_M89_L001,Post_P28_2,Post,995024.4,995009.5,14.9,0.00722
A3_P3_M89_L001,Post_P28_2,Post,992378.4,992378.4,0.0,0.01104
A3_P4_M89_L001,Post_P28_2,Post,995690.6,995530.7,159.9,0.00646
A3_P5_M89_L001,Post_P28_2,Post,996381.9,996381.9,0.0,0.00523
A4_P1_M89_L001,Post_P28_2,Post,993262.2,993262.2,0.0,0.00975
A4_P3_M89_L001,Post_P28_2,Post,992300.4,992300.4,0.0,0.01115
A4_P4_M89_L001,Post_P28_2,Post,996128.3,996124.7,3.6,0.0056
A4_P5_M89_L001,Post_P28_2,Post,991631.5,991631.5,-0.0,0.01212
A5_P1_M89_L001,Post_P28_2,Post,994904.7,994780.3,124.4,0.00755
A5_P3_M89_L001,Post_P28_2,Post,994279.6,993937.3,342.3,0.00877
A5_P4_M89_L001,Post_P28_2,Post,996719.6,993637.0,3082.6,0.00921
A5_P5_M89_L001,Post_P28_2,Post,992160.9,992120.0,40.9,0.01141
A6_P1_M89_L001,Post_P28_2,Post,994152.2,994152.2,-0.0,0.00846
A6_P3_M89_L001,Post_P28_2,Post,994066.8,994066.8,-0.0,0.00859
A6_P4_M89_L001,Post_P28_2,Post,992987.3,992987.3,0.0,0.01015
A6_P5_M89_L001,Post_P28_2,Post,995812.2,994909.3,902.9,0.00736
A7_P1_M89_L001,Post_P28_2,Post,995415.2,995415.2,-0.0,0.00663
A7_P3_M89_L001,Post_P28_2,Post,997405.3,995765.7,1639.6,0.00612
A7_P4_M89_L001,Post_P28_2,Post,995261.8,994093.6,1168.2,0.00855
A7_P5_M89_L001,Post_P28_2,Post,995924.6,995924.6,-0.0,0.00589
A8_P1_M89_L001,Post_P28_2,Post,994351.5,994351.5,0.0,0.00817
A8_P3_M89_L001,Post_P28_2,Post,994245.2,994005.7,239.5,0.00867
A8_P4_M89_L001,Post_P28_2,Post,996479.2,996479.2,0.0,0.00509
A8_P5_M89_L001,Post_P28_2,Post,996841.1,996841.1,0.0,0.00456
A9_P1_M89_L001,Post_P28_2,Post,993443.7,993443.7,-0.0,0.00949
A9_P3_M89_L001,Post_P28_2,Post,992697.8,992697.8,0.0,0.01057
A9_P4_M89_L001,Post_P28_2,Post,995949.1,995933.6,15.5,0.00588
A9_P5_M89_L001,Post_P28_2,Post,992965.5,992965.5,0.0,0.01018
B10_P3_M89_L001,Post_P28_2,Post,996523.4,996455.8,67.6,0.00512
B10_P4_M89_L001,Post_P28_2,Post,989149.7,989149.7,-0.0,0.01574
B10_P5_M89_L001,Post_P28_2,Post,995756.9,995756.9,0.0,0.00613
B11_P1_M89_L001,Post_P28_2,Post,996248.1,996237.0,11.1,0.00544
B11_P3_M89_L001,Post_P28_2,Post,996599.6,996599.6,0.0,0.00491
B11_P4_M89_L001,Post_P28_2,Post,995206.6,995206.6,0.0,0.00693
B11_P5_M89_L001,Post_P28_2,Post,991872.1,991698.2,173.9,0.01203
B12_P1_M89_L001,Post_P28_2,Post,993989.8,993974.7,15.1,0.00872
B12_P3_M89_L001,Post_P28_2,Post,994970.4,994970.4,0.0,0.00727
B12_P4_M89_L001,Post_P28_2,Post,992924.0,992924.0,0.0,0.01024
B12_P5_M89_L001,Post_P28_2,Post,995366.7,995215.5,151.2,0.00692
B1_P1_M89_L001,Post_P28_2,Post,994825.7,994825.7,0.0,0.00748
B1_P3_M89_L001,Post_P28_2,Post,997487.0,997487.0,-0.0,0.00363
B1_P4_M89_L001,Post_P28_2,Post,997626.9,997626.9,0.0,0.00343
B1_P5_M89_L001,Post_P28_2,Post,992800.0,992788.9,11.1,0.01044
B2_P1_M89_L001,Post_P28_2,Post,994706.2,994706.2,-0.0,0.00766
B2_P3_M89_L001,Post_P28_2,Post,995444.5,994056.3,1388.2,0.0086
B2_P4_M89_L001,Post_P28_2,Post,992762.9,992762.9,0.0,0.01048
B2_P5_M89_L001,Post_P28_2,Post,993658.7,993658.7,-0.0,0.00918
B3_P1_M89_L001,Post_P28_2,Post,988439.8,988439.8,0.0,0.01677
B3_P3_M89_L001,Post_P28_2,Post,993002.7,992766.5,236.2,0.01047
B3_P4_M89_L001,Post_P28_2,Post,996328.9,996289.7,39.2,0.00536
B3_P5_M89_L001,Post_P28_2,Post,992955.3,992955.3,0.0,0.0102
B4_P1_M89_L001,Post_P28_2,Post,995635.0,995635.0,-0.0,0.00631
B4_P3_M89_L001,Post_P28_2,Post,995443.4,995443.4,-0.0,0.00659
B4_P4_M89_L001,Post_P28_2,Post,995107.6,995107.6,0.0,0.00708
B4_P5_M89_L001,Post_P28_2,Post,995207.2,995207.2,0.0,0.00693
B5_P1_M89_L001,Post_P28_2,Post,994749.1,994749.1,-0.0,0.0076
B5_P3_M89_L001,Post_P28_2,Post,995010.5,995010.5,0.0,0.00722
B5_P4_M89_L001,Post_P28_2,Post,995060.1,994926.8,133.3,0.00734
B5_P5_M89_L001,Post_P28_2,Post,993931.6,993931.6,0.0,0.00878
B6_P1_M89_L001,Post_P28_2,Post,995096.4,995096.4,0.0,0.00709
B6_P3_M89_L001,Post_P28_2,Post,995258.9,995258.9,0.0,0.00686
B6_P4_M89_L001,Post_P28_2,Post,991420.7,991420.7,0.0,0.01243
B6_P5_M89_L001,Post_P28_2,Post,993294.6,993277.9,16.7,0.00973
B7_P1_M89_L001,Post_P28_2,Post,990972.4,990972.4,-0.0,0.01308
B7_P3_M89_L001,Post_P28_2,Post,995788.4,995788.4,-0.0,0.00609
B7_P5_M89_L001,Post_P28_2,Post,996153.9,996153.9,-0.0,0.00556
B8_P1_M89_L001,Post_P28_2,Post,995743.5,995734.7,8.8,0.00617
B8_P3_M89_L001,Post_P28_2,Post,995945.4,995944.3,1.1,0.00586
B8_P4_M89_L001,Post_P28_2,Post,988723.2,988715.2,8.0,0.01637
B9_P1_M89_L001,Post_P28_2,Post,995691.7,995691.7,-0.0,0.00623
B9_P3_M89_L001,Post_P28_2,Post,995519.9,995519.9,-0.0,0.00648
B9_P4_M89_L001,Post_P28_2,Post,990302.8,990294.1,8.7,0.01407
B9_P5_M89_L001,Post_P28_2,Post,994830.9,994830.9,-0.0,0.00748
C10_P1_M89_L001,Post_P28_2,Post,993728.8,993728.8,0.0,0.00908
C10_P3_M89_L001,Post_P28_2,Post,997677.0,997677.0,-0.0,0.00336
C10_P4_M89_L001,Post_P28_2,Post,996003.9,995969.4,34.5,0.00583
C10_P5_M89_L001,Post_P28_2,Post,995572.0,995572.0,0.0,0.0064
C11_P1_M89_L001,Post_P28_2,Post,995024.1,994953.6,70.5,0.0073
C11_P3_M89_L001,Post_P28_2,Post,996575.3,996575.3,0.0,0.00495
C11_P4_M89_L001,Post_P28_2,Post,996901.8,996901.8,-0.0,0.00448
C11_P5_M89_L001,Post_P28_2,Post,995933.7,995933.7,0.0,0.00588
C12_P1_M89_L001,Post_P28_2,Post,995474.7,995474.7,-0.0,0.00654
C12_P3_M89_L001,Post_P28_2,Post,994719.8,994719.8,-0.0,0.00764
C12_P4_M89_L001,Post_P28_2,Post,995040.6,994852.9,187.7,0.00744
C12_P5_M89_L001,Post_P28_2,Post,993703.7,993458.0,245.7,0.00947
C1_P1_M89_L001,Post_P28_2,Post,996346.8,996346.8,0.0,0.00528
C1_P3_M89_L001,Post_P28_2,Post,997832.6,997630.5,202.1,0.00342
C1_P4_M89_L001,Post_P28_2,Post,995652.7,995642.8,9.9,0.0063
C1_P5_M89_L001,Post_P28_2,Post,995015.5,994626.9,388.6,0.00777
C2_P1_M89_L001,Post_P28_2,Post,993608.6,993603.9,4.7,0.00926
C2_P3_M89_L001,Post_P28_2,Post,994954.5,994954.5,-0.0,0.0073
C2_P4_M89_L001,Post_P28_2,Post,993496.4,993496.4,0.0,0.00941
C2_P5_M89_L001,Post_P28_2,Post,994980.4,994980.4,-0.0,0.00726
C3_P1_M89_L001,Post_P28_2,Post,994796.2,994796.2,-0.0,0.00753
C3_P3_M89_L001,Post_P28_2,Post,996989.6,996989.6,0.0,0.00435
C3_P4_M89_L001,Post_P28_2,Post,992724.0,992724.0,0.0,0.01054
C3_P5_M89_L001,Post_P28_2,Post,994307.7,994307.7,-0.0,0.00824
C4_P1_M89_L001,Post_P28_2,Post,995685.3,995685.3,-0.0,0.00624
C4_P3_M89_L001,Post_P28_2,Post,995430.6,995430.6,-0.0,0.00661
C4_P4_M89_L001,Post_P28_2,Post,994986.3,993404.8,1581.5,0.00955
C4_P5_M89_L001,Post_P28_2,Post,993949.0,993949.0,0.0,0.00876
C5_P1_M89_L001,Post_P28_2,Post,996877.0,996067.1,809.9,0.00569
C5_P3_M89_L001,Post_P28_2,Post,994692.4,994692.4,0.0,0.00768
C5_P4_M89_L001,Post_P28_2,Post,994181.4,994181.4,0.0,0.00842
C5_P5_M89_L001,Post_P28_2,Post,997515.2,997515.2,0.0,0.00359
C6_P1_M89_L001,Post_P28_2,Post,994021.4,993897.0,124.4,0.00883
C6_P3_M89_L001,Post_P28_2,Post,993987.8,993987.8,0.0,0.0087
C6_P4_M89_L001,Post_P28_2,Post,999469.4,999115.8,353.6,0.00128
C6_P5_M89_L001,Post_P28_2,Post,993873.0,993873.0,0.0,0.00887
C7_P1_M89_L001,Post_P28_2,Post,995320.3,995320.3,-0.0,0.00677
C7_P3_M89_L001,Post_P28_2,Post,995300.4,995300.4,0.0,0.0068
C7_P4_M89_L001,Post_P28_2,Post,996778.4,996683.7,94.7,0.00479
C7_P5_M89_L001,Post_P28_2,Post,996457.3,996457.3,0.0,0.00512
C8_P1_M89_L001,Post_P28_2,Post,995410.9,995345.2,65.7,0.00673
C8_P3_M89_L001,Post_P28_2,Post,993500.5,993058.8,441.7,0.01005
C8_P4_M89_L001,Post_P28_2,Post,994197.5,994197.5,0.0,0.0084
C8_P5_M89_L001,Post_P28_2,Post,995164.9,995164.9,0.0,0.00699
C9_P1_M89_L001,Post_P28_2,Post,993531.6,992948.6,583.0,0.01021
C9_P3_M89_L001,Post_P28_2,Post,993654.0,993654.0,-0.0,0.00918
C9_P4_M89_L001,Post_P28_2,Post,994544.5,994523.4,21.1,0.00792
C9_P5_M89_L001,Post_P28_2,Post,993750.6,993750.6,-0.0,0.00904
D10_P3_M89_L001,Post_P28_2,Post,994904.9,994904.9,-0.0,0.00737
D10_P4_M89_L001,Post_P28_2,Post,998275.4,998275.4,0.0,0.00249
D10_P5_M89_L001,Post_P28_2,Post,992715.2,992715.2,0.0,0.01055
D11_P1_M89_L001,Post_P28_2,Post,995485.6,995485.6,-0.0,0.00653
D11_P3_M89_L001,Post_P28_2,Post,990758.3,990758.3,0.0,0.01339
D11_P4_M89_L001,Post_P28_2,Post,990804.1,990804.1,0.0,0.01333
D11_P5_M89_L001,Post_P28_2,Post,991294.5,988738.9,2555.6,0.01634
D12_P3_M89_L001,Post_P28_2,Post,993170.2,993170.2,-0.0,0.00989
D12_P4_M89_L001,Post_P28_2,Post,994638.7,994638.7,-0.0,0.00776
D12_P5_M89_L001,Post_P28_2,Post,997143.0,997143.0,0.0,0.00413
D1_P1_M89_L001,Post_P28_2,Post,996851.5,996805.5,46.0,0.00462
D1_P3_M89_L001,Post_P28_2,Post,994562.0,994562.0,-0.0,0.00787
D1_P4_M89_L001,Post_P28_2,Post,994582.7,994576.0,6.7,0.00785
D1_P5_M89_L001,Post_P28_2,Post,990751.8,990751.8,0.0,0.0134
D2_P1_M89_L001,Post_P28_2,Post,995834.7,995834.7,-0.0,0.00602
D2_P3_M89_L001,Post_P28_2,Post,997630.9,997630.9,0.0,0.00342
D2_P4_M89_L001,Post_P28_2,Post,992627.5,992627.5,-0.0,0.01068
D2_P5_M89_L001,Post_P28_2,Post,992157.0,992157.0,0.0,0.01136
D3_P1_M89_L001,Post_P28_2,Post,994746.9,994746.9,0.0,0.0076
D3_P3_M89_L001,Post_P28_2,Post,996696.6,996696.6,-0.0,0.00477
D3_P4_M89_L001,Post_P28_2,Post,995402.3,995402.3,0.0,0.00665
D3_P5_M89_L001,Post_P28_2,Post,993974.2,993974.2,-0.0,0.00872
D4_P1_M89_L001,Post_P28_2,Post,996738.8,996738.8,-0.0,0.00471
D4_P3_M89_L001,Post_P28_2,Post,994121.1,994121.1,-0.0,0.00851
D4_P4_M89_L001,Post_P28_2,Post,995613.7,995613.7,-0.0,0.00634
D4_P5_M89_L001,Post_P28_2,Post,994460.5,994449.8,10.7,0.00803
D5_P1_M89_L001,Post_P28_2,Post,995387.0,995364.4,22.6,0.0067
D5_P3_M89_L001,Post_P28_2,Post,996757.0,996757.0,-0.0,0.00469
D5_P4_M89_L001,Post_P28_2,Post,994583.4,994583.4,0.0,0.00784
D5_P5_M89_L001,Post_P28_2,Post,995270.5,995270.5,0.0,0.00684
D6_P1_M89_L001,Post_P28_2,Post,996767.6,996767.6,0.0,0.00467
D6_P3_M89_L001,Post_P28_2,Post,996548.8,996519.7,29.1,0.00503
D6_P4_M89_L001,Post_P28_2,Post,997162.6,997162.6,-0.0,0.0041
D6_P5_M89_L001,Post_P28_2,Post,991043.5,991043.5,0.0,0.01298
D7_P1_M89_L001,Post_P28_2,Post,996532.5,996532.5,0.0,0.00501
D7_P3_M89_L001,Post_P28_2,Post,994062.2,994062.2,0.0,0.00859
D7_P4_M89_L001,Post_P28_2,Post,994754.8,994754.8,-0.0,0.00759
D7_P5_M89_L001,Post_P28_2,Post,993771.4,993771.4,-0.0,0.00901
D8_P1_M89_L001,Post_P28_2,Post,992698.1,992698.1,-0.0,0.01057
D8_P3_M89_L001,Post_P28_2,Post,989295.5,989295.5,-0.0,0.01553
D8_P4_M89_L001,Post_P28_2,Post,995622.2,994880.6,741.6,0.0074
D8_P5_M89_L001,Post_P28_2,Post,992642.8,992642.8,0.0,0.01065
D9_P1_M89_L001,Post_P28_2,Post,997298.9,997298.9,-0.0,0.0039
D9_P3_M89_L001,Post_P28_2,Post,995227.5,995223.7,3.8,0.00691
D9_P4_M89_L001,Post_P28_2,Post,992487.7,991158.2,1329.5,0.01281
D9_P5_M89_L001,Post_P28_2,Post,995268.9,995101.0,167.9,0.00709
E10_P1_M89_L001,Post_P28_2,Post,996020.5,996020.5,0.0,0.00575
E10_P3_M89_L001,Post_P28_2,Post,994445.6,994441.5,4.1,0.00804
E10_P4_M89_L001,Post_P28_2,Post,995004.3,995004.3,-0.0,0.00723
E10_P5_M89_L001,Post_P28_2,Post,990535.8,990535.8,-0.0,0.01372
E11_P1_M89_L001,Post_P28_2,Post,994089.9,994089.9,-0.0,0.00855
E11_P3_M89_L001,Post_P28_2,Post,993424.5,993080.6,343.9,0.01002
E11_P4_M89_L001,Post_P28_2,Post,994965.6,994965.6,-0.0,0.00728
E11_P5_M89_L001,Post_P28_2,Post,993175.3,992657.2,518.1,0.01063
E12_P1_M89_L001,Post_P28_2,Post,991329.0,991329.0,-0.0,0.01256
E12_P3_M89_L001,Post_P28_2,Post,996073.2,996073.2,-0.0,0.00568
E12_P4_M89_L001,Post_P28_2,Post,996178.3,996178.3,0.0,0.00552
E12_P5_M89_L001,Post_P28_2,Post,995183.7,995183.7,-0.0,0.00697
E1_P1_M89_L001,Post_P28_2,Post,996858.5,996858.5,-0.0,0.00454
E1_P3_M89_L001,Post_P28_2,Post,994023.5,994023.5,-0.0,0.00865
E1_P4_M89_L001,Post_P28_2,Post,994614.0,994609.2,4.8,0.0078
E1_P5_M89_L001,Post_P28_2,Post,993676.2,992167.6,1508.6,0.01134
E2_P1_M89_L001,Post_P28_2,Post,990310.3,990310.3,0.0,0.01405
E2_P3_M89_L001,Post_P28_2,Post,995074.8,995074.8,-0.0,0.00712
E2_P4_M89_L001,Post_P28_2,Post,995847.7,995847.7,0.0,0.006
E2_P5_M89_L001,Post_P28_2,Post,992771.9,992771.9,0.0,0.01047
E3_P1_M89_L001,Post_P28_2,Post,993044.5,993044.5,0.0,0.01007
E3_P3_M89_L001,Post_P28_2,Post,996724.6,996636.4,88.2,0.00486
E3_P4_M89_L001,Post_P28_2,Post,993873.6,993873.6,-0.0,0.00887
E3_P5_M89_L001,Post_P28_2,Post,997288.6,997288.6,-0.0,0.00392
E4_P1_M89_L001,Post_P28_2,Post,996107.0,996107.0,0.0,0.00563
E4_P3_M89_L001,Post_P28_2,Post,995363.5,995213.3,150.2,0.00692
E4_P4_M89_L001,Post_P28_2,Post,996569.7,996569.7,-0.0,0.00496
E4_P5_M89_L001,Post_P28_2,Post,995577.9,995577.9,-0.0,0.00639
E5_P1_M89_L001,Post_P28_2,Post,994052.4,994039.0,13.4,0.00863
E5_P3_M89_L001,Post_P28_2,Post,994721.5,994059.5,662.0,0.0086
E5_P4_M89_L001,Post_P28_2,Post,993550.5,993550.5,0.0,0.00933
E5_P5_M89_L001,Post_P28_2,Post,995741.3,995741.3,-0.0,0.00616
E6_P1_M89_L001,Post_P28_2,Post,992804.9,992804.9,0.0,0.01042
E6_P3_M89_L001,Post_P28_2,Post,996402.4,996402.4,0.0,0.0052
E6_P4_M89_L001,Post_P28_2,Post,996823.4,996823.4,-0.0,0.00459
E6_P5_M89_L001,Post_P28_2,Post,995450.5,995450.5,0.0,0.00658
E7_P1_M89_L001,Post_P28_2,Post,995466.7,995456.6,10.1,0.00657
E7_P3_M89_L001,Post_P28_2,Post,995597.8,995597.8,-0.0,0.00637
E7_P4_M89_L001,Post_P28_2,Post,997076.0,995789.9,1286.1,0.00609
E7_P5_M89_L001,Post_P28_2,Post,994826.2,994826.2,-0.0,0.00748
E8_P1_M89_L001,Post_P28_2,Post,995442.4,995398.4,44.0,0.00665
E8_P3_M89_L001,Post_P28_2,Post,995791.8,995791.8,0.0,0.00608
E8_P4_M89_L001,Post_P28_2,Post,994521.6,994451.6,70.0,0.00803
E8_P5_M89_L001,Post_P28_2,Post,990882.3,990882.3,0.0,0.01321
E9_P1_M89_L001,Post_P28_2,Post,991409.3,991353.6,55.7,0.01253
E9_P3_M89_L001,Post_P28_2,Post,995032.0,995032.0,0.0,0.00719
E9_P4_M89_L001,Post_P28_2,Post,995845.3,995550.2,295.1,0.00643
E9_P5_M89_L001,Post_P28_2,Post,995679.9,995679.9,0.0,0.00625
F10_P1_M89_L001,Post_P28_2,Post,996362.6,996324.2,38.4,0.00531
F10_P3_M89_L001,Post_P28_2,Post,994809.2,994698.8,110.4,0.00767
F10_P4_M89_L001,Post_P28_2,Post,996173.9,996173.9,0.0,0.00553
F10_P5_M89_L001,Post_P28_2,Post,995238.6,995238.6,-0.0,0.00689
F11_P1_M89_L001,Post_P28_2,Post,996484.7,996484.7,0.0,0.00508
F11_P3_M89_L001,Post_P28_2,Post,995493.7,995493.7,0.0,0.00652
F11_P4_M89_L001,Post_P28_2,Post,992051.7,992051.7,0.0,0.01151
F11_P5_M89_L001,Post_P28_2,Post,996574.0,996549.7,24.3,0.00499
F12_P1_M89_L001,Post_P28_2,Post,995697.0,995697.0,0.0,0.00622
F12_P3_M89_L001,Post_P28_2,Post,994596.8,994596.8,-0.0,0.00782
F12_P4_M89_L001,Post_P28_2,Post,993852.3,993845.0,7.3,0.00891
F12_P5_M89_L001,Post_P28_2,Post,995980.6,995969.5,11.1,0.00583
F1_P1_M89_L001,Post_P28_2,Post,995711.8,994952.7,759.1,0.0073
F1_P3_M89_L001,Post_P28_2,Post,994221.2,994221.2,-0.0,0.00836
F1_P4_M89_L001,Post_P28_2,Post,995877.5,995875.3,2.2,0.00596
F1_P5_M89_L001,Post_P28_2,Post,996112.6,996112.6,-0.0,0.00562
F2_P1_M89_L001,Post_P28_2,Post,994152.2,994152.2,-0.0,0.00846
F2_P3_M89_L001,Post_P28_2,Post,995260.8,995260.8,-0.0,0.00685
F2_P4_M89_L001,Post_P28_2,Post,994759.6,994759.6,-0.0,0.00758
F2_P5_M89_L001,Post_P28_2,Post,992906.7,992906.7,0.0,0.01027
F3_P1_M89_L001,Post_P28_2,Post,993396.4,991908.5,1487.9,0.01172
F3_P3_M89_L001,Post_P28_2,Post,995907.7,995907.7,-0.0,0.00592
F3_P4_M89_L001,Post_P28_2,Post,994719.6,994653.9,65.7,0.00773
F3_P5_M89_L001,Post_P28_2,Post,993778.7,993778.7,0.0,0.009
F4_P1_M89_L001,Post_P28_2,Post,995673.8,995673.8,-0.0,0.00625
F4_P3_M89_L001,Post_P28_2,Post,995642.1,995642.1,-0.0,0.0063
F4_P4_M89_L001,Post_P28_2,Post,996401.4,996401.4,0.0,0.0052
F4_P5_M89_L001,Post_P28_2,Post,994576.8,994576.8,0.0,0.00785
F5_P1_M89_L001,Post_P28_2,Post,995017.1,995017.1,0.0,0.00721
F5_P3_M89_L001,Post_P28_2,Post,993533.6,993533.6,-0.0,0.00936
F5_P4_M89_L001,Post_P28_2,Post,991854.2,991854.2,-0.0,0.0118
F5_P5_M89_L001,Post_P28_2,Post,993013.0,993013.0,0.0,0.01012
F6_P1_M89_L001,Post_P28_2,Post,995852.9,995852.9,0.0,0.006
F6_P3_M89_L001,Post_P28_2,Post,995647.0,995647.0,0.0,0.00629
F6_P4_M89_L001,Post_P28_2,Post,995827.2,994439.1,1388.1,0.00805
F6_P5_M89_L001,Post_P28_2,Post,996119.9,996119.9,0.0,0.00561
F7_P1_M89_L001,Post_P28_2,Post,995215.7,995215.7,0.0,0.00692
F7_P3_M89_L001,Post_P28_2,Post,996545.8,996545.8,0.0,0.00499
F7_P4_M89_L001,Post_P28_2,Post,995283.5,994671.4,612.1,0.00771
F7_P5_M89_L001,Post_P28_2,Post,995250.0,995250.0,0.0,0.00687
F8_P1_M89_L001,Post_P28_2,Post,993790.8,993790.8,-0.0,0.00899
F8_P3_M89_L001,Post_P28_2,Post,995151.3,994718.8,432.5,0.00764
F8_P4_M89_L001,Post_P28_2,Post,993767.5,993674.8,92.7,0.00915
F8_P5_M89_L001,Post_P28_2,Post,994190.7,994190.7,-0.0,0.00841
F9_P1_M89_L001,Post_P28_2,Post,993524.2,993524.2,0.0,0.00937
F9_P3_M89_L001,Post_P28_2,Post,992648.4,992413.8,234.6,0.01099
F9_P4_M89_L001,Post_P28_2,Post,993751.6,993751.6,0.0,0.00904
F9_P5_M89_L001,Post_P28_2,Post,992927.3,992927.3,0.0,0.01024
G10_P1_M89_L001,Post_P28_2,Post,994151.7,994151.7,0.0,0.00846
G10_P3_M89_L001,Post_P28_2,Post,996352.1,996352.1,-0.0,0.00527
G10_P4_M89_L001,Post_P28_2,Post,993560.1,993560.1,-0.0,0.00932
G10_P5_M89_L001,Post_P28_2,Post,996701.9,996670.2,31.7,0.00481
G11_P1_M89_L001,Post_P28_2,Post,996286.8,996286.8,0.0,0.00537
G11_P3_M89_L001,Post_P28_2,Post,998901.8,998901.8,0.0,0.00159
G11_P4_M89_L001,Post_P28_2,Post,997395.2,994107.4,3287.8,0.00853
G11_P5_M89_L001,Post_P28_2,Post,993983.4,993983.4,0.0,0.00871
G12_P1_M89_L001,Post_P28_2,Post,994283.2,994283.2,0.0,0.00827
G12_P3_M89_L001,Post_P28_2,Post,995752.5,995552.6,199.9,0.00643
G12_P4_M89_L001,Post_P28_2,Post,996090.0,996090.0,0.0,0.00565
G12_P5_M89_L001,Post_P28_2,Post,993265.4,993265.4,0.0,0.00975
G1_P1_M89_L001,Post_P28_2,Post,996311.4,996311.4,0.0,0.00533
G1_P3_M89_L001,Post_P28_2,Post,996754.5,996754.5,-0.0,0.00469
G1_P4_M89_L001,Post_P28_2,Post,996096.8,996096.8,0.0,0.00564
G1_P5_M89_L001,Post_P28_2,Post,995829.7,995829.7,-0.0,0.00603
G2_P1_M89_L001,Post_P28_2,Post,994334.3,994334.3,-0.0,0.0082
G2_P3_M89_L001,Post_P28_2,Post,995193.4,995193.4,-0.0,0.00695
G2_P4_M89_L001,Post_P28_2,Post,994954.1,994954.1,0.0,0.0073
G2_P5_M89_L001,Post_P28_2,Post,995164.2,995164.2,-0.0,0.00699
G3_P1_M89_L001,Post_P28_2,Post,991757.2,991757.2,-0.0,0.01194
G3_P3_M89_L001,Post_P28_2,Post,994852.8,994852.8,0.0,0.00745
G3_P4_M89_L001,Post_P28_2,Post,994285.9,994285.9,0.0,0.00827
G3_P5_M89_L001,Post_P28_2,Post,992218.2,992171.3,46.9,0.01134
G4_P1_M89_L001,Post_P28_2,Post,995746.7,995746.7,-0.0,0.00615
G4_P3_M89_L001,Post_P28_2,Post,995841.1,995841.1,0.0,0.00601
G4_P4_M89_L001,Post_P28_2,Post,995305.5,995305.5,-0.0,0.00679
G4_P5_M89_L001,Post_P28_2,Post,994595.6,994595.6,0.0,0.00782
G5_P1_M89_L001,Post_P28_2,Post,996739.5,996739.5,-0.0,0.00471
G5_P3_M89_L001,Post_P28_2,Post,995763.3,995763.3,0.0,0.00613
G5_P4_M89_L001,Post_P28_2,Post,996636.4,996636.4,0.0,0.00486
G5_P5_M89_L001,Post_P28_2,Post,995086.0,995086.0,-0.0,0.00711
G6_P1_M89_L001,Post_P28_2,Post,996690.1,996690.1,-0.0,0.00478
G6_P3_M89_L001,Post_P28_2,Post,994429.4,994429.4,0.0,0.00806
G6_P4_M89_L001,Post_P28_2,Post,994134.5,994134.5,0.0,0.00849
G6_P5_M89_L001,Post_P28_2,Post,992161.6,992161.6,0.0,0.01135
G7_P1_M89_L001,Post_P28_2,Post,994221.4,994221.4,0.0,0.00836
G7_P3_M89_L001,Post_P28_2,Post,996211.0,996211.0,-0.0,0.00548
G7_P4_M89_L001,Post_P28_2,Post,994189.9,994073.9,116.0,0.00857
G7_P5_M89_L001,Post_P28_2,Post,993857.9,993857.9,0.0,0.00889
G8_P1_M89_L001,Post_P28_2,Post,992349.5,992349.5,-0.0,0.01108
G8_P3_M89_L001,Post_P28_2,Post,995579.7,995529.1,50.6,0.00646
G8_P4_M89_L001,Post_P28_2,Post,994940.2,994940.2,-0.0,0.00732
G8_P5_M89_L001,Post_P28_2,Post,993248.8,993248.8,-0.0,0.00977
G9_P1_M89_L001,Post_P28_2,Post,995141.4,995141.4,0.0,0.00703
G9_P3_M89_L001,Post_P28_2,Post,995882.7,995728.2,154.5,0.00618
G9_P4_M89_L001,Post_P28_2,Post,996784.2,996784.2,-0.0,0.00465
G9_P5_M89_L001,Post_P28_2,Post,995796.3,995752.0,44.3,0.00614
H10_P1_M89_L001,Post_P28_2,Post,995014.0,995014.0,0.0,0.00721
H10_P3_M89_L001,Post_P28_2,Post,993582.7,993582.7,-0.0,0.00929
H10_P4_M89_L001,Post_P28_2,Post,991539.4,991539.4,0.0,0.01226
H10_P5_M89_L001,Post_P28_2,Post,995922.6,995922.6,0.0,0.00589
H11_P1_M89_L001,Post_P28_2,Post,993722.6,993722.6,-0.0,0.00908
H11_P3_M89_L001,Post_P28_2,Post,996857.9,996857.9,-0.0,0.00454
H11_P4_M89_L001,Post_P28_2,Post,997063.4,997063.4,-0.0,0.00424
H11_P5_M89_L001,Post_P28_2,Post,996673.2,996620.8,52.4,0.00488
H12_P1_M89_L001,Post_P28_2,Post,991897.6,991897.6,-0.0,0.01174
H12_P3_M89_L001,Post_P28_2,Post,993442.7,993442.7,-0.0,0.00949
H12_P4_M89_L001,Post_P28_2,Post,996642.3,996642.3,-0.0,0.00485
H12_P5_M89_L001,Post_P28_2,Post,989202.4,989202.4,0.0,0.01566
H1_P3_M89_L001,Post_P28_2,Post,997361.3,997361.3,-0.0,0.00381
H1_P4_M89_L001,Post_P28_2,Post,994736.7,994341.5,395.2,0.00819
H1_P5_M89_L001,Post_P28_2,Post,994394.0,994394.0,0.0,0.00811
H2_P1_M89_L001,Post_P28_2,Post,988981.8,988981.8,-0.0,0.01598
H2_P3_M89_L001,Post_P28_2,Post,996693.2,996653.4,39.8,0.00484
H2_P4_M89_L001,Post_P28_2,Post,995334.1,995334.1,-0.0,0.00675
H2_P5_M89_L001,Post_P28_2,Post,996600.5,996600.5,0.0,0.00491
H3_P1_M89_L001,Post_P28_2,Post,993954.4,993954.4,-0.0,0.00875
H3_P3_M89_L001,Post_P28_2,Post,995438.1,995283.7,154.4,0.00682
H3_P4_M89_L001,Post_P28_2,Post,994623.7,994623.7,-0.0,0.00778
H3_P5_M89_L001,Post_P28_2,Post,994667.0,994667.0,-0.0,0.00771
H4_P1_M89_L001,Post_P28_2,Post,992257.1,992151.6,105.5,0.01137
H4_P3_M89_L001,Post_P28_2,Post,994027.7,994027.7,-0.0,0.00864
H4_P4_M89_L001,Post_P28_2,Post,993953.3,993953.3,-0.0,0.00875
H4_P5_M89_L001,Post_P28_2,Post,992493.4,992493.4,-0.0,0.01087
H5_P1_M89_L001,Post_P28_2,Post,996727.5,996727.5,-0.0,0.00473
H5_P3_M89_L001,Post_P28_2,Post,995109.0,993671.9,1437.1,0.00916
H5_P4_M89_L001,Post_P28_2,Post,992960.8,992914.7,46.1,0.01026
H5_P5_M89_L001,Post_P28_2,Post,991312.8,991312.8,0.0,0.01259
H6_P1_M89_L001,Post_P28_2,Post,992274.3,992102.8,171.5,0.01144
H6_P3_M89_L001,Post_P28_2,Post,994977.3,994709.5,267.8,0.00765
H6_P4_M89_L001,Post_P28_2,Post,995826.7,995826.7,-0.0,0.00603
H6_P5_M89_L001,Post_P28_2,Post,995659.2,995659.2,0.0,0.00628
H7_P1_M89_L001,Post_P28_2,Post,995460.1,995406.0,54.1,0.00664
H7_P3_M89_L001,Post_P28_2,Post,995041.9,995041.9,0.0,0.00717
H7_P5_M89_L001,Post_P28_2,Post,995879.8,995876.4,3.4,0.00596
H8_P1_M89_L001,Post_P28_2,Post,994832.1,994832.1,-0.0,0.00748
H8_P3_M89_L001,Post_P28_2,Post,995568.4,995568.4,-0.0,0.00641
H8_P4_M89_L001,Post_P28_2,Post,990257.3,990257.3,0.0,0.01412
H9_P1_M89_L001,Post_P28_2,Post,997507.7,997497.6,10.1,0.00361
H9_P3_M89_L001,Post_P28_2,Post,994713.1,994685.8,27.3,0.00769
H9_P4_M89_L001,Post_P28_2,Post,995360.4,995278.1,82.3,0.00683
H9_P5_M89_L001,Post_P28_2,Post,997467.6,997467.6,-0.0,0.00366
A10_P1_M50_L001,Pre_P29,Pre,993384.5,993384.5,-0.0,0.00958
A10_P4_M50_L001,Pre_P29,Pre,995653.2,995653.2,0.0,0.00628
A11_P1_M50_L001,Pre_P29,Pre,994019.9,994019.9,-0.0,0.00865
A12_P1_M50_L001,Pre_P29,Pre,994314.1,994314.1,0.0,0.00823
A12_P4_M50_L001,Pre_P29,Pre,996875.1,996875.1,0.0,0.00452
A2_P1_M50_L001,Pre_P29,Pre,996438.6,996438.6,-0.0,0.00515
A2_P4_M50_L001,Pre_P29,Pre,993399.6,993399.6,0.0,0.00955
A3_P1_M50_L001,Pre_P29,Pre,995946.2,995946.2,0.0,0.00586
A3_P4_M50_L001,Pre_P29,Pre,992551.2,992018.5,532.7,0.01156
A4_P1_M50_L001,Pre_P29,Pre,996252.8,996252.8,0.0,0.00542
A4_P4_M50_L001,Pre_P29,Pre,994682.2,994153.2,529.0,0.00846
A5_P1_M50_L001,Pre_P29,Pre,997428.7,997412.0,16.7,0.00374
A6_P1_M50_L001,Pre_P29,Pre,992972.3,992831.3,141.0,0.01038
A6_P4_M50_L001,Pre_P29,Pre,989587.6,989587.6,0.0,0.0151
A7_P4_M50_L001,Pre_P29,Pre,993081.3,992343.0,738.3,0.01109
A8_P4_M50_L001,Pre_P29,Pre,994081.7,994081.7,0.0,0.00856
A9_P1_M50_L001,Pre_P29,Pre,993817.6,993798.6,19.0,0.00897
B10_P1_M50_L001,Pre_P29,Pre,992665.4,992646.7,18.7,0.01065
B10_P4_M50_L001,Pre_P29,Pre,994580.8,994565.7,15.1,0.00786
B11_P1_M50_L001,Pre_P29,Pre,994815.2,994611.1,204.1,0.0078
B11_P4_M50_L001,Pre_P29,Pre,995339.5,995339.5,-0.0,0.00674
B12_P1_M50_L001,Pre_P29,Pre,994414.3,993739.7,674.6,0.00906
B12_P4_M50_L001,Pre_P29,Pre,994736.8,993714.1,1022.7,0.0091
B1_P1_M50_L001,Pre_P29,Pre,997017.4,995850.3,1167.1,0.006
B1_P4_M50_L001,Pre_P29,Pre,994349.9,994349.9,0.0,0.00817
B2_P1_M50_L001,Pre_P29,Pre,994006.7,993443.5,563.2,0.00949
B2_P4_M50_L001,Pre_P29,Pre,995088.7,994240.5,848.2,0.00833
B3_P1_M50_L001,Pre_P29,Pre,995505.0,995170.5,334.5,0.00698
B3_P4_M50_L001,Pre_P29,Pre,995115.2,995115.2,-0.0,0.00706
B4_P1_M50_L001,Pre_P29,Pre,992272.0,992272.0,-0.0,0.01119
B4_P4_M50_L001,Pre_P29,Pre,997126.8,997123.3,3.5,0.00416
B5_P1_M50_L001,Pre_P29,Pre,994009.5,994009.5,0.0,0.00867
B5_P4_M50_L001,Pre_P29,Pre,993392.4,993392.4,-0.0,0.00956
B6_P1_M50_L001,Pre_P29,Pre,988635.7,988622.8,12.9,0.01651
B6_P4_M50_L001,Pre_P29,Pre,992083.1,992050.5,32.6,0.01151
B7_P1_M50_L001,Pre_P29,Pre,994914.6,990986.4,3928.2,0.01306
B7_P4_M50_L001,Pre_P29,Pre,995921.4,995909.5,11.9,0.00591
B8_P1_M50_L001,Pre_P29,Pre,995232.4,995232.4,0.0,0.00689
B8_P4_M50_L001,Pre_P29,Pre,995680.0,995680.0,0.0,0.00625
B9_P1_M50_L001,Pre_P29,Pre,993856.0,993856.0,-0.0,0.00889
B9_P4_M50_L001,Pre_P29,Pre,993922.3,992645.0,1277.3,0.01065
C10_P1_M50_L001,Pre_P29,Pre,993183.6,993183.6,0.0,0.00987
C10_P4_M50_L001,Pre_P29,Pre,992321.1,992321.1,-0.0,0.01112
C11_P1_M50_L001,Pre_P29,Pre,994537.1,994537.1,0.0,0.0079
C11_P4_M50_L001,Pre_P29,Pre,996733.6,996733.6,0.0,0.00472
C12_P1_M50_L001,Pre_P29,Pre,995617.8,995617.8,0.0,0.00634
C1_P1_M50_L001,Pre_P29,Pre,993376.2,993376.2,-0.0,0.00959
C1_P4_M50_L001,Pre_P29,Pre,992106.8,990223.2,1883.6,0.01417
C2_P1_M50_L001,Pre_P29,Pre,995401.0,994349.2,1051.8,0.00818
C2_P4_M50_L001,Pre_P29,Pre,993467.5,991517.5,1950.0,0.01229
C4_P1_M50_L001,Pre_P29,Pre,991367.5,990823.6,543.9,0.0133
C4_P4_M50_L001,Pre_P29,Pre,991331.8,991331.8,-0.0,0.01256
C5_P1_M50_L001,Pre_P29,Pre,994467.5,994467.5,-0.0,0.008
C5_P4_M50_L001,Pre_P29,Pre,993080.3,992918.2,162.1,0.01025
C6_P4_M50_L001,Pre_P29,Pre,994925.7,994925.7,0.0,0.00734
C7_P1_M50_L001,Pre_P29,Pre,993045.7,992937.5,108.2,0.01023
C7_P4_M50_L001,Pre_P29,Pre,992988.7,992988.7,-0.0,0.01015
C8_P1_M50_L001,Pre_P29,Pre,993812.6,993812.6,-0.0,0.00895
C9_P1_M50_L001,Pre_P29,Pre,994864.7,994391.2,473.5,0.00811
C9_P4_M50_L001,Pre_P29,Pre,995656.5,994919.1,737.4,0.00735
D10_P1_M50_L001,Pre_P29,Pre,994506.7,994506.7,0.0,0.00795
D10_P4_M50_L001,Pre_P29,Pre,994647.2,993976.6,670.6,0.00872
D11_P1_M50_L001,Pre_P29,Pre,995169.8,995169.8,0.0,0.00699
D11_P4_M50_L001,Pre_P29,Pre,998720.6,998720.6,-0.0,0.00185
D12_P4_M50_L001,Pre_P29,Pre,995964.8,994713.8,1251.0,0.00765
D1_P1_M50_L001,Pre_P29,Pre,994995.0,994995.0,0.0,0.00724
D1_P4_M50_L001,Pre_P29,Pre,991922.6,991922.6,-0.0,0.0117
D2_P4_M50_L001,Pre_P29,Pre,991404.1,991404.1,-0.0,0.01245
D3_P1_M50_L001,Pre_P29,Pre,996456.9,996456.9,-0.0,0.00512
D3_P4_M50_L001,Pre_P29,Pre,994369.1,993646.0,723.1,0.0092
D4_P1_M50_L001,Pre_P29,Pre,993574.8,993574.8,-0.0,0.0093
D4_P4_M50_L001,Pre_P29,Pre,995795.5,995795.5,-0.0,0.00608
D5_P1_M50_L001,Pre_P29,Pre,994412.8,994259.2,153.6,0.00831
D5_P4_M50_L001,Pre_P29,Pre,988757.1,988566.7,190.4,0.01659
D6_P1_M50_L001,Pre_P29,Pre,996516.8,996516.8,0.0,0.00503
D6_P4_M50_L001,Pre_P29,Pre,993461.0,993461.0,0.0,0.00946
D7_P1_M50_L001,Pre_P29,Pre,995818.6,995818.6,0.0,0.00605
D7_P4_M50_L001,Pre_P29,Pre,995044.2,995044.2,0.0,0.00717
D8_P1_M50_L001,Pre_P29,Pre,996866.7,996866.7,0.0,0.00453
D8_P4_M50_L001,Pre_P29,Pre,996541.5,995239.9,1301.6,0.00688
D9_P1_M50_L001,Pre_P29,Pre,993647.5,993182.6,464.9,0.00987
E10_P1_M50_L001,Pre_P29,Pre,994642.7,994642.7,-0.0,0.00775
E10_P4_M50_L001,Pre_P29,Pre,996632.4,995824.4,808.0,0.00604
E11_P1_M50_L001,Pre_P29,Pre,992043.6,992043.6,-0.0,0.01152
E11_P4_M50_L001,Pre_P29,Pre,990792.8,989083.5,1709.3,0.01584
E12_P1_M50_L001,Pre_P29,Pre,996621.7,996502.5,119.2,0.00505
E12_P4_M50_L001,Pre_P29,Pre,992790.1,992790.1,0.0,0.01044
E1_P1_M50_L001,Pre_P29,Pre,995074.9,995057.8,17.1,0.00715
E2_P1_M50_L001,Pre_P29,Pre,995959.8,994440.6,1519.2,0.00804
E2_P4_M50_L001,Pre_P29,Pre,993272.0,993272.0,0.0,0.00974
E3_P1_M50_L001,Pre_P29,Pre,996183.3,995058.7,1124.6,0.00715
E3_P4_M50_L001,Pre_P29,Pre,994645.9,994645.9,0.0,0.00775
E4_P1_M50_L001,Pre_P29,Pre,995196.3,995196.3,0.0,0.00695
E5_P1_M50_L001,Pre_P29,Pre,988505.1,988216.1,289.0,0.0171
E5_P4_M50_L001,Pre_P29,Pre,995612.3,995612.3,-0.0,0.00634
E6_P1_M50_L001,Pre_P29,Pre,995160.6,995148.5,12.1,0.00702
E6_P4_M50_L001,Pre_P29,Pre,991307.8,990665.2,642.6,0.01353
E7_P1_M50_L001,Pre_P29,Pre,997157.6,997151.0,6.6,0.00412
E7_P4_M50_L001,Pre_P29,Pre,994428.8,992892.9,1535.9,0.01029
E8_P1_M50_L001,Pre_P29,Pre,994184.9,993348.4,836.5,0.00963
E8_P4_M50_L001,Pre_P29,Pre,991843.9,991843.9,0.0,0.01182
E9_P1_M50_L001,Pre_P29,Pre,990323.4,990323.4,0.0,0.01403
E9_P4_M50_L001,Pre_P29,Pre,992320.7,991999.9,320.8,0.01159
F10_P1_M50_L001,Pre_P29,Pre,991849.3,991849.3,-0.0,0.01181
F10_P4_M50_L001,Pre_P29,Pre,993813.5,993799.6,13.9,0.00897
F11_P1_M50_L001,Pre_P29,Pre,994812.0,994812.0,-0.0,0.0075
F11_P4_M50_L001,Pre_P29,Pre,992671.0,992671.0,-0.0,0.01061
F12_P1_M50_L001,Pre_P29,Pre,995812.3,995527.2,285.1,0.00647
F12_P4_M50_L001,Pre_P29,Pre,992189.1,992189.1,-0.0,0.01131
F1_P1_M50_L001,Pre_P29,Pre,993766.8,993215.2,551.6,0.00982
F1_P4_M50_L001,Pre_P29,Pre,995062.1,995062.1,0.0,0.00714
F2_P1_M50_L001,Pre_P29,Pre,995652.9,995595.9,57.0,0.00637
F3_P1_M50_L001,Pre_P29,Pre,993405.3,993246.5,158.8,0.00978
F3_P4_M50_L001,Pre_P29,Pre,997753.5,995791.1,1962.4,0.00608
F4_P4_M50_L001,Pre_P29,Pre,994243.5,994243.5,0.0,0.00833
F5_P4_M50_L001,Pre_P29,Pre,993869.8,993869.8,0.0,0.00887
F6_P1_M50_L001,Pre_P29,Pre,995916.8,995916.8,-0.0,0.0059
F6_P4_M50_L001,Pre_P29,Pre,996244.1,993798.1,2446.0,0.00898
F7_P1_M50_L001,Pre_P29,Pre,996263.6,996249.2,14.4,0.00542
F7_P4_M50_L001,Pre_P29,Pre,995575.6,995575.6,-0.0,0.0064
F8_P1_M50_L001,Pre_P29,Pre,993861.1,993686.0,175.1,0.00914
F8_P4_M50_L001,Pre_P29,Pre,994971.2,994971.2,-0.0,0.00727
F9_P1_M50_L001,Pre_P29,Pre,993787.1,993787.1,-0.0,0.00899
F9_P4_M50_L001,Pre_P29,Pre,989504.6,989504.6,-0.0,0.01522
G10_P1_M50_L001,Pre_P29,Pre,995850.1,995438.1,412.0,0.0066
G10_P4_M50_L001,Pre_P29,Pre,991985.4,991287.0,698.4,0.01263
G11_P1_M50_L001,Pre_P29,Pre,995213.5,993673.2,1540.3,0.00916
G11_P4_M50_L001,Pre_P29,Pre,992830.9,992830.9,0.0,0.01038
G12_P1_M50_L001,Pre_P29,Pre,993702.5,991351.3,2351.2,0.01253
G12_P4_M50_L001,Pre_P29,Pre,994349.9,992317.0,2032.9,0.01113
G1_P4_M50_L001,Pre_P29,Pre,994407.9,994402.6,5.3,0.0081
G2_P1_M50_L001,Pre_P29,Pre,994188.0,993815.5,372.5,0.00895
G2_P4_M50_L001,Pre_P29,Pre,996512.2,994640.4,1871.8,0.00775
G4_P4_M50_L001,Pre_P29,Pre,995327.7,994184.6,1143.1,0.00841
G5_P1_M50_L001,Pre_P29,Pre,991797.2,991797.2,0.0,0.01188
G5_P4_M50_L001,Pre_P29,Pre,991866.7,989542.2,2324.5,0.01517
G6_P1_M50_L001,Pre_P29,Pre,995035.8,990822.9,4212.9,0.0133
G7_P1_M50_L001,Pre_P29,Pre,996557.2,996557.2,0.0,0.00498
G7_P4_M50_L001,Pre_P29,Pre,993776.8,993776.8,0.0,0.00901
G8_P1_M50_L001,Pre_P29,Pre,999374.1,999369.2,4.9,0.00091
G8_P4_M50_L001,Pre_P29,Pre,991794.4,988573.0,3221.4,0.01658
G9_P1_M50_L001,Pre_P29,Pre,993384.7,991886.5,1498.2,0.01175
G9_P4_M50_L001,Pre_P29,Pre,995908.6,995908.6,-0.0,0.00591
H10_P1_M50_L001,Pre_P29,Pre,993570.1,993570.1,-0.0,0.00931
H10_P4_M50_L001,Pre_P29,Pre,995709.4,995709.4,0.0,0.0062
H11_P1_M50_L001,Pre_P29,Pre,994094.1,994086.9,7.2,0.00856
H11_P4_M50_L001,Pre_P29,Pre,997135.1,995636.9,1498.2,0.00631
H12_P1_M50_L001,Pre_P29,Pre,996693.4,996693.4,0.0,0.00478
H12_P4_M50_L001,Pre_P29,Pre,993305.5,993305.5,-0.0,0.00969
H1_P4_M50_L001,Pre_P29,Pre,998201.1,998201.1,-0.0,0.0026
H2_P1_M50_L001,Pre_P29,Pre,992298.4,991073.2,1225.2,0.01294
H2_P4_M50_L001,Pre_P29,Pre,993279.8,992786.2,493.6,0.01045
H3_P1_M50_L001,Pre_P29,Pre,993964.0,993964.0,0.0,0.00873
H4_P1_M50_L001,Pre_P29,Pre,995318.7,995318.7,0.0,0.00677
H4_P4_M50_L001,Pre_P29,Pre,994480.9,994463.7,17.2,0.00801
H5_P4_M50_L001,Pre_P29,Pre,993220.6,993220.6,-0.0,0.00981
H6_P1_M50_L001,Pre_P29,Pre,991773.6,991773.6,-0.0,0.01192
H6_P4_M50_L001,Pre_P29,Pre,992715.5,992715.5,0.0,0.01055
H7_P1_M50_L001,Pre_P29,Pre,994145.9,994145.9,0.0,0.00847
H8_P1_M50_L001,Pre_P29,Pre,991016.6,991014.4,2.2,0.01302
H8_P4_M50_L001,Pre_P29,Pre,993903.6,993896.8,6.8,0.00883
H9_P1_M50_L001,Pre_P29,Pre,995382.0,995382.0,0.0,0.00668
H9_P4_M50_L001,Pre_P29,Pre,996228.3,994238.1,1990.2,0.00834
A10_P1_M90-7-24-17,Post_P30,Post,996506.9,996506.9,-0.0,0.00505
A10_P1_M90-7-31-17,Post_P30,Post,993734.4,993734.4,0.0,0.00907
A10_P2_M90-7-24-17,Post_P30,Post,992703.9,992703.9,-0.0,0.01056
A10_P2_M90-7-31-17,Post_P30,Post,994224.3,994224.3,-0.0,0.00836
A11_P1_M90-7-24-17,Post_P30,Post,996862.7,996862.7,0.0,0.00453
A11_P1_M90-7-31-17,Post_P30,Post,990853.3,990853.3,-0.0,0.01326
A11_P2_M90-7-24-17,Post_P30,Post,995492.4,995492.4,0.0,0.00652
A11_P2_M90-7-31-17,Post_P30,Post,993244.4,993244.4,-0.0,0.00978
A12_P1_M90-7-24-17,Post_P30,Post,995347.3,995347.3,-0.0,0.00673
A12_P1_M90-7-31-17,Post_P30,Post,993878.6,993878.6,-0.0,0.00886
A12_P2_M90-7-24-17,Post_P30,Post,995905.9,995610.8,295.1,0.00635
A12_P2_M90-7-31-17,Post_P30,Post,994850.4,994832.9,17.5,0.00747
A2_P1_M90-7-24-17,Post_P30,Post,997564.2,997564.2,-0.0,0.00352
A2_P1_M90-7-31-17,Post_P30,Post,987947.1,987947.1,0.0,0.01749
A2_P2_M90-7-24-17,Post_P30,Post,996772.4,996772.4,0.0,0.00466
A2_P2_M90-7-31-17,Post_P30,Post,992227.8,992227.8,-0.0,0.01126
A3_P1_M90-7-24-17,Post_P30,Post,988574.5,988574.5,-0.0,0.01658
A3_P1_M90-7-31-17,Post_P30,Post,998707.8,998707.8,0.0,0.00187
A3_P2_M90-7-24-17,Post_P30,Post,995162.8,993674.9,1487.9,0.00915
A3_P2_M90-7-31-17,Post_P30,Post,995607.0,995607.0,-0.0,0.00635
A4_P1_M90-7-24-17,Post_P30,Post,995509.3,995509.3,-0.0,0.00649
A4_P1_M90-7-31-17,Post_P30,Post,994915.8,994906.7,9.1,0.00737
A4_P2_M90-7-24-17,Post_P30,Post,989911.4,989899.0,12.4,0.01465
A4_P2_M90-7-31-17,Post_P30,Post,994720.7,994717.2,3.5,0.00764
A5_P1_M90-7-24-17,Post_P30,Post,994286.6,994281.8,4.8,0.00827
A5_P1_M90-7-31-17,Post_P30,Post,993300.4,993300.4,-0.0,0.0097
A5_P2_M90-7-24-17,Post_P30,Post,994921.5,994921.5,0.0,0.00735
A5_P2_M90-7-31-17,Post_P30,Post,995939.7,994492.5,1447.2,0.00797
A6_P1_M90-7-24-17,Post_P30,Post,997425.4,997425.4,0.0,0.00372
A6_P1_M90-7-31-17,Post_P30,Post,992684.8,992684.8,-0.0,0.01059
A6_P2_M90-7-24-17,Post_P30,Post,995312.3,994691.6,620.7,0.00768
A6_P2_M90-7-31-17,Post_P30,Post,996635.0,996635.0,-0.0,0.00486
A7_P1_M90-7-24-17,Post_P30,Post,997035.5,997035.5,0.0,0.00428
A7_P2_M90-7-24-17,Post_P30,Post,994074.1,994074.1,-0.0,0.00857
A7_P2_M90-7-31-17,Post_P30,Post,993023.1,993023.1,0.0,0.0101
A8_P1_M90-7-24-17,Post_P30,Post,996357.3,996355.3,2.0,0.00527
A8_P1_M90-7-31-17,Post_P30,Post,993116.9,993116.9,0.0,0.00996
A8_P2_M90-7-24-17,Post_P30,Post,996127.0,996127.0,0.0,0.0056
A8_P2_M90-7-31-17,Post_P30,Post,994275.7,994273.4,2.3,0.00829
A9_P1_M90-7-24-17,Post_P30,Post,996243.3,996237.8,5.5,0.00544
A9_P1_M90-7-31-17,Post_P30,Post,996464.4,996464.4,-0.0,0.00511
A9_P2_M90-7-24-17,Post_P30,Post,995498.3,995498.3,0.0,0.00651
A9_P2_M90-7-31-17,Post_P30,Post,995656.8,995595.2,61.6,0.00637
B10_P1_M90-7-24-17,Post_P30,Post,997206.3,997206.3,-0.0,0.00404
B10_P1_M90-7-31-17,Post_P30,Post,994434.5,994434.5,-0.0,0.00805
B10_P2_M90-7-24-17,Post_P30,Post,994604.0,994604.0,-0.0,0.00781
B10_P2_M90-7-31-17,Post_P30,Post,993543.4,993543.4,-0.0,0.00935
B11_P1_M90-7-24-17,Post_P30,Post,994243.8,994243.8,0.0,0.00833
B11_P1_M90-7-31-17,Post_P30,Post,993655.4,993655.4,-0.0,0.00918
B11_P2_M90-7-24-17,Post_P30,Post,995729.7,995729.7,-0.0,0.00617
B11_P2_M90-7-31-17,Post_P30,Post,993696.0,993696.0,-0.0,0.00912
B12_P1_M90-7-24-17,Post_P30,Post,993604.9,993604.9,-0.0,0.00926
B12_P1_M90-7-31-17,Post_P30,Post,995231.3,995194.2,37.1,0.00695
B12_P2_M90-7-24-17,Post_P30,Post,995294.5,995294.5,-0.0,0.0068
B12_P2_M90-7-31-17,Post_P30,Post,995590.5,995590.5,0.0,0.00638
B1_P1_M90-7-24-17,Post_P30,Post,993627.9,993627.9,-0.0,0.00922
B1_P1_M90-7-31-17,Post_P30,Post,994013.9,994013.9,-0.0,0.00866
B1_P2_M90-7-24-17,Post_P30,Post,998716.2,998716.2,-0.0,0.00185
B1_P2_M90-7-31-17,Post_P30,Post,995659.1,995059.6,599.5,0.00715
B2_P1_M90-7-24-17,Post_P30,Post,996825.7,996825.7,-0.0,0.00459
B2_P1_M90-7-31-17,Post_P30,Post,994222.6,994218.5,4.1,0.00837
B2_P2_M90-7-24-17,Post_P30,Post,995419.3,995419.3,-0.0,0.00662
B2_P2_M90-7-31-17,Post_P30,Post,992216.0,992216.0,-0.0,0.01127
B3_P1_M90-7-24-17,Post_P30,Post,995845.1,995845.1,-0.0,0.00601
B3_P1_M90-7-31-17,Post_P30,Post,993662.0,993662.0,0.0,0.00917
B3_P2_M90-7-24-17,Post_P30,Post,992923.5,992923.5,0.0,0.01025
B3_P2_M90-7-31-17,Post_P30,Post,996242.5,996242.5,0.0,0.00543
B4_P1_M90-7-24-17,Post_P30,Post,993582.4,993582.4,-0.0,0.00929
B4_P1_M90-7-31-17,Post_P30,Post,995138.8,995126.6,12.2,0.00705
B4_P2_M90-7-24-17,Post_P30,Post,995037.7,995037.7,-0.0,0.00718
B4_P2_M90-7-31-17,Post_P30,Post,997763.8,996966.2,797.6,0.00438
B5_P1_M90-7-24-17,Post_P30,Post,991912.4,991911.1,1.3,0.01172
B5_P1_M90-7-31-17,Post_P30,Post,997050.9,997050.9,-0.0,0.00426
B5_P2_M90-7-24-17,Post_P30,Post,994993.2,994993.2,0.0,0.00724
B5_P2_M90-7-31-17,Post_P30,Post,992425.1,992425.1,-0.0,0.01097
B6_P1_M90-7-24-17,Post_P30,Post,994644.9,994639.0,5.9,0.00776
B6_P1_M90-7-31-17,Post_P30,Post,990302.2,990302.2,0.0,0.01406
B6_P2_M90-7-24-17,Post_P30,Post,995916.0,995916.0,-0.0,0.0059
B6_P2_M90-7-31-17,Post_P30,Post,994435.1,994435.1,0.0,0.00805
B7_P1_M90-7-24-17,Post_P30,Post,995061.6,995061.6,-0.0,0.00714
B7_P1_M90-7-31-17,Post_P30,Post,994368.8,994270.1,98.7,0.00829
B7_P2_M90-7-24-17,Post_P30,Post,993352.3,993352.3,0.0,0.00962
B7_P2_M90-7-31-17,Post_P30,Post,991663.0,991663.0,-0.0,0.01208
B8_P1_M90-7-24-17,Post_P30,Post,992120.6,990601.5,1519.1,0.01362
B8_P1_M90-7-31-17,Post_P30,Post,994703.5,994703.5,-0.0,0.00766
B8_P2_M90-7-24-17,Post_P30,Post,996613.8,996613.8,-0.0,0.00489
B8_P2_M90-7-31-17,Post_P30,Post,995091.0,995091.0,0.0,0.0071
B9_P1_M90-7-24-17,Post_P30,Post,995185.8,995185.8,0.0,0.00696
B9_P1_M90-7-31-17,Post_P30,Post,994502.4,994502.4,-0.0,0.00795
B9_P2_M90-7-24-17,Post_P30,Post,994249.6,994242.4,7.2,0.00833
B9_P2_M90-7-31-17,Post_P30,Post,992766.9,992766.9,-0.0,0.01047
C10_P1_M90-7-31-17,Post_P30,Post,994985.8,994985.8,0.0,0.00725
C10_P2_M90-7-24-17,Post_P30,Post,997698.1,997698.1,-0.0,0.00332
C10_P2_M90-7-31-17,Post_P30,Post,995186.3,994033.4,1152.9,0.00863
C11_P1_M90-7-24-17,Post_P30,Post,994998.2,994998.2,0.0,0.00723
C11_P1_M90-7-31-17,Post_P30,Post,995218.3,995218.3,0.0,0.00692
C11_P2_M90-7-24-17,Post_P30,Post,995926.4,995926.4,0.0,0.00589
C11_P2_M90-7-31-17,Post_P30,Post,995989.4,993718.0,2271.4,0.00909
C12_P1_M90-7-24-17,Post_P30,Post,995288.7,995288.7,0.0,0.00681
C12_P1_M90-7-31-17,Post_P30,Post,995518.0,995518.0,0.0,0.00648
C12_P2_M90-7-24-17,Post_P30,Post,995365.7,995365.7,0.0,0.0067
C12_P2_M90-7-31-17,Post_P30,Post,994497.3,994497.3,-0.0,0.00796
C1_P1_M90-7-24-17,Post_P30,Post,996143.0,996143.0,-0.0,0.00558
C1_P1_M90-7-31-17,Post_P30,Post,995945.0,995945.0,0.0,0.00586
C1_P2_M90-7-24-17,Post_P30,Post,996603.4,996595.1,8.3,0.00492
C1_P2_M90-7-31-17,Post_P30,Post,990739.5,990446.5,293.0,0.01385
C2_P1_M90-7-24-17,Post_P30,Post,997397.0,997397.0,0.0,0.00376
C2_P1_M90-7-31-17,Post_P30,Post,995469.1,995469.1,0.0,0.00655
C2_P2_M90-7-24-17,Post_P30,Post,996693.4,996693.4,0.0,0.00478
C2_P2_M90-7-31-17,Post_P30,Post,995790.6,995790.6,-0.0,0.00609
C3_P1_M90-7-24-17,Post_P30,Post,995194.8,995194.8,0.0,0.00695
C3_P1_M90-7-31-17,Post_P30,Post,995323.9,995323.9,0.0,0.00676
C3_P2_M90-7-24-17,Post_P30,Post,994977.6,994977.6,0.0,0.00726
C3_P2_M90-7-31-17,Post_P30,Post,995735.5,995655.0,80.5,0.00628
C4_P1_M90-7-24-17,Post_P30,Post,994700.9,994700.9,0.0,0.00767
C4_P1_M90-7-31-17,Post_P30,Post,995822.2,995822.2,0.0,0.00604
C4_P2_M90-7-24-17,Post_P30,Post,996153.8,996153.8,-0.0,0.00556
C4_P2_M90-7-31-17,Post_P30,Post,993774.4,993774.4,0.0,0.00901
C5_P1_M90-7-24-17,Post_P30,Post,993278.4,993278.4,0.0,0.00973
C5_P1_M90-7-31-17,Post_P30,Post,990168.7,990168.7,0.0,0.01425
C5_P2_M90-7-24-17,Post_P30,Post,992749.6,992749.6,0.0,0.0105
C5_P2_M90-7-31-17,Post_P30,Post,996052.7,996052.7,-0.0,0.00571
C6_P1_M90-7-24-17,Post_P30,Post,995978.7,995978.7,0.0,0.00581
C6_P1_M90-7-31-17,Post_P30,Post,993755.8,993755.8,-0.0,0.00904
C6_P2_M90-7-24-17,Post_P30,Post,995777.5,995663.9,113.6,0.00627
C6_P2_M90-7-31-17,Post_P30,Post,996310.3,996261.7,48.6,0.0054
C7_P1_M90-7-24-17,Post_P30,Post,994502.2,994391.8,110.4,0.00811
C7_P1_M90-7-31-17,Post_P30,Post,994535.3,994535.3,-0.0,0.00791
C7_P2_M90-7-24-17,Post_P30,Post,995026.3,995026.3,-0.0,0.00719
C7_P2_M90-7-31-17,Post_P30,Post,994636.9,994636.9,-0.0,0.00776
C8_P1_M90-7-24-17,Post_P30,Post,993214.8,992998.0,216.8,0.01014
C8_P1_M90-7-31-17,Post_P30,Post,990406.7,990406.7,0.0,0.01391
C8_P2_M90-7-24-17,Post_P30,Post,993621.9,993299.0,322.9,0.0097
C8_P2_M90-7-31-17,Post_P30,Post,994128.1,993112.2,1015.9,0.00997
C9_P1_M90-7-24-17,Post_P30,Post,996621.5,996621.5,-0.0,0.00488
C9_P1_M90-7-31-17,Post_P30,Post,997679.1,997679.1,-0.0,0.00335
C9_P2_M90-7-24-17,Post_P30,Post,992380.9,992327.3,53.6,0.01111
C9_P2_M90-7-31-17,Post_P30,Post,993019.3,993019.3,-0.0,0.01011
D10_P1_M90-7-24-17,Post_P30,Post,992208.4,992208.4,0.0,0.01128
D10_P1_M90-7-31-17,Post_P30,Post,993625.5,993625.5,0.0,0.00923
D10_P2_M90-7-24-17,Post_P30,Post,998078.4,998072.6,5.8,0.00278
D10_P2_M90-7-31-17,Post_P30,Post,997175.9,997175.9,-0.0,0.00408
D11_P1_M90-7-24-17,Post_P30,Post,995845.7,995753.0,92.7,0.00614
D11_P1_M90-7-31-17,Post_P30,Post,995914.5,995910.8,3.7,0.00591
D11_P2_M90-7-24-17,Post_P30,Post,993902.1,993902.1,-0.0,0.00882
D11_P2_M90-7-31-17,Post_P30,Post,992107.3,992049.4,57.9,0.01152
D12_P1_M90-7-24-17,Post_P30,Post,992260.2,992260.2,-0.0,0.01121
D12_P1_M90-7-31-17,Post_P30,Post,996010.3,996010.3,0.0,0.00577
D12_P2_M90-7-24-17,Post_P30,Post,993959.6,993959.6,0.0,0.00874
D12_P2_M90-7-31-17,Post_P30,Post,999503.6,999478.7,24.9,0.00075
D1_P1_M90-7-24-17,Post_P30,Post,997860.4,997860.4,0.0,0.00309
D1_P1_M90-7-31-17,Post_P30,Post,997222.0,997222.0,0.0,0.00401
D1_P2_M90-7-24-17,Post_P30,Post,996112.3,996112.3,0.0,0.00562
D1_P2_M90-7-31-17,Post_P30,Post,996808.1,996808.1,0.0,0.00461
D2_P1_M90-7-24-17,Post_P30,Post,993043.2,993043.2,-0.0,0.01007
D2_P1_M90-7-31-17,Post_P30,Post,991994.3,991994.3,-0.0,0.0116
D2_P2_M90-7-24-17,Post_P30,Post,995482.4,995482.4,0.0,0.00653
D2_P2_M90-7-31-17,Post_P30,Post,993943.7,993943.7,0.0,0.00876
D3_P1_M90-7-24-17,Post_P30,Post,994239.3,994239.3,-0.0,0.00833
D3_P1_M90-7-31-17,Post_P30,Post,994172.0,994172.0,0.0,0.00843
D3_P2_M90-7-24-17,Post_P30,Post,996403.5,996403.5,-0.0,0.0052
D3_P2_M90-7-31-17,Post_P30,Post,991465.6,991465.6,0.0,0.01237
D4_P1_M90-7-24-17,Post_P30,Post,994889.6,994889.6,-0.0,0.00739
D4_P1_M90-7-31-17,Post_P30,Post,996730.2,996730.2,-0.0,0.00473
D4_P2_M90-7-24-17,Post_P30,Post,994387.7,994387.7,0.0,0.00812
D4_P2_M90-7-31-17,Post_P30,Post,992926.8,992926.8,-0.0,0.01024
D5_P1_M90-7-24-17,Post_P30,Post,994866.4,994866.4,0.0,0.00743
D5_P1_M90-7-31-17,Post_P30,Post,994334.4,994334.4,0.0,0.0082
D5_P2_M90-7-24-17,Post_P30,Post,996094.2,996090.7,3.5,0.00565
D5_P2_M90-7-31-17,Post_P30,Post,995740.9,995740.9,0.0,0.00616
D6_P1_M90-7-24-17,Post_P30,Post,996186.2,996186.2,-0.0,0.00551
D6_P1_M90-7-31-17,Post_P30,Post,996973.3,996973.3,-0.0,0.00437
D6_P2_M90-7-24-17,Post_P30,Post,991625.9,991625.9,-0.0,0.01213
D6_P2_M90-7-31-17,Post_P30,Post,996329.1,996329.1,0.0,0.00531
D7_P1_M90-7-24-17,Post_P30,Post,995567.6,995565.9,1.7,0.00641
D7_P1_M90-7-31-17,Post_P30,Post,993570.7,992779.3,791.4,0.01046
D7_P2_M90-7-31-17,Post_P30,Post,996102.1,996102.1,-0.0,0.00563
D8_P1_M90-7-24-17,Post_P30,Post,997478.0,997478.0,0.0,0.00364
D8_P1_M90-7-31-17,Post_P30,Post,991803.0,991803.0,-0.0,0.01187
D8_P2_M90-7-24-17,Post_P30,Post,994298.6,994298.6,-0.0,0.00825
D8_P2_M90-7-31-17,Post_P30,Post,997086.8,997086.8,-0.0,0.00421
D9_P1_M90-7-31-17,Post_P30,Post,997520.0,997520.0,-0.0,0.00358
D9_P2_M90-7-24-17,Post_P30,Post,995815.4,994978.9,836.5,0.00726
D9_P2_M90-7-31-17,Post_P30,Post,996923.6,996923.6,0.0,0.00445
E10_P1_M90-7-24-17,Post_P30,Post,995049.1,995049.1,-0.0,0.00716
E10_P1_M90-7-31-17,Post_P30,Post,991199.7,991199.7,0.0,0.01275
E10_P2_M90-7-24-17,Post_P30,Post,993320.8,993320.8,0.0,0.00967
E10_P2_M90-7-31-17,Post_P30,Post,997451.3,997451.3,0.0,0.00368
E11_P1_M90-7-24-17,Post_P30,Post,998643.7,998643.7,-0.0,0.00196
E11_P1_M90-7-31-17,Post_P30,Post,988250.2,987302.3,947.9,0.01844
E11_P2_M90-7-24-17,Post_P30,Post,995635.8,995635.8,-0.0,0.00631
E11_P2_M90-7-31-17,Post_P30,Post,995215.4,995215.4,-0.0,0.00692
E12_P1_M90-7-24-17,Post_P30,Post,996390.5,996390.5,0.0,0.00522
E12_P1_M90-7-31-17,Post_P30,Post,992305.0,992305.0,0.0,0.01114
E12_P2_M90-7-24-17,Post_P30,Post,997320.0,997312.2,7.8,0.00388
E12_P2_M90-7-31-17,Post_P30,Post,996394.2,996394.2,0.0,0.00521
E1_P1_M90-7-24-17,Post_P30,Post,994690.7,994690.7,-0.0,0.00768
E1_P1_M90-7-31-17,Post_P30,Post,994550.2,993171.6,1378.6,0.00989
E1_P2_M90-7-24-17,Post_P30,Post,993585.8,993585.8,-0.0,0.00928
E1_P2_M90-7-31-17,Post_P30,Post,995431.6,995431.6,0.0,0.00661
E2_P1_M90-7-24-17,Post_P30,Post,996960.1,996960.1,-0.0,0.00439
E2_P1_M90-7-31-17,Post_P30,Post,993937.9,993937.9,-0.0,0.00877
E2_P2_M90-7-24-17,Post_P30,Post,993147.1,993147.1,0.0,0.00992
E2_P2_M90-7-31-17,Post_P30,Post,996616.9,996616.9,-0.0,0.00489
E3_P1_M90-7-24-17,Post_P30,Post,994403.4,994403.4,-0.0,0.0081
E3_P1_M90-7-31-17,Post_P30,Post,996650.9,996650.9,-0.0,0.00484
E3_P2_M90-7-24-17,Post_P30,Post,989849.2,989849.2,-0.0,0.01472
E3_P2_M90-7-31-17,Post_P30,Post,997890.2,997890.2,0.0,0.00305
E4_P1_M90-7-24-17,Post_P30,Post,997800.8,997800.8,-0.0,0.00318
E4_P1_M90-7-31-17,Post_P30,Post,994989.4,994989.4,-0.0,0.00725
E4_P2_M90-7-24-17,Post_P30,Post,995995.8,995995.8,-0.0,0.00579
E4_P2_M90-7-31-17,Post_P30,Post,995126.9,994987.2,139.7,0.00725
E5_P1_M90-7-24-17,Post_P30,Post,992489.4,992489.4,-0.0,0.01088
E5_P1_M90-7-31-17,Post_P30,Post,995541.3,995541.3,0.0,0.00645
E5_P2_M90-7-24-17,Post_P30,Post,997109.9,997087.3,22.6,0.00421
E5_P2_M90-7-31-17,Post_P30,Post,995830.2,995830.2,0.0,0.00603
E6_P1_M90-7-24-17,Post_P30,Post,993506.3,993506.3,0.0,0.0094
E6_P1_M90-7-31-17,Post_P30,Post,996699.4,996699.4,0.0,0.00477
E6_P2_M90-7-24-17,Post_P30,Post,987948.5,987663.5,285.0,0.01791
E6_P2_M90-7-31-17,Post_P30,Post,994339.0,994339.0,0.0,0.00819
E7_P1_M90-7-24-17,Post_P30,Post,994483.5,994423.9,59.6,0.00807
E7_P1_M90-7-31-17,Post_P30,Post,994946.4,994946.4,-0.0,0.00731
E7_P2_M90-7-24-17,Post_P30,Post,995243.7,995243.7,0.0,0.00688
E7_P2_M90-7-31-17,Post_P30,Post,995298.9,995178.6,120.3,0.00697
E8_P1_M90-7-24-17,Post_P30,Post,992941.1,992941.1,0.0,0.01022
E8_P2_M90-7-24-17,Post_P30,Post,997367.6,995548.2,1819.4,0.00644
E8_P2_M90-7-31-17,Post_P30,Post,994566.8,994548.9,17.9,0.00789
E9_P1_M90-7-24-17,Post_P30,Post,993735.4,993735.4,-0.0,0.00907
E9_P1_M90-7-31-17,Post_P30,Post,995798.4,995798.4,0.0,0.00607
E9_P2_M90-7-24-17,Post_P30,Post,997661.4,997661.4,-0.0,0.00338
E9_P2_M90-7-31-17,Post_P30,Post,994882.2,994882.2,0.0,0.0074
F10_P1_M90-7-24-17,Post_P30,Post,994082.5,994082.5,-0.0,0.00856
F10_P1_M90-7-31-17,Post_P30,Post,991490.7,991490.7,-0.0,0.01233
F10_P2_M90-7-24-17,Post_P30,Post,991416.8,991416.8,-0.0,0.01244
F10_P2_M90-7-31-17,Post_P30,Post,995673.2,995673.2,-0.0,0.00626
F11_P1_M90-7-24-17,Post_P30,Post,998720.2,998720.2,0.0,0.00185
F11_P1_M90-7-31-17,Post_P30,Post,994650.8,994650.8,0.0,0.00774
F11_P2_M90-7-24-17,Post_P30,Post,996362.2,996362.2,0.0,0.00526
F11_P2_M90-7-31-17,Post_P30,Post,996429.8,996429.8,0.0,0.00516
F12_P1_M90-7-24-17,Post_P30,Post,998134.4,998134.4,-0.0,0.00269
F12_P1_M90-7-31-17,Post_P30,Post,995513.3,995508.2,5.1,0.00649
F12_P2_M90-7-24-17,Post_P30,Post,994585.3,994585.3,0.0,0.00783
F12_P2_M90-7-31-17,Post_P30,Post,995985.8,995985.8,-0.0,0.0058
F1_P1_M90-7-24-17,Post_P30,Post,986501.8,986501.8,-0.0,0.01961
F1_P2_M90-7-24-17,Post_P30,Post,996315.5,996315.5,0.0,0.00533
F2_P1_M90-7-24-17,Post_P30,Post,995024.0,995024.0,-0.0,0.0072
F2_P1_M90-7-31-17,Post_P30,Post,996951.3,995563.2,1388.1,0.00642
F2_P2_M90-7-24-17,Post_P30,Post,994344.9,994247.5,97.4,0.00832
F2_P2_M90-7-31-17,Post_P30,Post,995539.4,995078.9,460.5,0.00712
F3_P1_M90-7-24-17,Post_P30,Post,995111.9,995111.9,-0.0,0.00707
F3_P1_M90-7-31-17,Post_P30,Post,994663.1,994663.1,0.0,0.00772
F3_P2_M90-7-24-17,Post_P30,Post,996114.9,996114.9,0.0,0.00562
F3_P2_M90-7-31-17,Post_P30,Post,995554.0,995142.0,412.0,0.00703
F4_P1_M90-7-24-17,Post_P30,Post,993303.1,993303.1,-0.0,0.00969
F4_P1_M90-7-31-17,Post_P30,Post,993675.8,993675.8,0.0,0.00915
F4_P2_M90-7-24-17,Post_P30,Post,995919.9,995919.9,0.0,0.0059
F4_P2_M90-7-31-17,Post_P30,Post,995417.0,995417.0,-0.0,0.00663
F5_P1_M90-7-24-17,Post_P30,Post,995434.6,995431.0,3.6,0.00661
F5_P1_M90-7-31-17,Post_P30,Post,994134.9,994134.9,-0.0,0.00849
F5_P2_M90-7-24-17,Post_P30,Post,994586.4,994586.4,0.0,0.00783
F5_P2_M90-7-31-17,Post_P30,Post,993853.0,993853.0,0.0,0.0089
F6_P1_M90-7-24-17,Post_P30,Post,993158.3,993158.3,0.0,0.0099
F6_P1_M90-7-31-17,Post_P30,Post,995276.1,995270.7,5.4,0.00684
F6_P2_M90-7-24-17,Post_P30,Post,995044.0,995044.0,-0.0,0.00717
F6_P2_M90-7-31-17,Post_P30,Post,993653.7,993653.7,0.0,0.00918
F7_P1_M90-7-24-17,Post_P30,Post,996746.9,996746.9,-0.0,0.0047
F7_P1_M90-7-31-17,Post_P30,Post,992999.1,992999.1,0.0,0.01014
F7_P2_M90-7-24-17,Post_P30,Post,995664.1,995664.1,0.0,0.00627
F7_P2_M90-7-31-17,Post_P30,Post,989977.8,989976.5,1.3,0.01453
F8_P1_M90-7-24-17,Post_P30,Post,996703.0,996665.7,37.3,0.00482
F8_P1_M90-7-31-17,Post_P30,Post,996724.3,996724.3,-0.0,0.00473
F8_P2_M90-7-24-17,Post_P30,Post,995146.8,995013.5,133.3,0.00721
F8_P2_M90-7-31-17,Post_P30,Post,994644.4,994641.6,2.8,0.00775
F9_P1_M90-7-24-17,Post_P30,Post,996229.9,996229.9,0.0,0.00545
F9_P1_M90-7-31-17,Post_P30,Post,994621.7,994621.7,-0.0,0.00778
F9_P2_M90-7-24-17,Post_P30,Post,993492.1,993140.9,351.2,0.00993
F9_P2_M90-7-31-17,Post_P30,Post,992982.5,992982.5,0.0,0.01016
G10_P1_M90-7-24-17,Post_P30,Post,995452.6,995354.5,98.1,0.00672
G10_P1_M90-7-31-17,Post_P30,Post,991914.8,989187.7,2727.1,0.01568
G10_P2_M90-7-24-17,Post_P30,Post,996047.2,995580.5,466.7,0.00639
G10_P2_M90-7-31-17,Post_P30,Post,992136.6,992136.6,0.0,0.01139
G11_P1_M90-7-24-17,Post_P30,Post,995310.6,995272.0,38.6,0.00684
G11_P1_M90-7-31-17,Post_P30,Post,992594.2,992594.2,0.0,0.01072
G11_P2_M90-7-24-17,Post_P30,Post,996733.6,996733.6,0.0,0.00472
G11_P2_M90-7-31-17,Post_P30,Post,992744.5,992721.5,23.0,0.01054
G12_P1_M90-7-24-17,Post_P30,Post,996063.3,996063.3,0.0,0.00569
G12_P1_M90-7-31-17,Post_P30,Post,996671.5,996671.5,0.0,0.00481
G12_P2_M90-7-24-17,Post_P30,Post,994666.1,994666.1,-0.0,0.00772
G12_P2_M90-7-31-17,Post_P30,Post,994592.8,994592.8,0.0,0.00782
G1_P1_M90-7-24-17,Post_P30,Post,996390.3,996390.3,0.0,0.00522
G1_P1_M90-7-31-17,Post_P30,Post,994627.9,994627.9,0.0,0.00777
G1_P2_M90-7-24-17,Post_P30,Post,994736.6,994736.6,-0.0,0.00761
G1_P2_M90-7-31-17,Post_P30,Post,995497.0,995497.0,0.0,0.00651
G2_P1_M90-7-24-17,Post_P30,Post,993506.2,993506.2,-0.0,0.0094
G2_P1_M90-7-31-17,Post_P30,Post,995045.8,995045.8,0.0,0.00717
G2_P2_M90-7-24-17,Post_P30,Post,994696.4,994696.4,-0.0,0.00767
G2_P2_M90-7-31-17,Post_P30,Post,995335.2,995335.2,-0.0,0.00675
G3_P1_M90-7-24-17,Post_P30,Post,996005.9,996005.9,0.0,0.00577
G3_P1_M90-7-31-17,Post_P30,Post,993417.8,993397.3,20.5,0.00956
G3_P2_M90-7-24-17,Post_P30,Post,994377.7,993842.6,535.1,0.00891
G3_P2_M90-7-31-17,Post_P30,Post,993371.5,993371.5,0.0,0.00959
G4_P1_M90-7-24-17,Post_P30,Post,996087.0,996080.6,6.4,0.00567
G4_P1_M90-7-31-17,Post_P30,Post,995002.9,995002.9,-0.0,0.00723
G4_P2_M90-7-24-17,Post_P30,Post,990883.5,990883.5,-0.0,0.01321
G4_P2_M90-7-31-17,Post_P30,Post,992200.1,992187.1,13.0,0.01132
G5_P1_M90-7-24-17,Post_P30,Post,992643.7,992643.7,0.0,0.01065
G5_P1_M90-7-31-17,Post_P30,Post,996160.0,996160.0,-0.0,0.00555
G5_P2_M90-7-24-17,Post_P30,Post,995127.6,995127.6,0.0,0.00705
G5_P2_M90-7-31-17,Post_P30,Post,991786.4,991786.4,0.0,0.0119
G6_P1_M90-7-24-17,Post_P30,Post,996913.7,996913.7,0.0,0.00446
G6_P1_M90-7-31-17,Post_P30,Post,995123.8,995123.8,0.0,0.00705
G6_P2_M90-7-24-17,Post_P30,Post,996659.4,996659.4,0.0,0.00483
G7_P1_M90-7-24-17,Post_P30,Post,996568.0,996568.0,0.0,0.00496
G7_P1_M90-7-31-17,Post_P30,Post,996332.0,995453.8,878.2,0.00657
G7_P2_M90-7-24-17,Post_P30,Post,997834.1,997834.1,0.0,0.00313
G7_P2_M90-7-31-17,Post_P30,Post,993006.3,992995.1,11.2,0.01014
G8_P1_M90-7-24-17,Post_P30,Post,994112.8,993999.3,113.5,0.00868
G8_P1_M90-7-31-17,Post_P30,Post,995100.6,995100.6,0.0,0.00709
G8_P2_M90-7-24-17,Post_P30,Post,987202.5,986841.5,361.0,0.01911
G8_P2_M90-7-31-17,Post_P30,Post,996687.0,996687.0,0.0,0.00479
G9_P1_M90-7-24-17,Post_P30,Post,993598.6,993598.6,0.0,0.00926
G9_P1_M90-7-31-17,Post_P30,Post,997044.0,996122.2,921.8,0.00561
G9_P2_M90-7-24-17,Post_P30,Post,993915.9,993867.3,48.6,0.00887
G9_P2_M90-7-31-17,Post_P30,Post,995658.3,995658.3,-0.0,0.00628
H10_P1_M90-7-24-17,Post_P30,Post,993495.9,993482.8,13.1,0.00943
H10_P1_M90-7-31-17,Post_P30,Post,995403.4,995055.7,347.7,0.00715
H10_P2_M90-7-24-17,Post_P30,Post,995750.4,995750.4,0.0,0.00614
H10_P2_M90-7-31-17,Post_P30,Post,995857.2,995857.2,-0.0,0.00599
H11_P1_M90-7-24-17,Post_P30,Post,995508.5,995508.5,0.0,0.00649
H11_P2_M90-7-24-17,Post_P30,Post,994312.1,994312.1,0.0,0.00823
H11_P2_M90-7-31-17,Post_P30,Post,993473.4,993473.4,0.0,0.00945
H12_P1_M90-7-24-17,Post_P30,Post,995775.2,995775.2,0.0,0.00611
H12_P1_M90-7-31-17,Post_P30,Post,994980.9,994980.9,-0.0,0.00726
H12_P2_M90-7-24-17,Post_P30,Post,993770.2,993770.2,-0.0,0.00902
H12_P2_M90-7-31-17,Post_P30,Post,996344.9,996344.9,-0.0,0.00528
H1_P1_M90-7-24-17,Post_P30,Post,996952.3,996952.3,-0.0,0.0044
H1_P1_M90-7-31-17,Post_P30,Post,995008.2,995008.2,0.0,0.00722
H1_P2_M90-7-24-17,Post_P30,Post,994515.5,994515.5,0.0,0.00793
H1_P2_M90-7-31-17,Post_P30,Post,995767.9,995767.9,0.0,0.00612
H2_P1_M90-7-24-17,Post_P30,Post,994200.1,994200.1,-0.0,0.00839
H2_P1_M90-7-31-17,Post_P30,Post,996345.7,996324.7,21.0,0.00531
H2_P2_M90-7-24-17,Post_P30,Post,996796.9,996796.9,0.0,0.00463
H2_P2_M90-7-31-17,Post_P30,Post,988927.4,988911.0,16.4,0.01609
H3_P1_M90-7-24-17,Post_P30,Post,990504.9,990504.9,0.0,0.01376
H3_P2_M90-7-24-17,Post_P30,Post,995648.9,995634.3,14.6,0.00631
H4_P1_M90-7-24-17,Post_P30,Post,993949.6,993946.8,2.8,0.00876
H4_P1_M90-7-31-17,Post_P30,Post,992153.3,992153.3,0.0,0.01137
H4_P2_M90-7-24-17,Post_P30,Post,996160.1,996160.1,-0.0,0.00555
H4_P2_M90-7-31-17,Post_P30,Post,994563.7,994563.7,-0.0,0.00786
H5_P1_M90-7-31-17,Post_P30,Post,994764.4,994764.4,0.0,0.00757
H5_P2_M90-7-24-17,Post_P30,Post,993569.8,993554.7,15.1,0.00933
H5_P2_M90-7-31-17,Post_P30,Post,992459.1,991339.5,1119.6,0.01255
H6_P1_M90-7-24-17,Post_P30,Post,996365.7,996360.9,4.8,0.00526
H6_P1_M90-7-31-17,Post_P30,Post,996755.7,996717.8,37.9,0.00474
H6_P2_M90-7-24-17,Post_P30,Post,993998.4,993998.4,-0.0,0.00868
H6_P2_M90-7-31-17,Post_P30,Post,996266.6,994971.4,1295.2,0.00727
H7_P1_M90-7-24-17,Post_P30,Post,995817.9,995817.9,0.0,0.00605
H7_P1_M90-7-31-17,Post_P30,Post,994367.2,994234.7,132.5,0.00834
H7_P2_M90-7-24-17,Post_P30,Post,996070.3,996070.3,-0.0,0.00568
H7_P2_M90-7-31-17,Post_P30,Post,996705.5,995717.3,988.2,0.00619
H8_P1_M90-7-24-17,Post_P30,Post,996844.8,996844.8,0.0,0.00456
H8_P1_M90-7-31-17,Post_P30,Post,994488.4,992309.6,2178.8,0.01114
H8_P2_M90-7-24-17,Post_P30,Post,993224.7,993141.9,82.8,0.00993
H8_P2_M90-7-31-17,Post_P30,Post,994184.0,994184.0,0.0,0.00842
H9_P1_M90-7-24-17,Post_P30,Post,997330.8,997273.8,57.0,0.00394
H9_P1_M90-7-31-17,Post_P30,Post,994910.1,992351.2,2558.9,0.01108
H9_P2_M90-7-24-17,Post_P30,Post,992804.9,992804.9,-0.0,0.01042
H9_P2_M90-7-31-17,Post_P30,Post,995280.8,995280.8,0.0,0.00682
A10_P1_M77_L001,Pre_P31,Pre,995442.3,995442.3,-0.0,0.00659
A10_P2_M77_L001,Pre_P31,Pre,992944.6,992944.6,-0.0,0.01021
A10_P3_M77_L001,Pre_P31,Pre,995055.5,995055.5,0.0,0.00715
A10_P4_M77_L001,Pre_P31,Pre,991734.5,989952.6,1781.9,0.01457
A11_P1_M77_L001,Pre_P31,Pre,993795.1,993334.7,460.4,0.00965
A11_P2_M77_L001,Pre_P31,Pre,993080.7,991812.2,1268.5,0.01186
A11_P4_M77_L001,Pre_P31,Pre,994468.9,994468.9,0.0,0.008
A12_P1_M77_L001,Pre_P31,Pre,994672.1,994672.1,0.0,0.00771
A12_P2_M77_L001,Pre_P31,Pre,991380.5,991363.8,16.7,0.01251
A12_P3_M77_L001,Pre_P31,Pre,993063.7,991777.6,1286.1,0.01191
A12_P4_M77_L001,Pre_P31,Pre,993812.7,992993.4,819.3,0.01014
A2_P1_M77_L001,Pre_P31,Pre,996410.3,987001.1,9409.2,0.01888
A2_P2_M77_L001,Pre_P31,Pre,993074.8,992503.7,571.1,0.01086
A2_P3_M77_L001,Pre_P31,Pre,992750.8,992750.8,-0.0,0.0105
A2_P4_M77_L001,Pre_P31,Pre,994409.8,993771.0,638.8,0.00901
A3_P1_M77_L001,Pre_P31,Pre,993667.4,993667.4,0.0,0.00917
A3_P2_M77_L001,Pre_P31,Pre,991885.5,991196.7,688.8,0.01276
A3_P3_M77_L001,Pre_P31,Pre,993186.2,993121.8,64.4,0.00996
A3_P4_M77_L001,Pre_P31,Pre,993010.2,992855.8,154.4,0.01034
A4_P1_M77_L001,Pre_P31,Pre,992482.5,992482.5,-0.0,0.01089
A4_P2_M77_L001,Pre_P31,Pre,991489.5,991489.5,-0.0,0.01233
A4_P3_M77_L001,Pre_P31,Pre,997559.5,997559.5,-0.0,0.00353
A4_P4_M77_L001,Pre_P31,Pre,993313.0,993257.5,55.5,0.00976
A5_P1_M77_L001,Pre_P31,Pre,992367.2,992367.2,-0.0,0.01105
A5_P2_M77_L001,Pre_P31,Pre,992145.8,990288.2,1857.6,0.01408
A5_P3_M77_L001,Pre_P31,Pre,993541.6,993541.6,-0.0,0.00935
A5_P4_M77_L001,Pre_P31,Pre,991415.0,991415.0,-0.0,0.01244
A6_P1_M77_L001,Pre_P31,Pre,990820.4,990820.4,0.0,0.0133
A6_P3_M77_L001,Pre_P31,Pre,992003.8,992003.8,0.0,0.01158
A6_P4_M77_L001,Pre_P31,Pre,993356.0,992156.1,1199.9,0.01136
A7_P1_M77_L001,Pre_P31,Pre,993605.4,993310.3,295.1,0.00968
A7_P2_M77_L001,Pre_P31,Pre,984834.2,984834.2,-0.0,0.02205
A7_P3_M77_L001,Pre_P31,Pre,995466.6,995466.6,-0.0,0.00656
A7_P4_M77_L001,Pre_P31,Pre,989683.1,989683.1,0.0,0.01496
A8_P1_M77_L001,Pre_P31,Pre,993673.6,993673.6,0.0,0.00916
A8_P2_M77_L001,Pre_P31,Pre,993990.3,993990.3,0.0,0.0087
A8_P3_M77_L001,Pre_P31,Pre,995186.3,995186.3,-0.0,0.00696
A8_P4_M77_L001,Pre_P31,Pre,989728.0,989728.0,0.0,0.0149
A9_P1_M77_L001,Pre_P31,Pre,995611.5,995611.5,0.0,0.00635
A9_P2_M77_L001,Pre_P31,Pre,991750.7,991750.7,-0.0,0.01195
A9_P3_M77_L001,Pre_P31,Pre,993910.7,993910.7,-0.0,0.00881
A9_P4_M77_L001,Pre_P31,Pre,992134.6,991664.4,470.2,0.01208
B10_P2_M77_L001,Pre_P31,Pre,995610.3,995596.4,13.9,0.00637
B10_P3_M77_L001,Pre_P31,Pre,994594.6,994594.6,-0.0,0.00782
B10_P4_M77_L001,Pre_P31,Pre,996020.7,996020.7,-0.0,0.00575
B11_P1_M77_L001,Pre_P31,Pre,994952.9,994952.9,-0.0,0.0073
B11_P2_M77_L001,Pre_P31,Pre,995767.7,995767.7,0.0,0.00612
B11_P3_M77_L001,Pre_P31,Pre,996011.3,996011.3,-0.0,0.00577
B11_P4_M77_L001,Pre_P31,Pre,988956.7,988956.7,0.0,0.01602
B12_P1_M77_L001,Pre_P31,Pre,993108.7,993108.7,-0.0,0.00998
B12_P2_M77_L001,Pre_P31,Pre,994474.2,994467.2,7.0,0.008
B12_P3_M77_L001,Pre_P31,Pre,994564.8,994564.8,0.0,0.00786
B12_P4_M77_L001,Pre_P31,Pre,988808.9,988806.0,2.9,0.01624
B1_P1_M77_L001,Pre_P31,Pre,991690.5,991413.3,277.2,0.01244
B1_P2_M77_L001,Pre_P31,Pre,994789.8,994789.8,0.0,0.00754
B1_P3_M77_L001,Pre_P31,Pre,990703.4,990703.4,-0.0,0.01347
B1_P4_M77_L001,Pre_P31,Pre,990686.6,990686.6,-0.0,0.0135
B2_P1_M77_L001,Pre_P31,Pre,993119.5,993119.5,0.0,0.00996
B2_P2_M77_L001,Pre_P31,Pre,994218.6,994198.8,19.8,0.00839
B2_P3_M77_L001,Pre_P31,Pre,992993.0,992993.0,-0.0,0.01014
B2_P4_M77_L001,Pre_P31,Pre,993690.1,993678.3,11.8,0.00915
B3_P1_M77_L001,Pre_P31,Pre,996234.8,996234.8,0.0,0.00544
B3_P2_M77_L001,Pre_P31,Pre,992532.4,992532.4,0.0,0.01081
B3_P3_M77_L001,Pre_P31,Pre,994142.2,993655.4,486.8,0.00918
B3_P4_M77_L001,Pre_P31,Pre,998202.0,998059.1,142.9,0.0028
B4_P1_M77_L001,Pre_P31,Pre,997384.8,996646.5,738.3,0.00485
B4_P2_M77_L001,Pre_P31,Pre,995249.0,995249.0,0.0,0.00687
B4_P3_M77_L001,Pre_P31,Pre,991517.8,991517.8,0.0,0.01229
B4_P4_M77_L001,Pre_P31,Pre,994809.1,994809.1,-0.0,0.00751
B5_P1_M77_L001,Pre_P31,Pre,991166.6,991166.6,0.0,0.0128
B5_P2_M77_L001,Pre_P31,Pre,1000215.9,1000213.7,2.2,-0.00031
B5_P3_M77_L001,Pre_P31,Pre,990660.6,990660.6,-0.0,0.01354
B5_P4_M77_L001,Pre_P31,Pre,989272.0,989272.0,0.0,0.01556
B6_P1_M77_L001,Pre_P31,Pre,992342.3,992342.3,0.0,0.01109
B6_P2_M77_L001,Pre_P31,Pre,988386.7,988386.7,0.0,0.01685
B6_P3_M77_L001,Pre_P31,Pre,993544.3,993544.3,0.0,0.00934
B6_P4_M77_L001,Pre_P31,Pre,993407.0,992488.0,919.0,0.01088
B7_P1_M77_L001,Pre_P31,Pre,995300.4,995300.4,-0.0,0.0068
B7_P2_M77_L001,Pre_P31,Pre,995146.0,995146.0,-0.0,0.00702
B7_P3_M77_L001,Pre_P31,Pre,995163.0,995163.0,0.0,0.007
B7_P4_M77_L001,Pre_P31,Pre,991918.7,991009.6,909.1,0.01303
B8_P1_M77_L001,Pre_P31,Pre,994034.6,994034.6,-0.0,0.00863
B8_P2_M77_L001,Pre_P31,Pre,991057.9,990647.0,410.9,0.01356
B8_P3_M77_L001,Pre_P31,Pre,994488.8,993041.7,1447.1,0.01007
B8_P4_M77_L001,Pre_P31,Pre,993948.7,993227.1,721.6,0.0098
B9_P1_M77_L001,Pre_P31,Pre,991668.5,991668.5,0.0,0.01207
B9_P2_M77_L001,Pre_P31,Pre,993356.9,992906.0,450.9,0.01027
B9_P3_M77_L001,Pre_P31,Pre,991069.7,991069.7,-0.0,0.01294
B9_P4_M77_L001,Pre_P31,Pre,994180.0,993461.9,718.1,0.00946
C10_P2_M77_L001,Pre_P31,Pre,992646.9,992305.4,341.5,0.01114
C10_P3_M77_L001,Pre_P31,Pre,994111.9,994111.9,0.0,0.00852
C10_P4_M77_L001,Pre_P31,Pre,994765.1,994765.1,-0.0,0.00757
C11_P1_M77_L001,Pre_P31,Pre,994008.0,994008.0,-0.0,0.00867
C11_P2_M77_L001,Pre_P31,Pre,990530.0,990530.0,0.0,0.01373
C11_P3_M77_L001,Pre_P31,Pre,994083.7,994083.7,0.0,0.00856
C11_P4_M77_L001,Pre_P31,Pre,994355.1,994348.6,6.5,0.00818
C12_P1_M77_L001,Pre_P31,Pre,992404.8,992404.8,0.0,0.011
C12_P2_M77_L001,Pre_P31,Pre,993824.7,993743.4,81.3,0.00905
C12_P3_M77_L001,Pre_P31,Pre,994395.9,994395.9,-0.0,0.00811
C12_P4_M77_L001,Pre_P31,Pre,994922.5,994922.5,-0.0,0.00734
C1_P1_M77_L001,Pre_P31,Pre,991541.6,991541.6,0.0,0.01225
C1_P2_M77_L001,Pre_P31,Pre,994342.5,994342.5,0.0,0.00819
C1_P3_M77_L001,Pre_P31,Pre,993569.5,993569.5,-0.0,0.00931
C2_P1_M77_L001,Pre_P31,Pre,995627.8,995627.8,-0.0,0.00632
C2_P2_M77_L001,Pre_P31,Pre,990370.9,990370.9,-0.0,0.01396
C2_P3_M77_L001,Pre_P31,Pre,988417.9,988417.9,-0.0,0.01681
C2_P4_M77_L001,Pre_P31,Pre,993282.8,993282.8,-0.0,0.00972
C3_P1_M77_L001,Pre_P31,Pre,991808.3,991797.5,10.8,0.01188
C3_P2_M77_L001,Pre_P31,Pre,992585.4,992585.4,-0.0,0.01074
C3_P3_M77_L001,Pre_P31,Pre,989689.9,989689.9,-0.0,0.01495
C3_P4_M77_L001,Pre_P31,Pre,992717.5,991829.9,887.6,0.01184
C4_P1_M77_L001,Pre_P31,Pre,995554.5,994566.4,988.1,0.00786
C4_P2_M77_L001,Pre_P31,Pre,994107.4,994104.5,2.9,0.00853
C4_P3_M77_L001,Pre_P31,Pre,991756.2,991756.2,0.0,0.01194
C4_P4_M77_L001,Pre_P31,Pre,996328.2,996328.2,0.0,0.00531
C5_P2_M77_L001,Pre_P31,Pre,993320.7,993320.7,-0.0,0.00967
C5_P3_M77_L001,Pre_P31,Pre,992106.6,991912.2,194.4,0.01172
C5_P4_M77_L001,Pre_P31,Pre,995054.9,995054.9,0.0,0.00715
C6_P1_M77_L001,Pre_P31,Pre,994994.5,994994.5,-0.0,0.00724
C6_P2_M77_L001,Pre_P31,Pre,991029.6,991012.7,16.9,0.01302
C7_P1_M77_L001,Pre_P31,Pre,993090.2,993090.2,0.0,0.01
C7_P2_M77_L001,Pre_P31,Pre,995489.1,995489.1,0.0,0.00652
C8_P1_M77_L001,Pre_P31,Pre,995630.1,995630.1,0.0,0.00632
C8_P3_M77_L001,Pre_P31,Pre,986422.0,986422.0,-0.0,0.01972
C9_P1_M77_L001,Pre_P31,Pre,990799.7,990799.7,0.0,0.01333
C9_P2_M77_L001,Pre_P31,Pre,984748.2,984546.9,201.3,0.02247
C9_P3_M77_L001,Pre_P31,Pre,990197.4,990197.4,0.0,0.01421
C9_P4_M77_L001,Pre_P31,Pre,995820.5,995609.2,211.3,0.00635
D10_P1_M77_L001,Pre_P31,Pre,991589.7,991589.7,0.0,0.01218
D10_P2_M77_L001,Pre_P31,Pre,994614.8,994614.8,-0.0,0.00779
D10_P4_M77_L001,Pre_P31,Pre,992452.1,991201.1,1251.0,0.01275
D11_P1_M77_L001,Pre_P31,Pre,995532.2,995520.4,11.8,0.00648
D11_P2_M77_L001,Pre_P31,Pre,994528.4,994506.2,22.2,0.00795
D11_P3_M77_L001,Pre_P31,Pre,988426.9,988426.9,0.0,0.01679
D11_P4_M77_L001,Pre_P31,Pre,990981.4,990981.4,-0.0,0.01307
D12_P1_M77_L001,Pre_P31,Pre,997454.8,997454.8,-0.0,0.00368
D12_P2_M77_L001,Pre_P31,Pre,992620.0,992620.0,0.0,0.01069
D12_P3_M77_L001,Pre_P31,Pre,992976.3,992976.3,-0.0,0.01017
D12_P4_M77_L001,Pre_P31,Pre,992664.1,992664.1,0.0,0.01062
D1_P1_M77_L001,Pre_P31,Pre,992858.9,992858.9,-0.0,0.01034
D1_P2_M77_L001,Pre_P31,Pre,989034.4,989031.8,2.6,0.01591
D1_P3_M77_L001,Pre_P31,Pre,997147.9,997143.9,4.0,0.00413
D1_P4_M77_L001,Pre_P31,Pre,995064.1,995064.1,-0.0,0.00714
D2_P1_M77_L001,Pre_P31,Pre,992297.4,992297.4,-0.0,0.01116
D2_P2_M77_L001,Pre_P31,Pre,991282.6,991048.0,234.6,0.01297
D2_P3_M77_L001,Pre_P31,Pre,992192.0,992192.0,-0.0,0.01131
D2_P4_M77_L001,Pre_P31,Pre,995437.6,995437.6,-0.0,0.0066
D3_P1_M77_L001,Pre_P31,Pre,993675.7,993675.7,-0.0,0.00915
D3_P2_M77_L001,Pre_P31,Pre,992908.6,992578.8,329.8,0.01075
D3_P3_M77_L001,Pre_P31,Pre,993583.9,993583.9,-0.0,0.00929
D3_P4_M77_L001,Pre_P31,Pre,991024.4,983954.6,7069.8,0.02334
D4_P1_M77_L001,Pre_P31,Pre,990337.9,990337.9,-0.0,0.01401
D4_P2_M77_L001,Pre_P31,Pre,994807.1,994807.1,-0.0,0.00751
D4_P4_M77_L001,Pre_P31,Pre,992143.5,991277.4,866.1,0.01264
D5_P1_M77_L001,Pre_P31,Pre,993420.4,993420.4,-0.0,0.00952
D5_P2_M77_L001,Pre_P31,Pre,995830.2,995830.2,-0.0,0.00603
D5_P3_M77_L001,Pre_P31,Pre,995018.6,995018.6,0.0,0.0072
D6_P1_M77_L001,Pre_P31,Pre,995652.6,995652.6,-0.0,0.00629
D6_P2_M77_L001,Pre_P31,Pre,992134.7,992134.7,0.0,0.01139
D6_P3_M77_L001,Pre_P31,Pre,994863.1,994863.1,-0.0,0.00743
D6_P4_M77_L001,Pre_P31,Pre,994634.9,994634.9,-0.0,0.00776
D7_P1_M77_L001,Pre_P31,Pre,993260.8,993260.8,-0.0,0.00976
D7_P2_M77_L001,Pre_P31,Pre,994919.0,994244.5,674.5,0.00833
D7_P3_M77_L001,Pre_P31,Pre,993958.3,993958.3,-0.0,0.00874
D7_P4_M77_L001,Pre_P31,Pre,994223.3,993015.0,1208.3,0.01011
D8_P1_M77_L001,Pre_P31,Pre,992539.0,992539.0,-0.0,0.0108
D8_P3_M77_L001,Pre_P31,Pre,993173.0,993173.0,0.0,0.00988
D8_P4_M77_L001,Pre_P31,Pre,991974.1,990696.8,1277.3,0.01348
D9_P1_M77_L001,Pre_P31,Pre,993316.4,993316.4,0.0,0.00967
D9_P2_M77_L001,Pre_P31,Pre,992890.4,992881.5,8.9,0.01031
D9_P3_M77_L001,Pre_P31,Pre,996567.2,996375.5,191.7,0.00524
D9_P4_M77_L001,Pre_P31,Pre,996131.8,996131.8,0.0,0.00559
E10_P1_M77_L001,Pre_P31,Pre,992373.8,992373.8,-0.0,0.01104
E10_P2_M77_L001,Pre_P31,Pre,995569.4,995569.4,-0.0,0.00641
E10_P3_M77_L001,Pre_P31,Pre,990510.6,988789.6,1721.0,0.01626
E10_P4_M77_L001,Pre_P31,Pre,993675.0,993675.0,0.0,0.00915
E11_P1_M77_L001,Pre_P31,Pre,987328.8,987328.8,0.0,0.0184
E11_P2_M77_L001,Pre_P31,Pre,993424.2,993424.2,0.0,0.00952
E11_P3_M77_L001,Pre_P31,Pre,993385.2,993287.9,97.3,0.00972
E11_P4_M77_L001,Pre_P31,Pre,994519.8,994519.8,-0.0,0.00793
E12_P1_M77_L001,Pre_P31,Pre,995934.3,995216.2,718.1,0.00692
E12_P2_M77_L001,Pre_P31,Pre,992308.0,992308.0,0.0,0.01114
E12_P3_M77_L001,Pre_P31,Pre,991075.2,991075.2,-0.0,0.01293
E1_P1_M77_L001,Pre_P31,Pre,994786.3,994162.4,623.9,0.00845
E1_P2_M77_L001,Pre_P31,Pre,989639.2,989639.2,-0.0,0.01503
E1_P3_M77_L001,Pre_P31,Pre,987613.8,986908.9,704.9,0.01901
E1_P4_M77_L001,Pre_P31,Pre,992102.0,992102.0,-0.0,0.01144
E2_P1_M77_L001,Pre_P31,Pre,992162.2,992154.7,7.5,0.01136
E2_P2_M77_L001,Pre_P31,Pre,991399.3,991399.3,-0.0,0.01246
E2_P3_M77_L001,Pre_P31,Pre,996100.0,996100.0,0.0,0.00564
E2_P4_M77_L001,Pre_P31,Pre,991536.5,991536.5,-0.0,0.01226
E3_P1_M77_L001,Pre_P31,Pre,995293.3,995293.3,-0.0,0.00681
E3_P2_M77_L001,Pre_P31,Pre,991334.6,989162.3,2172.3,0.01572
E3_P3_M77_L001,Pre_P31,Pre,987466.6,987466.6,-0.0,0.0182
E3_P4_M77_L001,Pre_P31,Pre,993338.0,993338.0,0.0,0.00964
E4_P1_M77_L001,Pre_P31,Pre,991845.4,991602.6,242.8,0.01217
E4_P2_M77_L001,Pre_P31,Pre,996668.5,996668.5,-0.0,0.00481
E4_P3_M77_L001,Pre_P31,Pre,994376.4,994376.4,-0.0,0.00814
E5_P1_M77_L001,Pre_P31,Pre,992939.1,992527.1,412.0,0.01082
E5_P2_M77_L001,Pre_P31,Pre,993699.7,993699.7,-0.0,0.00912
E5_P3_M77_L001,Pre_P31,Pre,992775.6,992775.6,-0.0,0.01046
E6_P1_M77_L001,Pre_P31,Pre,991385.0,991385.0,-0.0,0.01248
E6_P2_M77_L001,Pre_P31,Pre,993996.1,993996.1,0.0,0.00869
E6_P3_M77_L001,Pre_P31,Pre,992988.4,992348.8,639.6,0.01108
E6_P4_M77_L001,Pre_P31,Pre,993965.4,993965.4,-0.0,0.00873
E7_P1_M77_L001,Pre_P31,Pre,994336.3,994277.6,58.7,0.00828
E7_P2_M77_L001,Pre_P31,Pre,992436.4,992436.4,0.0,0.01095
E7_P3_M77_L001,Pre_P31,Pre,993577.9,993574.4,3.5,0.0093
E7_P4_M77_L001,Pre_P31,Pre,993505.4,993505.4,-0.0,0.0094
E8_P1_M77_L001,Pre_P31,Pre,991051.5,991051.5,0.0,0.01297
E8_P3_M77_L001,Pre_P31,Pre,990885.6,990885.6,-0.0,0.01321
E8_P4_M77_L001,Pre_P31,Pre,992414.5,991369.9,1044.6,0.0125
E9_P1_M77_L001,Pre_P31,Pre,997901.3,997901.3,-0.0,0.00303
E9_P2_M77_L001,Pre_P31,Pre,994954.0,994954.0,-0.0,0.0073
E9_P3_M77_L001,Pre_P31,Pre,996198.2,996198.2,0.0,0.0055
E9_P4_M77_L001,Pre_P31,Pre,995620.6,994334.4,1286.2,0.0082
F10_P1_M77_L001,Pre_P31,Pre,991432.4,991432.4,-0.0,0.01241
F10_P2_M77_L001,Pre_P31,Pre,995727.7,995727.7,0.0,0.00618
F10_P3_M77_L001,Pre_P31,Pre,995581.8,994551.7,1030.1,0.00788
F10_P4_M77_L001,Pre_P31,Pre,995385.4,995379.4,6.0,0.00668
F11_P1_M77_L001,Pre_P31,Pre,990239.6,989986.4,253.2,0.01452
F11_P2_M77_L001,Pre_P31,Pre,991955.3,991955.3,0.0,0.01165
F11_P3_M77_L001,Pre_P31,Pre,993190.6,993190.6,-0.0,0.00986
F11_P4_M77_L001,Pre_P31,Pre,990627.1,989835.7,791.4,0.01474
F12_P1_M77_L001,Pre_P31,Pre,993869.2,993869.2,-0.0,0.00887
F12_P2_M77_L001,Pre_P31,Pre,994915.2,994915.2,0.0,0.00735
F12_P3_M77_L001,Pre_P31,Pre,992383.1,992382.3,0.8,0.01103
F12_P4_M77_L001,Pre_P31,Pre,993183.6,993183.6,0.0,0.00987
F1_P1_M77_L001,Pre_P31,Pre,994677.3,993311.7,1365.6,0.00968
F1_P2_M77_L001,Pre_P31,Pre,991522.5,991262.1,260.4,0.01266
F1_P3_M77_L001,Pre_P31,Pre,993295.1,993295.1,-0.0,0.00971
F1_P4_M77_L001,Pre_P31,Pre,991154.6,991154.6,0.0,0.01282
F2_P1_M77_L001,Pre_P31,Pre,989423.7,989423.7,-0.0,0.01534
F2_P2_M77_L001,Pre_P31,Pre,988374.5,986700.4,1674.1,0.01932
F2_P3_M77_L001,Pre_P31,Pre,995845.3,995845.3,0.0,0.00601
F2_P4_M77_L001,Pre_P31,Pre,992822.4,992822.4,0.0,0.01039
F3_P1_M77_L001,Pre_P31,Pre,996291.6,996291.6,-0.0,0.00536
F3_P2_M77_L001,Pre_P31,Pre,989131.9,989131.9,0.0,0.01577
F3_P3_M77_L001,Pre_P31,Pre,997309.6,997309.6,0.0,0.00389
F3_P4_M77_L001,Pre_P31,Pre,990205.0,990205.0,-0.0,0.0142
F4_P1_M77_L001,Pre_P31,Pre,990738.1,990738.1,0.0,0.01342
F4_P2_M77_L001,Pre_P31,Pre,992380.9,992380.9,-0.0,0.01103
F4_P3_M77_L001,Pre_P31,Pre,992724.8,992724.8,0.0,0.01053
F4_P4_M77_L001,Pre_P31,Pre,994468.5,994468.5,0.0,0.008
F5_P1_M77_L001,Pre_P31,Pre,989869.5,989802.4,67.1,0.01479
F5_P2_M77_L001,Pre_P31,Pre,991032.4,991032.4,-0.0,0.013
F5_P3_M77_L001,Pre_P31,Pre,992245.6,991120.8,1124.8,0.01287
F5_P4_M77_L001,Pre_P31,Pre,993555.4,993555.4,-0.0,0.00933
F6_P1_M77_L001,Pre_P31,Pre,993888.9,993888.9,-0.0,0.00884
F6_P2_M77_L001,Pre_P31,Pre,994657.3,994657.3,-0.0,0.00773
F6_P3_M77_L001,Pre_P31,Pre,989191.3,987949.0,1242.3,0.01749
F6_P4_M77_L001,Pre_P31,Pre,995753.5,995753.5,0.0,0.00614
F7_P1_M77_L001,Pre_P31,Pre,991811.3,991811.3,0.0,0.01186
F7_P3_M77_L001,Pre_P31,Pre,997340.0,997340.0,0.0,0.00384
F7_P4_M77_L001,Pre_P31,Pre,994972.2,994972.2,-0.0,0.00727
F8_P1_M77_L001,Pre_P31,Pre,993075.0,992551.9,523.1,0.01079
F8_P2_M77_L001,Pre_P31,Pre,994551.0,994551.0,-0.0,0.00788
F8_P3_M77_L001,Pre_P31,Pre,993530.8,992918.6,612.2,0.01025
F9_P1_M77_L001,Pre_P31,Pre,997351.9,997351.9,-0.0,0.00383
F9_P2_M77_L001,Pre_P31,Pre,996625.5,996625.5,-0.0,0.00488
F9_P3_M77_L001,Pre_P31,Pre,996710.7,996710.7,0.0,0.00475
G10_P1_M77_L001,Pre_P31,Pre,993250.1,993250.1,0.0,0.00977
G10_P2_M77_L001,Pre_P31,Pre,996091.7,996091.7,0.0,0.00565
G10_P3_M77_L001,Pre_P31,Pre,988348.8,988348.8,0.0,0.01691
G10_P4_M77_L001,Pre_P31,Pre,995657.3,995657.3,0.0,0.00628
G11_P1_M77_L001,Pre_P31,Pre,991795.7,991795.7,0.0,0.01189
G11_P2_M77_L001,Pre_P31,Pre,994413.2,994413.2,0.0,0.00808
G11_P3_M77_L001,Pre_P31,Pre,992035.6,992035.6,-0.0,0.01154
G11_P4_M77_L001,Pre_P31,Pre,991355.1,991355.1,0.0,0.01253
G12_P1_M77_L001,Pre_P31,Pre,992171.2,992171.2,0.0,0.01134
G12_P2_M77_L001,Pre_P31,Pre,993746.7,993746.7,0.0,0.00905
G12_P3_M77_L001,Pre_P31,Pre,993106.2,993106.2,0.0,0.00998
G12_P4_M77_L001,Pre_P31,Pre,991352.5,991352.5,-0.0,0.01253
G1_P1_M77_L001,Pre_P31,Pre,994570.8,994532.6,38.2,0.00791
G1_P2_M77_L001,Pre_P31,Pre,999740.8,999740.8,0.0,0.00037
G1_P3_M77_L001,Pre_P31,Pre,993502.3,993500.4,1.9,0.00941
G1_P4_M77_L001,Pre_P31,Pre,995717.4,995714.7,2.7,0.0062
G2_P1_M77_L001,Pre_P31,Pre,993767.7,993767.7,0.0,0.00902
G2_P2_M77_L001,Pre_P31,Pre,995129.2,995129.2,-0.0,0.00704
G2_P3_M77_L001,Pre_P31,Pre,994100.8,993430.8,670.0,0.00951
G2_P4_M77_L001,Pre_P31,Pre,992258.1,992254.7,3.4,0.01122
G3_P1_M77_L001,Pre_P31,Pre,994761.4,994761.4,0.0,0.00758
G3_P2_M77_L001,Pre_P31,Pre,993550.0,993550.0,0.0,0.00934
G3_P3_M77_L001,Pre_P31,Pre,992869.3,992869.3,-0.0,0.01032
G4_P1_M77_L001,Pre_P31,Pre,993557.2,993557.2,-0.0,0.00933
G4_P2_M77_L001,Pre_P31,Pre,992407.6,992407.6,0.0,0.011
G4_P3_M77_L001,Pre_P31,Pre,993920.6,993920.6,0.0,0.0088
G5_P1_M77_L001,Pre_P31,Pre,991327.5,991327.5,-0.0,0.01257
G5_P2_M77_L001,Pre_P31,Pre,995316.6,994532.1,784.5,0.00791
G5_P3_M77_L001,Pre_P31,Pre,994573.8,994573.8,0.0,0.00785
G6_P1_M77_L001,Pre_P31,Pre,996917.7,996910.5,7.2,0.00446
G6_P2_M77_L001,Pre_P31,Pre,996438.8,993564.5,2874.3,0.00931
G6_P3_M77_L001,Pre_P31,Pre,995112.6,995078.6,34.0,0.00712
G6_P4_M77_L001,Pre_P31,Pre,991265.2,991265.2,-0.0,0.01266
G7_P1_M77_L001,Pre_P31,Pre,993726.8,993726.8,-0.0,0.00908
G7_P2_M77_L001,Pre_P31,Pre,991452.9,991452.9,0.0,0.01238
G7_P3_M77_L001,Pre_P31,Pre,994709.1,994709.1,0.0,0.00765
G8_P1_M77_L001,Pre_P31,Pre,993940.9,993940.9,0.0,0.00877
G8_P2_M77_L001,Pre_P31,Pre,993846.0,993846.0,-0.0,0.00891
G8_P3_M77_L001,Pre_P31,Pre,993260.4,993260.4,-0.0,0.00976
G8_P4_M77_L001,Pre_P31,Pre,992112.4,992112.4,-0.0,0.01142
G9_P2_M77_L001,Pre_P31,Pre,993358.5,993358.5,-0.0,0.00961
G9_P3_M77_L001,Pre_P31,Pre,991316.8,991311.6,5.2,0.01259
G9_P4_M77_L001,Pre_P31,Pre,991770.2,990861.0,909.2,0.01325
H10_P1_M77_L001,Pre_P31,Pre,989405.3,988849.9,555.4,0.01618
H10_P2_M77_L001,Pre_P31,Pre,995033.0,994268.7,764.3,0.00829
H10_P3_M77_L001,Pre_P31,Pre,994710.3,994710.3,0.0,0.00765
H10_P4_M77_L001,Pre_P31,Pre,995752.1,993416.8,2335.3,0.00953
H11_P1_M77_L001,Pre_P31,Pre,995604.2,991888.3,3715.9,0.01175
H11_P2_M77_L001,Pre_P31,Pre,992292.1,992160.6,131.5,0.01135
H11_P3_M77_L001,Pre_P31,Pre,996116.4,995770.1,346.3,0.00612
H11_P4_M77_L001,Pre_P31,Pre,995233.9,995233.9,-0.0,0.00689
H12_P2_M77_L001,Pre_P31,Pre,994841.0,994841.0,0.0,0.00746
H12_P3_M77_L001,Pre_P31,Pre,994235.5,994235.5,-0.0,0.00834
H12_P4_M77_L001,Pre_P31,Pre,992646.7,992629.6,17.1,0.01067
H1_P1_M77_L001,Pre_P31,Pre,989755.7,989755.7,0.0,0.01486
H1_P2_M77_L001,Pre_P31,Pre,988374.2,988330.9,43.3,0.01693
H1_P3_M77_L001,Pre_P31,Pre,995664.6,995664.6,-0.0,0.00627
H1_P4_M77_L001,Pre_P31,Pre,993483.9,993418.2,65.7,0.00953
H2_P1_M77_L001,Pre_P31,Pre,993007.2,993007.2,0.0,0.01012
H2_P2_M77_L001,Pre_P31,Pre,992813.6,992813.6,-0.0,0.01041
H2_P3_M77_L001,Pre_P31,Pre,987598.8,987591.7,7.1,0.01801
H2_P4_M77_L001,Pre_P31,Pre,987095.6,987095.6,-0.0,0.01874
H3_P1_M77_L001,Pre_P31,Pre,996086.5,996086.5,0.0,0.00566
H3_P2_M77_L001,Pre_P31,Pre,996303.4,996303.4,0.0,0.00534
H3_P3_M77_L001,Pre_P31,Pre,993615.8,993615.8,0.0,0.00924
H3_P4_M77_L001,Pre_P31,Pre,992236.2,992236.2,-0.0,0.01124
H4_P1_M77_L001,Pre_P31,Pre,995924.0,995924.0,0.0,0.00589
H4_P2_M77_L001,Pre_P31,Pre,994510.5,994510.5,-0.0,0.00794
H4_P3_M77_L001,Pre_P31,Pre,994386.5,994386.5,-0.0,0.00812
H5_P1_M77_L001,Pre_P31,Pre,988610.7,988610.7,0.0,0.01653
H5_P2_M77_L001,Pre_P31,Pre,993733.3,990564.8,3168.5,0.01368
H5_P3_M77_L001,Pre_P31,Pre,995651.9,995651.9,-0.0,0.00629
H5_P4_M77_L001,Pre_P31,Pre,993225.9,993225.9,-0.0,0.00981
H6_P1_M77_L001,Pre_P31,Pre,993828.0,993828.0,-0.0,0.00893
H6_P2_M77_L001,Pre_P31,Pre,992702.7,992702.7,0.0,0.01057
H6_P3_M77_L001,Pre_P31,Pre,995535.4,995535.4,-0.0,0.00646
H6_P4_M77_L001,Pre_P31,Pre,996707.2,996652.1,55.1,0.00484
H7_P1_M77_L001,Pre_P31,Pre,990596.4,990565.8,30.6,0.01368
H7_P2_M77_L001,Pre_P31,Pre,990235.3,989481.5,753.8,0.01526
H7_P3_M77_L001,Pre_P31,Pre,994211.6,994136.5,75.1,0.00848
H8_P1_M77_L001,Pre_P31,Pre,994256.2,994256.2,-0.0,0.00831
H8_P2_M77_L001,Pre_P31,Pre,992272.3,992272.3,0.0,0.01119
H8_P3_M77_L001,Pre_P31,Pre,993361.8,993035.1,326.7,0.01008
H8_P4_M77_L001,Pre_P31,Pre,992895.4,991554.5,1340.9,0.01224
H9_P1_M77_L001,Pre_P31,Pre,991408.9,990901.5,507.4,0.01319
H9_P2_M77_L001,Pre_P31,Pre,993767.4,993767.4,0.0,0.00902
H9_P3_M77_L001,Pre_P31,Pre,991589.1,991589.1,0.0,0.01219
H9_P4_M77_L001,Pre_P31,Pre,990274.8,990274.8,-0.0,0.0141
A10_P2_M76_L001,Pre_P33,Pre,996609.3,996609.3,-0.0,0.0049
A10_P3_M76_L001,Pre_P33,Pre,993297.1,993110.7,186.4,0.00997
A10_P4_M76_L001,Pre_P33,Pre,996880.0,996450.5,429.5,0.00513
A10_P5_M76_L001,Pre_P33,Pre,990696.5,990696.5,-0.0,0.01348
A11_P2_M76_L001,Pre_P33,Pre,996985.1,996985.1,-0.0,0.00436
A11_P3_M76_L001,Pre_P33,Pre,996547.5,996516.9,30.6,0.00503
A11_P4_M76_L001,Pre_P33,Pre,995307.9,994091.2,1216.7,0.00855
A11_P5_M76_L001,Pre_P33,Pre,995993.7,995965.7,28.0,0.00583
A12_P2_M76_L001,Pre_P33,Pre,984665.3,984665.3,-0.0,0.02229
A12_P3_M76_L001,Pre_P33,Pre,994182.9,994182.9,0.0,0.00842
A12_P4_M76_L001,Pre_P33,Pre,994742.9,994742.9,-0.0,0.0076
A12_P5_M76_L001,Pre_P33,Pre,992712.6,992712.6,-0.0,0.01055
A2_P2_M76_L001,Pre_P33,Pre,994026.7,992775.7,1251.0,0.01046
A2_P3_M76_L001,Pre_P33,Pre,997599.4,997599.4,0.0,0.00347
A2_P4_M76_L001,Pre_P33,Pre,997548.2,997548.2,0.0,0.00354
A2_P5_M76_L001,Pre_P33,Pre,992146.9,990979.8,1167.1,0.01307
A3_P2_M76_L001,Pre_P33,Pre,991994.3,991991.1,3.2,0.0116
A3_P3_M76_L001,Pre_P33,Pre,997156.8,997156.8,-0.0,0.00411
A3_P4_M76_L001,Pre_P33,Pre,989730.1,989337.6,392.5,0.01547
A3_P5_M76_L001,Pre_P33,Pre,989828.7,989828.7,0.0,0.01475
A4_P2_M76_L001,Pre_P33,Pre,993162.8,993005.1,157.7,0.01013
A4_P3_M76_L001,Pre_P33,Pre,991962.7,991962.7,-0.0,0.01164
A4_P4_M76_L001,Pre_P33,Pre,996005.2,996005.2,0.0,0.00577
A4_P5_M76_L001,Pre_P33,Pre,999145.2,999145.2,-0.0,0.00123
A5_P2_M76_L001,Pre_P33,Pre,992175.7,992175.7,-0.0,0.01133
A5_P3_M76_L001,Pre_P33,Pre,994649.3,994649.3,-0.0,0.00774
A5_P4_M76_L001,Pre_P33,Pre,995317.0,995317.0,-0.0,0.00677
A5_P5_M76_L001,Pre_P33,Pre,995597.2,995597.2,-0.0,0.00637
A6_P2_M76_L001,Pre_P33,Pre,994141.4,994134.9,6.5,0.00849
A6_P4_M76_L001,Pre_P33,Pre,995653.1,995653.1,-0.0,0.00628
A6_P5_M76_L001,Pre_P33,Pre,993276.6,993276.6,0.0,0.00973
A7_P2_M76_L001,Pre_P33,Pre,994955.5,991146.4,3809.1,0.01283
A7_P3_M76_L001,Pre_P33,Pre,989991.5,989805.1,186.4,0.01478
A7_P4_M76_L001,Pre_P33,Pre,990436.0,990436.0,-0.0,0.01386
A7_P5_M76_L001,Pre_P33,Pre,994926.5,994926.5,-0.0,0.00734
A8_P2_M76_L001,Pre_P33,Pre,997156.3,995796.8,1359.5,0.00608
A8_P3_M76_L001,Pre_P33,Pre,995976.0,995855.9,120.1,0.00599
A8_P4_M76_L001,Pre_P33,Pre,990855.8,990855.8,-0.0,0.01325
A8_P5_M76_L001,Pre_P33,Pre,995404.3,995398.6,5.7,0.00665
A9_P2_M76_L001,Pre_P33,Pre,990961.7,990945.5,16.2,0.01312
A9_P3_M76_L001,Pre_P33,Pre,993086.5,992947.4,139.1,0.01021
A9_P4_M76_L001,Pre_P33,Pre,993698.8,993647.1,51.7,0.00919
A9_P5_M76_L001,Pre_P33,Pre,993404.2,993404.2,0.0,0.00955
B10_P2_M76_L001,Pre_P33,Pre,994030.8,994030.8,0.0,0.00864
B10_P3_M76_L001,Pre_P33,Pre,988225.5,988225.5,0.0,0.01709
B10_P4_M76_L001,Pre_P33,Pre,996801.4,996801.4,-0.0,0.00462
B10_P5_M76_L001,Pre_P33,Pre,998499.4,998499.4,0.0,0.00217
B11_P2_M76_L001,Pre_P33,Pre,990813.4,990813.4,-0.0,0.01331
B11_P3_M76_L001,Pre_P33,Pre,991366.5,991366.5,-0.0,0.01251
B11_P5_M76_L001,Pre_P33,Pre,994046.2,994046.2,0.0,0.00862
B12_P2_M76_L001,Pre_P33,Pre,996386.1,996386.1,0.0,0.00522
B12_P3_M76_L001,Pre_P33,Pre,988492.5,988492.5,-0.0,0.0167
B12_P4_M76_L001,Pre_P33,Pre,991580.1,991580.1,-0.0,0.0122
B12_P5_M76_L001,Pre_P33,Pre,993887.9,993887.9,0.0,0.00884
B1_P2_M76_L001,Pre_P33,Pre,996601.9,996601.9,-0.0,0.00491
B1_P3_M76_L001,Pre_P33,Pre,992308.3,992308.3,-0.0,0.01114
B1_P4_M76_L001,Pre_P33,Pre,997172.3,997126.7,45.6,0.00415
B1_P5_M76_L001,Pre_P33,Pre,997114.5,997114.5,-0.0,0.00417
B2_P2_M76_L001,Pre_P33,Pre,992858.2,991903.8,954.4,0.01173
B2_P4_M76_L001,Pre_P33,Pre,994083.6,994083.6,-0.0,0.00856
B2_P5_M76_L001,Pre_P33,Pre,992319.9,992319.9,0.0,0.01112
B3_P2_M76_L001,Pre_P33,Pre,991049.5,990882.7,166.8,0.01321
B3_P3_M76_L001,Pre_P33,Pre,996324.0,996324.0,0.0,0.00531
B3_P4_M76_L001,Pre_P33,Pre,994004.9,994004.9,0.0,0.00868
B3_P5_M76_L001,Pre_P33,Pre,993077.5,993077.5,0.0,0.01002
B4_P2_M76_L001,Pre_P33,Pre,995637.0,994229.4,1407.6,0.00835
B4_P3_M76_L001,Pre_P33,Pre,990533.1,990533.1,-0.0,0.01372
B4_P4_M76_L001,Pre_P33,Pre,997008.2,995111.6,1896.6,0.00707
B4_P5_M76_L001,Pre_P33,Pre,992633.3,992633.3,-0.0,0.01067
B5_P2_M76_L001,Pre_P33,Pre,996276.3,996276.3,-0.0,0.00538
B5_P3_M76_L001,Pre_P33,Pre,995611.3,995611.3,-0.0,0.00635
B5_P4_M76_L001,Pre_P33,Pre,996501.7,996501.7,0.0,0.00506
B5_P5_M76_L001,Pre_P33,Pre,995683.1,995683.1,-0.0,0.00624
B6_P2_M76_L001,Pre_P33,Pre,991187.5,991187.5,0.0,0.01277
B6_P4_M76_L001,Pre_P33,Pre,987320.5,986501.3,819.2,0.01961
B6_P5_M76_L001,Pre_P33,Pre,995036.4,995036.4,-0.0,0.00718
B7_P2_M76_L001,Pre_P33,Pre,997408.2,997408.2,0.0,0.00374
B7_P3_M76_L001,Pre_P33,Pre,994477.4,994477.4,-0.0,0.00799
B7_P4_M76_L001,Pre_P33,Pre,994368.1,994368.1,0.0,0.00815
B7_P5_M76_L001,Pre_P33,Pre,996720.8,996720.8,0.0,0.00474
B8_P2_M76_L001,Pre_P33,Pre,996189.5,996189.5,0.0,0.00551
B8_P3_M76_L001,Pre_P33,Pre,994505.3,994082.7,422.6,0.00856
B8_P4_M76_L001,Pre_P33,Pre,995699.9,995699.9,-0.0,0.00622
B8_P5_M76_L001,Pre_P33,Pre,991456.2,991456.2,-0.0,0.01238
B9_P2_M76_L001,Pre_P33,Pre,993646.9,993646.9,0.0,0.00919
B9_P3_M76_L001,Pre_P33,Pre,992601.5,992601.5,-0.0,0.01071
B9_P4_M76_L001,Pre_P33,Pre,992234.1,992234.1,0.0,0.01125
B9_P5_M76_L001,Pre_P33,Pre,994703.3,994703.3,-0.0,0.00766
C10_P2_M76_L001,Pre_P33,Pre,991463.5,991463.5,-0.0,0.01237
C10_P3_M76_L001,Pre_P33,Pre,986852.6,986852.6,0.0,0.01909
C10_P4_M76_L001,Pre_P33,Pre,994130.8,994125.1,5.7,0.0085
C10_P5_M76_L001,Pre_P33,Pre,995365.4,995365.4,0.0,0.0067
C11_P2_M76_L001,Pre_P33,Pre,991965.9,989169.3,2796.6,0.01571
C11_P3_M76_L001,Pre_P33,Pre,989701.1,989701.1,0.0,0.01494
C11_P4_M76_L001,Pre_P33,Pre,995350.6,995350.6,0.0,0.00672
C11_P5_M76_L001,Pre_P33,Pre,998260.0,998260.0,0.0,0.00251
C12_P2_M76_L001,Pre_P33,Pre,989172.8,989172.8,0.0,0.01571
C12_P3_M76_L001,Pre_P33,Pre,996006.0,996006.0,0.0,0.00577
C12_P4_M76_L001,Pre_P33,Pre,994299.7,994299.7,0.0,0.00825
C12_P5_M76_L001,Pre_P33,Pre,996369.8,996273.1,96.7,0.00539
C1_P2_M76_L001,Pre_P33,Pre,994479.1,994479.1,0.0,0.00799
C1_P3_M76_L001,Pre_P33,Pre,997476.8,997437.9,38.9,0.0037
C1_P4_M76_L001,Pre_P33,Pre,994075.5,994075.5,0.0,0.00857
C2_P2_M76_L001,Pre_P33,Pre,995634.0,995041.2,592.8,0.00717
C2_P3_M76_L001,Pre_P33,Pre,995230.9,995230.9,-0.0,0.0069
C2_P4_M76_L001,Pre_P33,Pre,990244.7,990244.7,0.0,0.01414
C2_P5_M76_L001,Pre_P33,Pre,994483.6,994483.6,-0.0,0.00798
C3_P2_M76_L001,Pre_P33,Pre,992173.6,992173.6,0.0,0.01134
C3_P3_M76_L001,Pre_P33,Pre,994651.5,994651.5,0.0,0.00774
C3_P4_M76_L001,Pre_P33,Pre,985436.0,985436.0,0.0,0.02117
C3_P5_M76_L001,Pre_P33,Pre,994929.6,994929.6,0.0,0.00733
C4_P2_M76_L001,Pre_P33,Pre,991694.8,991694.8,0.0,0.01203
C4_P3_M76_L001,Pre_P33,Pre,996459.8,995478.1,981.7,0.00654
C4_P4_M76_L001,Pre_P33,Pre,992745.4,992745.4,-0.0,0.0105
C4_P5_M76_L001,Pre_P33,Pre,991362.3,991362.3,0.0,0.01252
C5_P2_M76_L001,Pre_P33,Pre,991847.7,991847.7,0.0,0.01181
C5_P3_M76_L001,Pre_P33,Pre,995624.1,995624.1,0.0,0.00633
C5_P4_M76_L001,Pre_P33,Pre,993245.2,993245.2,-0.0,0.00978
C5_P5_M76_L001,Pre_P33,Pre,997122.5,996586.0,536.5,0.00493
C6_P2_M76_L001,Pre_P33,Pre,995599.4,995126.0,473.4,0.00705
C6_P3_M76_L001,Pre_P33,Pre,997649.7,997633.9,15.8,0.00342
C6_P4_M76_L001,Pre_P33,Pre,991654.0,991654.0,0.0,0.01209
C6_P5_M76_L001,Pre_P33,Pre,990529.8,990529.8,-0.0,0.01373
C7_P2_M76_L001,Pre_P33,Pre,997109.6,997109.6,0.0,0.00418
C7_P3_M76_L001,Pre_P33,Pre,994576.4,994576.4,-0.0,0.00785
C7_P4_M76_L001,Pre_P33,Pre,997058.9,997058.9,-0.0,0.00425
C7_P5_M76_L001,Pre_P33,Pre,996787.3,996707.8,79.5,0.00476
C8_P2_M76_L001,Pre_P33,Pre,974973.2,974973.2,-0.0,0.03657
C8_P3_M76_L001,Pre_P33,Pre,992410.3,992068.8,341.5,0.01149
C8_P4_M76_L001,Pre_P33,Pre,990202.6,990202.6,0.0,0.0142
C8_P5_M76_L001,Pre_P33,Pre,992466.7,992466.7,0.0,0.01091
C9_P2_M76_L001,Pre_P33,Pre,992038.5,992038.5,-0.0,0.01153
C9_P3_M76_L001,Pre_P33,Pre,994255.3,994255.3,-0.0,0.00831
C9_P4_M76_L001,Pre_P33,Pre,995369.6,993695.5,1674.1,0.00912
C9_P5_M76_L001,Pre_P33,Pre,995009.5,995009.5,-0.0,0.00722
D10_P2_M76_L001,Pre_P33,Pre,994191.3,993904.2,287.1,0.00882
D10_P3_M76_L001,Pre_P33,Pre,992281.7,992281.7,0.0,0.01118
D10_P4_M76_L001,Pre_P33,Pre,997596.8,997596.8,-0.0,0.00347
D10_P5_M76_L001,Pre_P33,Pre,997767.8,997767.8,0.0,0.00322
D11_P2_M76_L001,Pre_P33,Pre,994240.0,994240.0,-0.0,0.00833
D11_P3_M76_L001,Pre_P33,Pre,993251.1,993251.1,0.0,0.00977
D11_P4_M76_L001,Pre_P33,Pre,995325.2,995325.2,0.0,0.00676
D12_P2_M76_L001,Pre_P33,Pre,987780.2,987780.2,0.0,0.01774
D12_P3_M76_L001,Pre_P33,Pre,988399.9,988399.9,-0.0,0.01683
D12_P4_M76_L001,Pre_P33,Pre,992783.9,992783.9,-0.0,0.01045
D12_P5_M76_L001,Pre_P33,Pre,991963.5,991963.5,0.0,0.01164
D1_P2_M76_L001,Pre_P33,Pre,987850.8,987850.8,0.0,0.01763
D1_P3_M76_L001,Pre_P33,Pre,989332.5,989332.5,-0.0,0.01547
D1_P4_M76_L001,Pre_P33,Pre,994145.0,994145.0,-0.0,0.00847
D1_P5_M76_L001,Pre_P33,Pre,997105.7,997105.7,-0.0,0.00418
D2_P2_M76_L001,Pre_P33,Pre,996755.0,996755.0,-0.0,0.00469
D2_P3_M76_L001,Pre_P33,Pre,996898.7,996898.7,-0.0,0.00448
D2_P4_M76_L001,Pre_P33,Pre,986900.5,985853.6,1046.9,0.02055
D2_P5_M76_L001,Pre_P33,Pre,995100.8,995100.8,-0.0,0.00709
D3_P2_M76_L001,Pre_P33,Pre,994146.5,994146.5,-0.0,0.00847
D3_P3_M76_L001,Pre_P33,Pre,991285.3,991285.3,-0.0,0.01263
D3_P4_M76_L001,Pre_P33,Pre,995785.7,995785.7,0.0,0.00609
D3_P5_M76_L001,Pre_P33,Pre,991927.0,991927.0,0.0,0.01169
D4_P2_M76_L001,Pre_P33,Pre,995450.7,995450.7,0.0,0.00658
D4_P3_M76_L001,Pre_P33,Pre,996485.0,996485.0,-0.0,0.00508
D4_P4_M76_L001,Pre_P33,Pre,996026.9,996026.9,0.0,0.00574
D4_P5_M76_L001,Pre_P33,Pre,994820.0,994820.0,-0.0,0.00749
D5_P2_M76_L001,Pre_P33,Pre,991680.4,991680.4,0.0,0.01205
D5_P3_M76_L001,Pre_P33,Pre,986993.9,986993.9,-0.0,0.01889
D5_P4_M76_L001,Pre_P33,Pre,995967.5,995967.5,-0.0,0.00583
D5_P5_M76_L001,Pre_P33,Pre,996667.2,996298.6,368.6,0.00535
D6_P4_M76_L001,Pre_P33,Pre,991166.6,991166.6,0.0,0.0128
D6_P5_M76_L001,Pre_P33,Pre,995795.8,995795.8,0.0,0.00608
D7_P2_M76_L001,Pre_P33,Pre,995357.5,995357.5,0.0,0.00671
D7_P3_M76_L001,Pre_P33,Pre,987473.5,987473.5,-0.0,0.01819
D7_P4_M76_L001,Pre_P33,Pre,994041.5,993011.4,1030.1,0.01012
D7_P5_M76_L001,Pre_P33,Pre,993552.7,993548.5,4.2,0.00934
D8_P2_M76_L001,Pre_P33,Pre,991543.4,991543.4,-0.0,0.01225
D8_P3_M76_L001,Pre_P33,Pre,994286.8,993885.7,401.1,0.00885
D8_P4_M76_L001,Pre_P33,Pre,992234.1,992234.1,0.0,0.01125
D8_P5_M76_L001,Pre_P33,Pre,995849.5,995849.5,0.0,0.006
D9_P2_M76_L001,Pre_P33,Pre,994687.8,994687.8,-0.0,0.00768
D9_P3_M76_L001,Pre_P33,Pre,993861.0,993861.0,0.0,0.00888
D9_P4_M76_L001,Pre_P33,Pre,997181.4,997181.4,0.0,0.00407
D9_P5_M76_L001,Pre_P33,Pre,993159.2,993079.2,80.0,0.01002
E10_P2_M76_L001,Pre_P33,Pre,992571.5,992348.1,223.4,0.01108
E10_P3_M76_L001,Pre_P33,Pre,992581.5,992581.5,-0.0,0.01074
E10_P4_M76_L001,Pre_P33,Pre,992083.2,991508.1,575.1,0.0123
E10_P5_M76_L001,Pre_P33,Pre,993755.6,993755.6,-0.0,0.00904
E11_P2_M76_L001,Pre_P33,Pre,993639.5,993639.5,-0.0,0.00921
E11_P3_M76_L001,Pre_P33,Pre,993664.4,993664.4,-0.0,0.00917
E11_P4_M76_L001,Pre_P33,Pre,995836.1,995816.6,19.5,0.00605
E11_P5_M76_L001,Pre_P33,Pre,993572.2,993572.2,-0.0,0.0093
E12_P2_M76_L001,Pre_P33,Pre,995276.6,995276.6,0.0,0.00683
E12_P3_M76_L001,Pre_P33,Pre,995081.4,994874.5,206.9,0.00741
E12_P4_M76_L001,Pre_P33,Pre,996351.5,996351.5,-0.0,0.00527
E12_P5_M76_L001,Pre_P33,Pre,993350.8,993350.8,-0.0,0.00962
E1_P2_M76_L001,Pre_P33,Pre,993132.9,993119.5,13.4,0.00996
E1_P3_M76_L001,Pre_P33,Pre,986611.4,986611.4,0.0,0.01945
E1_P4_M76_L001,Pre_P33,Pre,996209.0,996209.0,-0.0,0.00548
E2_P2_M76_L001,Pre_P33,Pre,990957.7,987739.6,3218.1,0.0178
E2_P3_M76_L001,Pre_P33,Pre,994988.3,991753.3,3235.0,0.01195
E2_P4_M76_L001,Pre_P33,Pre,990613.6,990613.6,0.0,0.01361
E2_P5_M76_L001,Pre_P33,Pre,995496.2,995496.2,0.0,0.00651
E3_P2_M76_L001,Pre_P33,Pre,991640.8,991640.8,-0.0,0.01211
E3_P3_M76_L001,Pre_P33,Pre,997393.1,996634.0,759.1,0.00486
E3_P4_M76_L001,Pre_P33,Pre,996303.2,996303.2,-0.0,0.00534
E3_P5_M76_L001,Pre_P33,Pre,989133.4,989133.4,0.0,0.01576
E4_P2_M76_L001,Pre_P33,Pre,993254.0,993254.0,-0.0,0.00977
E4_P3_M76_L001,Pre_P33,Pre,993559.0,993559.0,0.0,0.00932
E4_P4_M76_L001,Pre_P33,Pre,987788.9,987788.9,-0.0,0.01773
E4_P5_M76_L001,Pre_P33,Pre,995206.6,994387.3,819.3,0.00812
E5_P2_M76_L001,Pre_P33,Pre,991437.3,991437.3,0.0,0.01241
E5_P3_M76_L001,Pre_P33,Pre,996580.7,996580.7,0.0,0.00494
E5_P4_M76_L001,Pre_P33,Pre,993958.2,993958.2,-0.0,0.00874
E5_P5_M76_L001,Pre_P33,Pre,994843.7,994814.0,29.7,0.0075
E6_P2_M76_L001,Pre_P33,Pre,994876.8,994778.0,98.8,0.00755
E6_P3_M76_L001,Pre_P33,Pre,994981.9,993398.2,1583.7,0.00956
E6_P4_M76_L001,Pre_P33,Pre,995114.6,995114.6,0.0,0.00707
E6_P5_M76_L001,Pre_P33,Pre,992972.9,992954.8,18.1,0.0102
E7_P2_M76_L001,Pre_P33,Pre,994368.8,994264.0,104.8,0.0083
E7_P3_M76_L001,Pre_P33,Pre,991470.6,990705.1,765.5,0.01347
E7_P4_M76_L001,Pre_P33,Pre,993971.3,993971.3,0.0,0.00872
E7_P5_M76_L001,Pre_P33,Pre,994458.6,994458.6,0.0,0.00802
E8_P2_M76_L001,Pre_P33,Pre,996137.6,996137.6,0.0,0.00558
E8_P3_M76_L001,Pre_P33,Pre,991332.3,989574.9,1757.4,0.01512
E8_P4_M76_L001,Pre_P33,Pre,992891.7,992891.7,0.0,0.01029
E8_P5_M76_L001,Pre_P33,Pre,994849.5,994842.2,7.3,0.00746
E9_P2_M76_L001,Pre_P33,Pre,994124.6,994124.6,-0.0,0.0085
E9_P4_M76_L001,Pre_P33,Pre,992674.9,991793.8,881.1,0.01189
E9_P5_M76_L001,Pre_P33,Pre,993077.6,992313.2,764.4,0.01113
F10_P2_M76_L001,Pre_P33,Pre,991795.0,991624.8,170.2,0.01213
F10_P3_M76_L001,Pre_P33,Pre,994459.6,994381.8,77.8,0.00813
F10_P4_M76_L001,Pre_P33,Pre,993813.9,993813.9,0.0,0.00895
F10_P5_M76_L001,Pre_P33,Pre,993146.6,993146.6,-0.0,0.00992
F11_P2_M76_L001,Pre_P33,Pre,988741.5,988741.5,-0.0,0.01633
F11_P3_M76_L001,Pre_P33,Pre,995854.7,995854.7,0.0,0.00599
F11_P4_M76_L001,Pre_P33,Pre,988800.5,988139.4,661.1,0.01721
F11_P5_M76_L001,Pre_P33,Pre,992681.8,992681.8,0.0,0.0106
F12_P2_M76_L001,Pre_P33,Pre,996137.7,996137.7,0.0,0.00558
F12_P3_M76_L001,Pre_P33,Pre,988341.1,988341.1,0.0,0.01692
F12_P4_M76_L001,Pre_P33,Pre,994813.7,994813.7,0.0,0.0075
F12_P5_M76_L001,Pre_P33,Pre,991216.2,991216.2,-0.0,0.01273
F1_P2_M76_L001,Pre_P33,Pre,991384.7,991384.7,0.0,0.01248
F1_P4_M76_L001,Pre_P33,Pre,993900.1,993900.1,0.0,0.00883
F1_P5_M76_L001,Pre_P33,Pre,995901.4,995901.4,0.0,0.00593
F2_P2_M76_L001,Pre_P33,Pre,986886.9,986886.9,0.0,0.01904
F2_P3_M76_L001,Pre_P33,Pre,992373.1,992373.1,-0.0,0.01105
F2_P4_M76_L001,Pre_P33,Pre,995495.1,995495.1,-0.0,0.00651
F2_P5_M76_L001,Pre_P33,Pre,995248.9,995248.9,-0.0,0.00687
F3_P2_M76_L001,Pre_P33,Pre,992215.4,992215.4,0.0,0.01127
F3_P3_M76_L001,Pre_P33,Pre,993821.9,993821.9,-0.0,0.00894
F3_P4_M76_L001,Pre_P33,Pre,989432.3,989432.3,0.0,0.01533
F3_P5_M76_L001,Pre_P33,Pre,994801.0,993514.8,1286.2,0.00939
F4_P2_M76_L001,Pre_P33,Pre,991295.1,991295.1,0.0,0.01261
F4_P3_M76_L001,Pre_P33,Pre,989069.5,989069.5,-0.0,0.01586
F4_P4_M76_L001,Pre_P33,Pre,995556.7,995556.7,-0.0,0.00642
F4_P5_M76_L001,Pre_P33,Pre,996049.0,996049.0,0.0,0.00571
F5_P2_M76_L001,Pre_P33,Pre,998414.0,998414.0,-0.0,0.00229
F5_P3_M76_L001,Pre_P33,Pre,993624.4,993608.2,16.2,0.00925
F5_P4_M76_L001,Pre_P33,Pre,992470.6,992206.5,264.1,0.01129
F5_P5_M76_L001,Pre_P33,Pre,981537.7,981537.7,0.0,0.02688
F6_P2_M76_L001,Pre_P33,Pre,993138.2,993138.2,0.0,0.00993
F6_P3_M76_L001,Pre_P33,Pre,995399.9,994529.3,870.6,0.00791
F6_P4_M76_L001,Pre_P33,Pre,996312.0,996312.0,0.0,0.00533
F6_P5_M76_L001,Pre_P33,Pre,989447.3,989447.3,0.0,0.01531
F7_P2_M76_L001,Pre_P33,Pre,990807.7,990807.7,0.0,0.01332
F7_P3_M76_L001,Pre_P33,Pre,989690.7,989690.7,-0.0,0.01495
F7_P4_M76_L001,Pre_P33,Pre,989090.8,989090.8,0.0,0.01583
F7_P5_M76_L001,Pre_P33,Pre,994339.3,994339.3,0.0,0.00819
F8_P2_M76_L001,Pre_P33,Pre,995348.4,995348.4,-0.0,0.00673
F8_P3_M76_L001,Pre_P33,Pre,996445.6,996445.6,-0.0,0.00514
F8_P4_M76_L001,Pre_P33,Pre,997384.2,997381.4,2.8,0.00378
F8_P5_M76_L001,Pre_P33,Pre,997860.8,997652.4,208.4,0.00339
F9_P2_M76_L001,Pre_P33,Pre,994430.5,994430.5,-0.0,0.00806
F9_P3_M76_L001,Pre_P33,Pre,991988.3,991869.9,118.4,0.01178
F9_P4_M76_L001,Pre_P33,Pre,993833.3,993833.3,-0.0,0.00892
F9_P5_M76_L001,Pre_P33,Pre,997396.6,997396.6,0.0,0.00376
G10_P2_M76_L001,Pre_P33,Pre,988577.2,988577.2,0.0,0.01657
G10_P3_M76_L001,Pre_P33,Pre,995739.4,995739.4,-0.0,0.00616
G10_P4_M76_L001,Pre_P33,Pre,995642.5,995642.5,-0.0,0.0063
G10_P5_M76_L001,Pre_P33,Pre,990590.3,990590.3,0.0,0.01364
G11_P2_M76_L001,Pre_P33,Pre,994043.6,994043.6,-0.0,0.00862
G11_P3_M76_L001,Pre_P33,Pre,994720.0,994720.0,0.0,0.00764
G11_P4_M76_L001,Pre_P33,Pre,995430.3,995430.3,0.0,0.00661
G11_P5_M76_L001,Pre_P33,Pre,985622.3,985622.3,-0.0,0.02089
G12_P2_M76_L001,Pre_P33,Pre,995863.4,994142.2,1721.2,0.00848
G12_P3_M76_L001,Pre_P33,Pre,994970.7,994970.7,0.0,0.00727
G12_P4_M76_L001,Pre_P33,Pre,984778.9,984778.9,-0.0,0.02213
G12_P5_M76_L001,Pre_P33,Pre,992612.2,990702.4,1909.8,0.01348
G1_P2_M76_L001,Pre_P33,Pre,993580.5,992585.5,995.0,0.01074
G1_P3_M76_L001,Pre_P33,Pre,990238.8,990238.8,0.0,0.01415
G1_P4_M76_L001,Pre_P33,Pre,995214.7,994623.5,591.2,0.00778
G1_P5_M76_L001,Pre_P33,Pre,995409.3,995409.3,-0.0,0.00664
G2_P2_M76_L001,Pre_P33,Pre,990076.7,990076.7,-0.0,0.01439
G2_P3_M76_L001,Pre_P33,Pre,996957.4,996738.6,218.8,0.00471
G2_P4_M76_L001,Pre_P33,Pre,993971.5,993967.0,4.5,0.00873
G3_P2_M76_L001,Pre_P33,Pre,992733.8,992733.8,-0.0,0.01052
G3_P3_M76_L001,Pre_P33,Pre,995591.6,995591.6,0.0,0.00637
G3_P5_M76_L001,Pre_P33,Pre,998182.7,997895.7,287.0,0.00304
G4_P2_M76_L001,Pre_P33,Pre,985899.5,985897.9,1.6,0.02049
G4_P3_M76_L001,Pre_P33,Pre,990815.3,990815.3,0.0,0.01331
G4_P4_M76_L001,Pre_P33,Pre,994236.7,994236.7,0.0,0.00834
G4_P5_M76_L001,Pre_P33,Pre,996269.6,996269.6,-0.0,0.00539
G5_P2_M76_L001,Pre_P33,Pre,995617.6,995617.6,0.0,0.00634
G5_P3_M76_L001,Pre_P33,Pre,993254.3,993254.3,0.0,0.00976
G5_P5_M76_L001,Pre_P33,Pre,995359.1,995307.4,51.7,0.00679
G6_P2_M76_L001,Pre_P33,Pre,993188.9,993188.9,-0.0,0.00986
G6_P3_M76_L001,Pre_P33,Pre,995975.0,995975.0,0.0,0.00582
G6_P4_M76_L001,Pre_P33,Pre,994197.8,994197.8,-0.0,0.0084
G6_P5_M76_L001,Pre_P33,Pre,994290.2,993635.3,654.9,0.00921
G7_P2_M76_L001,Pre_P33,Pre,992824.2,992824.2,-0.0,0.01039
G7_P3_M76_L001,Pre_P33,Pre,997622.8,997622.8,-0.0,0.00343
G7_P4_M76_L001,Pre_P33,Pre,997850.2,997850.2,0.0,0.0031
G7_P5_M76_L001,Pre_P33,Pre,982717.8,982717.8,0.0,0.02515
G8_P2_M76_L001,Pre_P33,Pre,991440.9,991440.9,-0.0,0.0124
G8_P3_M76_L001,Pre_P33,Pre,994753.4,994753.4,0.0,0.00759
G8_P4_M76_L001,Pre_P33,Pre,995155.9,995155.9,0.0,0.00701
G8_P5_M76_L001,Pre_P33,Pre,994040.4,994040.4,-0.0,0.00862
G9_P2_M76_L001,Pre_P33,Pre,994816.4,994693.8,122.6,0.00768
G9_P3_M76_L001,Pre_P33,Pre,994271.4,994271.4,0.0,0.00829
G9_P4_M76_L001,Pre_P33,Pre,996455.0,996455.0,0.0,0.00512
G9_P5_M76_L001,Pre_P33,Pre,994730.1,993944.3,785.8,0.00876
H10_P2_M76_L001,Pre_P33,Pre,994602.7,993661.4,941.3,0.00917
H10_P3_M76_L001,Pre_P33,Pre,993675.6,993675.6,0.0,0.00915
H10_P4_M76_L001,Pre_P33,Pre,991388.2,991388.2,-0.0,0.01248
H10_P5_M76_L001,Pre_P33,Pre,995830.4,995830.4,0.0,0.00603
H11_P2_M76_L001,Pre_P33,Pre,996156.5,996156.5,-0.0,0.00556
H11_P3_M76_L001,Pre_P33,Pre,994189.6,994189.6,-0.0,0.00841
H11_P4_M76_L001,Pre_P33,Pre,993016.9,993016.9,0.0,0.01011
H11_P5_M76_L001,Pre_P33,Pre,998546.2,998546.2,-0.0,0.0021
H12_P3_M76_L001,Pre_P33,Pre,992331.5,992101.2,230.3,0.01144
H12_P4_M76_L001,Pre_P33,Pre,995649.8,995169.7,480.1,0.00699
H12_P5_M76_L001,Pre_P33,Pre,996029.1,994488.7,1540.4,0.00797
H1_P2_M76_L001,Pre_P33,Pre,996868.4,996868.4,-0.0,0.00453
H1_P3_M76_L001,Pre_P33,Pre,995881.6,995859.3,22.3,0.00599
H1_P4_M76_L001,Pre_P33,Pre,996408.5,996408.5,0.0,0.00519
H1_P5_M76_L001,Pre_P33,Pre,995942.2,995942.2,-0.0,0.00587
H2_P2_M76_L001,Pre_P33,Pre,993209.7,993209.7,0.0,0.00983
H2_P3_M76_L001,Pre_P33,Pre,992512.3,992512.3,0.0,0.01084
H2_P4_M76_L001,Pre_P33,Pre,993137.9,993137.9,0.0,0.00993
H2_P5_M76_L001,Pre_P33,Pre,992473.0,992473.0,0.0,0.0109
H3_P2_M76_L001,Pre_P33,Pre,993945.1,993945.1,-0.0,0.00876
H3_P3_M76_L001,Pre_P33,Pre,991593.2,991593.2,0.0,0.01218
H3_P4_M76_L001,Pre_P33,Pre,993908.4,993908.4,-0.0,0.00882
H3_P5_M76_L001,Pre_P33,Pre,993312.6,991782.9,1529.7,0.0119
H4_P2_M76_L001,Pre_P33,Pre,996013.2,996013.2,0.0,0.00576
H4_P4_M76_L001,Pre_P33,Pre,997094.1,997094.1,0.0,0.0042
H4_P5_M76_L001,Pre_P33,Pre,990603.8,990603.8,0.0,0.01362
H5_P2_M76_L001,Pre_P33,Pre,993406.0,991548.4,1857.6,0.01224
H5_P3_M76_L001,Pre_P33,Pre,995451.1,995451.1,-0.0,0.00658
H5_P4_M76_L001,Pre_P33,Pre,997741.0,997741.0,0.0,0.00326
H5_P5_M76_L001,Pre_P33,Pre,998010.9,998010.9,0.0,0.00287
H6_P2_M76_L001,Pre_P33,Pre,995816.6,995816.6,0.0,0.00605
H6_P3_M76_L001,Pre_P33,Pre,993345.2,993345.2,0.0,0.00963
H6_P4_M76_L001,Pre_P33,Pre,993517.2,993321.4,195.8,0.00967
H6_P5_M76_L001,Pre_P33,Pre,993220.4,993127.7,92.7,0.00995
H7_P2_M76_L001,Pre_P33,Pre,994628.3,994628.3,-0.0,0.00777
H7_P3_M76_L001,Pre_P33,Pre,995414.4,995414.4,0.0,0.00663
H7_P4_M76_L001,Pre_P33,Pre,993486.6,993393.3,93.3,0.00956
H7_P5_M76_L001,Pre_P33,Pre,993929.4,993929.4,0.0,0.00878
H8_P2_M76_L001,Pre_P33,Pre,996061.5,996061.5,-0.0,0.00569
H8_P3_M76_L001,Pre_P33,Pre,994093.7,994093.7,-0.0,0.00855
H8_P4_M76_L001,Pre_P33,Pre,991868.4,991868.4,-0.0,0.01178
H8_P5_M76_L001,Pre_P33,Pre,997398.3,997398.3,-0.0,0.00376
H9_P2_M76_L001,Pre_P33,Pre,996836.8,996814.7,22.1,0.0046
H9_P3_M76_L001,Pre_P33,Pre,992452.8,992452.8,0.0,0.01093
H9_P4_M76_L001,Pre_P33,Pre,997735.9,997735.9,-0.0,0.00327
H9_P5_M76_L001,Pre_P33,Pre,996158.3,996158.3,-0.0,0.00555
A10_P6_M76_L001,Pre_P33,Pre,994065.5,994065.5,-0.0,0.00859
A11_P6_M76_L001,Pre_P33,Pre,992377.8,992377.8,0.0,0.01104
A12_P6_M76_L001,Pre_P33,Pre,993644.0,993644.0,-0.0,0.0092
A2_P6_M76_L001,Pre_P33,Pre,993827.2,993827.2,-0.0,0.00893
A3_P6_M76_L001,Pre_P33,Pre,990999.8,990999.8,-0.0,0.01304
A5_P6_M76_L001,Pre_P33,Pre,989923.8,989917.7,6.1,0.01462
A6_P6_M76_L001,Pre_P33,Pre,992443.9,992443.9,0.0,0.01094
A7_P6_M76_L001,Pre_P33,Pre,995576.2,995576.2,-0.0,0.0064
B10_P6_M76_L001,Pre_P33,Pre,995226.7,995226.7,-0.0,0.0069
B11_P6_M76_L001,Pre_P33,Pre,989529.7,989529.7,0.0,0.01519
B12_P6_M76_L001,Pre_P33,Pre,993505.7,993505.7,-0.0,0.0094
B1_P6_M76_L001,Pre_P33,Pre,991676.6,991676.6,-0.0,0.01206
B2_P6_M76_L001,Pre_P33,Pre,992873.5,992873.5,0.0,0.01032
B3_P6_M76_L001,Pre_P33,Pre,996060.4,996060.4,0.0,0.00569
B4_P6_M76_L001,Pre_P33,Pre,991442.3,990462.7,979.6,0.01383
B5_P6_M76_L001,Pre_P33,Pre,991764.5,991764.5,-0.0,0.01193
B6_P6_M76_L001,Pre_P33,Pre,992161.7,992161.7,0.0,0.01135
B7_P6_M76_L001,Pre_P33,Pre,989701.5,989701.5,0.0,0.01493
B8_P6_M76_L001,Pre_P33,Pre,995562.1,995562.1,-0.0,0.00642
B9_P6_M76_L001,Pre_P33,Pre,991111.9,990303.9,808.0,0.01406
C10_P6_M76_L001,Pre_P33,Pre,992299.7,992299.7,-0.0,0.01115
C11_P6_M76_L001,Pre_P33,Pre,992226.3,992226.3,-0.0,0.01126
C12_P6_M76_L001,Pre_P33,Pre,995178.4,995178.4,0.0,0.00697
C1_P6_M76_L001,Pre_P33,Pre,995553.8,995553.8,-0.0,0.00643
C2_P6_M76_L001,Pre_P33,Pre,993564.7,993564.7,0.0,0.00931
C4_P6_M76_L001,Pre_P33,Pre,992436.2,992436.2,-0.0,0.01095
C6_P6_M76_L001,Pre_P33,Pre,994619.2,994619.2,0.0,0.00778
C7_P6_M76_L001,Pre_P33,Pre,985950.7,985950.7,0.0,0.02041
C8_P6_M76_L001,Pre_P33,Pre,995091.3,995091.3,-0.0,0.0071
C9_P6_M76_L001,Pre_P33,Pre,991833.8,991833.8,-0.0,0.01183
D10_P6_M76_L001,Pre_P33,Pre,994694.1,994691.8,2.3,0.00768
D11_P6_M76_L001,Pre_P33,Pre,990787.9,990787.9,-0.0,0.01335
D12_P6_M76_L001,Pre_P33,Pre,996669.0,996669.0,0.0,0.00481
D1_P6_M76_L001,Pre_P33,Pre,995349.3,995349.3,-0.0,0.00673
D2_P6_M76_L001,Pre_P33,Pre,992599.3,992599.3,0.0,0.01072
D3_P6_M76_L001,Pre_P33,Pre,991268.9,991268.9,-0.0,0.01265
D4_P6_M76_L001,Pre_P33,Pre,992423.6,992423.6,-0.0,0.01097
D5_P6_M76_L001,Pre_P33,Pre,990714.0,989719.0,995.0,0.01491
D6_P6_M76_L001,Pre_P33,Pre,991413.0,991413.0,-0.0,0.01244
D7_P6_M76_L001,Pre_P33,Pre,997772.0,997752.6,19.4,0.00325
D8_P6_M76_L001,Pre_P33,Pre,995227.7,995227.7,-0.0,0.0069
E10_P6_M76_L001,Pre_P33,Pre,992458.7,992458.7,-0.0,0.01092
E11_P6_M76_L001,Pre_P33,Pre,996098.3,996098.3,-0.0,0.00564
E12_P6_M76_L001,Pre_P33,Pre,991968.0,991968.0,-0.0,0.01163
E2_P6_M76_L001,Pre_P33,Pre,993916.2,993916.2,0.0,0.0088
E3_P6_M76_L001,Pre_P33,Pre,993016.5,993016.5,0.0,0.01011
E4_P6_M76_L001,Pre_P33,Pre,994349.3,994349.3,0.0,0.00818
E5_P6_M76_L001,Pre_P33,Pre,989471.7,989471.7,0.0,0.01527
E6_P6_M76_L001,Pre_P33,Pre,988006.8,988006.8,-0.0,0.01741
E8_P6_M76_L001,Pre_P33,Pre,994462.8,994462.8,0.0,0.00801
E9_P6_M76_L001,Pre_P33,Pre,993266.9,991833.3,1433.6,0.01183
F10_P6_M76_L001,Pre_P33,Pre,995544.7,995544.7,0.0,0.00644
F11_P6_M76_L001,Pre_P33,Pre,990966.9,990966.9,-0.0,0.01309
F12_P6_M76_L001,Pre_P33,Pre,988340.1,988340.1,-0.0,0.01692
F1_P6_M76_L001,Pre_P33,Pre,993889.8,993399.6,490.2,0.00955
F2_P6_M76_L001,Pre_P33,Pre,991456.7,991456.7,-0.0,0.01238
F3_P6_M76_L001,Pre_P33,Pre,987101.6,987101.6,0.0,0.01873
F5_P6_M76_L001,Pre_P33,Pre,993702.3,993702.3,-0.0,0.00911
F6_P6_M76_L001,Pre_P33,Pre,995494.5,995441.3,53.2,0.00659
F7_P6_M76_L001,Pre_P33,Pre,993635.0,992646.9,988.1,0.01065
F8_P6_M76_L001,Pre_P33,Pre,993684.4,993684.4,-0.0,0.00914
F9_P6_M76_L001,Pre_P33,Pre,996268.1,996260.3,7.8,0.00541
G10_P6_M76_L001,Pre_P33,Pre,983061.3,983061.3,0.0,0.02465
G11_P6_M76_L001,Pre_P33,Pre,993151.2,993151.2,0.0,0.00991
G12_P6_M76_L001,Pre_P33,Pre,986284.5,984243.9,2040.6,0.02291
G1_P6_M76_L001,Pre_P33,Pre,993629.8,993629.8,-0.0,0.00922
G2_P6_M76_L001,Pre_P33,Pre,984522.3,984522.3,-0.0,0.0225
G3_P6_M76_L001,Pre_P33,Pre,990600.4,990600.4,0.0,0.01362
G4_P6_M76_L001,Pre_P33,Pre,997438.9,997438.9,0.0,0.0037
G5_P6_M76_L001,Pre_P33,Pre,998376.8,998213.5,163.3,0.00258
G6_P6_M76_L001,Pre_P33,Pre,985330.0,985330.0,0.0,0.02132
G7_P6_M76_L001,Pre_P33,Pre,992815.0,992815.0,0.0,0.0104
G8_P6_M76_L001,Pre_P33,Pre,993838.5,993517.7,320.8,0.00938
G9_P6_M76_L001,Pre_P33,Pre,993494.1,991489.2,2004.9,0.01233
H10_P6_M76_L001,Pre_P33,Pre,992942.5,992942.5,-0.0,0.01022
H11_P6_M76_L001,Pre_P33,Pre,993735.5,993735.5,0.0,0.00907
H12_P6_M76_L001,Pre_P33,Pre,991084.0,991084.0,0.0,0.01292
H1_P6_M76_L001,Pre_P33,Pre,997233.8,997233.8,-0.0,0.004
H2_P6_M76_L001,Pre_P33,Pre,996225.3,996225.3,-0.0,0.00546
H3_P6_M76_L001,Pre_P33,Pre,996316.5,996316.5,0.0,0.00532
H4_P6_M76_L001,Pre_P33,Pre,986385.6,986385.6,0.0,0.01978
H5_P6_M76_L001,Pre_P33,Pre,994136.9,994106.2,30.7,0.00853
H6_P6_M76_L001,Pre_P33,Pre,989716.0,989716.0,0.0,0.01491
H7_P6_M76_L001,Pre_P33,Pre,991893.8,991893.8,-0.0,0.01174
H8_P6_M76_L001,Pre_P33,Pre,991948.3,989357.1,2591.2,0.01544
H9_P6_M76_L001,Pre_P33,Pre,984352.8,984352.8,0.0,0.02275
A10_P1_M41_L001,Pre_P35,Pre,994610.1,994610.1,-0.0,0.0078
A10_P2_M41_L001,Pre_P35,Pre,994133.0,993812.7,320.3,0.00895
A10_P3_M41_L001,Pre_P35,Pre,990165.6,990165.6,-0.0,0.01426
A11_P1_M41_L001,Pre_P35,Pre,994757.7,994757.7,0.0,0.00758
A11_P2_M41_L001,Pre_P35,Pre,995811.7,995522.7,289.0,0.00647
A11_P3_M41_L001,Pre_P35,Pre,993539.4,993539.4,-0.0,0.00935
A12_P1_M41_L001,Pre_P35,Pre,996292.7,996292.7,-0.0,0.00536
A12_P2_M41_L001,Pre_P35,Pre,992690.4,992389.1,301.3,0.01102
A12_P3_M41_L001,Pre_P35,Pre,993229.3,993229.3,0.0,0.0098
A2_P1_M41_L001,Pre_P35,Pre,992367.5,992367.5,-0.0,0.01105
A2_P2_M41_L001,Pre_P35,Pre,993949.0,993949.0,-0.0,0.00876
A2_P3_M41_L001,Pre_P35,Pre,993326.5,992765.2,561.3,0.01048
A3_P1_M41_L001,Pre_P35,Pre,997097.4,997081.9,15.5,0.00422
A3_P2_M41_L001,Pre_P35,Pre,995711.7,995711.7,-0.0,0.0062
A4_P1_M41_L001,Pre_P35,Pre,992223.8,990649.5,1574.3,0.01355
A4_P3_M41_L001,Pre_P35,Pre,992935.8,992935.8,-0.0,0.01023
A5_P1_M41_L001,Pre_P35,Pre,997302.0,997293.9,8.1,0.00391
A5_P2_M41_L001,Pre_P35,Pre,995084.7,995084.7,-0.0,0.00711
A5_P3_M41_L001,Pre_P35,Pre,995274.6,994537.6,737.0,0.0079
A6_P1_M41_L001,Pre_P35,Pre,991652.2,991652.2,0.0,0.01209
A7_P1_M41_L001,Pre_P35,Pre,993330.0,990241.1,3088.9,0.01415
A7_P2_M41_L001,Pre_P35,Pre,987255.8,987255.8,0.0,0.0185
A7_P3_M41_L001,Pre_P35,Pre,993039.4,991698.5,1340.9,0.01203
A8_P1_M41_L001,Pre_P35,Pre,998228.8,998228.8,-0.0,0.00256
A8_P2_M41_L001,Pre_P35,Pre,996589.7,996589.7,0.0,0.00493
A8_P3_M41_L001,Pre_P35,Pre,993594.8,993594.8,0.0,0.00927
A9_P1_M41_L001,Pre_P35,Pre,996493.5,996493.5,-0.0,0.00507
A9_P2_M41_L001,Pre_P35,Pre,989059.2,989059.2,0.0,0.01587
A9_P3_M41_L001,Pre_P35,Pre,997260.2,997260.2,0.0,0.00396
B10_P2_M41_L001,Pre_P35,Pre,990254.4,990254.4,0.0,0.01413
B10_P3_M41_L001,Pre_P35,Pre,995784.3,995660.0,124.3,0.00627
B11_P1_M41_L001,Pre_P35,Pre,993208.8,993208.8,0.0,0.00983
B11_P3_M41_L001,Pre_P35,Pre,995295.6,995295.6,-0.0,0.0068
B12_P1_M41_L001,Pre_P35,Pre,996818.1,995120.6,1697.5,0.00706
B12_P2_M41_L001,Pre_P35,Pre,998148.7,998148.7,0.0,0.00267
B12_P3_M41_L001,Pre_P35,Pre,987580.2,987580.2,0.0,0.01803
B1_P3_M41_L001,Pre_P35,Pre,989910.1,989874.1,36.0,0.01468
B2_P1_M41_L001,Pre_P35,Pre,989051.6,989051.6,0.0,0.01588
B2_P2_M41_L001,Pre_P35,Pre,995543.9,995543.9,-0.0,0.00644
B2_P3_M41_L001,Pre_P35,Pre,991502.7,991502.7,0.0,0.01231
B3_P1_M41_L001,Pre_P35,Pre,992776.7,992181.4,595.3,0.01132
B3_P2_M41_L001,Pre_P35,Pre,990025.0,990025.0,-0.0,0.01446
B3_P3_M41_L001,Pre_P35,Pre,993369.7,992631.5,738.2,0.01067
B4_P1_M41_L001,Pre_P35,Pre,994534.1,994534.1,0.0,0.00791
B4_P2_M41_L001,Pre_P35,Pre,984620.1,984561.4,58.7,0.02245
B4_P3_M41_L001,Pre_P35,Pre,994362.0,994362.0,0.0,0.00816
B5_P1_M41_L001,Pre_P35,Pre,991288.1,991288.1,-0.0,0.01262
B5_P3_M41_L001,Pre_P35,Pre,992170.8,992167.0,3.8,0.01135
B6_P1_M41_L001,Pre_P35,Pre,996883.9,996883.9,-0.0,0.0045
B6_P2_M41_L001,Pre_P35,Pre,985945.6,985945.6,-0.0,0.02042
B6_P3_M41_L001,Pre_P35,Pre,990729.8,990729.8,0.0,0.01344
B7_P2_M41_L001,Pre_P35,Pre,989946.6,989946.6,-0.0,0.01458
B7_P3_M41_L001,Pre_P35,Pre,993599.5,993594.8,4.7,0.00927
B8_P1_M41_L001,Pre_P35,Pre,992191.5,992191.5,0.0,0.01131
B8_P2_M41_L001,Pre_P35,Pre,991807.9,991742.1,65.8,0.01196
B9_P2_M41_L001,Pre_P35,Pre,996664.6,996650.2,14.4,0.00484
B9_P3_M41_L001,Pre_P35,Pre,993103.7,993085.6,18.1,0.01001
C10_P2_M41_L001,Pre_P35,Pre,994772.5,994772.5,0.0,0.00756
C11_P2_M41_L001,Pre_P35,Pre,991190.8,991190.8,-0.0,0.01277
C11_P3_M41_L001,Pre_P35,Pre,989723.9,989723.9,-0.0,0.0149
C12_P1_M41_L001,Pre_P35,Pre,991204.2,991204.2,-0.0,0.01275
C12_P2_M41_L001,Pre_P35,Pre,993558.4,993558.4,0.0,0.00932
C12_P3_M41_L001,Pre_P35,Pre,991923.6,982278.5,9645.1,0.0258
C1_P1_M41_L001,Pre_P35,Pre,990223.3,990223.3,0.0,0.01417
C1_P2_M41_L001,Pre_P35,Pre,992397.3,992397.3,-0.0,0.01101
C1_P3_M41_L001,Pre_P35,Pre,994898.0,994898.0,0.0,0.00738
C2_P1_M41_L001,Pre_P35,Pre,997811.0,997811.0,-0.0,0.00316
C2_P2_M41_L001,Pre_P35,Pre,989478.5,989437.9,40.6,0.01532
C2_P3_M41_L001,Pre_P35,Pre,994503.4,994503.4,0.0,0.00795
C3_P1_M41_L001,Pre_P35,Pre,992144.3,992144.3,-0.0,0.01138
C3_P2_M41_L001,Pre_P35,Pre,990780.4,990780.4,-0.0,0.01336
C3_P3_M41_L001,Pre_P35,Pre,993606.4,993606.4,-0.0,0.00925
C4_P1_M41_L001,Pre_P35,Pre,994369.2,992745.2,1624.0,0.0105
C4_P3_M41_L001,Pre_P35,Pre,989188.0,989188.0,-0.0,0.01568
C5_P1_M41_L001,Pre_P35,Pre,991640.1,991640.1,-0.0,0.01211
C5_P2_M41_L001,Pre_P35,Pre,992917.0,992917.0,0.0,0.01025
C5_P3_M41_L001,Pre_P35,Pre,990685.4,989977.2,708.2,0.01453
C6_P1_M41_L001,Pre_P35,Pre,1000516.5,1000516.5,0.0,-0.00074
C6_P2_M41_L001,Pre_P35,Pre,987669.8,987669.8,-0.0,0.0179
C6_P3_M41_L001,Pre_P35,Pre,993266.7,993266.7,0.0,0.00975
C7_P1_M41_L001,Pre_P35,Pre,997128.8,996520.9,607.9,0.00503
C7_P2_M41_L001,Pre_P35,Pre,991456.7,991456.7,-0.0,0.01238
C8_P1_M41_L001,Pre_P35,Pre,993915.8,993915.8,-0.0,0.0088
C8_P2_M41_L001,Pre_P35,Pre,993394.6,993394.6,-0.0,0.00956
C8_P3_M41_L001,Pre_P35,Pre,995208.2,995208.2,-0.0,0.00693
C9_P1_M41_L001,Pre_P35,Pre,990675.0,990675.0,-0.0,0.01352
C9_P2_M41_L001,Pre_P35,Pre,993631.6,993631.6,-0.0,0.00922
C9_P3_M41_L001,Pre_P35,Pre,995576.8,993558.0,2018.8,0.00932
D10_P1_M41_L001,Pre_P35,Pre,996506.0,996506.0,-0.0,0.00505
D10_P2_M41_L001,Pre_P35,Pre,993606.7,993186.0,420.7,0.00986
D10_P3_M41_L001,Pre_P35,Pre,992320.7,992320.7,-0.0,0.01112
D11_P1_M41_L001,Pre_P35,Pre,992453.2,992453.2,-0.0,0.01093
D11_P2_M41_L001,Pre_P35,Pre,994848.2,994848.2,0.0,0.00745
D11_P3_M41_L001,Pre_P35,Pre,994825.1,994825.1,0.0,0.00749
D12_P1_M41_L001,Pre_P35,Pre,989556.2,989556.2,0.0,0.01515
D12_P2_M41_L001,Pre_P35,Pre,991620.8,991620.8,-0.0,0.01214
D1_P1_M41_L001,Pre_P35,Pre,992132.8,992132.8,-0.0,0.01139
D1_P2_M41_L001,Pre_P35,Pre,994555.0,994555.0,0.0,0.00788
D1_P3_M41_L001,Pre_P35,Pre,992185.5,992185.5,-0.0,0.01132
D2_P1_M41_L001,Pre_P35,Pre,994370.3,994370.3,0.0,0.00814
D2_P2_M41_L001,Pre_P35,Pre,980598.0,980598.0,-0.0,0.02827
D2_P3_M41_L001,Pre_P35,Pre,990461.2,990426.9,34.3,0.01388
D3_P2_M41_L001,Pre_P35,Pre,994917.2,994917.2,-0.0,0.00735
D3_P3_M41_L001,Pre_P35,Pre,996704.1,996704.1,-0.0,0.00476
D4_P1_M41_L001,Pre_P35,Pre,995591.4,995549.6,41.8,0.00643
D4_P2_M41_L001,Pre_P35,Pre,992146.4,992146.4,0.0,0.01138
D5_P2_M41_L001,Pre_P35,Pre,994377.8,994377.8,-0.0,0.00813
D5_P3_M41_L001,Pre_P35,Pre,995468.5,995468.5,-0.0,0.00655
D6_P1_M41_L001,Pre_P35,Pre,994733.1,994733.1,-0.0,0.00762
D6_P2_M41_L001,Pre_P35,Pre,996576.7,996576.7,-0.0,0.00495
D6_P3_M41_L001,Pre_P35,Pre,992742.7,992742.7,0.0,0.01051
D7_P1_M41_L001,Pre_P35,Pre,984974.1,984230.6,743.5,0.02293
D7_P2_M41_L001,Pre_P35,Pre,994213.5,994213.5,0.0,0.00837
D7_P3_M41_L001,Pre_P35,Pre,996088.0,996088.0,0.0,0.00565
D8_P1_M41_L001,Pre_P35,Pre,990152.6,989683.5,469.1,0.01496
D8_P2_M41_L001,Pre_P35,Pre,994192.3,994192.3,-0.0,0.0084
D8_P3_M41_L001,Pre_P35,Pre,992928.6,992928.6,-0.0,0.01024
D9_P1_M41_L001,Pre_P35,Pre,992425.9,992425.9,-0.0,0.01097
D9_P2_M41_L001,Pre_P35,Pre,994154.1,994154.1,0.0,0.00846
E10_P1_M41_L001,Pre_P35,Pre,987716.0,987595.0,121.0,0.01801
E10_P2_M41_L001,Pre_P35,Pre,997907.4,997907.4,0.0,0.00302
E10_P3_M41_L001,Pre_P35,Pre,995414.1,995016.2,397.9,0.00721
E11_P1_M41_L001,Pre_P35,Pre,983274.6,983274.6,0.0,0.02433
E11_P2_M41_L001,Pre_P35,Pre,993699.8,993699.8,-0.0,0.00912
E11_P3_M41_L001,Pre_P35,Pre,988685.6,988685.6,0.0,0.01642
E12_P1_M41_L001,Pre_P35,Pre,997433.9,997433.9,-0.0,0.00371
E12_P3_M41_L001,Pre_P35,Pre,994351.2,994351.2,0.0,0.00817
E1_P1_M41_L001,Pre_P35,Pre,993212.1,993212.1,0.0,0.00983
E1_P2_M41_L001,Pre_P35,Pre,996072.5,996072.5,0.0,0.00568
E1_P3_M41_L001,Pre_P35,Pre,995000.3,995000.3,-0.0,0.00723
E2_P2_M41_L001,Pre_P35,Pre,991290.5,991290.5,0.0,0.01262
E2_P3_M41_L001,Pre_P35,Pre,993154.0,993154.0,0.0,0.00991
E3_P1_M41_L001,Pre_P35,Pre,992106.9,992106.9,0.0,0.01143
E3_P2_M41_L001,Pre_P35,Pre,988546.0,988546.0,0.0,0.01662
E3_P3_M41_L001,Pre_P35,Pre,993077.2,993077.2,0.0,0.01002
E4_P1_M41_L001,Pre_P35,Pre,985746.1,985746.1,0.0,0.02071
E4_P2_M41_L001,Pre_P35,Pre,995159.8,995159.8,-0.0,0.007
E4_P3_M41_L001,Pre_P35,Pre,994929.2,994929.2,0.0,0.00733
E5_P1_M41_L001,Pre_P35,Pre,992576.0,990055.7,2520.3,0.01442
E5_P2_M41_L001,Pre_P35,Pre,989223.5,989223.5,-0.0,0.01563
E5_P3_M41_L001,Pre_P35,Pre,992174.6,992174.6,-0.0,0.01133
E6_P2_M41_L001,Pre_P35,Pre,987577.0,987424.8,152.2,0.01826
E6_P3_M41_L001,Pre_P35,Pre,993335.0,993335.0,-0.0,0.00965
E7_P2_M41_L001,Pre_P35,Pre,994106.1,994106.1,-0.0,0.00853
E8_P1_M41_L001,Pre_P35,Pre,990369.2,990369.2,0.0,0.01396
E8_P2_M41_L001,Pre_P35,Pre,993321.8,993321.8,0.0,0.00967
E8_P3_M41_L001,Pre_P35,Pre,986167.3,986167.3,-0.0,0.0201
E9_P1_M41_L001,Pre_P35,Pre,993915.2,993915.2,0.0,0.00881
E9_P2_M41_L001,Pre_P35,Pre,992994.9,992994.9,0.0,0.01014
E9_P3_M41_L001,Pre_P35,Pre,994022.3,994022.3,-0.0,0.00865
F10_P1_M41_L001,Pre_P35,Pre,997254.7,997254.7,-0.0,0.00397
F10_P2_M41_L001,Pre_P35,Pre,995779.1,995779.1,-0.0,0.0061
F11_P1_M41_L001,Pre_P35,Pre,996475.3,996475.3,0.0,0.00509
F11_P3_M41_L001,Pre_P35,Pre,991151.6,991151.6,-0.0,0.01282
F12_P2_M41_L001,Pre_P35,Pre,994993.0,994993.0,-0.0,0.00724
F1_P1_M41_L001,Pre_P35,Pre,994877.0,994877.0,-0.0,0.00741
F1_P2_M41_L001,Pre_P35,Pre,988433.9,988433.9,0.0,0.01678
F2_P2_M41_L001,Pre_P35,Pre,992145.0,992145.0,-0.0,0.01138
F2_P3_M41_L001,Pre_P35,Pre,993960.6,993960.6,-0.0,0.00874
F3_P1_M41_L001,Pre_P35,Pre,988461.0,988461.0,-0.0,0.01674
F3_P2_M41_L001,Pre_P35,Pre,995340.9,995340.9,-0.0,0.00674
F3_P3_M41_L001,Pre_P35,Pre,991946.2,991946.2,-0.0,0.01167
F4_P1_M41_L001,Pre_P35,Pre,992604.3,991074.6,1529.7,0.01293
F4_P2_M41_L001,Pre_P35,Pre,994802.9,994475.4,327.5,0.00799
F4_P3_M41_L001,Pre_P35,Pre,994052.9,994052.9,-0.0,0.00861
F5_P1_M41_L001,Pre_P35,Pre,994778.8,994778.8,0.0,0.00755
F6_P1_M41_L001,Pre_P35,Pre,990958.2,990958.2,-0.0,0.0131
F6_P2_M41_L001,Pre_P35,Pre,992535.2,992535.2,0.0,0.01081
F7_P1_M41_L001,Pre_P35,Pre,989200.5,989200.5,-0.0,0.01567
F7_P2_M41_L001,Pre_P35,Pre,996794.9,996794.9,0.0,0.00463
F7_P3_M41_L001,Pre_P35,Pre,992578.9,992578.9,-0.0,0.01075
F8_P1_M41_L001,Pre_P35,Pre,995217.0,991500.8,3716.2,0.01231
F8_P3_M41_L001,Pre_P35,Pre,988992.7,988992.7,-0.0,0.01597
F9_P1_M41_L001,Pre_P35,Pre,982510.3,982510.3,0.0,0.02546
F9_P2_M41_L001,Pre_P35,Pre,995121.0,995121.0,0.0,0.00706
F9_P3_M41_L001,Pre_P35,Pre,995619.2,995619.2,0.0,0.00633
G10_P1_M41_L001,Pre_P35,Pre,990711.1,990711.1,0.0,0.01346
G10_P2_M41_L001,Pre_P35,Pre,994117.5,994117.5,-0.0,0.00851
G10_P3_M41_L001,Pre_P35,Pre,991710.5,991710.5,0.0,0.01201
G11_P1_M41_L001,Pre_P35,Pre,991677.9,991677.9,0.0,0.01206
G11_P2_M41_L001,Pre_P35,Pre,994862.3,994858.8,3.5,0.00744
G11_P3_M41_L001,Pre_P35,Pre,993964.9,993953.3,11.6,0.00875
G12_P1_M41_L001,Pre_P35,Pre,994377.4,994377.4,-0.0,0.00813
G12_P2_M41_L001,Pre_P35,Pre,996133.9,996133.9,-0.0,0.00559
G12_P3_M41_L001,Pre_P35,Pre,989420.1,989420.1,-0.0,0.01534
G1_P1_M41_L001,Pre_P35,Pre,992998.1,992998.1,0.0,0.01014
G1_P2_M41_L001,Pre_P35,Pre,995067.3,995067.3,-0.0,0.00713
G1_P3_M41_L001,Pre_P35,Pre,996254.2,996254.2,0.0,0.00541
G2_P2_M41_L001,Pre_P35,Pre,988789.4,988789.4,0.0,0.01626
G2_P3_M41_L001,Pre_P35,Pre,992851.2,992851.2,0.0,0.01035
G3_P1_M41_L001,Pre_P35,Pre,991382.1,991382.1,0.0,0.01249
G3_P2_M41_L001,Pre_P35,Pre,996351.1,996351.1,0.0,0.00527
G3_P3_M41_L001,Pre_P35,Pre,995941.3,995941.3,-0.0,0.00587
G4_P1_M41_L001,Pre_P35,Pre,991315.7,991315.7,0.0,0.01258
G4_P3_M41_L001,Pre_P35,Pre,996115.8,995243.7,872.1,0.00688
G5_P3_M41_L001,Pre_P35,Pre,984773.5,984773.5,0.0,0.02214
G6_P1_M41_L001,Pre_P35,Pre,992371.7,992371.7,0.0,0.01105
G6_P2_M41_L001,Pre_P35,Pre,996139.8,996139.8,0.0,0.00558
G6_P3_M41_L001,Pre_P35,Pre,993811.0,993811.0,-0.0,0.00896
G7_P1_M41_L001,Pre_P35,Pre,992575.6,992575.6,0.0,0.01075
G7_P2_M41_L001,Pre_P35,Pre,990368.9,990368.9,0.0,0.01396
G7_P3_M41_L001,Pre_P35,Pre,994533.7,994529.7,4.0,0.00791
G8_P1_M41_L001,Pre_P35,Pre,994932.9,994932.9,-0.0,0.00733
G8_P2_M41_L001,Pre_P35,Pre,990120.6,990120.6,0.0,0.01432
G8_P3_M41_L001,Pre_P35,Pre,991522.3,991522.3,0.0,0.01228
G9_P1_M41_L001,Pre_P35,Pre,993422.2,993422.2,0.0,0.00952
G9_P2_M41_L001,Pre_P35,Pre,993398.6,993398.6,-0.0,0.00956
G9_P3_M41_L001,Pre_P35,Pre,993553.1,993553.1,-0.0,0.00933
H10_P1_M41_L001,Pre_P35,Pre,998998.9,998998.9,-0.0,0.00145
H10_P2_M41_L001,Pre_P35,Pre,994164.2,994164.2,-0.0,0.00844
H11_P1_M41_L001,Pre_P35,Pre,996613.9,996613.9,-0.0,0.00489
H12_P1_M41_L001,Pre_P35,Pre,993910.9,993907.4,3.5,0.00882
H12_P2_M41_L001,Pre_P35,Pre,989688.6,989688.6,0.0,0.01495
H12_P3_M41_L001,Pre_P35,Pre,991517.1,991517.1,-0.0,0.01229
H1_P1_M41_L001,Pre_P35,Pre,992546.9,992546.9,-0.0,0.01079
H1_P2_M41_L001,Pre_P35,Pre,993980.0,993980.0,0.0,0.00871
H1_P3_M41_L001,Pre_P35,Pre,991816.2,991816.2,-0.0,0.01186
H2_P1_M41_L001,Pre_P35,Pre,993579.2,993579.2,0.0,0.00929
H2_P3_M41_L001,Pre_P35,Pre,995345.3,995326.4,18.9,0.00676
H3_P1_M41_L001,Pre_P35,Pre,993434.5,993434.5,0.0,0.0095
H3_P2_M41_L001,Pre_P35,Pre,993354.9,993348.2,6.7,0.00963
H3_P3_M41_L001,Pre_P35,Pre,991471.7,991471.7,-0.0,0.01236
H4_P1_M41_L001,Pre_P35,Pre,992886.8,991501.3,1385.5,0.01231
H4_P2_M41_L001,Pre_P35,Pre,991916.3,991916.3,-0.0,0.01171
H4_P3_M41_L001,Pre_P35,Pre,993083.3,993083.3,-0.0,0.01001
H5_P1_M41_L001,Pre_P35,Pre,982400.6,982400.6,-0.0,0.02562
H5_P2_M41_L001,Pre_P35,Pre,992174.9,992174.9,-0.0,0.01133
H5_P3_M41_L001,Pre_P35,Pre,987683.0,987683.0,-0.0,0.01788
H6_P2_M41_L001,Pre_P35,Pre,988247.0,987974.6,272.4,0.01745
H6_P3_M41_L001,Pre_P35,Pre,990819.1,990819.1,-0.0,0.01331
H7_P1_M41_L001,Pre_P35,Pre,993730.2,993730.2,0.0,0.00907
H7_P3_M41_L001,Pre_P35,Pre,992526.1,992526.1,-0.0,0.01082
H8_P1_M41_L001,Pre_P35,Pre,992506.0,992506.0,0.0,0.01085
H8_P2_M41_L001,Pre_P35,Pre,993888.4,993888.4,0.0,0.00884
H8_P3_M41_L001,Pre_P35,Pre,994683.5,994683.5,-0.0,0.00769
H9_P1_M41_L001,Pre_P35,Pre,993442.1,993442.1,0.0,0.00949
H9_P3_M41_L001,Pre_P35,Pre,992011.5,992011.5,0.0,0.01157
A3_P7_MMD9_L001_myeloid_enriched,Post_P17,Post,997406.6,997392.4,14.2,0.00377
A5_P7_MMD9_L001_myeloid_enriched,Post_P17,Post,994299.7,994299.7,-0.0,0.00825
A8_P7_MMD9_L001_myeloid_enriched,Post_P17,Post,994957.9,994632.7,325.2,0.00776
B10_P7_MMD9_L001_myeloid_enriched,Post_P17,Post,998718.7,998718.7,-0.0,0.00185
B12_P7_MMD9_L001_myeloid_enriched,Post_P17,Post,993098.0,992088.3,1009.7,0.01146
B1_P7_MMD9_L001_myeloid_enriched,Post_P17,Post,998252.9,997623.5,629.4,0.00343
B3_P7_MMD9_L001_myeloid_enriched,Post_P17,Post,999745.5,999745.5,-0.0,0.00037
B4_P7_MMD9_L001_myeloid_enriched,Post_P17,Post,994871.9,994817.2,54.7,0.0075
B5_P7_MMD9_L001_myeloid_enriched,Post_P17,Post,998676.0,998607.0,69.0,0.00201
B6_P7_MMD9_L001_myeloid_enriched,Post_P17,Post,998855.9,998855.9,0.0,0.00165
B8_P7_MMD9_L001_myeloid_enriched,Post_P17,Post,996441.2,996441.2,0.0,0.00514
B9_P7_MMD9_L001_myeloid_enriched,Post_P17,Post,996705.7,996534.3,171.4,0.00501
C10_P7_MMD9_L001_myeloid_enriched,Post_P17,Post,991572.4,991572.4,-0.0,0.01221
C12_P7_MMD9_L001_myeloid_enriched,Post_P17,Post,994074.0,994074.0,0.0,0.00857
C2_P7_MMD9_L001_myeloid_enriched,Post_P17,Post,991435.2,991435.2,-0.0,0.01241
C5_P7_MMD9_L001_myeloid_enriched,Post_P17,Post,997058.7,997058.7,0.0,0.00425
D10_P7_MMD9_L001_myeloid_enriched,Post_P17,Post,995777.5,995777.5,0.0,0.0061
E10_P7_MMD9_L001_myeloid_enriched,Post_P17,Post,999506.8,999506.8,-0.0,0.00071
E11_P7_MMD9_L001_myeloid_enriched,Post_P17,Post,997092.2,996933.4,158.8,0.00443
E12_P7_MMD9_L001_myeloid_enriched,Post_P17,Post,1000023.8,1000023.8,0.0,-3e-05
E2_P7_MMD9_L001_myeloid_enriched,Post_P17,Post,994554.8,994554.8,0.0,0.00788
E3_P7_MMD9_L001_myeloid_enriched,Post_P17,Post,997615.3,997615.3,0.0,0.00344
E4_P7_MMD9_L001_myeloid_enriched,Post_P17,Post,992815.2,992815.2,-0.0,0.0104
E5_P7_MMD9_L001_myeloid_enriched,Post_P17,Post,994637.6,994634.7,2.9,0.00776
E7_P7_MMD9_L001_myeloid_enriched,Post_P17,Post,997931.9,997931.9,0.0,0.00299
F10_P7_MMD9_L001_myeloid_enriched,Post_P17,Post,1000033.0,999980.8,52.2,3e-05
F11_P7_MMD9_L001_myeloid_enriched,Post_P17,Post,998816.2,998816.2,0.0,0.00171
F3_P7_MMD9_L001_myeloid_enriched,Post_P17,Post,994821.7,994783.6,38.1,0.00755
F4_P7_MMD9_L001_myeloid_enriched,Post_P17,Post,998780.6,998780.6,-0.0,0.00176
F5_P7_MMD9_L001_myeloid_enriched,Post_P17,Post,1000732.1,1000732.1,-0.0,-0.00106
F8_P7_MMD9_L001_myeloid_enriched,Post_P17,Post,999279.3,999279.3,0.0,0.00104
G10_P7_MMD9_L001_myeloid_enriched,Post_P17,Post,995481.6,995481.6,-0.0,0.00653
G12_P7_MMD9_L001_myeloid_enriched,Post_P17,Post,995065.4,995060.6,4.8,0.00714
G3_P7_MMD9_L001_myeloid_enriched,Post_P17,Post,995661.9,995656.8,5.1,0.00628
G4_P7_MMD9_L001_myeloid_enriched,Post_P17,Post,999302.3,999302.3,-0.0,0.00101
G5_P7_MMD9_L001_myeloid_enriched,Post_P17,Post,990168.2,989807.2,361.0,0.01478
G8_P7_MMD9_L001_myeloid_enriched,Post_P17,Post,996125.8,996125.8,0.0,0.0056
H10_P7_MMD9_L001_myeloid_enriched,Post_P17,Post,999195.0,999195.0,-0.0,0.00116
H12_P7_MMD9_L001_myeloid_enriched,Post_P17,Post,999632.8,999632.8,0.0,0.00053
H3_P7_MMD9_L001_myeloid_enriched,Post_P17,Post,997997.9,997997.9,0.0,0.00289
H7_P7_MMD9_L001_myeloid_enriched,Post_P17,Post,993754.8,993754.8,0.0,0.00904
H8_P7_MMD9_L001_myeloid_enriched,Post_P17,Post,999083.1,999051.4,31.7,0.00137
A10_P7_MMD7_L001_myeloid_enriched,Post_P19,Post,997640.2,997640.2,-0.0,0.00341
A11_P7_MMD7_L001_myeloid_enriched,Post_P19,Post,996020.5,996020.5,0.0,0.00575
A2_P7_MMD7_L001_myeloid_enriched,Post_P19,Post,991938.7,991907.3,31.4,0.01172
A4_P7_MMD7_L001_myeloid_enriched,Post_P19,Post,993996.8,993996.8,-0.0,0.00869
A5_P7_MMD7_L001_myeloid_enriched,Post_P19,Post,993640.2,993640.2,0.0,0.0092
A6_P7_MMD7_L001_myeloid_enriched,Post_P19,Post,995110.0,995110.0,-0.0,0.00707
A7_P7_MMD7_L001_myeloid_enriched,Post_P19,Post,991544.0,991544.0,0.0,0.01225
A9_P7_MMD7_L001_myeloid_enriched,Post_P19,Post,999049.3,999049.3,-0.0,0.00137
B10_P7_MMD7_L001_myeloid_enriched,Post_P19,Post,997884.8,995685.8,2199.0,0.00624
B11_P7_MMD7_L001_myeloid_enriched,Post_P19,Post,994265.3,994265.3,0.0,0.0083
B12_P7_MMD7_L001_myeloid_enriched,Post_P19,Post,998273.8,998039.3,234.5,0.00283
B1_P7_MMD7_L001_myeloid_enriched,Post_P19,Post,991239.5,991239.5,0.0,0.01269
B2_P7_MMD7_L001_myeloid_enriched,Post_P19,Post,996025.8,996025.8,0.0,0.00574
B3_P7_MMD7_L001_myeloid_enriched,Post_P19,Post,997037.3,997037.3,-0.0,0.00428
B4_P7_MMD7_L001_myeloid_enriched,Post_P19,Post,996645.3,996645.3,-0.0,0.00485
B6_P7_MMD7_L001_myeloid_enriched,Post_P19,Post,997023.3,996859.7,163.6,0.00454
B7_P7_MMD7_L001_myeloid_enriched,Post_P19,Post,992010.2,992010.2,0.0,0.01157
B8_P7_MMD7_L001_myeloid_enriched,Post_P19,Post,996381.6,994149.4,2232.2,0.00847
B9_P7_MMD7_L001_myeloid_enriched,Post_P19,Post,993774.1,993065.9,708.2,0.01004
C10_P7_MMD7_L001_myeloid_enriched,Post_P19,Post,997116.9,997116.9,0.0,0.00417
C1_P7_MMD7_L001_myeloid_enriched,Post_P19,Post,995794.7,995794.7,0.0,0.00608
C2_P7_MMD7_L001_myeloid_enriched,Post_P19,Post,994318.3,994297.6,20.7,0.00825
C3_P7_MMD7_L001_myeloid_enriched,Post_P19,Post,996721.5,995333.3,1388.2,0.00675
C6_P7_MMD7_L001_myeloid_enriched,Post_P19,Post,995121.3,995121.3,-0.0,0.00706
C7_P7_MMD7_L001_myeloid_enriched,Post_P19,Post,994108.2,994108.2,0.0,0.00853
C8_P7_MMD7_L001_myeloid_enriched,Post_P19,Post,996191.2,996191.2,-0.0,0.00551
C9_P7_MMD7_L001_myeloid_enriched,Post_P19,Post,996714.2,996714.2,0.0,0.00475
D11_P7_MMD7_L001_myeloid_enriched,Post_P19,Post,996502.6,996502.6,-0.0,0.00505
D12_P7_MMD7_L001_myeloid_enriched,Post_P19,Post,995712.4,995575.3,137.1,0.0064
D1_P7_MMD7_L001_myeloid_enriched,Post_P19,Post,995284.2,995109.2,175.0,0.00707
D2_P7_MMD7_L001_myeloid_enriched,Post_P19,Post,994839.0,994839.0,0.0,0.00747
D4_P7_MMD7_L001_myeloid_enriched,Post_P19,Post,996140.8,996140.8,0.0,0.00558
D5_P7_MMD7_L001_myeloid_enriched,Post_P19,Post,994243.0,994243.0,-0.0,0.00833
D6_P7_MMD7_L001_myeloid_enriched,Post_P19,Post,998955.7,998955.7,0.0,0.00151
D7_P7_MMD7_L001_myeloid_enriched,Post_P19,Post,998431.1,998422.0,9.1,0.00228
D8_P7_MMD7_L001_myeloid_enriched,Post_P19,Post,993643.3,993376.2,267.1,0.00959
D9_P7_MMD7_L001_myeloid_enriched,Post_P19,Post,996645.9,996645.9,0.0,0.00485
E10_P7_MMD7_L001_myeloid_enriched,Post_P19,Post,995236.4,995236.4,0.0,0.00689
E11_P7_MMD7_L001_myeloid_enriched,Post_P19,Post,995580.5,995580.5,0.0,0.00639
E12_P7_MMD7_L001_myeloid_enriched,Post_P19,Post,989298.9,988950.2,348.7,0.01603
E1_P7_MMD7_L001_myeloid_enriched,Post_P19,Post,997680.2,997680.2,-0.0,0.00335
E2_P7_MMD7_L001_myeloid_enriched,Post_P19,Post,995213.6,995213.6,-0.0,0.00692
E4_P7_MMD7_L001_myeloid_enriched,Post_P19,Post,996562.3,996562.3,-0.0,0.00497
E5_P7_MMD7_L001_myeloid_enriched,Post_P19,Post,995608.5,995600.3,8.2,0.00636
E6_P7_MMD7_L001_myeloid_enriched,Post_P19,Post,995002.7,995002.7,-0.0,0.00723
E7_P7_MMD7_L001_myeloid_enriched,Post_P19,Post,997008.1,997008.1,-0.0,0.00432
E8_P7_MMD7_L001_myeloid_enriched,Post_P19,Post,995280.8,994861.6,419.2,0.00743
E9_P7_MMD7_L001_myeloid_enriched,Post_P19,Post,995924.8,995924.8,0.0,0.00589
F11_P7_MMD7_L001_myeloid_enriched,Post_P19,Post,994927.5,993365.6,1561.9,0.0096
F12_P7_MMD7_L001_myeloid_enriched,Post_P19,Post,996202.6,996202.6,0.0,0.00549
F3_P7_MMD7_L001_myeloid_enriched,Post_P19,Post,993757.7,993757.7,0.0,0.00903
F4_P7_MMD7_L001_myeloid_enriched,Post_P19,Post,998015.9,998002.1,13.8,0.00289
F6_P7_MMD7_L001_myeloid_enriched,Post_P19,Post,996355.5,996355.5,-0.0,0.00527
F7_P7_MMD7_L001_myeloid_enriched,Post_P19,Post,997381.3,996549.7,831.6,0.00499
F9_P7_MMD7_L001_myeloid_enriched,Post_P19,Post,992544.6,992370.7,173.9,0.01105
G11_P7_MMD7_L001_myeloid_enriched,Post_P19,Post,993813.8,993813.8,-0.0,0.00895
G12_P7_MMD7_L001_myeloid_enriched,Post_P19,Post,993725.7,993017.7,708.0,0.01011
G1_P7_MMD7_L001_myeloid_enriched,Post_P19,Post,995823.5,994842.2,981.3,0.00746
G2_P7_MMD7_L001_myeloid_enriched,Post_P19,Post,995699.0,995699.0,0.0,0.00622
G4_P7_MMD7_L001_myeloid_enriched,Post_P19,Post,996161.6,994739.5,1422.1,0.00761
G5_P7_MMD7_L001_myeloid_enriched,Post_P19,Post,995949.9,995949.9,0.0,0.00585
G7_P7_MMD7_L001_myeloid_enriched,Post_P19,Post,995414.1,995414.1,-0.0,0.00663
G8_P7_MMD7_L001_myeloid_enriched,Post_P19,Post,992059.9,992029.5,30.4,0.01155
G9_P7_MMD7_L001_myeloid_enriched,Post_P19,Post,997248.0,997248.0,-0.0,0.00398
H10_P7_MMD7_L001_myeloid_enriched,Post_P19,Post,993132.2,993132.2,0.0,0.00994
H11_P7_MMD7_L001_myeloid_enriched,Post_P19,Post,992528.7,991602.5,926.2,0.01217
H12_P7_MMD7_L001_myeloid_enriched,Post_P19,Post,995405.4,995405.4,0.0,0.00664
H1_P7_MMD7_L001_myeloid_enriched,Post_P19,Post,997688.4,997688.4,-0.0,0.00334
H2_P7_MMD7_L001_myeloid_enriched,Post_P19,Post,994336.2,994149.8,186.4,0.00846
H4_P7_MMD7_L001_myeloid_enriched,Post_P19,Post,995694.2,994919.2,775.0,0.00735
H5_P7_MMD7_L001_myeloid_enriched,Post_P19,Post,997311.8,996804.9,506.9,0.00462
H6_P7_MMD7_L001_myeloid_enriched,Post_P19,Post,996627.7,996627.7,0.0,0.00487
H7_P7_MMD7_L001_myeloid_enriched,Post_P19,Post,995288.6,995288.6,0.0,0.00681
H8_P7_MMD7_L001_myeloid_enriched,Post_P19,Post,996722.8,996722.8,-0.0,0.00474
H9_P7_MMD7_L001_myeloid_enriched,Post_P19,Post,997037.3,997037.3,-0.0,0.00428
A10_P1_M39_T_enriched,Post_P2,Post,996636.1,996636.1,-0.0,0.00486
A11_P1_M39_T_enriched,Post_P2,Post,995279.3,995212.1,67.2,0.00692
A12_P1_M39_T_enriched,Post_P2,Post,995762.6,995762.6,-0.0,0.00613
A1_P1_M39_T_enriched,Post_P2,Post,995257.3,995193.8,63.5,0.00695
A3_P1_M39_T_enriched,Post_P2,Post,990106.2,990025.1,81.1,0.01446
A4_P1_M39_T_enriched,Post_P2,Post,995509.9,995509.9,-0.0,0.00649
A5_P1_M39_T_enriched,Post_P2,Post,993672.2,993672.2,0.0,0.00916
A6_P1_M39_T_enriched,Post_P2,Post,997241.8,997241.8,-0.0,0.00398
A7_P1_M39_T_enriched,Post_P2,Post,996742.2,996742.2,0.0,0.00471
A8_P1_M39_T_enriched,Post_P2,Post,995081.6,995081.6,-0.0,0.00711
A9_P1_M39_T_enriched,Post_P2,Post,997361.0,997361.0,0.0,0.00381
B10_P1_M39_T_enriched,Post_P2,Post,997522.4,997522.4,-0.0,0.00358
B11_P1_M39_T_enriched,Post_P2,Post,997355.6,997355.6,0.0,0.00382
B12_P1_M39_T_enriched,Post_P2,Post,997510.3,997510.3,0.0,0.0036
B1_P1_M39_T_enriched,Post_P2,Post,997830.8,997788.4,42.4,0.00319
B2_P1_M39_T_enriched,Post_P2,Post,996027.3,996027.3,-0.0,0.00574
B3_P1_M39_T_enriched,Post_P2,Post,993290.3,993290.3,0.0,0.00971
B4_P1_M39_T_enriched,Post_P2,Post,994287.5,994275.0,12.5,0.00828
B5_P1_M39_T_enriched,Post_P2,Post,996591.0,996591.0,-0.0,0.00493
B7_P1_M39_T_enriched,Post_P2,Post,996285.8,996285.8,-0.0,0.00537
B9_P1_M39_T_enriched,Post_P2,Post,996405.2,996405.2,0.0,0.0052
C12_P1_M39_T_enriched,Post_P2,Post,987084.2,986705.1,379.1,0.01931
C1_P1_M39_T_enriched,Post_P2,Post,993840.3,993840.3,0.0,0.00891
C2_P1_M39_T_enriched,Post_P2,Post,994223.3,993948.0,275.3,0.00876
C3_P1_M39_T_enriched,Post_P2,Post,993705.8,993540.2,165.6,0.00935
C4_P1_M39_T_enriched,Post_P2,Post,995683.9,995683.9,-0.0,0.00624
C5_P1_M39_T_enriched,Post_P2,Post,997504.8,997488.4,16.4,0.00363
C6_P1_M39_T_enriched,Post_P2,Post,992906.5,992906.5,0.0,0.01027
C7_P1_M39_T_enriched,Post_P2,Post,997341.3,997272.7,68.6,0.00394
C8_P1_M39_T_enriched,Post_P2,Post,994387.1,994188.7,198.4,0.00841
C9_P1_M39_T_enriched,Post_P2,Post,997343.0,997343.0,0.0,0.00384
D10_P1_M39_T_enriched,Post_P2,Post,994447.5,994378.4,69.1,0.00813
D11_P1_M39_T_enriched,Post_P2,Post,995288.1,995232.6,55.5,0.00689
D12_P1_M39_T_enriched,Post_P2,Post,996807.1,996807.1,0.0,0.00461
D1_P1_M39_T_enriched,Post_P2,Post,992744.8,992744.8,-0.0,0.01051
D2_P1_M39_T_enriched,Post_P2,Post,992521.6,992521.6,0.0,0.01083
D3_P1_M39_T_enriched,Post_P2,Post,994702.7,994702.7,0.0,0.00766
D4_P1_M39_T_enriched,Post_P2,Post,996370.4,996370.4,-0.0,0.00525
D5_P1_M39_T_enriched,Post_P2,Post,992791.9,992791.9,0.0,0.01044
D6_P1_M39_T_enriched,Post_P2,Post,993729.3,993729.3,-0.0,0.00908
D8_P1_M39_T_enriched,Post_P2,Post,996835.4,996835.4,0.0,0.00457
E10_P1_M39_T_enriched,Post_P2,Post,994860.8,994835.9,24.9,0.00747
E11_P1_M39_T_enriched,Post_P2,Post,994914.6,994914.6,-0.0,0.00736
E2_P1_M39_T_enriched,Post_P2,Post,994806.7,994806.7,-0.0,0.00751
E3_P1_M39_T_enriched,Post_P2,Post,995401.0,995359.4,41.6,0.00671
E4_P1_M39_T_enriched,Post_P2,Post,989510.2,989510.2,-0.0,0.01521
E5_P1_M39_T_enriched,Post_P2,Post,996048.9,996048.9,-0.0,0.00571
E7_P1_M39_T_enriched,Post_P2,Post,994573.4,994573.4,0.0,0.00785
E8_P1_M39_T_enriched,Post_P2,Post,994082.1,994082.1,-0.0,0.00856
E9_P1_M39_T_enriched,Post_P2,Post,994688.0,994688.0,0.0,0.00768
F10_P1_M39_T_enriched,Post_P2,Post,996787.4,996787.4,0.0,0.00464
F11_P1_M39_T_enriched,Post_P2,Post,995751.5,995751.5,-0.0,0.00614
F1_P1_M39_T_enriched,Post_P2,Post,996300.2,996190.5,109.7,0.00551
F2_P1_M39_T_enriched,Post_P2,Post,997169.4,997146.8,22.6,0.00412
F3_P1_M39_T_enriched,Post_P2,Post,992303.2,992303.2,0.0,0.01115
F5_P1_M39_T_enriched,Post_P2,Post,996586.6,996347.1,239.5,0.00528
F6_P1_M39_T_enriched,Post_P2,Post,995173.5,994858.8,314.7,0.00744
F7_P1_M39_T_enriched,Post_P2,Post,993585.8,993585.8,-0.0,0.00928
F8_P1_M39_T_enriched,Post_P2,Post,994049.9,993502.3,547.6,0.0094
F9_P1_M39_T_enriched,Post_P2,Post,996410.4,996410.4,0.0,0.00519
G10_P1_M39_T_enriched,Post_P2,Post,995682.3,995682.3,-0.0,0.00624
G12_P1_M39_T_enriched,Post_P2,Post,994140.9,994140.9,0.0,0.00848
G1_P1_M39_T_enriched,Post_P2,Post,998499.1,998499.1,0.0,0.00217
G3_P1_M39_T_enriched,Post_P2,Post,997171.6,996841.8,329.8,0.00456
G4_P1_M39_T_enriched,Post_P2,Post,997349.9,997349.9,-0.0,0.00383
G5_P1_M39_T_enriched,Post_P2,Post,995962.4,995962.4,0.0,0.00584
G6_P1_M39_T_enriched,Post_P2,Post,993696.8,993696.8,-0.0,0.00912
G8_P1_M39_T_enriched,Post_P2,Post,994428.0,994428.0,0.0,0.00806
G9_P1_M39_T_enriched,Post_P2,Post,986951.2,986951.2,0.0,0.01895
H10_P1_M39_T_enriched,Post_P2,Post,996958.7,996958.7,0.0,0.00439
H11_P1_M39_T_enriched,Post_P2,Post,996611.0,996540.9,70.1,0.005
H12_P1_M39_T_enriched,Post_P2,Post,991825.9,991778.4,47.5,0.01191
H1_P1_M39_T_enriched,Post_P2,Post,995642.4,995642.4,-0.0,0.0063
H2_P1_M39_T_enriched,Post_P2,Post,995718.9,995718.9,-0.0,0.00619
H3_P1_M39_T_enriched,Post_P2,Post,995313.9,995313.9,0.0,0.00678
H5_P1_M39_T_enriched,Post_P2,Post,993038.1,992970.5,67.6,0.01018
H6_P1_M39_T_enriched,Post_P2,Post,996038.6,996038.6,0.0,0.00573
H8_P1_M39_T_enriched,Post_P2,Post,995720.3,995720.3,0.0,0.00619
H9_P1_M39_T_enriched,Post_P2,Post,995065.9,995065.9,-0.0,0.00714
A10_P7_M47_T_enriched,Post_P4,Post,995798.9,995360.3,438.6,0.00671
A10_P8_M47_T_enriched,Post_P4,Post,993708.5,993708.5,-0.0,0.00911
A10_P9_M47_T_enriched,Post_P4,Post,995859.9,995590.3,269.6,0.00638
A11_P7_M47_T_enriched,Post_P4,Post,994638.7,994226.7,412.0,0.00835
A11_P8_M47_T_enriched,Post_P4,Post,995943.9,995943.9,-0.0,0.00586
A11_P9_M47_T_enriched,Post_P4,Post,996237.5,996237.5,-0.0,0.00544
A12_P7_M47_T_enriched,Post_P4,Post,996802.7,996079.6,723.1,0.00567
A12_P8_M47_T_enriched,Post_P4,Post,996571.8,996571.8,0.0,0.00495
A12_P9_M47_T_enriched,Post_P4,Post,997906.4,997842.5,63.9,0.00312
A1_P9_M47_T_enriched,Post_P4,Post,997198.1,997198.1,-0.0,0.00405
A2_P7_M47_T_enriched,Post_P4,Post,994355.6,994355.6,-0.0,0.00817
A2_P9_M47_T_enriched,Post_P4,Post,994173.3,994173.3,0.0,0.00843
A3_P7_M47_T_enriched,Post_P4,Post,996993.2,996988.8,4.4,0.00435
A3_P8_M47_T_enriched,Post_P4,Post,994095.3,994095.3,0.0,0.00854
A3_P9_M47_T_enriched,Post_P4,Post,995368.6,995368.6,0.0,0.0067
A4_P7_M47_T_enriched,Post_P4,Post,994254.1,994254.1,-0.0,0.00831
A4_P8_M47_T_enriched,Post_P4,Post,995468.4,995468.4,-0.0,0.00655
A4_P9_M47_T_enriched,Post_P4,Post,994262.1,994262.1,0.0,0.0083
A5_P7_M47_T_enriched,Post_P4,Post,996267.6,996267.6,0.0,0.00539
A5_P8_M47_T_enriched,Post_P4,Post,995909.0,995909.0,0.0,0.00591
A5_P9_M47_T_enriched,Post_P4,Post,992467.2,992329.1,138.1,0.01111
A6_P7_M47_T_enriched,Post_P4,Post,997485.7,997485.7,0.0,0.00363
A6_P8_M47_T_enriched,Post_P4,Post,994630.3,994630.3,-0.0,0.00777
A6_P9_M47_T_enriched,Post_P4,Post,992512.7,992300.8,211.9,0.01115
A7_P7_M47_T_enriched,Post_P4,Post,997252.0,997252.0,0.0,0.00397
A7_P8_M47_T_enriched,Post_P4,Post,991242.9,991242.9,0.0,0.01269
A7_P9_M47_T_enriched,Post_P4,Post,991747.2,991747.2,0.0,0.01196
A8_P7_M47_T_enriched,Post_P4,Post,993033.3,993033.3,-0.0,0.01009
A8_P8_M47_T_enriched,Post_P4,Post,996757.6,996757.6,0.0,0.00469
A8_P9_M47_T_enriched,Post_P4,Post,994894.7,994894.7,0.0,0.00738
A9_P7_M47_T_enriched,Post_P4,Post,989842.9,987865.7,1977.2,0.01761
A9_P8_M47_T_enriched,Post_P4,Post,993774.6,993774.6,0.0,0.00901
A9_P9_M47_T_enriched,Post_P4,Post,996326.2,996326.2,-0.0,0.00531
B10_P7_M47_T_enriched,Post_P4,Post,994427.6,994326.8,100.8,0.00821
B10_P8_M47_T_enriched,Post_P4,Post,995024.1,994177.5,846.6,0.00842
B10_P9_M47_T_enriched,Post_P4,Post,995122.8,995122.8,0.0,0.00705
B11_P7_M47_T_enriched,Post_P4,Post,993716.1,993613.9,102.2,0.00924
B11_P9_M47_T_enriched,Post_P4,Post,994013.5,994013.5,-0.0,0.00866
B12_P7_M47_T_enriched,Post_P4,Post,992562.8,992545.9,16.9,0.01079
B12_P8_M47_T_enriched,Post_P4,Post,992792.5,992792.5,-0.0,0.01044
B12_P9_M47_T_enriched,Post_P4,Post,996388.2,996388.2,0.0,0.00522
B1_P7_M47_T_enriched,Post_P4,Post,994874.9,994874.9,0.0,0.00741
B1_P8_M47_T_enriched,Post_P4,Post,997891.5,997891.5,0.0,0.00305
B1_P9_M47_T_enriched,Post_P4,Post,995443.7,995443.7,-0.0,0.00659
B2_P7_M47_T_enriched,Post_P4,Post,996095.6,996095.6,0.0,0.00564
B2_P8_M47_T_enriched,Post_P4,Post,995436.6,995436.6,-0.0,0.0066
B2_P9_M47_T_enriched,Post_P4,Post,992290.2,992284.7,5.5,0.01117
B3_P7_M47_T_enriched,Post_P4,Post,994485.9,993860.9,625.0,0.00888
B3_P8_M47_T_enriched,Post_P4,Post,994842.5,994842.5,0.0,0.00746
B3_P9_M47_T_enriched,Post_P4,Post,995920.7,995920.7,0.0,0.0059
B4_P7_M47_T_enriched,Post_P4,Post,995685.2,995685.2,0.0,0.00624
B4_P8_M47_T_enriched,Post_P4,Post,996111.6,996111.6,-0.0,0.00562
B5_P7_M47_T_enriched,Post_P4,Post,994554.9,994554.9,-0.0,0.00788
B5_P8_M47_T_enriched,Post_P4,Post,992816.6,992816.6,0.0,0.0104
B5_P9_M47_T_enriched,Post_P4,Post,990232.7,990220.2,12.5,0.01418
B6_P7_M47_T_enriched,Post_P4,Post,996069.1,996069.1,0.0,0.00568
B7_P7_M47_T_enriched,Post_P4,Post,994715.8,994711.1,4.7,0.00765
B7_P8_M47_T_enriched,Post_P4,Post,995515.5,995515.5,-0.0,0.00648
B7_P9_M47_T_enriched,Post_P4,Post,995673.0,995390.6,282.4,0.00667
B8_P9_M47_T_enriched,Post_P4,Post,993639.5,993639.5,0.0,0.00921
B9_P7_M47_T_enriched,Post_P4,Post,995967.6,995928.9,38.7,0.00589
C10_P7_M47_T_enriched,Post_P4,Post,996010.0,996010.0,-0.0,0.00577
C10_P8_M47_T_enriched,Post_P4,Post,993940.1,993940.1,0.0,0.00877
C10_P9_M47_T_enriched,Post_P4,Post,996426.8,996286.3,140.5,0.00537
C11_P7_M47_T_enriched,Post_P4,Post,993565.2,993565.2,0.0,0.00931
C11_P9_M47_T_enriched,Post_P4,Post,989926.0,989926.0,-0.0,0.01461
C12_P8_M47_T_enriched,Post_P4,Post,995425.0,995425.0,0.0,0.00662
C1_P7_M47_T_enriched,Post_P4,Post,996711.2,996711.2,-0.0,0.00475
C1_P8_M47_T_enriched,Post_P4,Post,995340.1,995340.1,0.0,0.00674
C1_P9_M47_T_enriched,Post_P4,Post,997086.9,997086.9,0.0,0.00421
C2_P7_M47_T_enriched,Post_P4,Post,995773.3,995773.3,-0.0,0.00611
C2_P8_M47_T_enriched,Post_P4,Post,994839.4,994839.4,-0.0,0.00746
C2_P9_M47_T_enriched,Post_P4,Post,994533.4,994269.0,264.4,0.00829
C3_P7_M47_T_enriched,Post_P4,Post,992577.2,992564.2,13.0,0.01077
C3_P8_M47_T_enriched,Post_P4,Post,995014.2,995014.2,0.0,0.00721
C3_P9_M47_T_enriched,Post_P4,Post,994662.7,994662.7,-0.0,0.00772
C4_P7_M47_T_enriched,Post_P4,Post,988463.8,988463.8,-0.0,0.01674
C4_P8_M47_T_enriched,Post_P4,Post,994748.7,994748.7,0.0,0.0076
C4_P9_M47_T_enriched,Post_P4,Post,994549.7,994522.9,26.8,0.00792
C5_P7_M47_T_enriched,Post_P4,Post,991881.2,991881.2,-0.0,0.01176
C5_P8_M47_T_enriched,Post_P4,Post,994724.6,994683.3,41.3,0.00769
C5_P9_M47_T_enriched,Post_P4,Post,992230.9,992230.9,0.0,0.01125
C6_P7_M47_T_enriched,Post_P4,Post,996446.3,996446.3,-0.0,0.00514
C6_P8_M47_T_enriched,Post_P4,Post,997504.5,997456.4,48.1,0.00367
C6_P9_M47_T_enriched,Post_P4,Post,993065.3,993065.3,0.0,0.01004
C7_P7_M47_T_enriched,Post_P4,Post,995878.8,995878.8,0.0,0.00596
C7_P8_M47_T_enriched,Post_P4,Post,994637.6,994637.6,-0.0,0.00776
C7_P9_M47_T_enriched,Post_P4,Post,995537.2,995537.2,0.0,0.00645
C8_P7_M47_T_enriched,Post_P4,Post,996864.9,996501.3,363.6,0.00506
C8_P8_M47_T_enriched,Post_P4,Post,996571.4,996525.9,45.5,0.00502
C8_P9_M47_T_enriched,Post_P4,Post,993347.2,993347.2,0.0,0.00963
C9_P7_M47_T_enriched,Post_P4,Post,994633.4,994633.4,-0.0,0.00776
C9_P8_M47_T_enriched,Post_P4,Post,991390.7,991095.5,295.2,0.0129
C9_P9_M47_T_enriched,Post_P4,Post,992767.7,992767.7,0.0,0.01047
D10_P7_M47_T_enriched,Post_P4,Post,996711.0,996711.0,-0.0,0.00475
D10_P8_M47_T_enriched,Post_P4,Post,996599.1,996599.1,0.0,0.00491
D10_P9_M47_T_enriched,Post_P4,Post,993831.4,993739.4,92.0,0.00906
D11_P7_M47_T_enriched,Post_P4,Post,994774.0,994774.0,-0.0,0.00756
D11_P8_M47_T_enriched,Post_P4,Post,995641.6,995641.6,0.0,0.0063
D12_P7_M47_T_enriched,Post_P4,Post,997224.5,997224.5,0.0,0.00401
D12_P8_M47_T_enriched,Post_P4,Post,994297.1,994297.1,0.0,0.00825
D12_P9_M47_T_enriched,Post_P4,Post,994610.9,994348.7,262.2,0.00818
D1_P7_M47_T_enriched,Post_P4,Post,996052.5,996052.5,-0.0,0.00571
D1_P8_M47_T_enriched,Post_P4,Post,994954.3,994954.3,0.0,0.0073
D1_P9_M47_T_enriched,Post_P4,Post,997191.0,996394.1,796.9,0.00521
D2_P7_M47_T_enriched,Post_P4,Post,994053.5,994053.5,0.0,0.0086
D2_P8_M47_T_enriched,Post_P4,Post,995496.7,995484.9,11.8,0.00653
D2_P9_M47_T_enriched,Post_P4,Post,993903.0,993903.0,-0.0,0.00882
D3_P7_M47_T_enriched,Post_P4,Post,996396.8,996357.0,39.8,0.00527
D3_P8_M47_T_enriched,Post_P4,Post,995930.9,995930.9,0.0,0.00588
D3_P9_M47_T_enriched,Post_P4,Post,997314.7,997314.7,-0.0,0.00388
D4_P7_M47_T_enriched,Post_P4,Post,997120.0,997047.4,72.6,0.00427
D4_P8_M47_T_enriched,Post_P4,Post,996007.1,996007.1,0.0,0.00577
D4_P9_M47_T_enriched,Post_P4,Post,994241.2,994241.2,-0.0,0.00833
D5_P7_M47_T_enriched,Post_P4,Post,995892.8,995892.8,0.0,0.00594
D5_P8_M47_T_enriched,Post_P4,Post,995198.1,995198.1,0.0,0.00694
D6_P7_M47_T_enriched,Post_P4,Post,993255.6,993255.6,0.0,0.00976
D6_P8_M47_T_enriched,Post_P4,Post,996468.5,996468.5,-0.0,0.0051
D6_P9_M47_T_enriched,Post_P4,Post,995137.1,995137.1,0.0,0.00703
D7_P7_M47_T_enriched,Post_P4,Post,996587.1,996587.1,0.0,0.00493
D7_P8_M47_T_enriched,Post_P4,Post,992055.0,990838.3,1216.7,0.01328
D7_P9_M47_T_enriched,Post_P4,Post,996261.3,996261.3,-0.0,0.0054
D8_P7_M47_T_enriched,Post_P4,Post,993702.6,993702.6,-0.0,0.00911
D8_P8_M47_T_enriched,Post_P4,Post,990511.4,990511.4,0.0,0.01375
D8_P9_M47_T_enriched,Post_P4,Post,996185.1,996084.3,100.8,0.00566
D9_P7_M47_T_enriched,Post_P4,Post,993517.7,993517.7,0.0,0.00938
D9_P8_M47_T_enriched,Post_P4,Post,998167.9,998167.9,0.0,0.00265
D9_P9_M47_T_enriched,Post_P4,Post,995810.1,995810.1,-0.0,0.00606
E10_P8_M47_T_enriched,Post_P4,Post,994184.5,994184.5,0.0,0.00841
E11_P7_M47_T_enriched,Post_P4,Post,994893.5,994893.5,0.0,0.00739
E11_P8_M47_T_enriched,Post_P4,Post,995201.9,995201.9,-0.0,0.00694
E11_P9_M47_T_enriched,Post_P4,Post,996648.1,996648.1,-0.0,0.00484
E12_P7_M47_T_enriched,Post_P4,Post,995933.8,995933.8,0.0,0.00588
E12_P8_M47_T_enriched,Post_P4,Post,997419.5,997419.5,0.0,0.00373
E12_P9_M47_T_enriched,Post_P4,Post,996589.8,996589.8,0.0,0.00493
E1_P7_M47_T_enriched,Post_P4,Post,995652.5,995652.5,0.0,0.00629
E1_P8_M47_T_enriched,Post_P4,Post,995745.6,995745.6,-0.0,0.00615
E1_P9_M47_T_enriched,Post_P4,Post,993707.6,992319.4,1388.2,0.01112
E2_P8_M47_T_enriched,Post_P4,Post,997623.9,997623.9,0.0,0.00343
E3_P7_M47_T_enriched,Post_P4,Post,991484.8,991484.8,-0.0,0.01234
E3_P8_M47_T_enriched,Post_P4,Post,995192.4,995192.4,0.0,0.00695
E3_P9_M47_T_enriched,Post_P4,Post,997792.7,997792.7,0.0,0.00319
E4_P7_M47_T_enriched,Post_P4,Post,996582.4,996582.4,0.0,0.00494
E4_P8_M47_T_enriched,Post_P4,Post,994276.4,994276.4,0.0,0.00828
E5_P7_M47_T_enriched,Post_P4,Post,994220.6,994220.6,-0.0,0.00836
E5_P9_M47_T_enriched,Post_P4,Post,995016.4,995016.4,-0.0,0.00721
E6_P7_M47_T_enriched,Post_P4,Post,996352.9,996352.9,-0.0,0.00527
E6_P9_M47_T_enriched,Post_P4,Post,997351.7,995449.4,1902.3,0.00658
E7_P7_M47_T_enriched,Post_P4,Post,995006.0,995006.0,0.0,0.00722
E7_P8_M47_T_enriched,Post_P4,Post,994715.5,994715.5,-0.0,0.00764
E7_P9_M47_T_enriched,Post_P4,Post,995548.2,995548.2,-0.0,0.00644
E8_P7_M47_T_enriched,Post_P4,Post,991753.7,990723.0,1030.7,0.01345
E8_P8_M47_T_enriched,Post_P4,Post,995405.3,994960.6,444.7,0.00729
E8_P9_M47_T_enriched,Post_P4,Post,995947.0,995947.0,-0.0,0.00586
E9_P7_M47_T_enriched,Post_P4,Post,995102.4,995102.4,-0.0,0.00708
E9_P8_M47_T_enriched,Post_P4,Post,995029.9,995029.9,-0.0,0.00719
E9_P9_M47_T_enriched,Post_P4,Post,993032.8,993032.8,0.0,0.01009
F10_P7_M47_T_enriched,Post_P4,Post,995185.7,995185.7,-0.0,0.00696
F10_P8_M47_T_enriched,Post_P4,Post,994805.8,994502.3,303.5,0.00795
F11_P7_M47_T_enriched,Post_P4,Post,996715.6,996715.6,-0.0,0.00475
F11_P8_M47_T_enriched,Post_P4,Post,995376.9,995376.9,-0.0,0.00669
F11_P9_M47_T_enriched,Post_P4,Post,995622.8,995549.3,73.5,0.00644
F12_P7_M47_T_enriched,Post_P4,Post,992821.3,992821.3,-0.0,0.01039
F12_P9_M47_T_enriched,Post_P4,Post,996702.3,996551.1,151.2,0.00498
F1_P7_M47_T_enriched,Post_P4,Post,998359.0,998359.0,0.0,0.00237
F1_P8_M47_T_enriched,Post_P4,Post,997176.8,997176.8,-0.0,0.00408
F2_P7_M47_T_enriched,Post_P4,Post,994607.3,994607.3,0.0,0.0078
F2_P8_M47_T_enriched,Post_P4,Post,995594.6,995594.6,-0.0,0.00637
F2_P9_M47_T_enriched,Post_P4,Post,997403.6,997338.3,65.3,0.00385
F3_P7_M47_T_enriched,Post_P4,Post,995424.2,995424.2,0.0,0.00662
F3_P8_M47_T_enriched,Post_P4,Post,992100.6,992100.6,-0.0,0.01144
F3_P9_M47_T_enriched,Post_P4,Post,995835.5,995835.5,-0.0,0.00602
F4_P7_M47_T_enriched,Post_P4,Post,992719.4,992719.4,0.0,0.01054
F4_P8_M47_T_enriched,Post_P4,Post,994638.2,994638.2,0.0,0.00776
F4_P9_M47_T_enriched,Post_P4,Post,995226.5,995226.5,0.0,0.0069
F5_P8_M47_T_enriched,Post_P4,Post,995030.7,995030.7,-0.0,0.00719
F5_P9_M47_T_enriched,Post_P4,Post,995554.5,992927.0,2627.5,0.01024
F6_P7_M47_T_enriched,Post_P4,Post,993517.7,993511.9,5.8,0.00939
F6_P8_M47_T_enriched,Post_P4,Post,993653.5,993538.9,114.6,0.00935
F6_P9_M47_T_enriched,Post_P4,Post,990974.3,990974.3,0.0,0.01308
F7_P7_M47_T_enriched,Post_P4,Post,996428.2,996428.2,-0.0,0.00516
F7_P8_M47_T_enriched,Post_P4,Post,993141.7,992944.6,197.1,0.01021
F7_P9_M47_T_enriched,Post_P4,Post,990994.4,990994.4,0.0,0.01305
F8_P8_M47_T_enriched,Post_P4,Post,997210.6,997210.6,-0.0,0.00403
F9_P7_M47_T_enriched,Post_P4,Post,993204.7,993204.7,0.0,0.00984
F9_P8_M47_T_enriched,Post_P4,Post,997527.4,996809.0,718.4,0.00461
F9_P9_M47_T_enriched,Post_P4,Post,996800.1,996800.1,0.0,0.00462
G10_P7_M47_T_enriched,Post_P4,Post,992096.5,992096.5,-0.0,0.01145
G10_P8_M47_T_enriched,Post_P4,Post,994461.2,994461.2,0.0,0.00801
G10_P9_M47_T_enriched,Post_P4,Post,993707.4,993485.5,221.9,0.00943
G11_P7_M47_T_enriched,Post_P4,Post,996908.2,996606.9,301.3,0.0049
G11_P9_M47_T_enriched,Post_P4,Post,997121.8,997121.8,0.0,0.00416
G12_P7_M47_T_enriched,Post_P4,Post,994051.0,994051.0,0.0,0.00861
G12_P8_M47_T_enriched,Post_P4,Post,995971.1,995971.1,0.0,0.00582
G12_P9_M47_T_enriched,Post_P4,Post,998565.4,998456.5,108.9,0.00223
G1_P7_M47_T_enriched,Post_P4,Post,991962.1,991962.1,0.0,0.01164
G1_P8_M47_T_enriched,Post_P4,Post,996449.4,996449.4,0.0,0.00513
G1_P9_M47_T_enriched,Post_P4,Post,996984.3,996977.9,6.4,0.00437
G2_P7_M47_T_enriched,Post_P4,Post,993294.3,993151.3,143.0,0.00991
G2_P8_M47_T_enriched,Post_P4,Post,993033.2,993033.2,0.0,0.01009
G2_P9_M47_T_enriched,Post_P4,Post,994698.0,994698.0,-0.0,0.00767
G3_P8_M47_T_enriched,Post_P4,Post,994862.2,994862.2,-0.0,0.00743
G3_P9_M47_T_enriched,Post_P4,Post,991939.5,991939.5,-0.0,0.01168
G4_P7_M47_T_enriched,Post_P4,Post,993271.3,993271.3,0.0,0.00974
G4_P8_M47_T_enriched,Post_P4,Post,992262.0,992221.3,40.7,0.01127
G4_P9_M47_T_enriched,Post_P4,Post,994300.8,994293.4,7.4,0.00826
G5_P7_M47_T_enriched,Post_P4,Post,993764.0,993764.0,0.0,0.00902
G5_P8_M47_T_enriched,Post_P4,Post,992498.8,992498.8,-0.0,0.01086
G5_P9_M47_T_enriched,Post_P4,Post,996997.5,996997.5,0.0,0.00434
G6_P7_M47_T_enriched,Post_P4,Post,996072.0,996072.0,0.0,0.00568
G6_P8_M47_T_enriched,Post_P4,Post,996947.8,996947.8,0.0,0.00441
G6_P9_M47_T_enriched,Post_P4,Post,995486.4,995486.4,0.0,0.00653
G7_P7_M47_T_enriched,Post_P4,Post,996208.3,996208.3,-0.0,0.00548
G7_P9_M47_T_enriched,Post_P4,Post,995992.7,995992.7,0.0,0.00579
G8_P7_M47_T_enriched,Post_P4,Post,994391.7,994391.7,0.0,0.00811
G8_P8_M47_T_enriched,Post_P4,Post,995855.9,995855.9,-0.0,0.00599
G8_P9_M47_T_enriched,Post_P4,Post,995287.4,995287.4,0.0,0.00681
G9_P7_M47_T_enriched,Post_P4,Post,993623.3,993623.3,0.0,0.00923
G9_P8_M47_T_enriched,Post_P4,Post,994610.2,994610.2,-0.0,0.0078
G9_P9_M47_T_enriched,Post_P4,Post,996908.0,996908.0,-0.0,0.00447
H10_P7_M47_T_enriched,Post_P4,Post,997416.9,997416.9,-0.0,0.00373
H10_P8_M47_T_enriched,Post_P4,Post,995889.5,995889.5,0.0,0.00594
H10_P9_M47_T_enriched,Post_P4,Post,997188.2,997154.5,33.7,0.00411
H11_P8_M47_T_enriched,Post_P4,Post,994676.4,994500.1,176.3,0.00796
H12_P7_M47_T_enriched,Post_P4,Post,991161.9,991161.9,-0.0,0.01281
H12_P8_M47_T_enriched,Post_P4,Post,993009.1,993009.1,-0.0,0.01012
H12_P9_M47_T_enriched,Post_P4,Post,993759.0,993759.0,0.0,0.00903
H1_P7_M47_T_enriched,Post_P4,Post,994880.3,994880.3,-0.0,0.00741
H1_P8_M47_T_enriched,Post_P4,Post,990077.5,989947.8,129.7,0.01458
H1_P9_M47_T_enriched,Post_P4,Post,995831.6,995712.0,119.6,0.0062
H2_P7_M47_T_enriched,Post_P4,Post,991586.2,991586.2,-0.0,0.01219
H2_P8_M47_T_enriched,Post_P4,Post,995383.0,995383.0,0.0,0.00668
H2_P9_M47_T_enriched,Post_P4,Post,991127.2,991127.2,-0.0,0.01286
H3_P7_M47_T_enriched,Post_P4,Post,995956.4,995956.4,0.0,0.00585
H3_P8_M47_T_enriched,Post_P4,Post,995876.4,995876.4,0.0,0.00596
H3_P9_M47_T_enriched,Post_P4,Post,994220.3,994220.3,-0.0,0.00836
H4_P7_M47_T_enriched,Post_P4,Post,997704.3,997653.3,51.0,0.00339
H4_P8_M47_T_enriched,Post_P4,Post,990146.9,989823.9,323.0,0.01476
H4_P9_M47_T_enriched,Post_P4,Post,993258.7,992478.3,780.4,0.01089
H5_P7_M47_T_enriched,Post_P4,Post,996278.2,996274.8,3.4,0.00538
H5_P8_M47_T_enriched,Post_P4,Post,998111.0,998111.0,-0.0,0.00273
H5_P9_M47_T_enriched,Post_P4,Post,995411.7,995411.7,-0.0,0.00663
H6_P7_M47_T_enriched,Post_P4,Post,995479.4,995479.4,0.0,0.00654
H6_P9_M47_T_enriched,Post_P4,Post,992241.4,991536.2,705.2,0.01226
H7_P7_M47_T_enriched,Post_P4,Post,993775.9,993775.9,-0.0,0.00901
H7_P8_M47_T_enriched,Post_P4,Post,989353.3,989353.3,0.0,0.01544
H7_P9_M47_T_enriched,Post_P4,Post,992150.5,992150.5,0.0,0.01137
H8_P7_M47_T_enriched,Post_P4,Post,992345.0,992345.0,0.0,0.01109
H8_P8_M47_T_enriched,Post_P4,Post,991303.8,988169.7,3134.1,0.01717
H8_P9_M47_T_enriched,Post_P4,Post,994743.1,994743.1,-0.0,0.0076
H9_P7_M47_T_enriched,Post_P4,Post,994966.4,994399.4,567.0,0.0081
H9_P8_M47_T_enriched,Post_P4,Post,996119.7,996119.7,-0.0,0.00561
H9_P9_M47_T_enriched,Post_P4,Post,995319.4,995319.4,0.0,0.00677
A10_P12_MMD2-36B_T_enriched,Post_P10,Post,999996.8,999996.8,-0.0,0.0
A11_P12_MMD2-36B_T_enriched,Post_P10,Post,994675.1,994675.1,0.0,0.0077
A12_P12_MMD2-36B_T_enriched,Post_P10,Post,993487.8,993487.8,0.0,0.00943
A2_P12_MMD2-36B_T_enriched,Post_P10,Post,991822.9,990053.3,1769.6,0.01442
A3_P12_MMD2-36B_T_enriched,Post_P10,Post,992394.7,992389.6,5.1,0.01102
A4_P12_MMD2-36B_T_enriched,Post_P10,Post,995678.5,995537.4,141.1,0.00645
A5_P12_MMD2-36B_T_enriched,Post_P10,Post,996414.7,996414.7,0.0,0.00518
A6_P12_MMD2-36B_T_enriched,Post_P10,Post,995109.4,995109.4,0.0,0.00707
A7_P12_MMD2-36B_T_enriched,Post_P10,Post,995470.1,995470.1,0.0,0.00655
A8_P12_MMD2-36B_T_enriched,Post_P10,Post,994782.7,994780.3,2.4,0.00755
A9_P12_MMD2-36B_T_enriched,Post_P10,Post,995269.8,995082.1,187.7,0.00711
B10_P12_MMD2-36B_T_enriched,Post_P10,Post,993527.4,993527.4,-0.0,0.00937
B11_P12_MMD2-36B_T_enriched,Post_P10,Post,994304.2,994304.2,0.0,0.00824
B12_P12_MMD2-36B_T_enriched,Post_P10,Post,994110.8,994110.8,0.0,0.00852
B1_P12_MMD2-36B_T_enriched,Post_P10,Post,991126.9,991126.9,0.0,0.01286
B2_P12_MMD2-36B_T_enriched,Post_P10,Post,993647.3,993640.9,6.4,0.0092
B3_P12_MMD2-36B_T_enriched,Post_P10,Post,992887.4,992887.4,-0.0,0.0103
B4_P12_MMD2-36B_T_enriched,Post_P10,Post,995843.0,995843.0,0.0,0.00601
B5_P12_MMD2-36B_T_enriched,Post_P10,Post,993032.1,992385.0,647.1,0.01103
B6_P12_MMD2-36B_T_enriched,Post_P10,Post,995604.2,995604.2,0.0,0.00636
B7_P12_MMD2-36B_T_enriched,Post_P10,Post,996110.6,996110.6,0.0,0.00562
B8_P12_MMD2-36B_T_enriched,Post_P10,Post,994863.7,994863.7,-0.0,0.00743
B9_P12_MMD2-36B_T_enriched,Post_P10,Post,991627.0,989832.7,1794.3,0.01474
C10_P12_MMD2-36B_T_enriched,Post_P10,Post,993209.1,993209.1,-0.0,0.00983
C11_P12_MMD2-36B_T_enriched,Post_P10,Post,996627.9,996624.1,3.8,0.00488
C12_P12_MMD2-36B_T_enriched,Post_P10,Post,995592.3,995592.3,0.0,0.00637
C2_P12_MMD2-36B_T_enriched,Post_P10,Post,998036.6,998036.6,0.0,0.00284
C3_P12_MMD2-36B_T_enriched,Post_P10,Post,990084.3,990084.3,-0.0,0.01438
C4_P12_MMD2-36B_T_enriched,Post_P10,Post,993731.4,993731.4,-0.0,0.00907
C5_P12_MMD2-36B_T_enriched,Post_P10,Post,994152.6,994152.6,0.0,0.00846
C6_P12_MMD2-36B_T_enriched,Post_P10,Post,994423.8,994423.8,0.0,0.00807
C7_P12_MMD2-36B_T_enriched,Post_P10,Post,994376.0,994376.0,-0.0,0.00814
C8_P12_MMD2-36B_T_enriched,Post_P10,Post,992580.6,992580.6,-0.0,0.01074
C9_P12_MMD2-36B_T_enriched,Post_P10,Post,993820.6,993812.3,8.3,0.00895
D10_P12_MMD2-36B_T_enriched,Post_P10,Post,991772.6,991772.6,-0.0,0.01192
D11_P12_MMD2-36B_T_enriched,Post_P10,Post,994872.9,994747.6,125.3,0.0076
D12_P12_MMD2-36B_T_enriched,Post_P10,Post,995565.0,995565.0,0.0,0.00641
D1_P12_MMD2-36B_T_enriched,Post_P10,Post,994805.2,994805.2,0.0,0.00751
D2_P12_MMD2-36B_T_enriched,Post_P10,Post,995128.8,995128.8,0.0,0.00704
D3_P12_MMD2-36B_T_enriched,Post_P10,Post,994139.9,993805.4,334.5,0.00896
D7_P12_MMD2-36B_T_enriched,Post_P10,Post,995959.7,995919.9,39.8,0.0059
D8_P12_MMD2-36B_T_enriched,Post_P10,Post,992996.3,992996.3,0.0,0.01014
D9_P12_MMD2-36B_T_enriched,Post_P10,Post,991699.2,991699.2,0.0,0.01203
E10_P12_MMD2-36B_T_enriched,Post_P10,Post,991994.2,991994.2,0.0,0.0116
E11_P12_MMD2-36B_T_enriched,Post_P10,Post,991740.1,991740.1,-0.0,0.01197
E12_P12_MMD2-36B_T_enriched,Post_P10,Post,995394.7,995394.7,0.0,0.00666
E1_P12_MMD2-36B_T_enriched,Post_P10,Post,994340.1,994257.2,82.9,0.00831
E2_P12_MMD2-36B_T_enriched,Post_P10,Post,993355.4,992878.7,476.7,0.01031
E3_P12_MMD2-36B_T_enriched,Post_P10,Post,995270.7,995267.0,3.7,0.00684
E4_P12_MMD2-36B_T_enriched,Post_P10,Post,993866.2,993866.2,0.0,0.00888
E5_P12_MMD2-36B_T_enriched,Post_P10,Post,993371.7,993371.7,-0.0,0.00959
E7_P12_MMD2-36B_T_enriched,Post_P10,Post,995164.0,995164.0,-0.0,0.00699
E8_P12_MMD2-36B_T_enriched,Post_P10,Post,994798.6,994534.5,264.1,0.00791
F10_P12_MMD2-36B_T_enriched,Post_P10,Post,991734.7,991437.5,297.2,0.01241
F11_P12_MMD2-36B_T_enriched,Post_P10,Post,991320.0,991320.0,-0.0,0.01258
F12_P12_MMD2-36B_T_enriched,Post_P10,Post,997322.3,997322.3,0.0,0.00387
F1_P12_MMD2-36B_T_enriched,Post_P10,Post,995050.8,995050.8,0.0,0.00716
F2_P12_MMD2-36B_T_enriched,Post_P10,Post,995717.8,995717.8,-0.0,0.00619
F3_P12_MMD2-36B_T_enriched,Post_P10,Post,989946.8,989946.8,-0.0,0.01458
F4_P12_MMD2-36B_T_enriched,Post_P10,Post,992900.0,992900.0,0.0,0.01028
F5_P12_MMD2-36B_T_enriched,Post_P10,Post,993681.0,993681.0,0.0,0.00915
F7_P12_MMD2-36B_T_enriched,Post_P10,Post,996742.2,996742.2,0.0,0.00471
F8_P12_MMD2-36B_T_enriched,Post_P10,Post,988640.8,988640.8,0.0,0.01648
F9_P12_MMD2-36B_T_enriched,Post_P10,Post,989951.7,989951.7,0.0,0.01457
G11_P12_MMD2-36B_T_enriched,Post_P10,Post,994731.4,994731.4,0.0,0.00762
G12_P12_MMD2-36B_T_enriched,Post_P10,Post,996653.1,996653.1,0.0,0.00484
G1_P12_MMD2-36B_T_enriched,Post_P10,Post,994611.5,994169.9,441.6,0.00844
G2_P12_MMD2-36B_T_enriched,Post_P10,Post,994754.7,994754.7,-0.0,0.00759
G3_P12_MMD2-36B_T_enriched,Post_P10,Post,997303.4,997303.4,0.0,0.0039
G4_P12_MMD2-36B_T_enriched,Post_P10,Post,994340.2,994145.9,194.3,0.00847
G5_P12_MMD2-36B_T_enriched,Post_P10,Post,991675.8,991675.8,0.0,0.01206
G6_P12_MMD2-36B_T_enriched,Post_P10,Post,994249.0,994244.8,4.2,0.00833
G7_P12_MMD2-36B_T_enriched,Post_P10,Post,992884.8,992884.8,-0.0,0.0103
G8_P12_MMD2-36B_T_enriched,Post_P10,Post,993963.5,993963.5,0.0,0.00874
H10_P12_MMD2-36B_T_enriched,Post_P10,Post,995206.5,995206.5,0.0,0.00693
H11_P12_MMD2-36B_T_enriched,Post_P10,Post,996595.2,996595.2,-0.0,0.00492
H12_P12_MMD2-36B_T_enriched,Post_P10,Post,993447.8,993447.8,-0.0,0.00948
H1_P12_MMD2-36B_T_enriched,Post_P10,Post,989531.5,987749.6,1781.9,0.01778
H2_P12_MMD2-36B_T_enriched,Post_P10,Post,994542.3,994542.3,-0.0,0.0079
H3_P12_MMD2-36B_T_enriched,Post_P10,Post,991768.7,991768.7,0.0,0.01192
H4_P12_MMD2-36B_T_enriched,Post_P10,Post,992056.7,992056.7,-0.0,0.01151
H5_P12_MMD2-36B_T_enriched,Post_P10,Post,993502.9,991294.7,2208.2,0.01261
H6_P12_MMD2-36B_T_enriched,Post_P10,Post,995729.2,995729.2,-0.0,0.00617
H7_P12_MMD2-36B_T_enriched,Post_P10,Post,988829.4,988829.4,0.0,0.01621
H8_P12_MMD2-36B_T_enriched,Post_P10,Post,993551.7,993551.7,-0.0,0.00933
H9_P12_MMD2-36B_T_enriched,Post_P10,Post,994696.8,994696.8,0.0,0.00767
A10_P6_M74_T_enriched,Post_P13,Post,993345.1,993310.8,34.3,0.00968
A10_P7_M74_T_enriched,Post_P13,Post,994819.6,994819.6,-0.0,0.00749
A11_P6_M74_T_enriched,Post_P13,Post,990571.2,990571.2,-0.0,0.01367
A11_P7_M74_T_enriched,Post_P13,Post,992495.1,992495.1,0.0,0.01087
A12_P6_M74_T_enriched,Post_P13,Post,995220.2,994326.8,893.4,0.00821
A12_P7_M74_T_enriched,Post_P13,Post,991796.9,991796.9,-0.0,0.01188
A2_P6_M74_T_enriched,Post_P13,Post,993614.5,993614.5,0.0,0.00924
A2_P7_M74_T_enriched,Post_P13,Post,995418.0,995418.0,0.0,0.00663
A3_P7_M74_T_enriched,Post_P13,Post,993486.2,993486.2,-0.0,0.00943
A4_P6_M74_T_enriched,Post_P13,Post,995918.0,995918.0,0.0,0.0059
A4_P7_M74_T_enriched,Post_P13,Post,995203.4,995203.4,0.0,0.00694
A5_P6_M74_T_enriched,Post_P13,Post,994051.6,994051.6,-0.0,0.00861
A5_P7_M74_T_enriched,Post_P13,Post,996611.5,996611.5,0.0,0.0049
A6_P6_M74_T_enriched,Post_P13,Post,993541.9,993541.9,0.0,0.00935
A6_P7_M74_T_enriched,Post_P13,Post,990374.2,989114.5,1259.7,0.01579
A7_P6_M74_T_enriched,Post_P13,Post,993160.1,993160.1,0.0,0.0099
A8_P6_M74_T_enriched,Post_P13,Post,993338.6,993338.6,0.0,0.00964
A8_P7_M74_T_enriched,Post_P13,Post,994243.2,994243.2,-0.0,0.00833
A9_P6_M74_T_enriched,Post_P13,Post,996420.8,996420.8,0.0,0.00517
B10_P6_M74_T_enriched,Post_P13,Post,995597.3,995597.3,0.0,0.00637
B10_P7_M74_T_enriched,Post_P13,Post,993242.2,993242.2,0.0,0.00978
B11_P6_M74_T_enriched,Post_P13,Post,994131.7,993408.6,723.1,0.00954
B11_P7_M74_T_enriched,Post_P13,Post,990848.0,990843.6,4.4,0.01327
B12_P6_M74_T_enriched,Post_P13,Post,992413.7,992410.3,3.4,0.01099
B12_P7_M74_T_enriched,Post_P13,Post,989770.5,989754.2,16.3,0.01486
B1_P6_M74_T_enriched,Post_P13,Post,995720.6,995720.6,-0.0,0.00619
B1_P7_M74_T_enriched,Post_P13,Post,995848.9,994275.7,1573.2,0.00828
B2_P7_M74_T_enriched,Post_P13,Post,989991.2,989991.2,0.0,0.01451
B3_P6_M74_T_enriched,Post_P13,Post,996577.4,995907.4,670.0,0.00592
B3_P7_M74_T_enriched,Post_P13,Post,994585.2,994585.2,0.0,0.00783
B4_P6_M74_T_enriched,Post_P13,Post,992081.6,992081.6,0.0,0.01147
B5_P6_M74_T_enriched,Post_P13,Post,995851.1,995851.1,-0.0,0.006
B6_P6_M74_T_enriched,Post_P13,Post,994252.0,993986.1,265.9,0.0087
B6_P7_M74_T_enriched,Post_P13,Post,993883.4,993883.4,-0.0,0.00885
B7_P6_M74_T_enriched,Post_P13,Post,995793.1,995793.1,0.0,0.00608
B7_P7_M74_T_enriched,Post_P13,Post,994132.0,994132.0,0.0,0.00849
B8_P6_M74_T_enriched,Post_P13,Post,993349.9,993349.9,-0.0,0.00963
B8_P7_M74_T_enriched,Post_P13,Post,996770.2,996770.2,0.0,0.00467
B9_P6_M74_T_enriched,Post_P13,Post,995435.0,995181.8,253.2,0.00697
B9_P7_M74_T_enriched,Post_P13,Post,997440.2,997440.2,0.0,0.0037
C10_P6_M74_T_enriched,Post_P13,Post,995393.2,995393.2,0.0,0.00666
C11_P6_M74_T_enriched,Post_P13,Post,992495.6,992495.6,0.0,0.01087
C11_P7_M74_T_enriched,Post_P13,Post,994348.9,994348.9,0.0,0.00818
C12_P6_M74_T_enriched,Post_P13,Post,994910.1,994907.9,2.2,0.00737
C12_P7_M74_T_enriched,Post_P13,Post,993784.0,992610.9,1173.1,0.0107
C1_P6_M74_T_enriched,Post_P13,Post,995920.6,995920.6,0.0,0.0059
C1_P7_M74_T_enriched,Post_P13,Post,997806.1,997806.1,-0.0,0.00317
C2_P6_M74_T_enriched,Post_P13,Post,996739.8,996739.8,0.0,0.00471
C2_P7_M74_T_enriched,Post_P13,Post,995408.7,995408.7,0.0,0.00664
C3_P6_M74_T_enriched,Post_P13,Post,994712.9,994712.9,-0.0,0.00765
C3_P7_M74_T_enriched,Post_P13,Post,990783.4,990783.4,0.0,0.01336
C4_P6_M74_T_enriched,Post_P13,Post,995261.0,995261.0,-0.0,0.00685
C5_P6_M74_T_enriched,Post_P13,Post,991161.5,991161.5,0.0,0.01281
C5_P7_M74_T_enriched,Post_P13,Post,990884.9,990884.9,-0.0,0.01321
C6_P6_M74_T_enriched,Post_P13,Post,993391.1,993391.1,0.0,0.00957
C6_P7_M74_T_enriched,Post_P13,Post,992901.8,992901.8,0.0,0.01028
C7_P6_M74_T_enriched,Post_P13,Post,991702.7,991695.0,7.7,0.01203
C7_P7_M74_T_enriched,Post_P13,Post,994110.6,994100.6,10.0,0.00854
C8_P6_M74_T_enriched,Post_P13,Post,991257.6,991211.1,46.5,0.01274
C9_P6_M74_T_enriched,Post_P13,Post,994740.5,994740.5,-0.0,0.00761
C9_P7_M74_T_enriched,Post_P13,Post,993174.1,993174.1,-0.0,0.00988
D10_P6_M74_T_enriched,Post_P13,Post,991397.6,991397.6,0.0,0.01246
D10_P7_M74_T_enriched,Post_P13,Post,994280.7,994276.5,4.2,0.00828
D11_P6_M74_T_enriched,Post_P13,Post,995252.6,995252.6,-0.0,0.00687
D11_P7_M74_T_enriched,Post_P13,Post,993916.2,993916.2,0.0,0.0088
D12_P6_M74_T_enriched,Post_P13,Post,992885.0,992242.4,642.6,0.01124
D12_P7_M74_T_enriched,Post_P13,Post,995121.8,995121.8,0.0,0.00705
D1_P7_M74_T_enriched,Post_P13,Post,994142.0,994142.0,-0.0,0.00848
D2_P6_M74_T_enriched,Post_P13,Post,993975.0,993975.0,0.0,0.00872
D3_P6_M74_T_enriched,Post_P13,Post,994745.0,994745.0,0.0,0.0076
D3_P7_M74_T_enriched,Post_P13,Post,995937.9,995937.9,-0.0,0.00587
D4_P6_M74_T_enriched,Post_P13,Post,993461.4,993461.4,0.0,0.00946
D4_P7_M74_T_enriched,Post_P13,Post,991798.9,991798.9,0.0,0.01188
D5_P6_M74_T_enriched,Post_P13,Post,994230.7,994230.7,-0.0,0.00835
D5_P7_M74_T_enriched,Post_P13,Post,991427.7,991427.7,-0.0,0.01242
D6_P6_M74_T_enriched,Post_P13,Post,995547.8,995547.8,-0.0,0.00644
D6_P7_M74_T_enriched,Post_P13,Post,995564.9,995564.9,0.0,0.00641
D7_P6_M74_T_enriched,Post_P13,Post,993594.0,993594.0,0.0,0.00927
D7_P7_M74_T_enriched,Post_P13,Post,994343.1,994343.1,0.0,0.00818
D8_P6_M74_T_enriched,Post_P13,Post,995830.6,995820.9,9.7,0.00604
D8_P7_M74_T_enriched,Post_P13,Post,991261.6,991261.6,0.0,0.01266
D9_P6_M74_T_enriched,Post_P13,Post,992228.7,992228.7,0.0,0.01126
D9_P7_M74_T_enriched,Post_P13,Post,987580.7,987576.5,4.2,0.01804
E10_P7_M74_T_enriched,Post_P13,Post,996401.3,996401.3,0.0,0.0052
E11_P6_M74_T_enriched,Post_P13,Post,992672.8,992672.8,-0.0,0.01061
E11_P7_M74_T_enriched,Post_P13,Post,991620.0,991596.0,24.0,0.01218
E12_P6_M74_T_enriched,Post_P13,Post,996285.7,996285.7,0.0,0.00537
E12_P7_M74_T_enriched,Post_P13,Post,994273.4,994273.4,-0.0,0.00829
E1_P6_M74_T_enriched,Post_P13,Post,995954.4,995954.4,0.0,0.00585
E1_P7_M74_T_enriched,Post_P13,Post,993342.2,993342.2,-0.0,0.00964
E2_P6_M74_T_enriched,Post_P13,Post,996451.8,996451.8,0.0,0.00513
E2_P7_M74_T_enriched,Post_P13,Post,996691.6,996691.6,0.0,0.00478
E3_P6_M74_T_enriched,Post_P13,Post,995645.8,995645.8,-0.0,0.0063
E3_P7_M74_T_enriched,Post_P13,Post,993804.0,993804.0,0.0,0.00897
E4_P6_M74_T_enriched,Post_P13,Post,990952.4,990952.4,0.0,0.01311
E4_P7_M74_T_enriched,Post_P13,Post,994682.0,994682.0,-0.0,0.00769
E5_P6_M74_T_enriched,Post_P13,Post,997725.5,997452.1,273.4,0.00368
E5_P7_M74_T_enriched,Post_P13,Post,996562.4,996562.4,0.0,0.00497
E6_P6_M74_T_enriched,Post_P13,Post,991284.9,991284.9,-0.0,0.01263
E6_P7_M74_T_enriched,Post_P13,Post,997604.7,997598.8,5.9,0.00347
E7_P6_M74_T_enriched,Post_P13,Post,994644.7,994644.7,-0.0,0.00775
E7_P7_M74_T_enriched,Post_P13,Post,990431.9,990431.9,-0.0,0.01387
E8_P6_M74_T_enriched,Post_P13,Post,993332.2,991096.5,2235.7,0.0129
E8_P7_M74_T_enriched,Post_P13,Post,996062.5,996062.5,0.0,0.00569
E9_P6_M74_T_enriched,Post_P13,Post,996759.7,996759.7,-0.0,0.00468
E9_P7_M74_T_enriched,Post_P13,Post,993717.8,993717.8,-0.0,0.00909
F10_P6_M74_T_enriched,Post_P13,Post,997087.0,996802.9,284.1,0.00462
F10_P7_M74_T_enriched,Post_P13,Post,995079.2,995079.2,-0.0,0.00712
F11_P6_M74_T_enriched,Post_P13,Post,993450.4,993450.4,-0.0,0.00948
F11_P7_M74_T_enriched,Post_P13,Post,992367.6,992367.6,-0.0,0.01105
F12_P6_M74_T_enriched,Post_P13,Post,994589.3,994589.3,-0.0,0.00783
F12_P7_M74_T_enriched,Post_P13,Post,997903.9,997903.9,-0.0,0.00303
F1_P6_M74_T_enriched,Post_P13,Post,991021.7,991021.7,0.0,0.01301
F1_P7_M74_T_enriched,Post_P13,Post,997356.3,997356.3,-0.0,0.00382
F2_P7_M74_T_enriched,Post_P13,Post,996625.8,996625.8,-0.0,0.00488
F3_P6_M74_T_enriched,Post_P13,Post,992837.3,992837.3,-0.0,0.01037
F3_P7_M74_T_enriched,Post_P13,Post,996475.6,996475.6,0.0,0.00509
F4_P6_M74_T_enriched,Post_P13,Post,997663.6,997663.6,-0.0,0.00337
F4_P7_M74_T_enriched,Post_P13,Post,995010.2,994354.1,656.1,0.00817
F5_P6_M74_T_enriched,Post_P13,Post,994467.9,994467.9,0.0,0.008
F5_P7_M74_T_enriched,Post_P13,Post,994399.7,994399.7,0.0,0.0081
F6_P6_M74_T_enriched,Post_P13,Post,992189.6,992189.6,-0.0,0.01131
F6_P7_M74_T_enriched,Post_P13,Post,994206.8,994206.8,0.0,0.00838
F7_P7_M74_T_enriched,Post_P13,Post,996457.2,996457.2,-0.0,0.00512
F8_P6_M74_T_enriched,Post_P13,Post,993760.5,993760.5,-0.0,0.00903
F8_P7_M74_T_enriched,Post_P13,Post,994304.5,994304.5,-0.0,0.00824
F9_P7_M74_T_enriched,Post_P13,Post,995447.1,995192.1,255.0,0.00695
G10_P6_M74_T_enriched,Post_P13,Post,996134.8,996101.9,32.9,0.00563
G11_P6_M74_T_enriched,Post_P13,Post,994439.3,993669.6,769.7,0.00916
G11_P7_M74_T_enriched,Post_P13,Post,995980.9,995977.7,3.2,0.00581
G12_P6_M74_T_enriched,Post_P13,Post,993665.4,993665.4,-0.0,0.00917
G12_P7_M74_T_enriched,Post_P13,Post,993650.9,993650.9,0.0,0.00919
G1_P6_M74_T_enriched,Post_P13,Post,990878.5,990878.5,-0.0,0.01322
G1_P7_M74_T_enriched,Post_P13,Post,989604.1,988660.6,943.5,0.01645
G2_P7_M74_T_enriched,Post_P13,Post,995518.1,995518.1,0.0,0.00648
G3_P7_M74_T_enriched,Post_P13,Post,995075.0,995075.0,-0.0,0.00712
G4_P6_M74_T_enriched,Post_P13,Post,992365.2,992365.2,0.0,0.01106
G4_P7_M74_T_enriched,Post_P13,Post,994265.2,992782.0,1483.2,0.01045
G5_P6_M74_T_enriched,Post_P13,Post,992253.9,992253.9,-0.0,0.01122
G5_P7_M74_T_enriched,Post_P13,Post,996616.1,996576.3,39.8,0.00495
G6_P6_M74_T_enriched,Post_P13,Post,992997.8,990629.9,2367.9,0.01358
G6_P7_M74_T_enriched,Post_P13,Post,993834.9,990936.1,2898.8,0.01314
G7_P6_M74_T_enriched,Post_P13,Post,994365.9,994365.9,0.0,0.00815
G7_P7_M74_T_enriched,Post_P13,Post,989836.7,989836.7,-0.0,0.01474
G8_P6_M74_T_enriched,Post_P13,Post,994754.9,994741.5,13.4,0.00761
G8_P7_M74_T_enriched,Post_P13,Post,995473.9,995473.9,0.0,0.00654
G9_P6_M74_T_enriched,Post_P13,Post,997239.7,997239.7,-0.0,0.00399
G9_P7_M74_T_enriched,Post_P13,Post,994049.2,994020.1,29.1,0.00865
H10_P6_M74_T_enriched,Post_P13,Post,994242.0,994242.0,-0.0,0.00833
H10_P7_M74_T_enriched,Post_P13,Post,992074.2,992074.2,0.0,0.01148
H11_P6_M74_T_enriched,Post_P13,Post,992536.3,992521.1,15.2,0.01083
H11_P7_M74_T_enriched,Post_P13,Post,989769.8,989618.6,151.2,0.01506
H12_P6_M74_T_enriched,Post_P13,Post,990665.7,990665.7,0.0,0.01353
H12_P7_M74_T_enriched,Post_P13,Post,994345.2,994345.2,-0.0,0.00818
H1_P6_M74_T_enriched,Post_P13,Post,998524.2,998524.2,0.0,0.00213
H1_P7_M74_T_enriched,Post_P13,Post,995841.5,995802.6,38.9,0.00607
H2_P7_M74_T_enriched,Post_P13,Post,993431.7,993431.7,-0.0,0.00951
H3_P6_M74_T_enriched,Post_P13,Post,993782.4,993782.4,-0.0,0.009
H3_P7_M74_T_enriched,Post_P13,Post,994931.2,994931.2,0.0,0.00733
H4_P6_M74_T_enriched,Post_P13,Post,995949.7,995871.4,78.3,0.00597
H4_P7_M74_T_enriched,Post_P13,Post,993273.7,993273.7,0.0,0.00974
H5_P6_M74_T_enriched,Post_P13,Post,988126.5,988126.5,-0.0,0.01723
H5_P7_M74_T_enriched,Post_P13,Post,995602.7,995602.7,0.0,0.00636
H6_P6_M74_T_enriched,Post_P13,Post,993317.9,993281.9,36.0,0.00972
H6_P7_M74_T_enriched,Post_P13,Post,992823.2,992823.2,0.0,0.01039
H7_P6_M74_T_enriched,Post_P13,Post,993382.5,990755.1,2627.4,0.0134
H7_P7_M74_T_enriched,Post_P13,Post,993507.7,993507.7,-0.0,0.0094
H8_P7_M74_T_enriched,Post_P13,Post,994605.8,994605.8,-0.0,0.0078
H9_P6_M74_T_enriched,Post_P13,Post,994796.1,991400.2,3395.9,0.01246
H9_P7_M74_T_enriched,Post_P13,Post,994661.0,994400.1,260.9,0.0081
A10_P8_MMD5_T_enriched,Post_P8,Post,992762.3,991253.6,1508.7,0.01267
A11_P8_MMD5_T_enriched,Post_P8,Post,993748.1,993748.1,0.0,0.00905
A12_P8_MMD5_T_enriched,Post_P8,Post,996960.9,992576.9,4384.0,0.01075
A2_P8_MMD5_T_enriched,Post_P8,Post,995020.3,995020.3,0.0,0.0072
A4_P8_MMD5_T_enriched,Post_P8,Post,993115.7,993115.7,-0.0,0.00997
A5_P8_MMD5_T_enriched,Post_P8,Post,995778.3,995778.3,-0.0,0.0061
A6_P8_MMD5_T_enriched,Post_P8,Post,997011.5,996996.9,14.6,0.00434
A8_P8_MMD5_T_enriched,Post_P8,Post,992929.8,992929.8,0.0,0.01024
A9_P8_MMD5_T_enriched,Post_P8,Post,991496.3,991496.3,0.0,0.01232
B11_P8_MMD5_T_enriched,Post_P8,Post,992859.0,991954.0,905.0,0.01165
B12_P8_MMD5_T_enriched,Post_P8,Post,993969.4,993969.4,0.0,0.00873
B1_P8_MMD5_T_enriched,Post_P8,Post,991482.5,991482.5,-0.0,0.01234
B2_P8_MMD5_T_enriched,Post_P8,Post,994693.5,994693.5,0.0,0.00768
B3_P8_MMD5_T_enriched,Post_P8,Post,994542.5,994542.5,0.0,0.0079
B4_P8_MMD5_T_enriched,Post_P8,Post,995575.1,995575.1,0.0,0.0064
B7_P8_MMD5_T_enriched,Post_P8,Post,995540.3,995540.3,-0.0,0.00645
B8_P8_MMD5_T_enriched,Post_P8,Post,994736.4,994736.4,-0.0,0.00761
B9_P8_MMD5_T_enriched,Post_P8,Post,993255.6,993255.6,-0.0,0.00976
C10_P8_MMD5_T_enriched,Post_P8,Post,994439.5,994429.4,10.1,0.00806
C12_P8_MMD5_T_enriched,Post_P8,Post,992052.8,988769.0,3283.8,0.01629
C2_P8_MMD5_T_enriched,Post_P8,Post,992382.9,992379.6,3.3,0.01104
C3_P8_MMD5_T_enriched,Post_P8,Post,993296.6,991645.6,1651.0,0.0121
C4_P8_MMD5_T_enriched,Post_P8,Post,994615.7,994615.7,-0.0,0.00779
C5_P8_MMD5_T_enriched,Post_P8,Post,992765.5,992575.2,190.3,0.01075
C6_P8_MMD5_T_enriched,Post_P8,Post,995231.9,995231.9,0.0,0.0069
C7_P8_MMD5_T_enriched,Post_P8,Post,994681.3,994681.3,-0.0,0.00769
C8_P8_MMD5_T_enriched,Post_P8,Post,994010.7,994010.7,-0.0,0.00867
C9_P8_MMD5_T_enriched,Post_P8,Post,993774.8,993690.8,84.0,0.00913
D10_P8_MMD5_T_enriched,Post_P8,Post,989934.4,989132.0,802.4,0.01577
D11_P8_MMD5_T_enriched,Post_P8,Post,997294.6,997294.6,0.0,0.00391
D12_P8_MMD5_T_enriched,Post_P8,Post,994290.3,994290.3,-0.0,0.00826
D1_P8_MMD5_T_enriched,Post_P8,Post,996074.8,996074.8,0.0,0.00567
D3_P8_MMD5_T_enriched,Post_P8,Post,994772.7,994772.7,-0.0,0.00756
D5_P8_MMD5_T_enriched,Post_P8,Post,997509.4,997482.6,26.8,0.00364
D6_P8_MMD5_T_enriched,Post_P8,Post,991680.1,991680.1,-0.0,0.01205
D7_P8_MMD5_T_enriched,Post_P8,Post,996343.1,996343.1,-0.0,0.00529
D9_P8_MMD5_T_enriched,Post_P8,Post,994749.9,994749.9,-0.0,0.00759
E10_P8_MMD5_T_enriched,Post_P8,Post,996602.7,996553.5,49.2,0.00498
E11_P8_MMD5_T_enriched,Post_P8,Post,992637.2,992637.2,-0.0,0.01066
E12_P8_MMD5_T_enriched,Post_P8,Post,990619.7,990619.7,-0.0,0.0136
E2_P8_MMD5_T_enriched,Post_P8,Post,994391.4,994391.4,0.0,0.00811
E3_P8_MMD5_T_enriched,Post_P8,Post,993976.5,993976.5,-0.0,0.00872
E4_P8_MMD5_T_enriched,Post_P8,Post,991139.8,991139.8,0.0,0.01284
E5_P8_MMD5_T_enriched,Post_P8,Post,994763.6,994739.5,24.1,0.00761
E6_P8_MMD5_T_enriched,Post_P8,Post,993144.1,993144.1,-0.0,0.00993
E8_P8_MMD5_T_enriched,Post_P8,Post,994500.2,994500.2,-0.0,0.00796
E9_P8_MMD5_T_enriched,Post_P8,Post,994461.1,994461.1,0.0,0.00801
F10_P8_MMD5_T_enriched,Post_P8,Post,994497.5,993679.6,817.9,0.00915
F11_P8_MMD5_T_enriched,Post_P8,Post,995807.8,995807.8,-0.0,0.00606
F12_P8_MMD5_T_enriched,Post_P8,Post,994094.1,994094.1,0.0,0.00855
F1_P8_MMD5_T_enriched,Post_P8,Post,996193.2,996193.2,-0.0,0.0055
F2_P8_MMD5_T_enriched,Post_P8,Post,992086.2,992086.2,-0.0,0.01146
F3_P8_MMD5_T_enriched,Post_P8,Post,994575.5,989319.6,5255.9,0.01549
F5_P8_MMD5_T_enriched,Post_P8,Post,993307.0,993268.1,38.9,0.00974
F6_P8_MMD5_T_enriched,Post_P8,Post,992402.3,991621.8,780.5,0.01214
F7_P8_MMD5_T_enriched,Post_P8,Post,994683.0,994683.0,-0.0,0.00769
F9_P8_MMD5_T_enriched,Post_P8,Post,993009.3,993009.3,0.0,0.01012
G10_P8_MMD5_T_enriched,Post_P8,Post,994299.3,994299.3,-0.0,0.00825
G11_P8_MMD5_T_enriched,Post_P8,Post,993355.1,993301.5,53.6,0.0097
G12_P8_MMD5_T_enriched,Post_P8,Post,992551.4,992551.4,-0.0,0.01079
G1_P8_MMD5_T_enriched,Post_P8,Post,992438.9,992438.9,-0.0,0.01095
G2_P8_MMD5_T_enriched,Post_P8,Post,992886.7,992850.2,36.5,0.01035
G3_P8_MMD5_T_enriched,Post_P8,Post,994020.4,994020.4,0.0,0.00865
G4_P8_MMD5_T_enriched,Post_P8,Post,994893.8,994893.8,0.0,0.00739
G6_P8_MMD5_T_enriched,Post_P8,Post,994461.6,994461.6,0.0,0.00801
G8_P8_MMD5_T_enriched,Post_P8,Post,996342.5,996342.5,-0.0,0.00529
G9_P8_MMD5_T_enriched,Post_P8,Post,993174.1,993174.1,0.0,0.00988
H11_P8_MMD5_T_enriched,Post_P8,Post,994210.0,994210.0,-0.0,0.00838
H12_P8_MMD5_T_enriched,Post_P8,Post,993036.3,993003.2,33.1,0.01013
H1_P8_MMD5_T_enriched,Post_P8,Post,992918.6,992918.6,-0.0,0.01025
H2_P8_MMD5_T_enriched,Post_P8,Post,995032.2,995032.2,0.0,0.00718
H3_P8_MMD5_T_enriched,Post_P8,Post,991321.5,991321.5,-0.0,0.01258
H4_P8_MMD5_T_enriched,Post_P8,Post,990398.5,990398.5,0.0,0.01392
H5_P8_MMD5_T_enriched,Post_P8,Post,992269.1,992269.1,-0.0,0.0112
H6_P8_MMD5_T_enriched,Post_P8,Post,995009.8,992515.4,2494.4,0.01084
H7_P8_MMD5_T_enriched,Post_P8,Post,993177.9,991383.6,1794.3,0.01248
H8_P8_MMD5_T_enriched,Post_P8,Post,992347.6,992347.6,0.0,0.01108
H9_P8_MMD5_T_enriched,Post_P8,Post,995693.2,995693.2,0.0,0.00623
A10_P6_MMD8_L001_T_enriched,Post_P16,Post,996652.5,996652.5,0.0,0.00484
A11_P6_MMD8_L001_T_enriched,Post_P16,Post,993662.7,992881.0,781.7,0.01031
A12_P6_MMD8_L001_T_enriched,Post_P16,Post,993664.2,992742.3,921.9,0.01051
A2_P6_MMD8_L001_T_enriched,Post_P16,Post,991890.3,991890.3,-0.0,0.01175
A3_P6_MMD8_L001_T_enriched,Post_P16,Post,993095.2,992825.6,269.6,0.01039
A4_P6_MMD8_L001_T_enriched,Post_P16,Post,994492.1,994460.4,31.7,0.00801
A5_P6_MMD8_L001_T_enriched,Post_P16,Post,994035.3,994035.3,-0.0,0.00863
A6_P6_MMD8_L001_T_enriched,Post_P16,Post,995542.4,994313.1,1229.3,0.00823
A7_P6_MMD8_L001_T_enriched,Post_P16,Post,991091.6,991091.6,-0.0,0.01291
A8_P6_MMD8_L001_T_enriched,Post_P16,Post,989823.0,989823.0,0.0,0.01476
A9_P6_MMD8_L001_T_enriched,Post_P16,Post,995390.3,991725.3,3665.0,0.01199
B10_P6_MMD8_L001_T_enriched,Post_P16,Post,988699.2,988232.3,466.9,0.01708
B11_P6_MMD8_L001_T_enriched,Post_P16,Post,995563.8,995563.8,-0.0,0.00641
B12_P6_MMD8_L001_T_enriched,Post_P16,Post,996353.1,996289.7,63.4,0.00536
B1_P6_MMD8_L001_T_enriched,Post_P16,Post,995123.0,995123.0,0.0,0.00705
B2_P6_MMD8_L001_T_enriched,Post_P16,Post,995398.5,994309.5,1089.0,0.00823
B3_P6_MMD8_L001_T_enriched,Post_P16,Post,996627.7,996627.7,-0.0,0.00487
B4_P6_MMD8_L001_T_enriched,Post_P16,Post,994273.3,994273.3,0.0,0.00829
B5_P6_MMD8_L001_T_enriched,Post_P16,Post,997077.6,997053.7,23.9,0.00426
B6_P6_MMD8_L001_T_enriched,Post_P16,Post,995633.9,995633.9,0.0,0.00631
B7_P6_MMD8_L001_T_enriched,Post_P16,Post,990150.5,990150.5,-0.0,0.01428
B8_P6_MMD8_L001_T_enriched,Post_P16,Post,990771.5,990771.5,0.0,0.01338
B9_P6_MMD8_L001_T_enriched,Post_P16,Post,992893.9,992893.9,-0.0,0.01029
C10_P6_MMD8_L001_T_enriched,Post_P16,Post,996052.2,995956.2,96.0,0.00585
C11_P6_MMD8_L001_T_enriched,Post_P16,Post,993022.4,993022.4,-0.0,0.0101
C12_P6_MMD8_L001_T_enriched,Post_P16,Post,993406.9,993406.9,0.0,0.00954
C1_P6_MMD8_L001_T_enriched,Post_P16,Post,996465.2,996465.2,0.0,0.00511
C2_P6_MMD8_L001_T_enriched,Post_P16,Post,993837.9,993837.9,0.0,0.00892
C3_P6_MMD8_L001_T_enriched,Post_P16,Post,995000.6,994948.9,51.7,0.00731
C4_P6_MMD8_L001_T_enriched,Post_P16,Post,997140.5,996384.2,756.3,0.00523
C5_P6_MMD8_L001_T_enriched,Post_P16,Post,995781.4,995781.4,0.0,0.0061
C6_P6_MMD8_L001_T_enriched,Post_P16,Post,994256.8,994256.8,0.0,0.00831
C7_P6_MMD8_L001_T_enriched,Post_P16,Post,994879.9,994879.9,-0.0,0.00741
C8_P6_MMD8_L001_T_enriched,Post_P16,Post,995853.2,995821.7,31.5,0.00604
C9_P6_MMD8_L001_T_enriched,Post_P16,Post,993369.8,993369.8,0.0,0.0096
D10_P6_MMD8_L001_T_enriched,Post_P16,Post,994379.2,994379.2,0.0,0.00813
D11_P6_MMD8_L001_T_enriched,Post_P16,Post,994044.2,994044.2,-0.0,0.00862
D12_P6_MMD8_L001_T_enriched,Post_P16,Post,993342.9,993332.1,10.8,0.00965
D1_P6_MMD8_L001_T_enriched,Post_P16,Post,993169.8,993169.8,0.0,0.00989
D2_P6_MMD8_L001_T_enriched,Post_P16,Post,988052.1,988052.1,0.0,0.01734
D3_P6_MMD8_L001_T_enriched,Post_P16,Post,996327.2,992053.7,4273.5,0.01151
D4_P6_MMD8_L001_T_enriched,Post_P16,Post,989536.1,989513.8,22.3,0.01521
D5_P6_MMD8_L001_T_enriched,Post_P16,Post,991839.9,988250.3,3589.6,0.01705
D6_P6_MMD8_L001_T_enriched,Post_P16,Post,994303.4,994303.4,0.0,0.00824
D7_P6_MMD8_L001_T_enriched,Post_P16,Post,995690.5,995549.5,141.0,0.00644
D8_P6_MMD8_L001_T_enriched,Post_P16,Post,993687.7,993661.6,26.1,0.00917
D9_P6_MMD8_L001_T_enriched,Post_P16,Post,993789.3,993789.3,-0.0,0.00899
E10_P6_MMD8_L001_T_enriched,Post_P16,Post,995437.4,994858.3,579.1,0.00744
E11_P6_MMD8_L001_T_enriched,Post_P16,Post,994907.2,994558.0,349.2,0.00787
E12_P6_MMD8_L001_T_enriched,Post_P16,Post,995705.6,995705.6,0.0,0.00621
E1_P6_MMD8_L001_T_enriched,Post_P16,Post,996484.3,996484.3,0.0,0.00508
E2_P6_MMD8_L001_T_enriched,Post_P16,Post,996999.6,996999.6,-0.0,0.00434
E3_P6_MMD8_L001_T_enriched,Post_P16,Post,992280.7,992239.8,40.9,0.01124
E4_P6_MMD8_L001_T_enriched,Post_P16,Post,996148.4,995978.2,170.2,0.00581
E5_P6_MMD8_L001_T_enriched,Post_P16,Post,994154.0,994154.0,-0.0,0.00846
E6_P6_MMD8_L001_T_enriched,Post_P16,Post,995805.7,995574.3,231.4,0.0064
E7_P6_MMD8_L001_T_enriched,Post_P16,Post,993167.4,993093.3,74.1,0.01
E9_P6_MMD8_L001_T_enriched,Post_P16,Post,994545.0,994545.0,0.0,0.00789
F10_P6_MMD8_L001_T_enriched,Post_P16,Post,989730.2,989612.6,117.6,0.01506
F11_P6_MMD8_L001_T_enriched,Post_P16,Post,995080.7,995076.1,4.6,0.00712
F12_P6_MMD8_L001_T_enriched,Post_P16,Post,992199.9,992199.9,0.0,0.0113
F1_P6_MMD8_L001_T_enriched,Post_P16,Post,991010.4,990458.9,551.5,0.01383
F2_P6_MMD8_L001_T_enriched,Post_P16,Post,995145.1,994966.4,178.7,0.00728
F3_P6_MMD8_L001_T_enriched,Post_P16,Post,989204.4,988740.7,463.7,0.01634
F4_P6_MMD8_L001_T_enriched,Post_P16,Post,995460.8,995460.8,-0.0,0.00656
F5_P6_MMD8_L001_T_enriched,Post_P16,Post,995493.4,995493.4,-0.0,0.00652
F6_P6_MMD8_L001_T_enriched,Post_P16,Post,993926.6,993926.6,0.0,0.00879
F8_P6_MMD8_L001_T_enriched,Post_P16,Post,992293.9,992293.9,0.0,0.01116
F9_P6_MMD8_L001_T_enriched,Post_P16,Post,995881.1,995881.1,0.0,0.00595
G10_P6_MMD8_L001_T_enriched,Post_P16,Post,993881.2,993881.2,0.0,0.00885
G11_P6_MMD8_L001_T_enriched,Post_P16,Post,995742.4,995742.4,-0.0,0.00616
G12_P6_MMD8_L001_T_enriched,Post_P16,Post,996874.1,996874.1,-0.0,0.00452
G1_P6_MMD8_L001_T_enriched,Post_P16,Post,996523.6,996523.6,-0.0,0.00502
G2_P6_MMD8_L001_T_enriched,Post_P16,Post,988014.3,988014.3,-0.0,0.0174
G3_P6_MMD8_L001_T_enriched,Post_P16,Post,991525.8,991343.3,182.5,0.01254
G4_P6_MMD8_L001_T_enriched,Post_P16,Post,995058.2,995058.2,-0.0,0.00715
G5_P6_MMD8_L001_T_enriched,Post_P16,Post,993117.2,993117.2,0.0,0.00996
G6_P6_MMD8_L001_T_enriched,Post_P16,Post,995209.6,994854.4,355.2,0.00744
G7_P6_MMD8_L001_T_enriched,Post_P16,Post,994057.9,994057.9,0.0,0.0086
G8_P6_MMD8_L001_T_enriched,Post_P16,Post,994489.5,993494.5,995.0,0.00942
G9_P6_MMD8_L001_T_enriched,Post_P16,Post,993172.9,993172.9,0.0,0.00988
H10_P6_MMD8_L001_T_enriched,Post_P16,Post,993377.8,993344.7,33.1,0.00963
H11_P6_MMD8_L001_T_enriched,Post_P16,Post,995808.0,995785.1,22.9,0.00609
H12_P6_MMD8_L001_T_enriched,Post_P16,Post,993882.1,993882.1,-0.0,0.00885
H1_P6_MMD8_L001_T_enriched,Post_P16,Post,993578.2,993574.6,3.6,0.0093
H2_P6_MMD8_L001_T_enriched,Post_P16,Post,996500.9,996500.9,-0.0,0.00506
H3_P6_MMD8_L001_T_enriched,Post_P16,Post,991461.0,991427.2,33.8,0.01242
H4_P6_MMD8_L001_T_enriched,Post_P16,Post,995696.9,995696.9,-0.0,0.00622
H5_P6_MMD8_L001_T_enriched,Post_P16,Post,994067.2,993977.7,89.5,0.00871
H6_P6_MMD8_L001_T_enriched,Post_P16,Post,994194.9,994194.9,0.0,0.0084
H7_P6_MMD8_L001_T_enriched,Post_P16,Post,994455.8,994455.8,0.0,0.00802
H8_P6_MMD8_L001_T_enriched,Post_P16,Post,994033.0,994033.0,0.0,0.00863
H9_P6_MMD8_L001_T_enriched,Post_P16,Post,994900.0,994900.0,-0.0,0.00738
A10_P5_M67_L001_T_enriched,Post_P6,Post,990482.8,990482.8,0.0,0.0138
A11_P5_M67_L001_T_enriched,Post_P6,Post,993246.3,993189.3,57.0,0.00986
A12_P5_M67_L001_T_enriched,Post_P6,Post,994129.4,994129.4,-0.0,0.00849
A2_P5_M67_L001_T_enriched,Post_P6,Post,994595.5,994595.5,-0.0,0.00782
A3_P5_M67_L001_T_enriched,Post_P6,Post,992058.1,991987.6,70.5,0.01161
A4_P5_M67_L001_T_enriched,Post_P6,Post,992421.2,992421.2,-0.0,0.01098
A5_P5_M67_L001_T_enriched,Post_P6,Post,991875.9,991860.2,15.7,0.01179
A6_P5_M67_L001_T_enriched,Post_P6,Post,989382.2,989367.3,14.9,0.01542
A7_P5_M67_L001_T_enriched,Post_P6,Post,992616.4,992616.4,-0.0,0.01069
A8_P5_M67_L001_T_enriched,Post_P6,Post,994923.6,994923.6,-0.0,0.00734
A9_P5_M67_L001_T_enriched,Post_P6,Post,997181.4,997181.4,0.0,0.00407
B10_P5_M67_L001_T_enriched,Post_P6,Post,993500.6,992997.9,502.7,0.01014
B11_P5_M67_L001_T_enriched,Post_P6,Post,995838.5,995838.5,-0.0,0.00602
B12_P5_M67_L001_T_enriched,Post_P6,Post,995790.5,995601.5,189.0,0.00636
B1_P5_M67_L001_T_enriched,Post_P6,Post,995200.7,994824.3,376.4,0.00749
B2_P5_M67_L001_T_enriched,Post_P6,Post,993730.3,993730.3,0.0,0.00907
B3_P5_M67_L001_T_enriched,Post_P6,Post,993270.7,993270.7,-0.0,0.00974
B4_P5_M67_L001_T_enriched,Post_P6,Post,994874.7,994874.7,-0.0,0.00741
B5_P5_M67_L001_T_enriched,Post_P6,Post,995611.2,995513.2,98.0,0.00649
B7_P5_M67_L001_T_enriched,Post_P6,Post,997119.5,996277.6,841.9,0.00538
B8_P5_M67_L001_T_enriched,Post_P6,Post,992938.8,992938.8,-0.0,0.01022
B9_P5_M67_L001_T_enriched,Post_P6,Post,995682.4,995682.4,-0.0,0.00624
C10_P5_M67_L001_T_enriched,Post_P6,Post,999129.5,999129.5,-0.0,0.00126
C11_P5_M67_L001_T_enriched,Post_P6,Post,996934.0,996934.0,0.0,0.00443
C12_P5_M67_L001_T_enriched,Post_P6,Post,995802.4,995802.4,-0.0,0.00607
C1_P5_M67_L001_T_enriched,Post_P6,Post,995547.2,995547.2,0.0,0.00644
C2_P5_M67_L001_T_enriched,Post_P6,Post,994745.7,994738.4,7.3,0.00761
C3_P5_M67_L001_T_enriched,Post_P6,Post,993972.1,993972.1,0.0,0.00872
C4_P5_M67_L001_T_enriched,Post_P6,Post,995100.4,995092.1,8.3,0.0071
C5_P5_M67_L001_T_enriched,Post_P6,Post,995065.2,995022.2,43.0,0.0072
C6_P5_M67_L001_T_enriched,Post_P6,Post,994188.6,994188.6,-0.0,0.00841
C7_P5_M67_L001_T_enriched,Post_P6,Post,996135.9,994698.7,1437.2,0.00767
C8_P5_M67_L001_T_enriched,Post_P6,Post,996880.0,996880.0,0.0,0.00451
C9_P5_M67_L001_T_enriched,Post_P6,Post,996510.2,996510.2,-0.0,0.00504
D10_P5_M67_L001_T_enriched,Post_P6,Post,992550.4,992550.4,-0.0,0.01079
D12_P5_M67_L001_T_enriched,Post_P6,Post,994090.6,994070.5,20.1,0.00858
D1_P5_M67_L001_T_enriched,Post_P6,Post,995552.8,995552.8,0.0,0.00643
D2_P5_M67_L001_T_enriched,Post_P6,Post,993610.6,993610.6,-0.0,0.00925
D3_P5_M67_L001_T_enriched,Post_P6,Post,994040.6,994040.6,-0.0,0.00862
D5_P5_M67_L001_T_enriched,Post_P6,Post,995592.6,995592.6,0.0,0.00637
D6_P5_M67_L001_T_enriched,Post_P6,Post,994974.9,994974.9,0.0,0.00727
D7_P5_M67_L001_T_enriched,Post_P6,Post,992294.5,992294.5,-0.0,0.01116
D8_P5_M67_L001_T_enriched,Post_P6,Post,992832.4,992832.4,0.0,0.01038
E10_P5_M67_L001_T_enriched,Post_P6,Post,995625.3,995625.3,0.0,0.00633
E11_P5_M67_L001_T_enriched,Post_P6,Post,994774.9,994774.9,-0.0,0.00756
E12_P5_M67_L001_T_enriched,Post_P6,Post,995311.6,995311.6,0.0,0.00678
E1_P5_M67_L001_T_enriched,Post_P6,Post,993544.8,993544.8,-0.0,0.00934
E2_P5_M67_L001_T_enriched,Post_P6,Post,993974.7,993974.7,-0.0,0.00872
E3_P5_M67_L001_T_enriched,Post_P6,Post,995557.9,995534.4,23.5,0.00646
E4_P5_M67_L001_T_enriched,Post_P6,Post,997627.9,997627.9,-0.0,0.00343
E5_P5_M67_L001_T_enriched,Post_P6,Post,993136.7,993136.7,-0.0,0.00994
E6_P5_M67_L001_T_enriched,Post_P6,Post,992848.0,992848.0,-0.0,0.01036
E7_P5_M67_L001_T_enriched,Post_P6,Post,993565.1,993565.1,0.0,0.00931
E8_P5_M67_L001_T_enriched,Post_P6,Post,994759.3,994759.3,0.0,0.00758
E9_P5_M67_L001_T_enriched,Post_P6,Post,995826.3,995826.3,0.0,0.00603
F10_P5_M67_L001_T_enriched,Post_P6,Post,992527.4,992527.4,-0.0,0.01082
F11_P5_M67_L001_T_enriched,Post_P6,Post,996344.4,996344.4,0.0,0.00528
F12_P5_M67_L001_T_enriched,Post_P6,Post,997219.4,997219.4,-0.0,0.00402
F1_P5_M67_L001_T_enriched,Post_P6,Post,995016.6,995016.6,-0.0,0.00721
F2_P5_M67_L001_T_enriched,Post_P6,Post,992049.9,992049.9,0.0,0.01152
F3_P5_M67_L001_T_enriched,Post_P6,Post,995109.1,995067.0,42.1,0.00713
F4_P5_M67_L001_T_enriched,Post_P6,Post,993362.1,993362.1,-0.0,0.00961
F5_P5_M67_L001_T_enriched,Post_P6,Post,995500.9,995500.9,-0.0,0.00651
F6_P5_M67_L001_T_enriched,Post_P6,Post,995820.8,995807.5,13.3,0.00606
F7_P5_M67_L001_T_enriched,Post_P6,Post,992957.5,992957.5,-0.0,0.0102
F8_P5_M67_L001_T_enriched,Post_P6,Post,995386.9,995386.9,0.0,0.00667
F9_P5_M67_L001_T_enriched,Post_P6,Post,994788.9,994778.6,10.3,0.00755
G10_P5_M67_L001_T_enriched,Post_P6,Post,993332.3,993324.2,8.1,0.00966
G11_P5_M67_L001_T_enriched,Post_P6,Post,992166.4,992166.4,0.0,0.01135
G12_P5_M67_L001_T_enriched,Post_P6,Post,993205.1,993182.9,22.2,0.00987
G1_P5_M67_L001_T_enriched,Post_P6,Post,995469.9,995469.9,-0.0,0.00655
G2_P5_M67_L001_T_enriched,Post_P6,Post,993543.0,993543.0,0.0,0.00935
G3_P5_M67_L001_T_enriched,Post_P6,Post,993871.1,993871.1,0.0,0.00887
G4_P5_M67_L001_T_enriched,Post_P6,Post,995170.0,995170.0,0.0,0.00699
G5_P5_M67_L001_T_enriched,Post_P6,Post,994531.0,994531.0,-0.0,0.00791
G6_P5_M67_L001_T_enriched,Post_P6,Post,997123.9,997123.9,0.0,0.00416
G7_P5_M67_L001_T_enriched,Post_P6,Post,993063.5,993063.5,0.0,0.01004
G8_P5_M67_L001_T_enriched,Post_P6,Post,994727.4,994727.4,0.0,0.00763
G9_P5_M67_L001_T_enriched,Post_P6,Post,993538.7,993538.7,-0.0,0.00935
H10_P5_M67_L001_T_enriched,Post_P6,Post,994195.2,994195.2,0.0,0.0084
H11_P5_M67_L001_T_enriched,Post_P6,Post,994808.9,994808.9,-0.0,0.00751
H12_P5_M67_L001_T_enriched,Post_P6,Post,995319.0,995295.8,23.2,0.0068
H1_P5_M67_L001_T_enriched,Post_P6,Post,993226.7,993226.7,-0.0,0.00981
H2_P5_M67_L001_T_enriched,Post_P6,Post,995483.8,995283.9,199.9,0.00682
H3_P5_M67_L001_T_enriched,Post_P6,Post,993177.6,992203.1,974.5,0.01129
H4_P5_M67_L001_T_enriched,Post_P6,Post,995115.5,995115.5,-0.0,0.00706
H5_P5_M67_L001_T_enriched,Post_P6,Post,993724.1,993724.1,0.0,0.00908
H6_P5_M67_L001_T_enriched,Post_P6,Post,994799.5,994799.5,-0.0,0.00752
H7_P5_M67_L001_T_enriched,Post_P6,Post,995177.5,995177.5,0.0,0.00697
H9_P5_M67_L001_T_enriched,Post_P6,Post,998810.1,998810.1,-0.0,0.00172
